CUSIP,Ticker,Company,Shares,Delta_Shares,Value,Delta_Value,Delta,Portfolio%
78462F103,SPY,STATE STR SPDR S&P 500 ETF T,14028230,13282720,10.48B,9.92B,+1781.7%,6.5%
023135106,AMZN,AMAZON COM INC,10945883,6214659,2.61B,1.48B,+131.4%,1.6%
67066G104,NVDA,NVIDIA CORPORATION,20042818,5337603,4.01B,1.07B,+36.3%,2.5%
84615Q103,SPCX,SPACE EXPLORATION TECHN CORP,5340000,5340000,912.39M,912.39M,NEW,0.56%
30303M102,META,META PLATFORMS INC,3397091,1510567,1.91B,850.89M,+80.1%,1.2%
084670702,BRK.B,BERKSHIRE HATHAWAY INC DEL,1920532,1452328,961.02M,726.73M,+310.2%,0.59%
934423104,WBD,WARNER BROS DISCOVERY INC,40750490,25861087,1.09B,689.46M,+173.7%,0.67%
573874104,MRVL,MARVELL TECHNOLOGY INC,2504623,2174103,746.1M,647.64M,+657.8%,0.46%
02079K107,GOOG,ALPHABET INC,6751217,1763382,2.39B,623.06M,+35.4%,1.5%
19247G107,COHR,COHERENT CORP,1642670,1530168,647.98M,603.61M,+1360.1%,0.4%
55024U109,LITE,LUMENTUM HLDGS INC,668011,654005,573.19M,561.18M,+4669.5%,0.35%
461202103,INTU,INTUIT,2135509,2117580,557.37M,552.69M,+11810.9%,0.34%
949746101,WFC,WELLS FARGO & CO,8575688,6332444,708.69M,523.31M,+282.3%,0.44%
02079K404,ABE2.F,ALPHABET INC,9855000,9855000,497.95M,497.95M,NEW,0.31%
02079K602,ABE1.F,ALPHABET INC,9855000,9855000,494.03M,494.03M,NEW,0.31%
14040H105,COF,CAPITAL ONE FINL CORP,4579708,2216757,918.78M,444.73M,+93.8%,0.57%
57636Q104,MA,MASTERCARD INCORPORATED,1987325,851106,1.02B,437.13M,+74.9%,0.63%
24703L202,DELL,DELL TECHNOLOGIES INC,973711,966082,420.12M,416.83M,+12663.3%,0.26%
17275R102,CSCO,CISCO SYS INC,4092136,3510932,480.66M,412.39M,+604.1%,0.3%
031162100,AMGN,AMGEN INC,1290217,1112208,467.21M,402.75M,+624.8%,0.29%
81369Y506,XLE,SELECT SECTOR SPDR TR,7531605,7515165,400M,399.13M,+45712.7%,0.25%
02079K305,GOOGL,ALPHABET INC,7915724,1055455,2.83B,377.19M,+15.4%,1.7%
00287Y109,ABBV,ABBVIE INC,2102316,1429326,529.03M,359.68M,+212.4%,0.33%
36467WAG4,,GAMESTOP CORP,336725000,336725000,341.86M,341.86M,NEW,0.21%
25179M103,DVN,DEVON ENERGY CORP NEW,12044728,8210181,497.69M,339.24M,+214.1%,0.31%
09857L108,BKNG,BOOKING HOLDINGS INC,2019094,1872445,359.88M,333.74M,+1276.8%,0.22%
86800UAF1,,SUPER MICRO COMPUTER INC,372692000,372692000,332.14M,332.14M,NEW,0.21%
45866F104,ICE,INTERCONTINENTAL EXCHANGE IN,5145207,2670742,633.43M,328.8M,+107.9%,0.39%
58155Q103,MCK,MCKESSON CORP,483843,430496,365.59M,325.28M,+807%,0.23%
15101Q207,CLS,CELESTICA INC,1876165,881280,684.28M,321.42M,+88.6%,0.42%
34959E109,FTNT,FORTINET INC,4849811,1982474,745.03M,304.55M,+69.1%,0.46%
502431109,LHX,L3HARRIS TECHNOLOGIES INC,1054602,1034716,306.46M,300.68M,+5203.2%,0.19%
38141G104,GS,GOLDMAN SACHS GROUP INC,299500,295828,302.91M,299.19M,+8056.3%,0.19%
336433107,FSLR,FIRST SOLAR INC,1319431,1260255,311.33M,297.37M,+2129.7%,0.19%
808513105,SCHW,SCHWAB CHARLES CORP,5779607,3163794,533.28M,291.92M,+120.9%,0.33%
75513E101,RTX,RTX CORPORATION,2760281,1478237,523.71M,280.47M,+115.3%,0.32%
G5960L103,MDT,MEDTRONIC PLC,4396781,3502166,343.96M,273.97M,+391.5%,0.21%
375558103,GILD,GILEAD SCIENCES INC,2294789,2093870,289.92M,264.54M,+1042.1%,0.18%
12572Q105,CME,CME GROUP INC,1322996,1185134,292.16M,261.71M,+859.7%,0.18%
G51502105,JCI,JOHNSON CONTROLS INTERNATION,1877590,1740604,274.33M,254.32M,+1270.6%,0.17%
097023204,BAPA,BOEING CO,3664000,3664000,248.4M,248.4M,NEW,0.15%
464286400,EWZ,ISHARES INC,7120968,7120968,245.67M,245.67M,NEW,0.15%
92189F106,GDX,VANECK ETF TRUST,3715926,3237940,280.37M,244.3M,+677.4%,0.17%
22788C105,CRWD,CROWDSTRIKE HLDGS INC,2133301,318833,1.63B,243.31M,+17.6%,1%
57776J100,MXL,MAXLINEAR INC,1861351,1835443,238.31M,234.99M,+7084.5%,0.15%
12504L109,CBRE,CBRE GROUP INC,2064267,1640138,278.04M,220.91M,+386.7%,0.17%
007973100,AEIS,ADVANCED ENERGY INDS,585573,583973,218.34M,217.75M,+36498.3%,0.13%
904767803,UL,UNILEVER PLC,3762722,3609127,226.21M,216.98M,+2349.8%,0.14%
632307104,NTRA,NATERA INC,1279255,787919,347.25M,213.88M,+160.4%,0.21%
76954A103,RIVN,RIVIAN AUTOMOTIVE INC,20832777,12203342,361.45M,211.73M,+141.4%,0.22%
824348106,SHW,SHERWIN WILLIAMS CO,2100884,614302,723.38M,211.52M,+41.3%,0.45%
37045V100,GM,GENERAL MTRS CO,15000837,2682798,1.16B,206.79M,+21.8%,0.71%
687793109,OSCR,OSCAR HEALTH INC,12643617,7158332,360.6M,204.16M,+130.5%,0.22%
G0593M107,AZN,ASTRAZENECA PLC,1094593,1069588,207.56M,202.82M,+4277.5%,0.13%
910047109,UAL,UNITED AIRLS HLDGS INC,2158134,1463660,293.48M,199.04M,+210.8%,0.18%
437076102,HD,HOME DEPOT INC,4315830,555621,1.52B,195.96M,+14.8%,0.94%
N6596X109,NXPI,NXP SEMICONDUCTORS N V,695266,695266,195.39M,195.39M,NEW,0.12%
801056102,SANM,SANMINA CORP,846681,730431,214.28M,184.86M,+628.3%,0.13%
36467WAE9,,GAMESTOP CORP,180120000,180120000,184.09M,184.09M,NEW,0.11%
871829107,SYY,SYSCO CORP,6047049,2121521,505.41M,177.32M,+54%,0.31%
25278X109,FANG,DIAMONDBACK ENERGY INC,2693758,1004964,473.51M,176.65M,+59.5%,0.29%
98980L101,ZM,ZOOM COMMUNICATIONS INC,2736806,2031121,236.21M,175.31M,+287.8%,0.15%
G2004J103,CCL,CARNIVAL CORP LTD,6115089,6115089,174.71M,174.71M,NEW,0.11%
166764100,CVX,CHEVRON CORPORATION,1736226,1043871,287.8M,173.03M,+150.8%,0.18%
M87915274,TSEM,TOWER SEMICONDUCTOR LTD,687763,658913,179.26M,171.74M,+2283.9%,0.11%
883556102,TMO,THERMO FISHER SCIENTIFIC INC,641637,338789,321.69M,169.86M,+111.9%,0.2%
86800U500,SMCIP,SUPER MICRO COMPUTER INC,3200000,3200000,164.16M,164.16M,NEW,0.1%
09228F103,BB,BLACKBERRY LTD,13321027,12951940,168.42M,163.75M,+3509.2%,0.1%
18915M107,NET,CLOUDFLARE INC,1947802,660556,477.76M,162.02M,+51.3%,0.3%
40415F101,HDB,HDFC BANK LTD,8422200,5996740,217.55M,154.9M,+247.2%,0.13%
88322Q108,TGTX,TG THERAPEUTICS INC,3400808,2810761,186.84M,154.42M,+476.4%,0.12%
25809KAB1,,DOORDASH INC,156500000,156500000,154.26M,154.26M,NEW,0.1%
925550105,VIAV,VIAVI SOLUTIONS INC,3714774,3149530,177.38M,150.39M,+557.2%,0.11%
553368101,MP,MP MATERIALS CORP,5828919,2679767,326.48M,150.09M,+85.1%,0.2%
701094104,PH,PARKER-HANNIFIN CORP,246577,150550,241.18M,147.26M,+156.8%,0.15%
94419L101,W,WAYFAIR INC,2467411,1538183,228.04M,142.16M,+165.5%,0.14%
68902V107,OTIS,OTIS WORLDWIDE CORP,5439203,1984275,389.45M,142.07M,+57.4%,0.24%
68389X105,ORCL,ORACLE CORP,3036223,962891,444.96M,141.11M,+46.4%,0.27%
25402D102,DOCN,DIGITALOCEAN HLDGS INC,880572,873572,138.28M,137.18M,+12479.6%,0.09%
29250N105,ENB,ENBRIDGE INC,3583713,2525823,194.19M,136.87M,+238.8%,0.12%
56087FAD6,,MAKEMYTRIP LIMITED MAURITIUS,148382000,148382000,135.27M,135.27M,NEW,0.08%
674599105,OXY,OCCIDENTAL PETE CORP,3076764,2759772,149.44M,134.04M,+870.6%,0.09%
49338L103,KEYS,KEYSIGHT TECHNOLOGIES INC,383878,380074,134.38M,133.05M,+9991.4%,0.08%
595017104,MCHP,MICROCHIP TECHNOLOGY INC.,1458336,1458336,133M,133M,NEW,0.08%
859241101,STRL,STERLING INFRASTRUCTURE INC,156175,156175,131.09M,131.09M,NEW,0.08%
47215PAJ5,JD,JD.COM INC,132560000,132560000,130.58M,130.58M,NEW,0.08%
464287184,FXI,ISHARES TR,4087817,4087817,129.13M,129.13M,NEW,0.08%
747525103,QCOM,QUALCOMM INC,704098,694798,130.11M,128.39M,+7470.9%,0.08%
00971T101,AKAM,AKAMAI TECHNOLOGIES INC,1133674,1081720,134.01M,127.87M,+2082.1%,0.08%
565788106,MARA,MARA HOLDINGS INC,10376069,9057890,144.12M,125.81M,+687.2%,0.09%
446150104,HBAN,HUNTINGTON BANCSHARES INC,12116409,7054263,214.82M,125.07M,+139.4%,0.13%
40131M109,GH,GUARDANT HEALTH INC,1255658,828183,188.39M,124.25M,+193.7%,0.12%
82706C108,SIMO,SILICON MOTION TECHNOLOGY CO,363105,363105,121.03M,121.03M,NEW,0.07%
008474108,AEM,AGNICO EAGLE MINES LTD,806504,759979,125.13M,117.92M,+1633.5%,0.08%
666807102,NOC,NORTHROP GRUMMAN CORP,439175,231355,223.68M,117.83M,+111.3%,0.14%
165167735,EXE,EXPAND ENERGY CORPORATION,1983146,1285385,180.84M,117.21M,+184.2%,0.11%
90184D100,TWST,TWIST BIOSCIENCE CORP,1185605,1138961,121.98M,117.18M,+2441.8%,0.08%
369550108,GD,GENERAL DYNAMICS CORP,1242347,329255,440.09M,116.64M,+36.1%,0.27%
G7S00T104,PNR,PENTAIR PLC,2110219,1513433,161.77M,116.02M,+253.6%,0.1%
260557103,DOW,DOW HLDGS INC,7313258,4179797,200.09M,114.36M,+133.4%,0.12%
72703H101,PLNT,PLANET FITNESS MASTER ISSUER,2450093,2183827,127.82M,113.93M,+820.2%,0.08%
71377A103,PFGC,PERFORMANCE FOOD GROUP CO,1606874,997301,179.63M,111.49M,+163.6%,0.11%
872540109,TJX,TJX COS INC NEW,1776613,721724,269.16M,109.34M,+68.4%,0.17%
594972AQ4,MSTR,STRATEGY INC,339972000,106100000,348.4M,108.73M,+45.4%,0.22%
78409V104,SPGI,S&P GLOBAL INC,592093,265950,241.14M,108.31M,+81.5%,0.15%
922967104,MANE,VERADERMICS INC,1013643,879424,124.62M,108.12M,+655.2%,0.08%
314352105,FDXF,FEDEX FGHT HLDG CO INC,712231,712231,107.55M,107.55M,NEW,0.07%
82509L107,SHOP,SHOPIFY INC,2394385,939791,273.39M,107.31M,+64.6%,0.17%
125269100,CF,CF INDUSTRIES HOLD,1063005,987065,115.08M,106.86M,+1299.8%,0.07%
655844108,NSC,NORFOLK SOUTHN CORP,2601202,337722,818.31M,106.24M,+14.9%,0.51%
00246W103,AXTI,AXT INC,2250085,1473829,162.19M,106.23M,+189.9%,0.1%
30161Q104,EXEL,EXELIXIS INC,5551747,1948684,302.07M,106.03M,+54.1%,0.19%
63942X106,NVTS,NAVITAS SEMICONDUCTOR CORP,9582697,5815093,171.72M,104.21M,+154.3%,0.11%
443573100,HUBS,HUBSPOT INC,620536,570570,113.25M,104.13M,+1141.9%,0.07%
13321L108,CCJ,CAMECO CORP,1854263,1022262,188.84M,104.11M,+122.9%,0.12%
92826C839,V,VISA INC,2582817,293064,886.14M,100.55M,+12.8%,0.55%
05550J101,BJ,BJS WHSL CLUB HLDGS INC,1709852,1125601,149.13M,98.17M,+192.7%,0.09%
45841N107,IBKR,INTERACTIVE BROKERS GROUP IN,1602534,1111026,139.48M,96.7M,+226%,0.09%
750917106,RMBS,RAMBUS INC DEL,739701,726896,98.19M,96.49M,+5676.7%,0.06%
384802104,GWW,WW GRAINGER INC,172597,70847,234.8M,96.38M,+69.6%,0.15%
878742204,TECK,TECK RESOURCES LTD,6217769,1558613,369.75M,92.69M,+33.5%,0.23%
92840M102,VST,VISTRA CORP,848413,581265,134.58M,92.21M,+217.6%,0.08%
37637K108,GTLB,GITLAB INC,4190123,2990457,127.92M,91.3M,+249.3%,0.08%
16411R208,LNG,CHENIERE ENERGY INC,2161262,378402,516.56M,90.44M,+21.2%,0.32%
46266C105,IQV,IQVIA HLDGS INC,466234,466234,90.09M,90.09M,NEW,0.06%
023193105,AMBQ,AMBIQ MICRO INC,983916,983916,86.88M,86.88M,NEW,0.05%
98423FAD1,,XOMETRY INC,39000000,39000000,86.66M,86.66M,NEW,0.05%
81369Y100,XLB,SELECT SECTOR SPDR TR,1689170,1689170,85.86M,85.86M,NEW,0.05%
86800U302,SMCI,SUPER MICRO COMPUTER INC,3238600,2872276,94.99M,84.24M,+784.1%,0.06%
21874A106,CORZ,CORE SCIENTIFIC INC NEW,3345544,3284211,85.61M,84.04M,+5354.7%,0.05%
31428X106,FDX,FEDEX CORP,278732,267751,87.28M,83.84M,+2438.3%,0.05%
443201108,HWM,HOWMET AEROSPACE INC,430222,310725,115.67M,83.54M,+260%,0.07%
253868103,DLR,DIGITAL RLTY TR INC,1542316,462621,276.97M,83.08M,+42.8%,0.17%
03823UAF9,,APPLIED OPTOELECTRONICS INC,23089000,23089000,82.63M,82.63M,NEW,0.05%
26142RAB0,DKNG,DRAFTKINGS INC NEW,204811000,88311000,191.16M,82.42M,+75.8%,0.12%
682189105,ON,ON SEMICONDUCTOR CORP,1165139,870279,110.15M,82.28M,+295.1%,0.07%
457152106,INGM,INGRAM MICRO HLDG CORP,3640415,2977942,99.86M,81.68M,+449.5%,0.06%
10806X102,BBIO,BRIDGEBIO PHARMA INC,3633007,1087521,270.59M,81M,+42.7%,0.17%
366505105,GTX,GARRETT MOTION INC,4658347,2222338,168.77M,80.52M,+91.2%,0.1%
00760J108,AEHR,AEHR TEST SYS,1177421,835783,113.1M,80.29M,+244.6%,0.07%
464287739,IYR,ISHARES TR,774811,774811,79.22M,79.22M,NEW,0.05%
43300A203,HLT,HILTON WORLDWIDE HLDGS INC,240298,239491,79.41M,79.14M,+29676.7%,0.05%
29786A106,ETSY,ETSY INC,1201093,1040137,90.48M,78.35M,+646.2%,0.06%
947890109,WBS,WEBSTER FINL CORP,1087109,996775,83.08M,76.17M,+1103.4%,0.05%
76131D103,QSR,RESTAURANT BRANDS INTL INC,1133719,1049119,82.18M,76.05M,+1240.1%,0.05%
149123101,CAT,CATERPILLAR INC,124461,71057,132.54M,75.67M,+133.1%,0.08%
N14506104,ESTC,ELASTIC N V,4787065,1324811,272.96M,75.54M,+38.3%,0.17%
89832Q109,TFC,TRUIST FINL CORP,1598411,1483852,79.63M,73.93M,+1295.3%,0.05%
892672106,TW,TRADEWEB MKTS INC,1121171,736598,111.74M,73.41M,+191.5%,0.07%
31188V100,FSLY,FASTLY INC,6616726,3992669,121.48M,73.31M,+152.2%,0.08%
22410J106,CBRL,CRACKER BARREL OLD CTRY STOR,1437588,1370657,76.62M,73.06M,+2047.9%,0.05%
127190304,CACI,CACI INTL INC,157665,156419,73.04M,72.46M,+12553.7%,0.05%
366651107,IT,GARTNER INC,804821,558970,104.32M,72.45M,+227.4%,0.06%
631103108,NDAQ,NASDAQ INC,2661995,915904,209.82M,72.19M,+52.5%,0.13%
148929102,CAVA,CAVA GROUP INC,974823,917923,76.5M,72.04M,+1613.2%,0.05%
92189F791,GDXJ,VANECK ETF TRUST,720302,720302,70.77M,70.77M,NEW,0.04%
125523100,CI,THE CIGNA GROUP,280144,255574,77.23M,70.46M,+1040.2%,0.05%
18452B209,CLSK,CLEANSPARK INC,11260140,4826716,163.84M,70.23M,+75%,0.1%
G8473T100,STE,STERIS PLC,509610,333453,107.31M,70.22M,+189.3%,0.07%
760759100,RSG,REPUBLIC SVCS INC,580626,329421,123.72M,70.19M,+131.1%,0.08%
565394103,CART,MAPLEBEAR INC,1515326,1479170,71.75M,70.04M,+4091.1%,0.04%
98386P102,XE,X-ENERGY INC,3776201,3776201,69.33M,69.33M,NEW,0.04%
497266106,KEX,KIRBY CORP,671706,503185,91.33M,68.42M,+298.6%,0.06%
55306NAB0,MKSI,MKS INC.,24760000,22995000,73M,67.79M,+1302.8%,0.05%
64110L106,NFLX,NETFLIX INC.,2491456,923998,177.89M,65.97M,+58.9%,0.11%
651639106,NEM,NEWMONT CORP,1423607,695464,132.96M,64.96M,+95.5%,0.08%
G25457105,CRDO,CREDO TECHNOLOGY GROUP HOLDI,917288,236242,249.46M,64.25M,+34.7%,0.15%
98954M200,Z,ZILLOW GROUP INC,2478834,2012038,78.13M,63.42M,+431%,0.05%
78473E103,SPXC,SPX TECHNOLOGIES INC,429399,258654,105.28M,63.41M,+151.5%,0.07%
87157DAJ8,SYNA,SYNAPTICS INC,42500000,42500000,63.13M,63.13M,NEW,0.04%
G8060N102,ST,SENSATA TECHNOLOGIES HLDG PL,1441863,1312941,68.83M,62.68M,+1018.4%,0.04%
26622P107,DOCS,DOXIMITY INC,5922188,3020981,122.83M,62.66M,+104.1%,0.08%
G7997R103,STX,SEAGATE TECHNOLOGY HLDNGS PL,1354377,64804,1.31B,62.54M,+5%,0.81%
22410JAD8,,CRACKER BARREL OLD CTRY STOR,60743000,60743000,62.28M,62.28M,NEW,0.04%
25400W102,APPS,DIGITAL TURBINE INC,5071927,4781827,65.43M,61.69M,+1648.3%,0.04%
171779309,CIEN,CIENA CORP,133195,124283,65.34M,60.97M,+1394.6%,0.04%
46429B671,MCHI,ISHARES TR,1325097,1194691,67.61M,60.96M,+916.1%,0.04%
05988J103,BAND,BANDWIDTH INC,1311050,961190,82.99M,60.84M,+274.7%,0.05%
038169AB4,AMAT,APPLIED DIGITAL CORP,70065000,15000000,278.86M,59.7M,+27.2%,0.17%
88339J105,TTD,THE TRADE DESK INC,8048898,3269527,145.52M,59.11M,+68.4%,0.09%
72703X106,PL,PLANET LABS PBC,9747600,1776052,322.94M,58.84M,+22.3%,0.2%
163072101,CAKE,CHEESECAKE FACTORY INC,1999424,735632,159.03M,58.51M,+58.2%,0.1%
42824C208,HPEC,HEWLETT PACKARD ENTERPRISE C,1930000,500000,225.83M,58.51M,+35%,0.14%
526107107,LII,LENNOX INTL INC,101369,101369,58.08M,58.08M,NEW,0.04%
11285B108,BEPC,BROOKFIELD RENEWABLE CORP,3017418,1561479,112.02M,57.97M,+107.2%,0.07%
N4732M103,JBS,JBS N.V.,11276322,4886389,133.62M,57.9M,+76.5%,0.08%
67077M108,NTR,NUTRIEN LTD,1012276,918216,63.72M,57.79M,+976.2%,0.04%
M22465104,CHKP,CHECK POINT SOFTWARE TECH LT,744649,438892,97.87M,57.68M,+143.5%,0.06%
G25508105,CRH,CRH PLC,882574,536746,94.44M,57.43M,+155.2%,0.06%
46187W107,INVH,INVITATION HOMES INC,1951955,1892231,58.97M,57.16M,+3168.3%,0.04%
00650F109,ADPT,ADAPTIVE BIOTECHNOLOGIES COR,4625859,2660249,99.22M,57.06M,+135.3%,0.06%
387328AD9,GVA,GRANITE CONSTR INC,44094000,17094000,145.86M,56.54M,+63.3%,0.09%
50155Q100,KD,KYNDRYL HLDGS INC,8862810,4979294,100.24M,56.32M,+128.2%,0.06%
026874784,AIG,AMERICAN INTL GROUP INC,885079,754825,65.96M,56.26M,+579.5%,0.04%
654106103,NKE,NIKE INC,1473665,1362373,60.49M,55.93M,+1224.1%,0.04%
G76279101,ROIV,ROIVANT SCIENCES LTD,2972702,1579954,105.2M,55.91M,+113.4%,0.07%
496902404,KGC,KINROSS GOLD CORP,2961315,2361984,69.99M,55.82M,+394.1%,0.04%
227046109,CROX,CROCS INC,869507,458829,104.9M,55.35M,+111.7%,0.06%
18467V109,YOU,CLEAR SECURE INC,2443976,989745,136.2M,55.16M,+68.1%,0.08%
615369105,MCO,MOODYS CORP,369114,120683,167.18M,54.66M,+48.6%,0.1%
18452BAC4,CLSK,CLEANSPARK INC,92812000,41735000,121.52M,54.64M,+81.7%,0.08%
15189TBD8,CNP,CENTERPOINT ENERGY INC,219155000,44655000,263.54M,53.7M,+25.6%,0.16%
37733W204,GSK,GSK PLC,1019449,1019449,53.44M,53.44M,NEW,0.03%
31620R303,FNF,FIDELITY NATL FINL INC,1709587,1131650,80.62M,53.37M,+195.8%,0.05%
594972AU5,,STRATEGY INC,516995000,60000000,458.68M,53.23M,+13.1%,0.28%
00091E109,ABSI,ABSCI CORPORATION,5239754,4589937,60.73M,53.2M,+706.3%,0.04%
032654105,ADI,ANALOG DEVICES INC,257333,133466,102.2M,53.01M,+107.7%,0.06%
576323109,MTZ,MASTEC INC,180243,126888,74.99M,52.79M,+237.8%,0.05%
163072AC5,,CHEESECAKE FACTORY INC,59471000,40500000,75.76M,51.59M,+213.5%,0.05%
531229755,FWONK,LIBERTY MEDIA CORP DEL,3790937,533874,360.67M,50.79M,+16.4%,0.22%
78468R556,XOP,SPDR SERIES TRUST,328143,328143,50.62M,50.62M,NEW,0.03%
G11448100,BTDR,BITDEER TECHNOLOGIES GROUP,3186808,3186808,50.57M,50.57M,NEW,0.03%
922908553,VNQ,VANGUARD INDEX FDS,523931,523931,50.52M,50.52M,NEW,0.03%
38059T106,GFI,GOLD FIELDS LTD,1496983,1496983,50.28M,50.28M,NEW,0.03%
775711104,ROL,ROLLINS INC,1214101,1187298,50.68M,49.56M,+4429.7%,0.03%
09239BAF6,BL,BLACKLINE INC,53456000,53456000,49.35M,49.35M,NEW,0.03%
101137107,BSX,BOSTON SCIENTIFIC CORP,25457409,1145057,1.09B,48.87M,+4.7%,0.67%
942749102,WTS,WATTS WATER TECHNOLOGIES INC,127649,124601,49.97M,48.78M,+4088%,0.03%
H17182108,CRSP,CRISPR THERAPEUTICS AG,893812,893812,48.75M,48.75M,NEW,0.03%
15675D103,CBRS,CEREBRAS SYSTEMS INC,220350,220350,48.7M,48.7M,NEW,0.03%
09940T100,BRUN,BOOST RUN INC,1250546,1250546,48.53M,48.53M,NEW,0.03%
G0750C108,AXTA,AXALTA COATING SYS LTD,6547107,1416849,224.04M,48.48M,+27.6%,0.14%
03852U106,ARMK,ARAMARK,2570894,851543,146.28M,48.45M,+49.5%,0.09%
G3323L100,FN,FABRINET,90948,85631,51.12M,48.13M,+1610.5%,0.03%
931142103,WMT,WALMART INC,2120384,423778,240.15M,48M,+25%,0.15%
N53745100,LYB,LYONDELLBASELL INDUSTRIES NV,990499,908268,52.15M,47.82M,+1104.5%,0.03%
45258J102,IMVT,IMMUNOVANT INC,1240654,1240654,47.8M,47.8M,NEW,0.03%
18915MAF4,,CLOUDFLARE INC,37000000,37000000,46.97M,46.97M,NEW,0.03%
002121AB7,,A10 NETWORKS INC,27500000,27500000,46.83M,46.83M,NEW,0.03%
H01301128,ALC,ALCON AG,1857763,697165,124.66M,46.78M,+60.1%,0.08%
750940108,RAL,RALLIANT CORP,711817,634147,52.41M,46.69M,+816.5%,0.03%
81730H109,S,SENTINELONE INC,3514996,2708837,59.65M,45.97M,+336%,0.04%
316841105,FIG,FIGMA INC,2536747,2536747,45.89M,45.89M,NEW,0.03%
36165LAD0,,GDS HLDGS LTD,37650000,37650000,45.83M,45.83M,NEW,0.03%
219350105,GLW,CORNING INC,314441,178392,80.32M,45.57M,+131.1%,0.05%
00766T100,ACM,AECOM,1711157,648929,119.44M,45.3M,+61.1%,0.07%
81369Y886,XLU,SELECT SECTOR SPDR TR,1040792,991200,47.19M,44.94M,+1998.7%,0.03%
81369Y852,XLC,SELECT SECTOR SPDR TR,626578,418554,67.13M,44.84M,+201.2%,0.04%
45784P101,PODD,INSULET CORP,426520,292923,64.94M,44.6M,+219.3%,0.04%
124155102,BFLY,BUTTERFLY NETWORK INC,6392827,5272536,53.83M,44.39M,+470.6%,0.03%
871607107,SNPS,SYNOPSYS INC,106685,99281,47.59M,44.29M,+1340.9%,0.03%
816850101,SMTC,SEMTECH CORP,272363,272363,44.08M,44.08M,NEW,0.03%
14149Y108,CAH,CARDINAL HEALTH INC,550261,185091,130.72M,43.97M,+50.7%,0.08%
253393102,DKS,DICKS SPORTING GOODS INC,360838,193805,81.84M,43.96M,+116%,0.05%
713448108,PEP,PEPSICO INC,736519,322329,99.72M,43.64M,+77.8%,0.06%
751212101,RL,RALPH LAUREN CORP,389510,106970,156.35M,42.94M,+37.9%,0.1%
388689101,GPK,GRAPHIC PACKAGING HLDG CO,7152056,4016793,75.6M,42.46M,+128.1%,0.05%
929160109,VMC,VULCAN MATLS CO,173706,143203,51.25M,42.25M,+469.5%,0.03%
46222L108,IONQ,IONQ INC,2690977,789594,143.32M,42.05M,+41.5%,0.09%
314911108,FRMI,FERMI INC,5418891,4590533,49.64M,42.05M,+554.2%,0.03%
780287108,RGLD,ROYAL GOLD INC,231625,209981,46.23M,41.91M,+970.2%,0.03%
042735100,ARW,ARROW ELECTRS INC,409757,196110,87.45M,41.85M,+91.8%,0.05%
457642205,INOD,INNODATA INC,878778,551710,66.42M,41.7M,+168.7%,0.04%
87807B107,TRP,TC ENERGY CORP,898093,625164,59.46M,41.39M,+229.1%,0.04%
783513203,RYAAY,RYANAIR HOLDINGS PLC,644450,639050,41.73M,41.38M,+11834.3%,0.03%
172967424,C,CITIGROUP INC,5616122,292745,786.03M,40.97M,+5.5%,0.49%
89677Q107,TCOM,TRIP COM GROUP LTD,2564376,1021864,102.16M,40.71M,+66.2%,0.06%
94419LAP6,W,WAYFAIR INC,26718000,26718000,40.5M,40.5M,NEW,0.03%
464287390,ILF,ISHARES TR,1186133,1186133,40.03M,40.03M,NEW,0.02%
86771W105,RUN,SUNRUN INC,10227120,2965823,136.84M,39.68M,+40.8%,0.08%
000899104,ADMA,ADMA BIOLOGICS INC,5274597,4713770,44.15M,39.45M,+840.5%,0.03%
110448107,BTI,BRITISH AMERN TOB PLC,1075285,635902,66.41M,39.27M,+144.7%,0.04%
92189H607,OIH,VANECK ETF TRUST,104796,104796,38.99M,38.99M,NEW,0.02%
894164102,TNL,TRAVEL PLUS LEISURE CO,574369,506499,43.9M,38.71M,+746.3%,0.03%
G0176J109,ALLE,ALLEGION PLC,361755,274661,50.82M,38.59M,+315.4%,0.03%
90364P105,PATH,UIPATH INC,4719704,3548801,51.3M,38.58M,+303.1%,0.03%
74967X103,RH,RH,260485,232913,42.91M,38.37M,+844.7%,0.03%
032108649,SILJ,AMPLIFY ETF TR,1476796,1476796,38.28M,38.28M,NEW,0.02%
03969K108,ARQT,ARCUTIS BIOTHERAPEUTICS INC,3949609,1453387,103.56M,38.11M,+58.2%,0.06%
29444U700,EQIX,EQUINIX INC,266210,35999,277.49M,37.52M,+15.6%,0.17%
665531AJ8,NOG,NORTHERN OIL & GAS INC,38533000,38533000,36.92M,36.92M,NEW,0.02%
000360206,AAON,AAON INC,313228,289161,39.74M,36.68M,+1201.5%,0.02%
552953101,MGM,MGM RESORTS INTERNATIONAL,821260,763797,39.26M,36.52M,+1329.2%,0.02%
29390K102,NVRI,ENVIRI CORP,1661577,1661577,36.47M,36.47M,NEW,0.02%
81369Y803,XLK,SELECT SECTOR SPDR TR,191335,191335,36.45M,36.45M,NEW,0.02%
70509V100,PEB,PEBBLEBROOK HOTEL TR,2728760,1872055,52.97M,36.34M,+218.5%,0.03%
929089100,VOYA,VOYA FINANCIAL INC,441936,400426,40.01M,36.25M,+964.6%,0.02%
02553E106,AEO,AMERICAN EAGLE OUTFITTERS IN,6615074,2100433,113.78M,36.13M,+46.5%,0.07%
16119P108,CHTR,CHARTER COMMUNICATIONS INC,350112,251192,49.79M,35.72M,+253.9%,0.03%
29786AAJ5,ETSY,ETSY INC,121804000,35000000,124M,35.63M,+40.3%,0.08%
45073V108,ITT,ITT INC,338309,180055,66.9M,35.61M,+113.8%,0.04%
21874C102,CNM,CORE & MAIN INC,4578348,734976,220.91M,35.46M,+19.1%,0.14%
00827BAD8,AFRM,AFFIRM HLDGS INC,30000000,30000000,35M,35M,NEW,0.02%
40412C101,HCA,HCA HEALTHCARE INC,139447,89512,54.37M,34.9M,+179.3%,0.03%
98423F109,XMTR,XOMETRY INC,361416,361416,34.88M,34.88M,NEW,0.02%
72651A207,PAGP,PLAINS GP HLDGS L P,2904729,1435748,70.5M,34.85M,+97.7%,0.04%
84472E102,SSB,SOUTHSTATE BK CORP,347813,347813,34.75M,34.75M,NEW,0.02%
163086101,CHEF,CHEFS WHSE INC,664493,359569,63.86M,34.55M,+117.9%,0.04%
565788AF3,MARA,MARA HOLDINGS INC,91028000,34139000,91.54M,34.33M,+60%,0.06%
89422G107,TVTX,TRAVERE THERAPEUTICS INC,1440469,603925,81.83M,34.31M,+72.2%,0.05%
380237107,GDDY,GODADDY INC,2346252,403272,199.15M,34.23M,+20.8%,0.12%
925283103,VSNT,VERSANT MEDIA GROUP INC,1040980,930408,37.49M,33.5M,+841.4%,0.02%
011532108,AGI,ALAMOS GOLD INC,1215856,1096178,36.87M,33.25M,+915.9%,0.02%
98978V103,ZTS,ZOETIS INC,537515,462366,38.63M,33.23M,+615.3%,0.02%
217204106,CPRT,COPART INC,1377992,1178435,38.85M,33.22M,+590.5%,0.02%
49271V100,KDP,KEURIG DR PEPPER INC,1069469,1009765,35M,33.05M,+1691.3%,0.02%
294429105,EFX,EQUIFAX INC,304152,207467,48.28M,32.93M,+214.6%,0.03%
19260Q107,COIN,COINBASE GLOBAL INC,298343,224367,43.61M,32.8M,+303.3%,0.03%
917047102,URBN,URBAN OUTFITTERS INC,691160,462348,48.98M,32.76M,+202.1%,0.03%
268150109,DT,DYNATRACE INC,3906408,746041,171.53M,32.76M,+23.6%,0.11%
957638109,WAL,WESTERN ALLIANCE BANCORP,525608,395810,43.2M,32.54M,+304.9%,0.03%
87241L109,TFII,TFI INTERNATIONAL INC,238717,226117,34.3M,32.49M,+1794.6%,0.02%
00206R102,T,AT&T INC,24079356,1555147,498.44M,32.19M,+6.9%,0.31%
594972AL5,MSTR,STRATEGY INC,34850000,34850000,31.96M,31.96M,NEW,0.02%
857477103,STT,STATE STR CORP,484459,187841,82.16M,31.86M,+63.3%,0.05%
72147K108,PPC,PILGRIMS PRIDE CORP,4702462,1123415,132.19M,31.58M,+31.4%,0.08%
G01767105,ALKS,ALKERMES PLC,1312031,601734,68.74M,31.53M,+84.7%,0.04%
53635D202,LQDA,LIQUIDIA CORPORATION,1267706,394641,101.07M,31.46M,+45.2%,0.06%
88034P109,TME,TENCENT MUSIC ENTMT GROUP,10325869,3752962,86.22M,31.34M,+57.1%,0.05%
37954Y848,SIL,GLOBAL X FDS,402290,402290,31.16M,31.16M,NEW,0.02%
14174T107,CTRE,CARETRUST REIT INC,1817723,765639,73.35M,30.89M,+72.8%,0.05%
H5919C104,ONON,ON HLDG AG,920124,869655,32.59M,30.8M,+1723.1%,0.02%
91332U101,U,UNITY SOFTWARE INC,9082560,1064499,259.58M,30.42M,+13.3%,0.16%
23918K108,DVA,DAVITA INC,640827,136188,142.57M,30.3M,+27%,0.09%
754730109,RJF,RAYMOND JAMES FINL INC,339446,198013,51.61M,30.1M,+140%,0.03%
724479100,PBI,PITNEY BOWES INC,3812173,1711472,66.79M,29.98M,+81.5%,0.04%
64110D104,NTAP,NETAPP INC,309551,192512,47.91M,29.79M,+164.5%,0.03%
649445400,FLG,FLAGSTAR BANK NATIONAL ASSOC,2051450,1966305,30.65M,29.38M,+2309.4%,0.02%
83444M101,SOLV,SOLVENTUM CORP,526392,380525,40.61M,29.36M,+260.9%,0.03%
23282W605,CYTK,CYTOKINETICS INC,1048103,341472,89.29M,29.09M,+48.3%,0.06%
025537101,AEP,AMERICAN ELEC PWR CO INC,253790,212325,34.72M,29.05M,+512.1%,0.02%
607828100,MOD,MODINE MFG CO,455129,108434,121.53M,28.95M,+31.3%,0.08%
78467J100,SSNC,SS&C TECH HLDGS,1405531,463897,87.21M,28.78M,+49.3%,0.05%
197236102,COLB,COLUMBIA BKG SYS INC,897711,897711,28.77M,28.77M,NEW,0.02%
67080NAA9,,NUVATION BIO INC,27500000,27500000,28.76M,28.76M,NEW,0.02%
60855R100,MOH,MOLINA HEALTHCARE INC,208027,125544,47.58M,28.71M,+152.2%,0.03%
346375108,FORM,FORMFACTOR INC,421377,178734,67.39M,28.58M,+73.7%,0.04%
61174X109,MNST,MONSTER BEVERAGE CORP NEW,1453718,296670,139.73M,28.52M,+25.6%,0.09%
861012102,STM,STMICROELECTRONICS N V,428683,378431,32.1M,28.34M,+753.1%,0.02%
313745101,FRT,FEDERAL RLTY INVT TR NEW,225888,225888,27.88M,27.88M,NEW,0.02%
059460303,BBD,BANCO BRADESCO S A,10616935,8000697,36.84M,27.76M,+305.8%,0.02%
412822108,HOG,HARLEY DAVIDSON INC,2273686,1130141,55.61M,27.64M,+98.8%,0.03%
058498106,BALL,BALL CORP,772448,442777,48.2M,27.63M,+134.3%,0.03%
80401C100,SATL,SATELLOGIC INC,6511301,4818464,37.24M,27.56M,+284.6%,0.02%
G4705A100,ICLR,ICON PUB LTD CO,1357143,158588,235.75M,27.55M,+13.2%,0.15%
457669307,INSM,INSMED INC,5877959,252134,626.71M,26.88M,+4.5%,0.39%
23355L106,DXC,DXC TECHNOLOGY CO,5774326,3026459,51.1M,26.78M,+110.1%,0.03%
338307AF8,FIVN,FIVE9 INC,30000000,30000000,26.68M,26.68M,NEW,0.02%
98980G102,ZS,ZSCALER INC,257003,188824,36.28M,26.65M,+277%,0.02%
466313103,JBL,JABIL INC,359239,68378,138.48M,26.36M,+23.5%,0.09%
464288224,ICLN,ISHARES TR,1284619,1284619,26.32M,26.32M,NEW,0.02%
912008109,USFD,US FOODS HLDG CORP,938328,255799,95.94M,26.16M,+37.5%,0.06%
81369Y860,XLRE,SELECT SECTOR SPDR TR,614909,578304,27.07M,25.46M,+1579.8%,0.02%
780259305,SHEL,SHELL PLC,3105170,324873,240.77M,25.19M,+11.7%,0.15%
185899101,CLF,CLEVELAND-CLIFFS INC NEW,15385109,2659204,144.47M,24.97M,+20.9%,0.09%
92333F101,VG,VENTURE GLOBAL INC,15644297,2234223,174.12M,24.87M,+16.7%,0.11%
03770N101,APGE,APOGEE THERAPEUTICS INC,246086,187251,32.66M,24.85M,+318.3%,0.02%
86384P109,STUB,STUBHUB HLDGS INC,1925107,1925107,24.78M,24.78M,NEW,0.02%
H5012F103,LAR,LITHIUM ARGENTINA AG,5866986,2993428,48.51M,24.75M,+104.2%,0.03%
36317J209,GLXY,GALAXY DIGITAL INC.,5965997,903563,163.11M,24.7M,+17.8%,0.1%
004225108,ACAD,ACADIA PHARMACEUTICALS INC,1697937,968101,42.96M,24.49M,+132.6%,0.03%
04621X108,AIZ,ASSURANT INC,133460,90870,35.84M,24.4M,+213.4%,0.02%
016255101,ALGN,ALIGN TECHNOLOGY INC,211142,143820,35.61M,24.26M,+213.6%,0.02%
015857105,AQN,ALGONQUIN POWER & UTILITIES,7517208,4115050,44.08M,24.13M,+121%,0.03%
83671M105,SOBO,SOUTH BOW CORP,1127006,684232,39.68M,24.09M,+154.5%,0.02%
500631106,KEP,KOREA ELEC PWR CORP,2085254,1986880,25.23M,24.04M,+2019.7%,0.02%
00191U102,EFOR,EVERFORTH INC,1923057,1345207,34.37M,24.04M,+232.8%,0.02%
534187109,LNC,LINCOLN NATL CORP IND,1290765,678059,45.63M,23.97M,+110.7%,0.03%
23804L103,DDOG,DATADOG INC,144705,91705,37.68M,23.88M,+173%,0.02%
00835Q202,AEVA,AEVA TECHNOLOGIES INC,830579,830579,23.85M,23.85M,NEW,0.01%
517834107,LVS,LAS VEGAS SANDS CORP,9052131,514715,418.12M,23.77M,+6%,0.26%
896239100,TRMB,TRIMBLE INC,1273344,458459,65.17M,23.46M,+56.3%,0.04%
40434L105,HPQ,HP INC,2924738,1057748,64.17M,23.21M,+56.7%,0.04%
G037AX101,AMBA,AMBARELLA INC,515084,269919,44.19M,23.16M,+110.1%,0.03%
654902204,NOK,NOKIA CORP,3804689,1742424,50.53M,23.14M,+84.5%,0.03%
70339W104,PTRN,PATTERN GROUP INC,912917,912917,23M,23M,NEW,0.01%
68170A108,OMDA,OMADA HEALTH INC,1202058,1047066,26.39M,22.98M,+675.6%,0.02%
969904101,WSM,WILLIAMS SONOMA INC,899723,97879,209.73M,22.82M,+12.2%,0.13%
636274409,NGG,NATIONAL GRID PLC,688532,268666,57.06M,22.26M,+64%,0.04%
008492100,ADC,AGREE RLTY CORP,633290,291828,47.97M,22.1M,+85.5%,0.03%
46138G706,TAN,INVESCO EXCH TRADED FD TR II,371304,371304,21.96M,21.96M,NEW,0.01%
26441C204,DUK,DUKE ENERGY CORP NEW,189596,172998,24M,21.9M,+1042.3%,0.01%
92337F107,VCYT,VERACYTE INC,413037,370902,24.26M,21.78M,+880.3%,0.01%
049560105,ATO,ATMOS ENERGY CORP,126273,126273,21.75M,21.75M,NEW,0.01%
675222400,OGC.TO,OCEANAGOLD CORP,867844,867844,21.73M,21.73M,NEW,0.01%
008073AA6,AVAV,AEROVIRONMENT INC,22844000,22844000,21.71M,21.71M,NEW,0.01%
902973304,USB,US BANCORP,678404,358072,40.98M,21.63M,+111.8%,0.03%
405552100,HLN,HALEON PLC,2525293,2316228,23.56M,21.61M,+1107.9%,0.01%
N00985106,AER,AERCAP HOLDINGS NV,796742,147891,116.15M,21.56M,+22.8%,0.07%
532206AC3,,LIFE360 INC,20575000,20575000,21.44M,21.44M,NEW,0.01%
086516101,BBY,BEST BUY INC,333449,277810,25.3M,21.08M,+499.3%,0.02%
59151K108,MEOH,METHANEX CORP,903581,455475,41.7M,21.02M,+101.6%,0.03%
07831C103,BRBR,BELLRING BRANDS INC,3382302,1594051,43.77M,20.63M,+89.1%,0.03%
441593100,HLI,HOULIHAN LOKEY INC,290765,152248,39M,20.42M,+109.9%,0.02%
09075V102,BNTX,BIONTECH SE,417421,217653,38.84M,20.25M,+109%,0.02%
40131MAD1,GH,GUARDANT HEALTH INC,104512000,8000000,263.11M,20.14M,+8.3%,0.16%
902494103,TSN,TYSON FOODS INC,1335396,350908,76.45M,20.09M,+35.6%,0.05%
G1110E107,BHVN,BIOHAVEN LTD,4190195,1343002,62.35M,19.98M,+47.2%,0.04%
15189T107,CNP,CENTERPOINT ENERGY INC,458302,452990,20.18M,19.95M,+8527.7%,0.01%
808625107,SAIC,SCIENCE APPLICATIONS INTL CO,206376,180332,22.79M,19.91M,+692.4%,0.01%
N52A8C105,INIO,INNIO NV,500000,500000,19.77M,19.77M,NEW,0.01%
89377MAB5,TMDX,TRANSMEDICS GROUP INC,18000000,18000000,19.56M,19.56M,NEW,0.01%
811927102,SEA.TO,SEABRIDGE GOLD INC,752283,752283,19.37M,19.37M,NEW,0.01%
92242T101,VVX,V2X INC,582484,259185,43.43M,19.32M,+80.2%,0.03%
05329W102,AN,AUTONATION INC,306886,103606,57.02M,19.25M,+51%,0.04%
438516205,HON,HONEYWELL INTL INC,85733,85733,19.2M,19.2M,NEW,0.01%
43849R105,HONA,HONEYWELL AEROSPACE INC,86233,86233,19.06M,19.06M,NEW,0.01%
75776W103,RDW,REDWIRE CORPORATION,3734733,1558352,45.68M,19.06M,+71.6%,0.03%
43289P106,HIMX,HIMAX TECHNOLOGIES INC,1655573,1241462,25.4M,19.04M,+299.8%,0.02%
36828A101,GEV,GE VERNOVA INC,65033,16201,76.4M,19.03M,+33.2%,0.05%
143130102,KMX,CARMAX INC,3280103,359686,173.48M,19.02M,+12.3%,0.11%
780087102,RY,ROYAL BK CDA,129900,91900,26.87M,19.01M,+241.8%,0.02%
61559X104,MLTX,MOONLAKE IMMUNOTHERAPEUTICS,3365507,974846,65.53M,18.98M,+40.8%,0.04%
35834FAC8,,T1 ENERGY INC,11000000,11000000,18.95M,18.95M,NEW,0.01%
G491BT108,IVZ,INVESCO LTD,3687880,717011,97.32M,18.92M,+24.1%,0.06%
001055102,AFL,AFLAC INC,263546,161193,30.9M,18.9M,+157.5%,0.02%
550241103,LUMN,LUMEN TECHNOLOGIES INC,17493715,2459602,134.35M,18.89M,+16.4%,0.08%
68634K106,ORLA,ORLA MNG LTD NEW,4254860,1922826,41.6M,18.8M,+82.5%,0.03%
45765U103,NSIT,INSIGHT ENTERPRISES INC,472420,154037,57.54M,18.76M,+48.4%,0.04%
043436104,ABG,ASBURY AUTOMOTIVE GROUP INC,189623,93215,38.13M,18.74M,+96.7%,0.02%
M7518J104,ODD,ODDITY TECH LTD,1265261,1235984,19.14M,18.7M,+4221.7%,0.01%
74347M108,PUMP,PROPETRO HLDG CORP,6034264,1290711,86.53M,18.51M,+27.2%,0.05%
30049H102,EVLV,EVOLV TECHNOLOGIES HLDNGS IN,4846031,3157264,28.11M,18.31M,+187%,0.02%
43283X105,HGV,HILTON GRAND VACATIONS INC,528993,349229,27.7M,18.29M,+194.3%,0.02%
844741108,LUV,SOUTHWEST AIRLS CO,749285,355511,38.53M,18.28M,+90.3%,0.02%
78464A862,XSD,SPDR SERIES TRUST,31152,28992,19.43M,18.08M,+1342.2%,0.01%
69331C108,PCG,PG&E CORP,1094900,1065961,18.42M,17.93M,+3683.5%,0.01%
32055Y201,FIBK,FIRST INTST BANCSYSTEM INC,463086,463086,17.86M,17.86M,NEW,0.01%
477143101,JBLU,JETBLUE AIRWAYS CORP,6377373,3114530,36.54M,17.85M,+95.5%,0.02%
G61188101,LBTYA,LIBERTY GLOBAL LTD,2854713,1562596,32.46M,17.77M,+120.9%,0.02%
410120109,HWC,HANCOCK WHITNEY CORPORATION,292598,236592,21.86M,17.68M,+422.4%,0.01%
92835K103,VPG,VISHAY PRECISION GROUP INC,117826,117826,17.66M,17.66M,NEW,0.01%
01625V104,ALHC,ALIGNMENT HEALTHCARE INC,854818,741526,20.35M,17.66M,+654.5%,0.01%
05577W200,DOO,BRP INC,390163,289007,23.81M,17.64M,+285.7%,0.01%
76118Y104,REZI,RESIDEO TECHNOLOGIES INC,2069771,565026,64.37M,17.57M,+37.5%,0.04%
464287614,IWF,ISHARES TR,141164,141164,17.53M,17.53M,NEW,0.01%
04272N102,AVBP,ARRIVENT BIOPHARMA INC,872011,503216,30.29M,17.48M,+136.4%,0.02%
922908736,VUG,VANGUARD INDEX FDS,201707,201707,17.38M,17.38M,NEW,0.01%
97785W106,WOLF,WOLFSPEED INC,359255,359255,17.33M,17.33M,NEW,0.01%
697435105,PANW,PALO ALTO NETWORKS INC,184064,50824,62.77M,17.33M,+38.1%,0.04%
00776X109,ALMU,AELUMA INC,797983,772983,17.62M,17.07M,+3091.9%,0.01%
49845K101,KVYO,KLAVIYO INC,1194162,1129635,18.03M,17.06M,+1750.6%,0.01%
P31076105,CPA,COPA HOLDINGS SA,118212,109153,18.39M,16.98M,+1204.9%,0.01%
114340102,AZTA,AZENTA INC,1341164,662009,34.23M,16.89M,+97.5%,0.02%
52603A208,LC,HAPPEN INC,1576086,806416,32.69M,16.73M,+104.8%,0.02%
464288810,IHI,ISHARES TR,667627,338438,32.99M,16.72M,+102.8%,0.02%
67079U306,NUTX,NUTEX HEALTH INC,97454,97454,16.65M,16.65M,NEW,0.01%
68622P109,ORIC,ORIC PHARMACEUTICALS INC,1580216,1535826,17.11M,16.63M,+3459.8%,0.01%
500767306,KWEB,KRANESHARES TRUST,678858,678858,16.61M,16.61M,NEW,0.01%
34964C106,FBIN,FORTUNE BRANDS INNOVATIONS I,315143,299225,17.3M,16.43M,+1879.8%,0.01%
46434G848,PICK,ISHARES INC,293118,280738,17.04M,16.32M,+2267.7%,0.01%
09073M104,TECH,BIO-TECHNE CORP,228479,228479,16.14M,16.14M,NEW,<.01%
92763W103,VIPS,VIPSHOP HLDGS LTD,2958115,1213619,39.22M,16.09M,+69.6%,0.02%
09062X103,BIIB,BIOGEN INC,74438,74438,16.08M,16.08M,NEW,<.01%
62955J103,NOV,NOV INC,963102,866996,17.87M,16.08M,+902.1%,0.01%
22266M104,COUR,COURSERA INC,3197401,2846981,18.03M,16.06M,+812.4%,0.01%
744320102,PRU,PRUDENTIAL FINL INC,364075,148351,39.29M,16.01M,+68.8%,0.02%
G96115103,WYFI,WHITEFIBER INC,409655,409655,15.92M,15.92M,NEW,<.01%
00847X104,AGIO,AGIOS PHARMACEUTICALS INC,3107005,425836,115.3M,15.8M,+15.9%,0.07%
416515104,HIG,HARTFORD INSURANCE GROUP INC,161119,119176,21.35M,15.79M,+284.1%,0.01%
90400D108,RARE,ULTRAGENYX PHARMACEUTICAL IN,1730193,469175,57.77M,15.67M,+37.2%,0.04%
47103J105,JANX,JANUX THERAPEUTICS INC,1096509,998114,16.84M,15.33M,+1014.4%,0.01%
63001N106,NATL,NCR ATLEOS CORPORATION,390191,352814,16.94M,15.32M,+943.9%,0.01%
92790CAB0,,VIRIDIAN THERAPEUTICS INC,14250000,14250000,15.29M,15.29M,NEW,<.01%
56087FAB0,MMYT,MAKEMYTRIP LIMITED MAURITIUS,66135000,10000000,100.87M,15.25M,+17.8%,0.06%
518439104,EL,LAUDER ESTEE COS INC,338156,192660,26.7M,15.21M,+132.4%,0.02%
74280R205,UFO,PROCURE ETF TRUST II,299916,299916,15.2M,15.2M,NEW,<.01%
023586506,UHALB,U HAUL HOLDING COMPANY,1272655,262166,73.43M,15.13M,+25.9%,0.05%
833445109,SNOW,SNOWFLAKE INC,209813,59360,53.4M,15.11M,+39.5%,0.03%
515098101,LSTR,LANDSTAR SYS INC,72930,72930,15.08M,15.08M,NEW,<.01%
74982T103,RXO,RXO INC,542415,542415,14.97M,14.97M,NEW,<.01%
302520101,FNB,F N B CORP,815740,780640,15.56M,14.89M,+2224%,<.01%
536797103,LAD,LITHIA MTRS INC,55743,51063,16.19M,14.83M,+1091.1%,0.01%
98954M101,ZG,ZILLOW GROUP INC,1002861,471803,31.46M,14.8M,+88.8%,0.02%
55303JAB2,MGPI,MGP INGREDIENTS INC NEW,48404000,15104000,47.07M,14.69M,+45.4%,0.03%
922280AD4,VRNS,VARONIS SYS INC,15000000,15000000,14.64M,14.64M,NEW,<.01%
G4727U100,IACO,IDEA ACQUISITION CORP,1472601,1472601,14.58M,14.58M,NEW,<.01%
35834F104,TE,T1 ENERGY INC,1880833,1537430,17.83M,14.57M,+447.7%,0.01%
13100M509,CALX,CALIX INC,409082,388005,15.27M,14.48M,+1840.9%,<.01%
G29183103,ETN,EATON CORP PLC,172578,33852,73.54M,14.43M,+24.4%,0.05%
G4R20B107,INTR,INTER & CO INC,4994490,2653423,27.12M,14.41M,+113.3%,0.02%
110122108,BMY,BRISTOL-MYERS SQUIBB CO,559407,249569,32.23M,14.38M,+80.5%,0.02%
92204A702,VGT,VANGUARD WORLD FD,119879,119879,14.33M,14.33M,NEW,<.01%
500688AH9,KOS,KOSMOS ENERGY LTD,49434000,19449000,36.01M,14.17M,+64.9%,0.02%
04271TAD2,,ARRAY TECHNOLOGIES INC,11375000,11375000,14.16M,14.16M,NEW,<.01%
733245104,PRCH,PORCH GROUP INC,5289385,927585,79.55M,13.95M,+21.3%,0.05%
G39387108,GFS,GLOBALFOUNDRIES INC,255261,168781,21.04M,13.91M,+195.2%,0.01%
46284V101,IRM,IRON MTN INC DEL,109823,109823,13.87M,13.87M,NEW,<.01%
G89479102,TRMD,TORM PLC,1132130,529237,29.5M,13.79M,+87.8%,0.02%
45867G101,IDCC,INTERDIGITAL INC,162007,48707,45.87M,13.79M,+43%,0.03%
91912E105,VALE,VALE S A,3821030,914547,57.47M,13.75M,+31.5%,0.04%
311900104,FAST,FASTENAL CO,362809,285164,17.43M,13.7M,+367.3%,0.01%
46138G615,SOXQ,INVESCO EXCH TRADED FD TR II,157360,122064,17.64M,13.68M,+345.8%,0.01%
G31249108,ESTA,ESTABLISHMENT LABS HLDGS INC,566910,159129,48.65M,13.65M,+39%,0.03%
92511U102,VRRM,VERRA MOBILITY CORP,5878842,3205844,24.99M,13.62M,+119.9%,0.02%
02043Q107,ALNY,ALNYLAM PHARMACEUTICALS INC,1104109,45047,332.37M,13.56M,+4.3%,0.21%
34986A104,FWRD,FORWARD AIR CORP,1000105,1000105,13.51M,13.51M,NEW,<.01%
512816109,LAMR,LAMAR ADVERTISING CO,93715,86285,14.62M,13.46M,+1161.3%,<.01%
867224107,SU,SUNCOR ENERGY INC NEW,359088,248619,19.3M,13.36M,+225.1%,0.01%
446413106,HII,HUNTINGTON INGALLS INDS INC,54703,47578,15.31M,13.32M,+667.8%,<.01%
00214Q302,ARKG,ARK ETF TR,450224,316215,18.94M,13.3M,+236%,0.01%
78464A698,KRE,SPDR SERIES TRUST,177296,177296,13.27M,13.27M,NEW,<.01%
172908105,CTAS,CINTAS CORP,77812,77812,13.23M,13.23M,NEW,<.01%
464286103,EWA,ISHARES INC,469639,469639,13.23M,13.23M,NEW,<.01%
67059N108,NTNX,NUTANIX INC,286917,259283,14.62M,13.21M,+938.3%,<.01%
46434G855,RING,ISHARES INC,205956,203026,13.3M,13.12M,+6929.2%,<.01%
228368106,CCK,CROWN HLDGS INC,501690,117259,56.1M,13.11M,+30.5%,0.03%
962879102,WPM,WHEATON PRECIOUS METALS CORP,129019,115767,14.49M,13M,+873.6%,<.01%
023586100,UHAL,U HAUL HOLDING COMPANY,489815,197537,32.05M,12.93M,+67.6%,0.02%
M3760D101,ESLT,ELBIT SYS LTD,23174,16966,17.58M,12.87M,+273.3%,0.01%
00164VAJ2,AMCX,AMC GLOBAL MEDIA INC,35351000,12001000,37.78M,12.83M,+51.4%,0.02%
82982T106,SITM,SITIME CORP,133984,17149,99.89M,12.79M,+14.7%,0.06%
80689H102,SNDR,SCHNEIDER NATIONAL INC,349319,349319,12.76M,12.76M,NEW,<.01%
H1467J104,CB,CHUBB LIMITED,43383,37394,14.78M,12.74M,+624.4%,<.01%
92939UAP1,WEC,WEC ENERGY GROUP INC,187262000,10500000,226.76M,12.71M,+5.9%,0.14%
743606105,PB,PROSPERITY BANCSHARES INC,468891,173603,34.24M,12.68M,+58.8%,0.02%
80706P103,SRRK,SCHOLAR ROCK HLDG CORP,245027,230383,13.48M,12.67M,+1573.2%,<.01%
74768A104,QNT,QUANTINUUM INC,155000,155000,12.67M,12.67M,NEW,<.01%
112463104,BKD,BROOKDALE SR LIVING INC,4239802,786585,68.22M,12.66M,+22.8%,0.04%
449109107,HYLN,HYLIION HOLDINGS CORP,3899804,2423614,20.32M,12.63M,+164.2%,0.01%
457730109,INSP,INSPIRE MED SYS INC,1470462,281925,65.6M,12.58M,+23.7%,0.04%
56501R106,MFC,MANULIFE FINL CORP,728603,310256,29.52M,12.57M,+74.2%,0.02%
594972408,MSTR,STRATEGY INC,172455,143645,14.99M,12.49M,+498.6%,<.01%
31556C106,FRVO,FERVO ENERGY CO,425000,425000,12.42M,12.42M,NEW,<.01%
136635109,CSIQ,CANADIAN SOLAR INC,3826650,774217,61.3M,12.4M,+25.4%,0.04%
H8817H100,RIG,TRANSOCEAN LTD,41793600,2531001,204.37M,12.38M,+6.4%,0.13%
98420N105,XENE,XENON PHARMACEUTICALS INC,223922,204982,13.52M,12.37M,+1082.3%,<.01%
464287598,IWD,ISHARES TR,50576,50576,12.26M,12.26M,NEW,<.01%
45826J105,NTLA,INTELLIA THERAPEUTICS INC,6443323,715146,109.02M,12.1M,+12.5%,0.07%
928254101,VIRT,VIRTU FINL INC,1365230,202297,81.33M,12.05M,+17.4%,0.05%
753422AF1,RPD,RAPID7 INC,12500000,12500000,12.05M,12.05M,NEW,<.01%
679295105,OKTA,OKTA INC,138061,87692,18.84M,11.97M,+174.1%,0.01%
892356106,TSCO,TRACTOR SUPPLY CO,449032,375981,14.19M,11.88M,+514.7%,<.01%
88556E102,TDUP,THREDUP INC,1806511,1733047,12.37M,11.87M,+2359%,<.01%
892331307,TM,TOYOTA MOTOR CORP,145165,69628,24.45M,11.73M,+92.2%,0.02%
493267108,KEY,KEYCORP,1523158,508594,35.11M,11.72M,+50.1%,0.02%
904311107,UAA,UNDER ARMOUR INC,7582088,1829418,48.45M,11.69M,+31.8%,0.03%
88224Q107,TCBI,TEXAS CAP BANCSHARES INC,393039,112898,40.59M,11.66M,+40.3%,0.03%
16115Q308,GTLS,CHART INDS INC,71249,55536,14.89M,11.6M,+353.4%,<.01%
808524847,SCHH,SCHWAB STRATEGIC TR,595924,483542,14.11M,11.45M,+430.3%,<.01%
33738R811,FTXL,FIRST TR EXCHANGE TRADED FD,54643,40129,15.57M,11.43M,+276.5%,<.01%
84857L101,SR,SPIRE INC,234149,146423,18.28M,11.43M,+166.9%,0.01%
759916109,RGEN,REPLIGEN CORP,83328,83328,11.37M,11.37M,NEW,<.01%
421298100,HAYW,HAYWARD HLDGS INC,1456848,656213,25.22M,11.36M,+82%,0.02%
G61188127,LBTYK,LIBERTY GLOBAL LTD,1988225,1031840,21.87M,11.35M,+107.9%,0.01%
556269108,SHOO,MADDEN STEVEN LTD,910304,269518,38.32M,11.35M,+42.1%,0.02%
83205YAE4,PENG,PENGUIN SOLUTIONS INC,4000000,4000000,11.34M,11.34M,NEW,<.01%
504922105,LH,LABCORP HOLDINGS INC,40031,40031,11.21M,11.21M,NEW,<.01%
022307102,ALMS,ALUMIS INC,968234,396105,27.25M,11.15M,+69.2%,0.02%
099406100,BOOT,BOOT BARN HLDGS INC,280808,67673,46.13M,11.12M,+31.8%,0.03%
04302A104,AIP,ARTERIS INC,259794,226868,12.62M,11.02M,+689%,<.01%
50012A108,KGS,KODIAK GAS SVCS INC,334810,146621,25.15M,11.02M,+77.9%,0.02%
337932AT4,,FIRSTENERGY CORP,10000000,10000000,10.92M,10.92M,NEW,<.01%
26614N201,DD,DUPONT DE NEMOURS INC,80431,80431,10.91M,10.91M,NEW,<.01%
40637H109,HALO,HALOZYME THERAPEUTICS INC,2006479,137771,157.05M,10.78M,+7.4%,0.1%
N5505D105,MICC,MAGNUM ICE CREAM CO NV,618430,618430,10.77M,10.77M,NEW,<.01%
59100U108,CASH,PATHWARD FINANCIAL INC,256026,123619,22.29M,10.76M,+93.4%,0.01%
032095101,APH,AMPHENOL CORP,371979,60887,65.59M,10.74M,+19.6%,0.04%
G17977110,BUR,BURFORD CAPITAL LIMITED,3577247,2609417,14.67M,10.7M,+269.6%,<.01%
23128Q101,CURB,CURBLINE PPTYS CORP,604968,350851,18.39M,10.67M,+138.1%,0.01%
G2131M102,CXII,CHURCHILL CAP CORP XII,1000000,1000000,10.65M,10.65M,NEW,<.01%
74837P405,QUIK,QUICKLOGIC CORP,621052,532503,12.4M,10.63M,+601.4%,<.01%
002121101,ATEN,A10 NETWORKS INC,547577,284190,20.46M,10.62M,+107.9%,0.01%
149568107,CVCO,CAVCO INDS INC DEL,17902,17203,11M,10.57M,+2461.1%,<.01%
83545G102,SAH,SONIC AUTOMOTIVE INC,204779,124320,17.36M,10.54M,+154.5%,0.01%
55087PAD6,LYFT,LYFT INC,10000000,10000000,10.49M,10.49M,NEW,<.01%
018802108,LNT,ALLIANT ENERGY CORP,740877,136690,56.52M,10.43M,+22.6%,0.03%
92922P106,WTI,W & T OFFSHORE INC,6230774,3304640,19.63M,10.41M,+112.9%,0.01%
49803T300,KRG,KITE REALTY GROUP TRUST,642888,365852,18.25M,10.38M,+132.1%,0.01%
91529Y106,UNM,UNUM GROUP,1158462,115539,103.57M,10.33M,+11.1%,0.06%
753422104,RPD,RAPID7 INC,1491269,1274802,12.08M,10.33M,+588.9%,<.01%
835495102,SON,SONOCO PRODS CO,214148,182756,12.07M,10.3M,+582.2%,<.01%
55658T105,MAIR,MADISON AIR SOLUTIONS CORP,261600,261600,10.2M,10.2M,NEW,<.01%
071734107,BHC,BAUSCH HEALTH COS INC,2689942,2068187,13.26M,10.19M,+332.6%,<.01%
499049104,KNX,KNIGHT-SWIFT TRANSN HLDGS IN,130403,130403,10.15M,10.15M,NEW,<.01%
09263B207,BKSY,BLACKSKY TECHNOLOGY INC,362600,362600,10.12M,10.12M,NEW,<.01%
30225T102,EXR,EXTRA SPACE STORAGE INC,69602,69602,10.11M,10.11M,NEW,<.01%
48123VAH5,ZD,ZIFF DAVIS INC,42009000,10000000,42.1M,10.02M,+31.2%,0.03%
830879102,SKYW,SKYWEST INC,118946,100648,11.81M,10M,+550%,<.01%
443510607,HUBB,HUBBELL INC,34258,19064,17.92M,9.97M,+125.5%,0.01%
852234103,XYZ,BLOCK INC,204014,131064,15.51M,9.96M,+179.7%,<.01%
59156R108,MET,METLIFE INC,184326,117540,15.6M,9.95M,+176%,<.01%
450913108,IAG,IAMGOLD CORP,1551244,625571,24.58M,9.91M,+67.6%,0.02%
Y95308105,WVE,WAVE LIFE SCIENCES LTD,1772228,1699923,10.3M,9.88M,+2351%,<.01%
686688102,ORA,ORMAT TECHNOLOGIES INC,247009,90656,26.9M,9.87M,+58%,0.02%
18914F103,CLOV,CLOVER HEALTH INVESTMENTS CO,1965493,1874482,10.3M,9.82M,+2059.6%,<.01%
75886F107,REGN,REGENERON PHARMACEUTICALS,38477,15747,23.99M,9.82M,+69.3%,0.01%
783549108,R,RYDER SYS INC,62897,37103,16.59M,9.79M,+143.8%,0.01%
860630102,SF,STIFEL FINL CORP,762408,140024,53.19M,9.77M,+22.5%,0.03%
04247X102,AWI,ARMSTRONG WORLD INDS INC NEW,60755,60755,9.75M,9.75M,NEW,<.01%
228903100,AORT,ARTIVION INC,438216,431690,9.85M,9.7M,+6614.9%,<.01%
15102KAB6,,CELCUITY INC,8500000,8500000,9.68M,9.68M,NEW,<.01%
406216101,HAL,HALLIBURTON CO,646164,285124,21.94M,9.68M,+79%,0.01%
963320106,WHR,WHIRLPOOL CORP,245404,245404,9.67M,9.67M,NEW,<.01%
21044C107,ROAD,CONSTRUCTION PARTNERS INC,111824,80982,13.28M,9.62M,+262.6%,<.01%
018802AE8,,ALLIANT ENERGY CORP,8757000,8757000,9.58M,9.58M,NEW,<.01%
46137V233,XLG,INVESCO EXCHANGE TRADED FD T,155798,155798,9.54M,9.54M,NEW,<.01%
118440106,BKE,BUCKLE INC,361656,224984,15.26M,9.49M,+164.6%,<.01%
45245E109,IMAX,IMAX CORP,494952,238138,19.73M,9.49M,+92.7%,0.01%
29084Q100,EME,EMCOR GROUP INC,12811,11435,10.63M,9.49M,+831%,<.01%
682143AK8,OMER,OMEROS CORP,18380000,5000000,34.69M,9.44M,+37.4%,0.02%
100557107,SAM,BOSTON BEER INC,99454,52847,17.61M,9.36M,+113.4%,0.01%
14316J108,CG,CARLYLE GROUP INC,238883,221354,10.06M,9.32M,+1262.8%,<.01%
02215L209,KNTK,KINETIK HOLDINGS INC,240768,192754,11.64M,9.32M,+401.5%,<.01%
65345N106,NN,NEXTNAV INC,596011,522468,10.63M,9.32M,+710.4%,<.01%
74340W103,PLD,PROLOGIS INC.,68472,68472,9.28M,9.28M,NEW,<.01%
482480100,KLAC,KLA CORP,80221,30549,24.2M,9.22M,+61.5%,0.01%
69331CAL2,PCG,PG&E CORP,9000000,9000000,9.22M,9.22M,NEW,<.01%
64361Q101,VNOM,VIPER ENERGY INC,5466523,216448,231.78M,9.18M,+4.1%,0.14%
31946M103,FCNCA,FIRST CTZNS BANCSHARES INC D,74642,4403,155.31M,9.16M,+6.3%,0.1%
938824109,WAFD,WAFD INC,790567,238720,30.33M,9.16M,+43.3%,0.02%
05969A105,TBBK,BANCORP INC DEL,187699,145911,11.76M,9.14M,+349.2%,<.01%
826599102,SGML,SIGMA LITHIUM CORPORATION,3059997,722084,38.71M,9.13M,+30.9%,0.02%
85472N109,STN,STANTEC INC,437000,132400,30.11M,9.12M,+43.5%,0.02%
020398707,ALMTF,ALMONTY INDS INC,543885,543885,9.01M,9.01M,NEW,<.01%
03676C100,ATEX,ANTERIX INC,92990,87294,9.57M,8.99M,+1532.5%,<.01%
450056106,IRTC,IRHYTHM HOLDINGS INC,629686,75420,74.9M,8.97M,+13.6%,0.05%
37960A529,SHLD,GLOBAL X FDS,149904,149904,8.95M,8.95M,NEW,<.01%
G9087Q102,TROX,TRONOX HOLDINGS PLC,5059637,1417226,31.88M,8.93M,+38.9%,0.02%
500688106,KOS,KOSMOS ENERGY LTD,24538308,4152563,51.78M,8.76M,+20.4%,0.03%
867892101,SHO,SUNSTONE HOTEL INVS INC NEW,759336,759336,8.69M,8.69M,NEW,<.01%
04339D105,ARXS,ARXIS INC,187977,187977,8.67M,8.67M,NEW,<.01%
70450Y103,PYPL,PAYPAL HLDGS INC,1321230,200742,57.05M,8.67M,+17.9%,0.04%
703481101,PTEN,PATTERSON-UTI ENERGY INC,1200114,939611,11.02M,8.63M,+360.7%,<.01%
91680MAD9,UPST,UPSTART HLDGS INC,49870000,7500000,57.17M,8.6M,+17.7%,0.04%
36262G101,GXO,GXO LOGISTICS INCORPORATED,460787,169209,23.36M,8.58M,+58%,0.01%
81617J301,WTTR,SELECT WATER SOLUTIONS INC,473358,429100,9.46M,8.57M,+969.5%,<.01%
530909308,LLYVK,LIBERTY LIVE HOLDINGS INC,1392187,81090,147.07M,8.57M,+6.2%,0.09%
47233W109,JEF,JEFFERIES FINANCIAL GROUP IN,2788432,171137,139.37M,8.55M,+6.5%,0.09%
90041L105,TPB,TURNING PT BRANDS INC,231691,99753,19.65M,8.46M,+75.6%,0.01%
30041T104,MRAM,EVERSPIN TECHNOLOGIES INC,857866,349035,20.74M,8.44M,+68.6%,0.01%
464286871,EWH,ISHARES INC,403191,403191,8.43M,8.43M,NEW,<.01%
29382R107,EVC,ENTRAVISION COMMUNICATIONS C,1256935,646084,16.39M,8.42M,+105.8%,0.01%
704551AD2,BTU,PEABODY ENGR CORP,6175000,6175000,8.33M,8.33M,NEW,<.01%
G44055104,HCIC,HENNESSY CAP INVTS CORP VIII,836725,836725,8.31M,8.31M,NEW,<.01%
91913Y100,VLO,VALERO ENERGY CORP,31866,31866,8.3M,8.3M,NEW,<.01%
36162J106,GEO,GEO GROUP INC,376932,279727,11.14M,8.27M,+287.8%,<.01%
20825C104,COP,CONOCOPHILLIPS,513089,79272,53.34M,8.24M,+18.3%,0.03%
K08588103,ASND,ASCENDIS PHARMA A/S,30883,30883,8.24M,8.24M,NEW,<.01%
98389B100,XEL,XCEL ENERGY INC,111379,102128,8.94M,8.2M,+1104%,<.01%
650111107,NYT,NEW YORK TIMES CO MTN BE,495645,116929,34.69M,8.18M,+30.9%,0.02%
85571B105,STWD,STARWOOD PPTY TR INC,1023108,493426,16.76M,8.08M,+93.2%,0.01%
90138A103,VNET,VNET GROUP INC,3531345,1004171,28.39M,8.07M,+39.7%,0.02%
48123V102,ZD,ZIFF DAVIS INC,829818,153920,43.46M,8.06M,+22.8%,0.03%
464289438,IWY,ISHARES TR,27724,27724,8.06M,8.06M,NEW,<.01%
828806109,SPG,SIMON PPTY GROUP INC NEW,83220,35905,18.61M,8.03M,+75.9%,0.01%
25434V823,DFAR,DIMENSIONAL ETF TRUST,323800,306311,8.47M,8.01M,+1751.4%,<.01%
69753M105,PLMR,PALOMAR HLDGS INC,63257,63257,8M,8M,NEW,<.01%
41068X100,HASI,HA SUSTAINABLE INFRA CAP INC,204139,204139,7.97M,7.97M,NEW,<.01%
04965B100,ATOM,ATOMERA INC,1890019,914396,16.46M,7.96M,+93.7%,0.01%
486917107,KEEL,KEEL INFRASTRUCTURE CORP,1388002,1388002,7.95M,7.95M,NEW,<.01%
G73167101,QLEP,QUANTUM LEAP ACQUISITION COR,800000,800000,7.94M,7.94M,NEW,<.01%
35909R108,ULCC,FRONTIER GROUP HLDGS INC,1209528,1003850,9.57M,7.94M,+488.1%,<.01%
86333M108,LRN,STRIDE INC,95465,92011,8.23M,7.94M,+2663.9%,<.01%
438128308,HMC,HONDA MOTOR CO LTD,1055372,290978,28.61M,7.89M,+38.1%,0.02%
44107P104,HST,HOST HOTELS & RESORTS INC,457325,331814,10.84M,7.87M,+264.4%,<.01%
07317Q105,BTE,BAYTEX ENERGY CORP,24534834,1962896,98.2M,7.86M,+8.7%,0.06%
26875P101,EOG,EOG RES INC,82149,60493,10.66M,7.85M,+279.3%,<.01%
48241A105,KB,KB FINL GROUP INC,99481,74076,10.44M,7.78M,+291.6%,<.01%
806857108,SLB,SLB LIMITED,660468,166288,30.71M,7.73M,+33.6%,0.02%
670346105,NUE,NUCOR CORP,44983,34595,10.02M,7.71M,+333%,<.01%
558256103,MSGE,MADISON SQUARE GARDEN ENTMT,412139,95149,33.34M,7.7M,+30%,0.02%
489170100,KMT,KENNAMETAL INC,252442,219052,8.85M,7.68M,+656%,<.01%
89422GAB3,,TRAVERE THERAPEUTICS INC,6500000,6500000,7.64M,7.64M,NEW,<.01%
913456109,UVV,UNIVERSAL CORP VA MTNS BK EN,320245,146479,16.71M,7.64M,+84.3%,0.01%
98421M106,XRX,XEROX HOLDINGS CORP,5691429,2441104,17.81M,7.64M,+75.1%,0.01%
03769M304,APOPA,APOLLO GLOBAL MGMT INC,895000,125000,54.45M,7.6M,+16.2%,0.03%
30034W106,EVRG,EVERGY INC,87613,87613,7.57M,7.57M,NEW,<.01%
68390D106,OR,OR ROYALTIES INC.,251060,238860,7.94M,7.56M,+1957.9%,<.01%
600544100,MLKN,MILLERKNOLL INC,389348,367668,7.97M,7.52M,+1695.9%,<.01%
46137V647,PSI,INVESCO EXCHANGE TRADED FD T,39947,39947,7.5M,7.5M,NEW,<.01%
G6301L109,MLAA,MOUNTAIN LAKE ACQUISIT CORP,1080000,754999,10.72M,7.5M,+232.3%,<.01%
14167L103,CDNA,CAREDX INC,1137660,262752,32.42M,7.49M,+30%,0.02%
393222104,GPRE,GREEN PLAINS INC,1664990,486676,25.61M,7.49M,+41.3%,0.02%
464287713,IYZ,ISHARES TR,176664,176664,7.48M,7.48M,NEW,<.01%
848560306,SPIR,SPIRE GLOBAL INC,467508,399718,8.7M,7.43M,+589.6%,<.01%
G2R11M108,DPC,DPC HOLDINGS PLC,150000,150000,7.36M,7.36M,NEW,<.01%
G6881J102,PALO,PALOMA ACQUISITION CORP I,742500,742500,7.35M,7.35M,NEW,<.01%
G3198U102,ESNT,ESSENT GROUP LTD,443702,114315,28.52M,7.35M,+34.7%,0.02%
G0692U109,AXS,AXIS CAP HLDGS LTD,70693,68084,7.6M,7.31M,+2609.6%,<.01%
87615L107,TH,TARGET HOSPITALITY CORP,423317,357997,8.62M,7.29M,+548.1%,<.01%
45857P806,IHG,INTERCONTINENTAL HOTELS GROU,151794,41864,26.28M,7.25M,+38.1%,0.02%
05466C109,AYA.TO,AYA GOLD & SILVER INC,379100,379100,7.17M,7.17M,NEW,<.01%
G63113107,MZYX,MOZAYYX ACQUISITION CORP,711898,711898,7.1M,7.1M,NEW,<.01%
06417N103,OZK,BANK OZK LITTLE ROCK ARK,1165435,135770,60.71M,7.07M,+13.2%,0.04%
G0701G109,BDCI,BTC DEV CORP,700000,700000,7.04M,7.04M,NEW,<.01%
49714P108,KNSL,KINSALE CAP GROUP INC,29101,21193,9.6M,6.99M,+268%,<.01%
92346J108,VCEL,VERICEL CORP,452289,156663,20.12M,6.97M,+53%,0.01%
02665T306,AMH,AMERICAN HOMES 4 RENT,1667835,207715,55.91M,6.96M,+14.2%,0.03%
55087P104,LYFT,LYFT INC,1639786,475412,23.96M,6.95M,+40.8%,0.01%
81141RAG5,SE,SEA LTD,59000000,7000000,58.45M,6.93M,+13.5%,0.04%
739128106,POWL,POWELL INDS INC,37283,24036,10.68M,6.88M,+181.4%,<.01%
67000B203,NOVTU,NOVANTA INC,490000,100000,33.44M,6.83M,+25.6%,0.02%
29772L108,ETON,ETON PHARMACEUTICALS INC,188452,188452,6.82M,6.82M,NEW,<.01%
868459108,SUPN,SUPERNUS PHARMACEUTICALS,767668,145218,35.7M,6.75M,+23.3%,0.02%
155923105,CTRI,CENTURI HOLDINGS INC,4935944,221194,149.26M,6.69M,+4.7%,0.09%
38341P102,GOSS,GOSSAMER BIO INC,40959285,40569854,6.74M,6.68M,+10417.7%,<.01%
192422103,CGNX,COGNEX CORP,101700,92205,7.37M,6.68M,+971.1%,<.01%
21871N101,CXW,CORECIVIC INC,264769,219190,8.04M,6.66M,+480.9%,<.01%
488445206,ZVRA,ZEVRA THERAPEUTICS INC,1306949,460492,18.74M,6.6M,+54.4%,0.01%
144285103,CRS,CARPENTER TECHNOLOGY CORP,161172,10687,99.42M,6.59M,+7.1%,0.06%
374297109,GTY,GETTY RLTY CORP NEW,392079,197424,13.08M,6.59M,+101.4%,<.01%
642045108,AESI,ATLAS ENERGY SOLUTIONS INC,395772,395772,6.57M,6.57M,NEW,<.01%
055477103,BCAX,BICARA THERAPEUTICS INC,498193,221250,14.79M,6.57M,+79.9%,<.01%
675234108,OCFC,OCEANFIRST FINL CORP,455296,335223,8.89M,6.55M,+279.2%,<.01%
570535104,MKL,MARKEL GROUP INC,7105,3352,13.88M,6.55M,+89.3%,<.01%
902252105,TYL,TYLER TECHNOLOGIES INC,38526,22313,11.27M,6.53M,+137.6%,<.01%
292765104,EPAC,ENERPAC TOOL GROUP CORP,896260,181148,32.14M,6.5M,+25.3%,0.02%
N3144W105,XPRO,EXPRO GROUP HOLDINGS NV,438291,438291,6.47M,6.47M,NEW,<.01%
G0378L100,AU,ANGLOGOLD ASHANTI PLC,109916,79910,8.89M,6.46M,+266.3%,<.01%
172755100,CRUS,CIRRUS LOGIC INC,105639,43481,15.69M,6.46M,+70%,<.01%
047649108,ATKR,ATKORE INC,145448,84178,11.06M,6.4M,+137.4%,<.01%
109696104,BCO,BRINKS CO,104066,67314,9.83M,6.36M,+183.2%,<.01%
70932M107,PFSI,PENNYMAC FINL SVCS INC NEW,72721,72721,6.33M,6.33M,NEW,<.01%
92538J106,VERX,VERTEX INC,2189827,550905,25.14M,6.32M,+33.6%,0.02%
084423102,WRB,BERKLEY W R CORP,290364,89551,20.48M,6.32M,+44.6%,0.01%
88025U109,TXG,10X GENOMICS INC,233069,164512,8.94M,6.31M,+240%,<.01%
55318A108,MNTN,MNTN INC,1157448,681361,10.65M,6.27M,+143.1%,<.01%
38013D106,GMRS,GMR SOLUTIONS INC,401964,401964,6.21M,6.21M,NEW,<.01%
67059NAH1,NTNX,NUTANIX INC,79662000,5500000,89.97M,6.21M,+7.4%,0.06%
464286509,EWC,ISHARES INC,199846,107703,11.52M,6.21M,+116.9%,<.01%
136069101,CM,CANADIAN IMPERIAL BANK OF CO,104800,53400,12.06M,6.14M,+103.9%,<.01%
74460D109,PSA,PUBLIC STORAGE,19231,19231,6.12M,6.12M,NEW,<.01%
667340103,NWBI,NORTHWEST BANCSHARES INC,516083,401069,7.82M,6.08M,+348.7%,<.01%
G2616C108,DSAC,DAEDALUS SPL ACQUISITION COR,1028029,600000,10.37M,6.05M,+140.2%,<.01%
913903100,UHS,UNIVERSAL HLTH SVCS INC,145250,40563,21.6M,6.03M,+38.7%,0.01%
G5784H106,MANU,MANCHESTER UTD PLC NEW,773237,261999,17.73M,6.01M,+51.2%,0.01%
23204G100,CUBI,CUSTOMERS BANCORP INC,222140,75438,17.57M,5.97M,+51.4%,0.01%
39874R101,GO,GROCERY OUTLET HLDG CORP,927280,597291,9.25M,5.96M,+181%,<.01%
058586108,BLDP,BALLARD PWR SYS INC NEW,9804394,1521542,38.15M,5.92M,+18.4%,0.02%
04316A108,APAM,ARTISAN PARTNERS ASSET MGMT,513655,171182,17.74M,5.91M,+50%,0.01%
24906P109,XRAY,DENTSPLY SIRONA INC,2987178,554459,31.69M,5.88M,+22.8%,0.02%
808524300,SCHG,SCHWAB STRATEGIC TR,173698,173698,5.88M,5.88M,NEW,<.01%
775109200,RCI,ROGERS COMMUNICATIONS INC,1689395,180678,54.91M,5.87M,+12%,0.03%
88339P101,REAL,THE REALREAL INC,4881501,497704,57.55M,5.87M,+11.4%,0.04%
55933J203,MX,MAGNACHIP SEMICONDUCTOR CORP,1397759,1238153,6.61M,5.86M,+775.8%,<.01%
784305104,HTO,H2O AMERICA,135525,96350,8.24M,5.86M,+245.9%,<.01%
104674106,BRC,BRADY CORP,78803,63908,7.22M,5.85M,+429.1%,<.01%
74386T105,PFS,PROVIDENT FINL SVCS INC,257966,246394,6.1M,5.82M,+2129.2%,<.01%
14020W106,CGDV,CAPITAL GROUP DIVIDEND VALUE,117986,117986,5.81M,5.81M,NEW,<.01%
22822V101,CCI,CROWN CASTLE INC,87239,76674,6.61M,5.81M,+725.7%,<.01%
349942102,FVI,FORTUNA MNG CORP,7976417,685364,67.4M,5.79M,+9.4%,0.04%
464287101,OEF,ISHARES TR,15814,15814,5.79M,5.79M,NEW,<.01%
G59665102,MGTX,MEIRAGTX HLDGS PLC,852902,427621,11.52M,5.78M,+100.6%,<.01%
36472T109,TDAY,USA TODAY CO INC,4475879,673568,38.27M,5.76M,+17.7%,0.02%
293594107,ENVX,ENOVIX CORPORATION,955198,942741,5.8M,5.72M,+7568%,<.01%
11120U105,BRX,BRIXMOR PPTY GROUP INC,662157,181130,20.88M,5.71M,+37.7%,0.01%
33939L407,GUNR,FLEXSHARES TR,115657,115657,5.7M,5.7M,NEW,<.01%
29337E102,ELVN,ENLIVEN THERAPEUTICS INC,305703,112172,15.51M,5.69M,+58%,<.01%
G6674U108,NVCR,NOVOCURE LTD,1022480,375418,15.49M,5.69M,+58%,<.01%
29415F104,NVST,ENVISTA HOLDINGS CORPORATION,228766,211474,6.03M,5.57M,+1223%,<.01%
92206C680,VONG,VANGUARD SCOTTSDALE FDS,43588,43588,5.57M,5.57M,NEW,<.01%
81761L102,SVC,SERVICE PPTYS TR,5029476,3266149,8.5M,5.52M,+185.2%,<.01%
13462K109,CWH,CAMPING WORLD HLDGS INC,2413260,721454,18.41M,5.5M,+42.6%,0.01%
G3710B103,GLED,GALAXYEDGE ACQUISITION CORP,550000,550000,5.47M,5.47M,NEW,<.01%
855244109,SBUX,STARBUCKS CORP,342235,53435,34.97M,5.46M,+18.5%,0.02%
453038408,IMO,IMPERIAL OIL LTD,205498,48352,23.05M,5.42M,+30.8%,0.01%
116794108,BRKR,BRUKER CORP,135853,89929,8.18M,5.41M,+195.8%,<.01%
866796105,SLF,SUN LIFE FINANCIAL INC.,403192,68456,31.62M,5.37M,+20.5%,0.02%
03815J107,AADX,APPLIED AEROSPACE & DEFENSE,235000,235000,5.35M,5.35M,NEW,<.01%
130788102,CWT,CALIFORNIA WTR SVC GROUP,192514,109722,9.37M,5.34M,+132.5%,<.01%
533900106,LECO,LINCOLN ELEC HLDGS INC,24113,20059,6.4M,5.33M,+494.8%,<.01%
M6191J100,FROG,JFROG LTD,58506,58506,5.32M,5.32M,NEW,<.01%
464286822,EWW,ISHARES INC,172930,70513,13.02M,5.31M,+68.8%,<.01%
00370M103,ABVX,ABIVAX SA,90357,39807,12.04M,5.3M,+78.7%,<.01%
866966104,SUNB,SUNBELT RENTALS HOLDINGS INC,200122,70879,14.93M,5.29M,+54.8%,<.01%
866082100,INN,SUMMIT HOTEL PPTYS,1184401,753265,8.3M,5.28M,+174.7%,<.01%
71944F106,PHR,PHREESIA INC,524496,512955,5.4M,5.28M,+4444.6%,<.01%
948849104,WMK,WEIS MKTS INC,136332,67389,10.68M,5.28M,+97.7%,<.01%
875465106,SKT,TANGER INC,306544,132943,12.1M,5.25M,+76.6%,<.01%
03676B102,AM,ANTERO MIDSTREAM CORP,644890,230024,14.67M,5.23M,+55.4%,<.01%
23204X103,CTOS,CUSTOM TRUCK ONE SOURCE INC,623637,440852,7.37M,5.21M,+241.2%,<.01%
359616109,FULC,FULCRUM THERAPEUTICS INC,3044385,1421104,11.14M,5.2M,+87.5%,<.01%
09261X102,BXSL,BLACKSTONE SECD LENDING FD,699954,219144,16.6M,5.2M,+45.6%,0.01%
N69605108,PHVS,PHARVARIS N V,471402,150245,16.3M,5.2M,+46.8%,0.01%
039483102,ADM,ARCHER DANIELS MIDLAND CO,157139,67884,12.01M,5.19M,+76.1%,<.01%
464287408,IVE,ISHARES TR,22828,22828,5.18M,5.18M,NEW,<.01%
78475V103,MWH,SOLV ENERGY INC,243505,150991,8.29M,5.14M,+163.2%,<.01%
254067101,DDS,DILLARDS INC,79951,9711,42.25M,5.13M,+13.8%,0.03%
157085101,CERS,CERUS CORP,5485983,1754832,16.02M,5.12M,+47%,<.01%
75901B107,RGNX,REGENXBIO INC,712814,426813,8.54M,5.11M,+149.2%,<.01%
45569U101,INDI,INDIE SEMICONDUCTOR INC,1138023,1138023,5.11M,5.11M,NEW,<.01%
G04126101,AACP,APOGEE ACQUISITION CORP,511554,511554,5.09M,5.09M,NEW,<.01%
005098108,GOLF,ACUSHNET HLDGS CORP,194214,42933,23.02M,5.09M,+28.4%,0.01%
42328H109,HLIO,HELIOS TECHNOLOGIES INC,109843,56905,9.8M,5.08M,+107.5%,<.01%
88636R479,AIPO,TIDAL TRUST II,151910,151910,5.08M,5.08M,NEW,<.01%
57060D108,MKTX,MARKETAXESS HLDGS INC,47977,44663,5.44M,5.07M,+1347.7%,<.01%
229050307,CYRX,CRYOPORT INC,479625,321400,7.53M,5.05M,+203.1%,<.01%
053807103,AVT,AVNET INC,791338,56728,70.29M,5.04M,+7.7%,0.04%
G42386105,HCAC,HALL CHADWICK ACQUISITION CO,529906,500300,5.32M,5.02M,+1689.9%,<.01%
921910816,MGK,VANGUARD WORLD FD,57057,57057,5.02M,5.02M,NEW,<.01%
23248VAD7,,CYBERARK SOFTWARE LTD,3000000,3000000,5.01M,5.01M,NEW,<.01%
842587842,SOMN,SOUTHERN CO,100000,100000,4.99M,4.99M,NEW,<.01%
451107106,IDA,IDACORP INC,65573,32946,9.92M,4.98M,+101%,<.01%
09180C106,BJRI,BJS RESTAURANTS INC,193781,81394,11.77M,4.94M,+72.4%,<.01%
G7257A105,PCAP,PROCAP ACQUISITION CORP,1237500,478344,12.75M,4.93M,+63%,<.01%
98980F104,GTM,ZOOMINFO TECHNOLOGIES INC,1930210,1679995,5.66M,4.92M,+671.4%,<.01%
G5093B105,JENA,JENA ACQUISITION CORP II,475100,475100,4.92M,4.92M,NEW,<.01%
63845R107,EYE,NATIONAL VISION HLDGS INC,667184,258482,12.68M,4.91M,+63.2%,<.01%
88830M102,TWI,TITAN INTL INC ILL,637101,637101,4.91M,4.91M,NEW,<.01%
N3167Y103,RACE,FERRARI N V,14372,13187,5.35M,4.91M,+1112.8%,<.01%
71424F105,PR,PERMIAN RESOURCES CORP,505913,265571,9.31M,4.89M,+110.5%,<.01%
91359E105,UHT,UNIVERSAL HEALTH RLTY INCOME,116828,110865,5.12M,4.86M,+1859.2%,<.01%
46138E362,SPHD,INVESCO EXCH TRADED FD TR II,95122,95122,4.84M,4.84M,NEW,<.01%
74276R102,PRVA,PRIVIA HEALTH GROUP INC,353157,187816,9.09M,4.83M,+113.6%,<.01%
921946406,VYM,VANGUARD WHITEHALL FDS,30294,30294,4.79M,4.79M,NEW,<.01%
934550203,WMG,WARNER MUSIC GROUP CORP,579866,176667,15.7M,4.78M,+43.8%,<.01%
909907107,UBSI,UNITED BANKSHARES INC WEST V,128009,104232,5.87M,4.78M,+438.4%,<.01%
189054109,CLX,CLOROX CO DEL,115150,49984,10.99M,4.77M,+76.7%,<.01%
004239109,AKR,ACADIA RLTY TR,414251,228104,8.66M,4.77M,+122.5%,<.01%
918204108,VFC,V F CORP,1712736,284888,28.57M,4.75M,+20%,0.02%
901109108,TPC,TUTOR PERINI CORP,91956,56947,7.63M,4.72M,+162.7%,<.01%
64119N608,NTSK,NETSKOPE INC,427117,427117,4.67M,4.67M,NEW,<.01%
29446M102,EQNR,EQUINOR ASA,285775,148716,8.97M,4.67M,+108.5%,<.01%
69376K106,RPC,RIDGEPOST CAP INC,584629,584629,4.6M,4.6M,NEW,<.01%
26856L103,ELF,E L F BEAUTY INC,71185,62022,5.27M,4.59M,+676.9%,<.01%
G24498118,ARCL,ARC GROUP ACQUISITION I CORP,460000,460000,4.54M,4.54M,NEW,<.01%
459044103,IBOC,INTERNATIONAL BANCSHARES COR,91727,59727,6.97M,4.54M,+186.6%,<.01%
552848103,MTG,MGIC INVT CORP WIS,1050927,160497,29.64M,4.53M,+18%,0.02%
12685J105,CABO,CABLE ONE INC,477500,85149,25.36M,4.52M,+21.7%,0.02%
546347105,LPX,LOUISIANA PAC CORP,218959,57491,17.22M,4.52M,+35.6%,0.01%
M96088105,URGN,UROGEN PHARMA LTD,1145819,122660,42.17M,4.51M,+12%,0.03%
410867105,THG,HANOVER INS GROUP INC,22692,21036,4.86M,4.5M,+1270.3%,<.01%
07373V105,BEAM,BEAM THERAPEUTICS INC,130577,130577,4.48M,4.48M,NEW,<.01%
78464A409,SPYG,SPDR SERIES TRUST,37606,37606,4.47M,4.47M,NEW,<.01%
829401108,SION,SIONNA THERAPEUTICS INC,101644,101644,4.47M,4.47M,NEW,<.01%
03209R103,AMPH,AMPHASTAR PHARMACEUTICALS IN,887048,221506,17.9M,4.47M,+33.3%,0.01%
591774104,MCB,METROPOLITAN BK HLDG CORP,162686,45243,16.07M,4.47M,+38.5%,<.01%
33734X127,FXN,FIRST TR EXCHANGE-TRADED FD,219719,219719,4.44M,4.44M,NEW,<.01%
715684106,TLK,TELEKOMUNIKASI IND,561916,329719,7.55M,4.43M,+142%,<.01%
896945201,TRIP,TRIPADVISOR INC,630800,321975,8.65M,4.41M,+104.3%,<.01%
G9460G101,VAL,VALARIS LTD,396996,60775,28.82M,4.41M,+18.1%,0.02%
42226B501,NHP,NATIONAL HEALTHCARE PPTYS IN,300558,300558,4.4M,4.4M,NEW,<.01%
126117100,CNA,CNA FINL CORP,159603,90370,7.76M,4.39M,+130.5%,<.01%
87288V101,TSSI,TSS INC DEL,542913,357012,6.68M,4.39M,+192%,<.01%
970646AA3,,WILLIS LEASE FIN CORP,4000000,4000000,4.37M,4.37M,NEW,<.01%
48238T109,OPLN,OPENLANE INC,870149,105898,35.88M,4.37M,+13.9%,0.02%
940923105,WBI,WATERBRIDGE INFRASTRUCTURE L,127205,127205,4.36M,4.36M,NEW,<.01%
35137L105,FOXA,FOX CORP,214445,83220,11.19M,4.34M,+63.4%,<.01%
879360105,TDY,TELEDYNE TECHNOLOGIES INC,17205,6508,11.47M,4.34M,+60.8%,<.01%
705573103,PEGA,PEGASYSTEMS INC,144614,144614,4.33M,4.33M,NEW,<.01%
689648103,OTTR,OTTER TAIL CORP,447021,47595,40.22M,4.28M,+11.9%,0.02%
55380K109,MPTI,M-TRON INDS INC,48493,43077,4.81M,4.27M,+795.4%,<.01%
00108J109,ACMR,ACM RESH INC,33500,33500,4.25M,4.25M,NEW,<.01%
67080N101,NUVB,NUVATION BIO INC,1140000,747014,6.48M,4.24M,+190.1%,<.01%
858927106,STEL,STELLAR BANCORP INC,142565,107411,5.61M,4.22M,+305.5%,<.01%
G5T117102,MYX,MAYWOOD ACQUISITION CORP 2,425000,425000,4.2M,4.2M,NEW,<.01%
83443Q103,SOLS,SOLSTICE ADVANCED MATLS INC,534836,47354,47.39M,4.2M,+9.7%,0.03%
G1466R173,BORR,BORR DRILLING LTD,7248907,1007405,29.94M,4.16M,+16.1%,0.02%
343412102,FLR,FLUOR CORP,2949214,79020,154.51M,4.14M,+2.8%,0.1%
31488V107,FERG,FERGUSON ENTERPRISES INC,105623,17339,25.07M,4.12M,+19.6%,0.02%
G1151C101,ACN,ACCENTURE PLC IRELAND,374284,33025,46.58M,4.11M,+9.7%,0.03%
40609P105,HNRG,HALLADOR ENERGY COMPANY,383587,235502,6.67M,4.1M,+159%,<.01%
31816X106,FLY,FIREFLY AEROSPACE INC,139188,139188,4.09M,4.09M,NEW,<.01%
N62509109,NAMS,NEWAMSTERDAM PHARMA COMPANY,120561,120561,4.09M,4.09M,NEW,<.01%
019770106,ALLO,ALLOGENE THERAPEUTICS INC,4710735,1946959,9.8M,4.05M,+70.4%,<.01%
46654Q609,JGRO,J P MORGAN EXCHANGE TRADED F,40957,40957,4.04M,4.04M,NEW,<.01%
20451N101,CMP,COMPASS MINERALS INTL INC,177420,128394,5.52M,4M,+261.9%,<.01%
12769G100,CZR,CAESARS ENTERTAINMENT INC NE,190086,132234,5.74M,3.99M,+228.6%,<.01%
05967A107,BSBR,BANCO SANTANDER BRASIL S A,945203,755465,4.96M,3.97M,+398.2%,<.01%
G9037S109,TRGS,TRG LATIN AMER ACQUIS CORP,400000,400000,3.96M,3.96M,NEW,<.01%
47103N106,JBI,JANUS INTERNATIONAL GROUP IN,1206097,712581,6.69M,3.95M,+144.4%,<.01%
42727J102,HRTG,HERITAGE INSURANCE HLDGS INC,151249,151249,3.94M,3.94M,NEW,<.01%
G8807B106,TBPH,THERAVANCE BIOPHARMA INC,1185390,231348,20.15M,3.93M,+24.2%,0.01%
436893200,HOMB,HOME BANCSHARES INC,426893,137503,12.19M,3.93M,+47.5%,<.01%
42806J700,HTZ,HERTZ GLOBAL HLDGS INC,1805910,1720084,4.09M,3.9M,+2004.2%,<.01%
464288844,IEZ,ISHARES TR,144813,144813,3.9M,3.9M,NEW,<.01%
G68707101,PAGS,PAGSEGURO DIGITAL LTD,908371,428883,8.22M,3.88M,+89.4%,<.01%
78464A607,RWR,SPDR SERIES TRUST,40496,34301,4.57M,3.87M,+553.7%,<.01%
G0585R106,AGO,ASSURED GUARANTY LTD,180107,48148,14.44M,3.86M,+36.5%,<.01%
45774W108,IIIN,INSTEEL INDS INC,134051,127756,4.05M,3.86M,+2029.5%,<.01%
92204A306,VDE,VANGUARD WORLD FD,25657,25657,3.85M,3.85M,NEW,<.01%
589889104,MMSI,MERIT MED SYS INC,189664,55508,13.15M,3.85M,+41.4%,<.01%
579780206,MKC,MCCORMICK & CO INC,76267,76267,3.85M,3.85M,NEW,<.01%
81369Y308,XLP,SELECT SECTOR SPDR TR,45936,45936,3.82M,3.82M,NEW,<.01%
04963C209,ATRC,ATRICURE INC,192824,136235,5.4M,3.81M,+240.7%,<.01%
698884103,PAR,PAR TECHNOLOGY CORP,745016,218421,12.98M,3.8M,+41.5%,<.01%
766559702,RIGL,RIGEL PHARMACEUTICALS INC,542539,96861,21.22M,3.79M,+21.7%,0.01%
83088M102,SWKS,SKYWORKS SOLUTIONS INC,72310,55839,4.9M,3.79M,+339%,<.01%
464288372,IGF,ISHARES TR,56838,56838,3.79M,3.79M,NEW,<.01%
67079K100,SMR,NUSCALE PWR CORP,560617,376429,5.62M,3.78M,+204.4%,<.01%
49428J109,KE,KIMBALL ELECTRONICS INC,305933,147261,7.83M,3.77M,+92.8%,<.01%
319829107,FCF,FIRST COMWLTH FINL CORP PA,426432,184946,8.67M,3.76M,+76.6%,<.01%
G7515A103,RDAG,REPUBLIC DIGITAL ACQUISITION,1152355,363854,11.89M,3.75M,+46.1%,<.01%
M5216V106,GLBE,GLOBAL E ONLINE LTD,202657,108040,7.04M,3.75M,+114.2%,<.01%
231561101,CW,CURTISS WRIGHT CORP,11764,4943,8.91M,3.75M,+72.5%,<.01%
78468R788,SPYD,SPDR SERIES TRUST,78337,78337,3.74M,3.74M,NEW,<.01%
731068102,PII,POLARIS INC,62358,54233,4.27M,3.71M,+667.5%,<.01%
291011104,EMR,EMERSON ELEC CO,728223,25912,104.25M,3.71M,+3.7%,0.06%
303075105,FDS,FACTSET RESH SYS INC,35862,16044,8.25M,3.69M,+81%,<.01%
19046P209,CCB,COASTAL FINL CORP WA,47565,47565,3.69M,3.69M,NEW,<.01%
651718504,NPKI,NPK INTERNATIONAL INC,327606,230564,5.21M,3.67M,+237.6%,<.01%
32020R109,FFIN,FIRST FINL BANKSHARES INC,409936,105812,14.18M,3.66M,+34.8%,<.01%
48268K101,KT,KT CORP,1377944,211208,23.81M,3.65M,+18.1%,0.01%
G8192H106,SPNT,SIRIUSPOINT LTD,339299,149207,8.14M,3.58M,+78.5%,<.01%
707569109,PENN,PENN ENTERTAINMENT INC,282350,167483,6.03M,3.58M,+145.8%,<.01%
G8148S107,SBXE,SILVERBOX CORP V,858000,355000,8.63M,3.57M,+70.6%,<.01%
316092840,FDVV,FIDELITY COVINGTON TRUST,59062,59062,3.56M,3.56M,NEW,<.01%
10948C107,BV,BRIGHTVIEW HLDGS INC,656984,248836,9.31M,3.53M,+61%,<.01%
89417E109,TRV,TRAVELERS COMPANIES INC,10642,10642,3.51M,3.51M,NEW,<.01%
78468R549,XES,SPDR SERIES TRUST,32556,30827,3.65M,3.46M,+1782.9%,<.01%
18482P103,CLFD,CLEARFIELD INC,227722,86750,9.06M,3.45M,+61.5%,<.01%
78464A508,SPYV,SPDR SERIES TRUST,56621,56621,3.44M,3.44M,NEW,<.01%
28036F105,EWTX,EDGEWISE THERAPEUTICS INC,189115,84252,7.68M,3.42M,+80.3%,<.01%
87162W100,SNX,TD SYNNEX CORPORATION,12798,12798,3.42M,3.42M,NEW,<.01%
896288107,TNET,TRINET GROUP INC,477055,69097,23.61M,3.42M,+16.9%,0.01%
29249E109,ACT,ENACT HLDGS INC,153547,74592,7.02M,3.41M,+94.5%,<.01%
G9831H101,XCBE,X3 ACQUISITION CORP LTD,990000,340000,9.89M,3.4M,+52.3%,<.01%
22717L101,CRON,CRONOS GROUP INC,8840503,1222276,24.55M,3.39M,+16%,0.02%
46434V647,REET,ISHARES TR,121697,121697,3.36M,3.36M,NEW,<.01%
293712105,EFSC,ENTERPRISE FINL SVCS CORP,67731,50963,4.46M,3.36M,+303.9%,<.01%
05990K106,BANC,BANC OF CALIFORNIA INC,175561,164040,3.59M,3.35M,+1423.8%,<.01%
G6476A102,NPAC,NEW PROVIDENCE ACQUISITION C,422861,322861,4.39M,3.35M,+322.9%,<.01%
608190104,MHK,MOHAWK INDS INC,112344,27541,13.63M,3.34M,+32.5%,<.01%
448947507,IDT,IDT CORP,295788,57450,17.2M,3.34M,+24.1%,0.01%
89472Y107,TKO.TO,TREKOR METALS LTD,484557,484557,3.33M,3.33M,NEW,<.01%
44951W106,IESC,IES HOLDINGS INC,5624,4524,4.13M,3.32M,+411.3%,<.01%
21036P108,STZ,CONSTELLATION BRANDS INC,51453,23875,7.16M,3.32M,+86.6%,<.01%
047726302,BATRK,ATLANTA BRAVES HLDGS INC,122423,63555,6.35M,3.3M,+108%,<.01%
464288521,USRT,ISHARES TR,54301,49620,3.61M,3.3M,+1060%,<.01%
92847W103,VITL,VITAL FARMS INC,282291,282291,3.28M,3.28M,NEW,<.01%
393657101,GBX,GREENBRIER COS INC,706855,66942,34.64M,3.28M,+10.5%,0.02%
968223206,WLY,WILEY JOHN & SONS INC,82145,67590,3.98M,3.28M,+464.4%,<.01%
29275Y102,ENS,ENERSYS,28870,14010,6.75M,3.28M,+94.3%,<.01%
64082B102,NRDS,NERDWALLET INC,813807,352791,7.53M,3.26M,+76.5%,<.01%
296013105,EROC,EROCK INC,225000,225000,3.26M,3.26M,NEW,<.01%
090572207,BIO,BIO RAD LABS INC,19256,11111,5.65M,3.26M,+136.4%,<.01%
04271TAB6,ARRY,ARRAY TECHNOLOGIES INC,43968000,3500000,40.9M,3.26M,+8.6%,0.03%
65487K100,LASR,NLIGHT INC,57970,46596,4.04M,3.24M,+409.7%,<.01%
55293N109,MDA,MDA SPACE LTD,234500,78483,9.68M,3.24M,+50.3%,<.01%
256746108,DLTR,DOLLAR TREE INC,196331,26631,23.75M,3.22M,+15.7%,0.01%
78464A540,XTL,SPDR SERIES TRUST,14150,14150,3.22M,3.22M,NEW,<.01%
09290C103,DYNF,BLACKROCK ETF TRUST,47183,47183,3.21M,3.21M,NEW,<.01%
92189H805,REMX,VANECK ETF TRUST,36212,36212,3.2M,3.2M,NEW,<.01%
284902509,EGO,ELDORADO GOLD CORP NEW,353413,102333,10.99M,3.18M,+40.8%,<.01%
12529R107,CCCC,C4 THERAPEUTICS INC,1740989,680658,8.13M,3.18M,+64.2%,<.01%
833034101,SNA,SNAP ON INC,19570,7866,7.87M,3.17M,+67.2%,<.01%
G71382108,PLUN,PLUTONIAN ACQUISITION CORP I,318000,318000,3.16M,3.16M,NEW,<.01%
12468P104,AI,C3 AI INC,601630,347817,5.47M,3.16M,+137%,<.01%
339750101,FND,FLOOR & DECOR HLDGS INC,60744,53144,3.61M,3.15M,+699.3%,<.01%
G0457F107,ARCO,ARCOS DORADOS HLDGS INC,489750,384983,3.95M,3.1M,+367.5%,<.01%
697900108,PAAS,PAN AMERN SILVER CORP,378633,69236,16.96M,3.1M,+22.4%,0.01%
78467Y107,MDY,STATE STR SPDR S&P MIDCAP 40,4370,4370,3.07M,3.07M,NEW,<.01%
595017302,MCHPP,MICROCHIP TECHNOLOGY INC.,40000,40000,3.07M,3.07M,NEW,<.01%
50186V102,LPL,LG DISPLAY CO LTD,1642836,787072,6.39M,3.06M,+92%,<.01%
68236H204,ONDS,ONDAS INC,455200,369688,3.75M,3.05M,+432.3%,<.01%
156944100,CGON,CG ONCOLOGY INC,89417,42807,6.35M,3.04M,+91.8%,<.01%
861896108,SNEX,STONEX GROUP INC,113288,25502,13.42M,3.02M,+29.1%,<.01%
464287796,IYE,ISHARES TR,53335,53335,3.02M,3.02M,NEW,<.01%
G3303U112,AAC-UN,ARES ACQUISITION CORP III,300000,300000,3.02M,3.02M,NEW,<.01%
G42706104,HG,HAMILTON INSURANCE GROUP LTD,108699,88334,3.69M,3M,+433.8%,<.01%
G9834D107,XFLH,XFLH CAP CORP,299955,299955,2.99M,2.99M,NEW,<.01%
G7341A103,PAAC,PROEM ACQUISITION CORP I,300860,300860,2.99M,2.99M,NEW,<.01%
576853105,MTRX,MATRIX SVC CO,287612,218071,3.94M,2.99M,+313.6%,<.01%
14070B309,CAPR,CAPRICOR THERAPEUTICS INC,123746,123746,2.98M,2.98M,NEW,<.01%
48666K109,KBH,KB HOME,653334,47552,40.89M,2.98M,+7.8%,0.03%
904311206,UA,UNDER ARMOUR INC,3316903,478186,20.63M,2.97M,+16.8%,0.01%
92337R101,VERA,VERA THERAPEUTICS INC,74509,69009,3.2M,2.96M,+1254.7%,<.01%
30040W108,ES,EVERSOURCE ENERGY,127024,40915,9.18M,2.96M,+47.5%,<.01%
14888U101,CPRX,CATALYST PHARMACEUTICALS INC,134531,93989,4.23M,2.95M,+231.8%,<.01%
505336107,LZB,LA Z BOY INC,515534,73523,20.68M,2.95M,+16.6%,0.01%
44930G107,ICUI,ICU MED INC,20076,20076,2.94M,2.94M,NEW,<.01%
F92124100,TTE,TOTALENERGIES SE,44738,37809,3.48M,2.94M,+545.7%,<.01%
427866108,HSY,HERSHEY CO,53263,16740,9.34M,2.94M,+45.8%,<.01%
316092402,FENY,FIDELITY COVINGTON TRUST,99033,99033,2.93M,2.93M,NEW,<.01%
87918AAF2,TDOC,TELADOC HEALTH INC,149917000,3000000,146.11M,2.92M,+2%,0.09%
671044105,OSIS,OSI SYSTEMS INC,20599,13314,4.51M,2.91M,+182.8%,<.01%
09290C806,THRO,BLACKROCK ETF TRUST,67480,67480,2.91M,2.91M,NEW,<.01%
14020V108,CGUS,CAPITAL GROUP CORE EQUITY ET,64312,64312,2.86M,2.86M,NEW,<.01%
92204A884,VOX,VANGUARD WORLD FD,18260,15542,3.36M,2.86M,+571.8%,<.01%
38046C109,GOGO,GOGO INC,1690178,920616,5.24M,2.85M,+119.6%,<.01%
37954Y855,LIT,GLOBAL X FDS,36381,36381,2.85M,2.85M,NEW,<.01%
071705107,BLCO,BAUSCH PLUS LOMB CORP,3323021,171854,55.03M,2.85M,+5.5%,0.03%
G62980100,MCAH,MOUNTAIN CREST ACQUISITION 6,285000,285000,2.83M,2.83M,NEW,<.01%
68404L201,OPCH,OPTION CARE HEALTH INC,284168,133604,5.96M,2.8M,+88.7%,<.01%
G1R59W101,BHAV,BHAV ACQUISITION CORP,279264,279264,2.78M,2.78M,NEW,<.01%
950810101,WSBC,WESBANCO INC,70640,70640,2.76M,2.76M,NEW,<.01%
399473206,GRPN,GROUPON INC,725002,114404,17.44M,2.75M,+18.7%,0.01%
29786AAN6,ETSY,ETSY INC,98853000,3000000,90.36M,2.74M,+3.1%,0.06%
628778102,NBTB,NBT BANCORP INC,70736,55117,3.49M,2.72M,+352.9%,<.01%
78463X541,GNR,SPDR INDEX SHS FDS,40272,40272,2.71M,2.71M,NEW,<.01%
59064R109,MLAB,MESA LABS INC,81755,27197,8.14M,2.71M,+49.8%,<.01%
28852N109,EFC,ELLINGTON FINANCIAL INC,735331,197821,10.01M,2.69M,+36.8%,<.01%
G27907107,DOLE,DOLE PLC,707729,195945,9.71M,2.69M,+38.3%,<.01%
65339F663,NEEPRS,NEXTERA ENERGY INC,2131000,50000,114.09M,2.68M,+2.4%,0.07%
680277100,OSBC,OLD SECOND BANCORP INC DEL,114326,114326,2.67M,2.67M,NEW,<.01%
879273209,TEO,TELECOM ARGENTINA SA,484488,204991,6.3M,2.66M,+73.3%,<.01%
33733E807,FCG,FIRST TR EXCHANGE-TRADED FD,115191,99858,3.07M,2.66M,+651.3%,<.01%
090168105,BLLN,BILLIONTOONE INC,25981,22119,3.12M,2.65M,+572.7%,<.01%
558868105,MDGL,MADRIGAL PHARMACEUTICALS INC,35071,4932,18.83M,2.65M,+16.4%,0.01%
02319V103,ABEV,AMBEV SA,6151660,841290,19.32M,2.64M,+15.8%,0.01%
700517105,PK,PARK HOTELS & RESORTS INC,324164,185330,4.62M,2.64M,+133.5%,<.01%
G7310E102,QADR,QDRO ACQUISITION CORP,266001,266001,2.64M,2.64M,NEW,<.01%
25382K100,DMRC,DIGIMARC CORP,320204,320204,2.63M,2.63M,NEW,<.01%
464287309,IVW,ISHARES TR,19116,19116,2.63M,2.63M,NEW,<.01%
533714101,LCLN,LINCOLN INTL INC,110000,110000,2.63M,2.63M,NEW,<.01%
05366Y201,AVNW,AVIAT NETWORKS INC,244400,117936,5.43M,2.62M,+93.3%,<.01%
023939101,AMTM,AMENTUM HOLDINGS INC,191488,125317,3.96M,2.59M,+189.4%,<.01%
337185102,TRAX,FIRST TRACKS BIOTHERAPEUTICS,128130,128130,2.58M,2.58M,NEW,<.01%
61225M102,GLUE,MONTE ROSA THERAPEUTICS INC,172053,105726,4.16M,2.56M,+159.4%,<.01%
819047101,SHAK,SHAKE SHACK INC,51328,45652,2.88M,2.56M,+804.3%,<.01%
G4569C101,HVMC,HIGHVIEW MERGER CORP,250000,250000,2.54M,2.54M,NEW,<.01%
14020G101,CGGR,CAPITAL GROUP GROWTH ETF,53698,53698,2.53M,2.53M,NEW,<.01%
062540109,BOH,BANK HAWAII CORP,43293,31062,3.53M,2.53M,+254%,<.01%
609839105,MPWR,MONOLITHIC PWR SYS INC,3035,1818,4.2M,2.51M,+149.4%,<.01%
G3645W123,FXACU,FORTUNEX ACQUISITION CORP,250000,250000,2.51M,2.51M,NEW,<.01%
79546E104,SBH,SALLY BEAUTY HLDGS INC,2933962,177411,41.49M,2.51M,+6.4%,0.03%
00835T107,AVEX,AEVEX CORP,120000,120000,2.51M,2.51M,NEW,<.01%
464287697,IDU,ISHARES TR,21826,21826,2.5M,2.5M,NEW,<.01%
G8303R100,TMTS,SPARTACUS ACQUISITION CORP I,250000,250000,2.5M,2.5M,NEW,<.01%
443320106,HUBG,HUB GROUP INC,197135,57009,8.63M,2.5M,+40.7%,<.01%
G3398L118,FIHL,PELAGOS INS CAP LTD,138027,102464,3.36M,2.49M,+288.1%,<.01%
88146M101,TRNO,TERRENO RLTY CORP,38506,38506,2.49M,2.49M,NEW,<.01%
860897107,SFIX,STITCH FIX INC,913623,606795,3.75M,2.49M,+197.8%,<.01%
26923G806,UTES,ETFIS SER TR I,30426,30426,2.49M,2.49M,NEW,<.01%
G9600F104,VGNT,VERSIGENT PLC,59196,59196,2.49M,2.49M,NEW,<.01%
G0113G101,ACGC,ACP HOLDINGS ACQUISITION COR,250000,250000,2.48M,2.48M,NEW,<.01%
595017AF1,MCHP,MICROCHIP TECHNOLOGY INC.,10182000,907000,27.89M,2.48M,+9.8%,0.02%
30041R108,EVER,EVERQUOTE INC,220610,104401,5.25M,2.48M,+89.8%,<.01%
805111101,SVRA,SAVARA INC,2514998,403116,15.49M,2.48M,+19.1%,<.01%
58450V104,MAX,MEDIAALPHA INC,535926,193868,6.74M,2.44M,+56.7%,<.01%
92343V104,VZ,VERIZON COMMUNICATIONS INC,103296,57299,4.37M,2.43M,+124.6%,<.01%
878972108,TECX,TECTONIC THERAPEUTIC INC,186550,70430,6.41M,2.42M,+60.7%,<.01%
890516107,TR,TOOTSIE ROLL INDS INC,90957,60978,3.6M,2.41M,+203.4%,<.01%
46137V134,PBW,INVESCO EXCHANGE TRADED FD T,151907,61302,5.93M,2.39M,+67.7%,<.01%
315616102,FFIV,F5 INC,7674,5748,3.19M,2.39M,+298.4%,<.01%
89679M104,TFPM,TRIPLE FLAG PRECIOUS METAL,122568,79768,3.67M,2.39M,+186.4%,<.01%
520776105,DSGR,DISTRIBUTION SOLUTIONS GRP I,146969,87153,4.02M,2.38M,+145.7%,<.01%
419870100,HE,HAWAIIAN ELEC INDS INC MTN B,285593,175737,3.86M,2.38M,+160%,<.01%
62886E108,VYX,NCR VOYIX CORPORATION,569845,290794,4.66M,2.38M,+104.2%,<.01%
253651202,DBD,DIEBOLD NIXDORF INC,183782,27882,15.63M,2.37M,+17.9%,<.01%
825690100,SSTK,SHUTTERSTOCK INC,168933,168933,2.36M,2.36M,NEW,<.01%
384747101,GRAL,GRAIL INC,116102,34496,7.93M,2.36M,+42.3%,<.01%
74319N100,ACDC,PROFRAC HLDG CORP,1567698,404781,9.11M,2.35M,+34.8%,<.01%
86722A103,SXC,SUNCOKE ENERGY INC,954649,292117,7.68M,2.35M,+44.1%,<.01%
45827U109,INTA,INTAPP INC,956337,93266,24.11M,2.35M,+10.8%,0.01%
465741106,ITRI,ITRON INC,64281,27149,5.56M,2.35M,+73.1%,<.01%
00773J202,SYRE,SPYRE THERAPEUTICS INC,26452,26452,2.35M,2.35M,NEW,<.01%
925815102,VICR,VICOR CORP,8144,6144,3.09M,2.33M,+307.2%,<.01%
806037107,SCSC,SCANSOURCE INC,73649,44246,3.84M,2.3M,+150.5%,<.01%
82900L102,SMPL,SIMPLY GOOD FOODS CO,549513,173284,7.3M,2.3M,+46.1%,<.01%
393657AM3,GBX,GREENBRIER COS INC,24652000,2000000,28.29M,2.3M,+8.8%,0.02%
69553P100,PD,PAGERDUTY INC,4222054,237559,40.74M,2.29M,+6%,0.03%
04035M102,ARHS,ARHAUS INC,2047414,271341,17.24M,2.28M,+15.3%,0.01%
85423L103,SARO,STANDARDAERO INC,75889,75889,2.27M,2.27M,NEW,<.01%
20848V105,CCSI,CONSENSUS CLOUD SOLUTIONS IN,319109,58481,12.17M,2.23M,+22.4%,<.01%
636180101,NFG,NATIONAL FUEL GAS CO,28804,28804,2.22M,2.22M,NEW,<.01%
886364801,SPUS,TIDAL TRUST I,38629,38629,2.22M,2.22M,NEW,<.01%
45258D105,IMCR,IMMUNOCORE HLDGS PLC,405116,69925,12.86M,2.22M,+20.9%,<.01%
78464A797,KBE,SPDR SERIES TRUST,32497,32497,2.22M,2.22M,NEW,<.01%
69932A204,PSKY,PARAMOUNT SKYDANCE CORP,223980,223980,2.21M,2.21M,NEW,<.01%
500255104,KSS,KOHLS CORP,124198,124198,2.2M,2.2M,NEW,<.01%
81768T108,SFBS,SERVISFIRST BANCSHARES INC,203011,25319,17.61M,2.2M,+14.2%,0.01%
739276103,POWI,POWER INTEGRATIONS INC,25900,25900,2.17M,2.17M,NEW,<.01%
N3168P101,FER,FERROVIAL NV,31496,31496,2.16M,2.16M,NEW,<.01%
N90064101,QURE,UNIQURE NV,207629,46915,9.56M,2.16M,+29.2%,<.01%
456941103,INR,INFINITY NAT RES INC,169936,169936,2.16M,2.16M,NEW,<.01%
36118L106,FUTU,FUTU HLDGS LTD,24695,23007,2.31M,2.16M,+1363%,<.01%
464286806,EWG,ISHARES INC,52117,52117,2.16M,2.16M,NEW,<.01%
34385P108,LAB,STANDARD BIOTOOLS INC,2818026,2618942,2.32M,2.15M,+1315.5%,<.01%
N72482156,QGEN,QIAGEN NV,74291,54894,2.9M,2.15M,+283%,<.01%
21676P103,CPS,COOPER-STANDARD HOLDINGS INC,507116,79337,13.72M,2.15M,+18.5%,<.01%
88076W103,TDC,TERADATA CORP DEL,94067,61935,3.26M,2.15M,+192.8%,<.01%
G33856108,GSM,FERROGLOBE PLC,871018,670558,2.77M,2.13M,+334.5%,<.01%
46591M109,JOYY,JOYY INC,93692,32304,6.18M,2.13M,+52.6%,<.01%
27005A105,EROK,EAGLEROCK LD LLC,100000,100000,2.12M,2.12M,NEW,<.01%
904708104,UNF,UNIFIRST CORP MASS,8034,8034,2.12M,2.12M,NEW,<.01%
740367404,PFBC,PREFERRED BK LOS ANGELES CA,40979,19941,4.35M,2.12M,+94.8%,<.01%
64111Q104,NTGR,NETGEAR INC,167833,90636,3.92M,2.12M,+117.4%,<.01%
457985208,IART,INTEGRA LIFESCIENCES HLDGS C,507252,117753,9.11M,2.11M,+30.2%,<.01%
006739106,ADUS,ADDUS HOMECARE CORP,29084,20870,2.92M,2.1M,+254.1%,<.01%
31609A305,FELG,FIDELITY COVINGTON TRUST,47880,47880,2.09M,2.09M,NEW,<.01%
82889N772,PINK,SIMPLIFY EXCHANGE TRADED FUN,53284,53284,2.09M,2.09M,NEW,<.01%
830830105,SKY,CHAMPION HOMES INC,23672,23672,2.09M,2.09M,NEW,<.01%
00436Q106,ACEL,ACCEL ENTERTAINMENT INC,377387,165035,4.76M,2.08M,+77.7%,<.01%
G3865B114,GIX,GIGCAPITAL9 CORP,759000,209000,7.55M,2.08M,+38%,<.01%
92766K403,SPCE,VIRGIN GALACTIC HOLDINGS INC,741690,718895,2.14M,2.08M,+3153.7%,<.01%
12662P108,CVI,CVR ENERGY INC,300465,75169,8.27M,2.07M,+33.4%,<.01%
824596100,SHG,SHINHAN FINANCIAL GROUP CO L,51260,32716,3.24M,2.07M,+176.4%,<.01%
464287663,IUSV,ISHARES TR,18693,18693,2.06M,2.06M,NEW,<.01%
984017103,XHR,XENIA HOTELS & RESORTS INC,304316,101106,6.2M,2.06M,+49.8%,<.01%
55405W104,MYRG,MYR GROUP INC,10728,4111,5.37M,2.06M,+62.1%,<.01%
24477V105,DFTX,DEFINIUM THERAPEUTICS INC,315410,43693,14.84M,2.06M,+16.1%,<.01%
90353W103,UI,UBIQUITI INC,4410,3842,2.36M,2.05M,+676.4%,<.01%
290876101,EMA,EMERA INC,143041,38718,7.58M,2.05M,+37.1%,<.01%
530909100,LLYVA,LIBERTY LIVE HOLDINGS INC,1038607,20217,105.17M,2.05M,+2%,0.06%
064058100,BK,BANK OF NY MELLON CORP,53560,14156,7.75M,2.05M,+35.9%,<.01%
G4863A108,BRSL,BRIGHTSTAR LOTTERY PLC,477560,190881,5.12M,2.05M,+66.6%,<.01%
76156B107,RVLV,REVOLVE GROUP INC,512193,88922,11.72M,2.04M,+21%,<.01%
98311A105,WH,WYNDHAM HOTELS & RESORTS INC,33166,24113,2.79M,2.03M,+266.4%,<.01%
420201105,HAWK,HAWKEYE 360 INC,100000,100000,2.02M,2.02M,NEW,<.01%
126408103,CSX,CSX CORP,340564,42332,16.19M,2.01M,+14.2%,0.01%
G4690M101,IBEX,IBEX LTD,121842,66167,3.7M,2.01M,+118.8%,<.01%
68235P108,OGS,ONE GAS INC,280660,25991,21.63M,2M,+10.2%,0.01%
G53157106,KPET,KPET ULTRA PACELINE CORP,200000,200000,2M,2M,NEW,<.01%
042315705,ARR,ARMOUR RESIDENTIAL REIT INC,2199628,114099,38.38M,1.99M,+5.5%,0.02%
221015100,CRVS,CORVUS PHARMACEUTICALS INC,133177,133177,1.99M,1.99M,NEW,<.01%
928298AR9,VSH,VISHAY INTERTECHNOLOGY INC,26309000,1000000,52.3M,1.99M,+4%,0.03%
03769M106,APO,APOLLO GLOBAL MGMT INC,351799,16753,41.62M,1.98M,+5%,0.03%
92206C714,VONV,VANGUARD SCOTTSDALE FDS,18574,18574,1.97M,1.97M,NEW,<.01%
911363109,URI,UNITED RENTALS INC,4141,1741,4.69M,1.97M,+72.5%,<.01%
92189F700,MOO,VANECK ETF TRUST,24780,24780,1.96M,1.96M,NEW,<.01%
136385101,CNQ,CANADIAN NAT RES LTD MED TER,451879,49269,17.85M,1.95M,+12.2%,0.01%
51509F105,LE,LANDS END INC NEW,248700,184111,2.61M,1.93M,+285.1%,<.01%
440452100,HRL,HORMEL FOODS CORP,492214,77211,12.22M,1.92M,+18.6%,<.01%
81282V100,PRKS,UNITED PARKS & RESORTS INC,40014,40014,1.91M,1.91M,NEW,<.01%
91733P107,USAR,USA RARE EARTH INC,200694,88491,4.33M,1.91M,+78.9%,<.01%
201723103,CMC,COMMERCIAL METALS CO,182960,30359,11.48M,1.91M,+19.9%,<.01%
49446R109,KIM,KIMCO REALTY CORP,155600,74896,3.94M,1.9M,+92.8%,<.01%
74587B101,PLSE,PULSE BIOSCIENCES INC,81818,68092,2.27M,1.89M,+496.1%,<.01%
16935C109,CHYM,CHIME FINL INC,199387,91904,4.08M,1.88M,+85.5%,<.01%
43114Q105,HPK,HIGHPEAK ENERGY INC,1011449,268791,7.07M,1.88M,+36.2%,<.01%
89532M101,TRVI,TREVI THERAPEUTICS INC,281996,100652,5.26M,1.88M,+55.5%,<.01%
30069T101,EE,EXCELERATE ENERGY INC,392792,49301,14.92M,1.87M,+14.4%,<.01%
03784Y200,APLE,APPLE HOSPITALITY REIT INC,233022,111388,3.92M,1.87M,+91.6%,<.01%
641288105,NPCE,NEUROPACE INC,161081,117456,2.56M,1.87M,+269.2%,<.01%
37960A669,SDIV,GLOBAL X FDS,75899,75899,1.85M,1.85M,NEW,<.01%
29270J100,ERII,ENERGY RECOVERY INC,218707,204807,1.97M,1.85M,+1473.4%,<.01%
855919106,STRZ,STARZ ENTERTAINMENT CORP.,166255,63963,4.8M,1.85M,+62.5%,<.01%
42226A107,HQY,HEALTHEQUITY INC,20431,20431,1.85M,1.85M,NEW,<.01%
17306X102,CTRN,CITI TRENDS INC,96382,31780,5.57M,1.84M,+49.2%,<.01%
G1051H101,TACO,BERTO ACQUISITION CORP,534490,175000,5.61M,1.84M,+48.7%,<.01%
432748101,HTH,HILLTOP HLDGS INC,47235,47235,1.83M,1.83M,NEW,<.01%
23285D109,CTKB,CYTEK BIOSCIENCES INC,669182,409057,2.96M,1.81M,+157.3%,<.01%
49926D109,KN,KNOWLES CORP,118907,43498,4.93M,1.8M,+57.7%,<.01%
03237H101,AMLX,AMYLYX PHARMACEUTICALS INC,174285,100055,3.13M,1.8M,+134.8%,<.01%
316092865,FUTY,FIDELITY COVINGTON TRUST,30637,30637,1.79M,1.79M,NEW,<.01%
706915105,PENG,PENGUIN SOLUTIONS INC,256454,23543,19.49M,1.79M,+10.1%,0.01%
216648501,COO,COOPER COS INC,24895,24895,1.79M,1.79M,NEW,<.01%
654484609,NB,NIOCORP DEVS LTD,595102,368586,2.87M,1.78M,+162.7%,<.01%
29355X107,NPO,ENPRO INC,19806,4697,7.47M,1.77M,+31.1%,<.01%
82728C102,SVCO,SILVACO GROUP INC,127858,127858,1.76M,1.76M,NEW,<.01%
53656F623,INFL,LISTED FDS TR,35168,35168,1.75M,1.75M,NEW,<.01%
962166104,WY,WEYERHAEUSER CO,236624,73231,5.66M,1.75M,+44.8%,<.01%
09624H208,BXC,BLUELINX HLDGS INC,28264,28264,1.75M,1.75M,NEW,<.01%
741511109,PSMT,PRICESMART INC,12964,8938,2.53M,1.75M,+222%,<.01%
G4388N106,HELE,HELEN OF TROY LTD,824267,59966,23.96M,1.74M,+7.8%,0.01%
390905107,GSBC,GREAT SOUTHN BANCORP INC,37642,22126,2.95M,1.73M,+142.6%,<.01%
L00849106,AGRO,ADECOAGRO S A,791417,181291,7.56M,1.73M,+29.7%,<.01%
35473P835,FLBR,FRANKLIN TEMPLETON ETF TR,80453,80453,1.72M,1.72M,NEW,<.01%
758075402,RWT,REDWOOD TRUST INC,522980,363192,2.48M,1.72M,+227.3%,<.01%
126600105,CVBF,CVB FINL CORP,1045588,76314,23.58M,1.72M,+7.9%,0.01%
74006W207,PRAX,PRAXIS PRECISION MEDICINES I,5140,5140,1.72M,1.72M,NEW,<.01%
G3265R107,APTV,APTIV PLC,59211,27841,3.63M,1.71M,+88.8%,<.01%
25434V815,DFSV,DIMENSIONAL ETF TRUST,43827,43827,1.7M,1.7M,NEW,<.01%
133131102,CPT,CAMDEN PPTY TR,62301,14844,7.13M,1.7M,+31.3%,<.01%
585464100,MLCO,MELCO RESORTS AND ENTMNT LTD,4501262,322032,23.72M,1.7M,+7.7%,0.01%
33733E500,QCLN,FIRST TR EXCHANGE-TRADED FD,47801,27443,2.93M,1.68M,+134.8%,<.01%
63945M107,NBBK,NB BANCORP INC,149931,79546,3.17M,1.68M,+113%,<.01%
49456W105,KLC,KINDERCARE LEARNING COMPANIE,1096024,394591,4.66M,1.68M,+56.3%,<.01%
811707801,SBCF,SEACOAST BKG CORP FLA,50372,50372,1.67M,1.67M,NEW,<.01%
29271Q103,ESOA,ENERGY SERVICES OF AMER CORP,238517,86600,4.61M,1.67M,+57%,<.01%
477143AR2,JBLU,JETBLUE AIRWAYS CORP,23376000,1500000,26.01M,1.67M,+6.9%,0.02%
135086106,GOOS,CANADA GOOSE HLDGS INC,1303791,175323,12.38M,1.67M,+15.5%,<.01%
75383L102,RAPP,RAPPORT THERAPEUTICS INC,214831,39382,8.95M,1.64M,+22.4%,<.01%
609207105,MDLZ,MONDELEZ INTL INC,28304,28304,1.64M,1.64M,NEW,<.01%
69344D408,PHI,PLDT INC,103633,93349,1.82M,1.64M,+907.7%,<.01%
15687V109,CERT,CERTARA INC,567685,249586,3.72M,1.63M,+78.5%,<.01%
015658107,ASTL,ALGOMA STL GROUP INC,670373,399829,2.72M,1.62M,+147.8%,<.01%
85208P402,SETM,SPROTT FDS TR,74338,52025,2.32M,1.62M,+233.2%,<.01%
36237H101,GIII,G III APPAREL GROUP LTD,742284,47626,25.02M,1.61M,+6.9%,0.02%
693656100,PVH,PVH CORPORATION,229866,21547,17.07M,1.6M,+10.3%,0.01%
25960P109,DEI,DOUGLAS EMMETT INC,189565,135208,2.24M,1.6M,+248.7%,<.01%
G9001E128,LILAK,LIBERTY LATIN AMERICA LTD,1168807,204618,9.11M,1.59M,+21.2%,<.01%
238337109,PLAY,DAVE & BUSTERS ENTMT INC,373429,139365,4.26M,1.59M,+59.5%,<.01%
46434V423,KSA,ISHARES TR,42217,42217,1.58M,1.58M,NEW,<.01%
177835105,CHCO,CITY HLDG CO,16955,11788,2.25M,1.56M,+228.1%,<.01%
041242108,ARKO,ARKO CORP,283585,194627,2.28M,1.56M,+218.8%,<.01%
53229X101,LFTO,LIFTOFF MOBILE INC,65000,65000,1.56M,1.56M,NEW,<.01%
81734D104,SEPN,SEPTERNA INC,46483,46483,1.56M,1.56M,NEW,<.01%
06777U200,BNED,BARNES & NOBLE ED INC,168042,123341,2.11M,1.55M,+275.9%,<.01%
124830878,CBL,CBL & ASSOC PPTYS INC,106386,29121,5.65M,1.55M,+37.7%,<.01%
46434G830,EWI,ISHARES INC,26076,26076,1.54M,1.54M,NEW,<.01%
98585C100,YSWY,YESWAY INC,76000,76000,1.54M,1.54M,NEW,<.01%
25432X102,DCOM,DIME COML BANCSHARES INC,82974,37564,3.37M,1.53M,+82.7%,<.01%
56117J100,MBUU,MALIBU BOATS INC,89764,55537,2.46M,1.52M,+162.3%,<.01%
12448X201,BYRN,BYRNA TECHNOLOGIES INC,226678,226678,1.52M,1.52M,NEW,<.01%
14448C104,CARR,CARRIER GLOBAL CORPORATION,1420931,20720,104.23M,1.52M,+1.5%,0.06%
21867A105,CLB,CORE LABORATORIES INC,248070,129644,2.89M,1.51M,+109.5%,<.01%
205306103,TBRG,TRUBRIDGE INC,113693,57583,2.98M,1.51M,+102.6%,<.01%
514952100,LB,LANDBRIDGE COMPANY LLC,19042,19042,1.51M,1.51M,NEW,<.01%
842873101,SFST,SOUTHERN FIRST BANCSHARES,40002,24660,2.44M,1.51M,+160.7%,<.01%
G8557R103,SUMA,SUMA ACQUISITION CORP,152531,152531,1.51M,1.51M,NEW,<.01%
44332N106,HTHT,H WORLD GROUP LTD,36068,36068,1.5M,1.5M,NEW,<.01%
L02235106,AMBP,ARDAGH METAL PACKAGING S A,446277,317322,2.12M,1.5M,+246.1%,<.01%
91688F104,UPWK,UPWORK INC,280751,179735,2.35M,1.5M,+177.9%,<.01%
G6700G107,NVT,NVENT ELEC PLC,66267,8844,11.24M,1.5M,+15.4%,<.01%
G6956D105,PECE,PEACE ACQUISITION CORP,151000,151000,1.5M,1.5M,NEW,<.01%
464287564,ICF,ISHARES TR,25499,22118,1.72M,1.5M,+654.2%,<.01%
399473AK3,GRPN,GROUPON INC,20574000,1500000,20.48M,1.49M,+7.9%,0.01%
981811102,WOR,WORTHINGTON ENTERPRISES INC,64563,27760,3.47M,1.49M,+75.4%,<.01%
91678A107,UPB,UPSTREAM BIO INC,1036044,215564,7.17M,1.49M,+26.3%,<.01%
86272C103,STRA,STRATEGIC ED INC,161008,19455,12.34M,1.49M,+13.7%,<.01%
03076K108,ABCB,AMERIS BANCORP,23899,16507,2.16M,1.49M,+223.3%,<.01%
46090E103,QQQ,INVESCO QQQ TR,2022,2022,1.49M,1.49M,NEW,<.01%
808541106,MATV,MATIV HOLDINGS INC,1521787,196454,11.52M,1.49M,+14.8%,<.01%
98887Q104,ZLAB,ZAI LAB LTD,141158,77915,2.68M,1.48M,+123.2%,<.01%
656811106,NOA,NORTH AMERN CONSTR GROUP LTD,382900,111300,5.09M,1.48M,+41%,<.01%
04523Y105,ASPN,ASPEN AEROGELS INC,1066501,232929,6.76M,1.48M,+27.9%,<.01%
75282U104,RNGR,RANGER ENERGY SVCS INC,184203,92159,2.95M,1.48M,+100.1%,<.01%
157210105,CEVA,CEVA INC,501648,31261,23.66M,1.47M,+6.6%,0.01%
342909108,FLOC,FLOWCO HLDGS INC,431188,69017,9.2M,1.47M,+19.1%,<.01%
00676P107,ADEA,ADEIA INC,44344,44344,1.46M,1.46M,NEW,<.01%
691497309,OXM,OXFORD INDS INC,88655,41850,3.09M,1.46M,+89.4%,<.01%
316092113,FELC,FIDELITY COVINGTON TRUST,34816,34816,1.46M,1.46M,NEW,<.01%
985817105,YELP,YELP INC,188652,59402,4.63M,1.46M,+46%,<.01%
46438G570,TOPT,ISHARES TR,44091,44091,1.45M,1.45M,NEW,<.01%
00039J509,FWD,AB ACTIVE ETFS INC,11989,9762,1.78M,1.45M,+438.3%,<.01%
50187T106,LGIH,LGI HOMES INC,32384,22594,2.06M,1.44M,+230.8%,<.01%
68621F102,ORGO,ORGANOGENESIS HLDGS INC,2888313,590339,7.02M,1.43M,+25.7%,<.01%
464287374,IGE,ISHARES TR,25353,25353,1.42M,1.42M,NEW,<.01%
538034109,LYV,LIVE NATION ENTERTAINMENT IN,23076,7758,4.23M,1.42M,+50.6%,<.01%
05961W105,BMA,BANCO MACRO S A,15341,15341,1.42M,1.42M,NEW,<.01%
257701201,DGICA,DONEGAL GROUP INC,75242,75242,1.42M,1.42M,NEW,<.01%
G36738105,FDP,DEL MONTE CORP,57399,50714,1.6M,1.42M,+758.6%,<.01%
65339F101,NEE,NEXTERA ENERGY INC,124351,15998,10.91M,1.4M,+14.8%,<.01%
918090101,UTZ,UTZ BRANDS INC,1480902,181482,11.4M,1.4M,+14%,<.01%
46429B309,EIDO,ISHARES TR,122947,122947,1.39M,1.39M,NEW,<.01%
693483109,PKX,POSCO HOLDINGS INC,58564,27053,3.01M,1.39M,+85.9%,<.01%
G6071J102,MEVO,M EVO GBL ACQUISITION CORP I,508930,140000,5.05M,1.39M,+37.9%,<.01%
203937107,CWBC,COMMUNITY WEST BANCSHARES NE,51345,51345,1.38M,1.38M,NEW,<.01%
46429B606,EPOL,ISHARES TR,35711,35711,1.38M,1.38M,NEW,<.01%
14575E105,CARS,CARS COM INC,473556,125881,5.18M,1.38M,+36.2%,<.01%
09352U108,BLND,BLEND LABS INC,1426216,805184,2.44M,1.38M,+129.7%,<.01%
094235108,BLMN,BLOOMIN BRANDS INC,758886,150559,6.94M,1.38M,+24.7%,<.01%
881624209,TEVA,TEVA PHARMACEUTICAL INDS LTD,180647,40574,6.12M,1.37M,+29%,<.01%
35952H700,FCEL,FUELCELL ENERGY INC,38127,38127,1.37M,1.37M,NEW,<.01%
81663L200,WGS,GENEDX HOLDINGS CORP,38877,19974,2.67M,1.37M,+105.7%,<.01%
268603107,LOCO,EL POLLO LOCO HLDGS INC,287556,80715,4.88M,1.37M,+39%,<.01%
G98239109,XP,XP INC,189138,83606,3.08M,1.36M,+79.2%,<.01%
46134L105,ISTR,INVESTAR HOLDING CORP,45300,45300,1.36M,1.36M,NEW,<.01%
33733E203,FBT,FIRST TR EXCHANGE-TRADED FD,11277,5466,2.8M,1.35M,+94.1%,<.01%
887399103,MTUS,METALLUS INC,141258,72260,2.64M,1.35M,+104.7%,<.01%
21900C308,CRMD,CORMEDIX INC,171807,171807,1.35M,1.35M,NEW,<.01%
03212B103,AMPY,AMPLIFY ENERGY CORP NEW,660670,338641,2.63M,1.35M,+105.2%,<.01%
G38327105,GPRK,GEOPARK LTD,520014,147819,4.73M,1.35M,+39.7%,<.01%
M6372Q113,KRNT,KORNIT DIGITAL LTD,988066,82603,16.06M,1.34M,+9.1%,<.01%
142152107,CAI,CARIS LIFE SCIENCES INC,204818,75241,3.65M,1.34M,+58.1%,<.01%
06652V208,BANR,BANNER CORP,210756,20165,14M,1.34M,+10.6%,<.01%
22948Q101,CTO,CTO RLTY GROWTH INC NEW,87024,62284,1.87M,1.34M,+251.8%,<.01%
26818M108,DYN,DYNE THERAPEUTICS INC,60161,60161,1.34M,1.34M,NEW,<.01%
316092873,FCOM,FIDELITY COVINGTON TRUST,22773,19118,1.58M,1.33M,+523.1%,<.01%
G0R38M101,AACI,ARMADA ACQUISITION CORP III,133072,133072,1.32M,1.32M,NEW,<.01%
85256A109,STGW,STAGWELL INC,178104,178104,1.32M,1.32M,NEW,<.01%
370334104,GIS,GENERAL MILLS INC,37982,37982,1.32M,1.32M,NEW,<.01%
45579U109,INDV,INDIVIOR PHARMACEUTICALS INC,236034,32049,9.68M,1.31M,+15.7%,<.01%
681919106,OMC,OMNICOM GROUP INC,298083,18048,21.71M,1.31M,+6.4%,0.01%
103002101,BWMN,BOWMAN CONSULTING GROUP LTD,66686,44977,1.95M,1.31M,+207.2%,<.01%
G77676107,SAC,SAFEGUARD ACQUISITION CORP,834119,130400,8.39M,1.31M,+18.5%,<.01%
30257X104,FBK,FB FINL CORP,75488,23618,4.18M,1.31M,+45.5%,<.01%
336917109,FDL,FIRST TR EXCHANGE-TRADED FD,42538,26846,2.07M,1.31M,+171.1%,<.01%
117043109,BC,BRUNSWICK CORP,24638,15418,2.08M,1.3M,+167.2%,<.01%
466367109,JACK,JACK IN THE BOX INC,151978,82078,2.4M,1.3M,+117.4%,<.01%
59356Q108,MIAX,MIAMI INTL HLDGS INC,355528,34766,13.21M,1.29M,+10.8%,<.01%
34965K107,FTRE,FORTREA HLDGS INC,127123,74093,2.21M,1.29M,+139.7%,<.01%
98956P102,ZBH,ZIMMER BIOMET HOLDINGS INC,24120,14974,2.08M,1.29M,+163.7%,<.01%
302130109,EXPD,EXPEDITORS INTL WASH INC,992983,7884,161.84M,1.28M,+0.8%,0.1%
320209109,FFBC,1ST FINL BANCORP,45653,37915,1.54M,1.28M,+490%,<.01%
29364G103,ETR,ENTERGY CORP NEW,15837,11130,1.82M,1.28M,+236.5%,<.01%
316092808,FTEC,FIDELITY COVINGTON TRUST,4438,4438,1.27M,1.27M,NEW,<.01%
29667J101,ESQ,ESQUIRE FINL HLDGS INC,10640,10640,1.27M,1.27M,NEW,<.01%
29765A101,LIFE,ETHOS TECHNOLOGIES INC,99814,69814,1.81M,1.27M,+232.7%,<.01%
78573M104,SABR,SABRE CORP,899500,605000,1.88M,1.26M,+205.4%,<.01%
025072877,AVUV,AMERICAN CENTY ETF TR,10121,10121,1.26M,1.26M,NEW,<.01%
G3852D107,GSHR,GESHER ACQUISITION CORP. II,430565,120000,4.5M,1.25M,+38.6%,<.01%
15678C102,CBLL,CERIBELL INC,149042,64321,2.9M,1.25M,+75.9%,<.01%
760281204,RBCAA,REPUBLIC BANCORP INC KY,13830,13830,1.25M,1.25M,NEW,<.01%
92189H664,SMHX,VANECK ETF TRUST,19479,19479,1.24M,1.24M,NEW,<.01%
46435G342,REM,ISHARES TR,56312,56312,1.24M,1.24M,NEW,<.01%
74935Q107,RBA,RB GLOBAL INC,10608,10608,1.24M,1.24M,NEW,<.01%
37611X209,DNA,GINKGO BIOWORKS HOLDINGS INC,151356,124187,1.5M,1.23M,+457.1%,<.01%
G23773107,CWCO,CONSOLIDATED WATER CO INC,61696,41713,1.82M,1.23M,+208.7%,<.01%
46434V621,DGRO,ISHARES TR,16116,16116,1.22M,1.22M,NEW,<.01%
80007P869,SD,SANDRIDGE ENERGY INC,149924,88704,2.05M,1.22M,+144.9%,<.01%
25659T107,DLB,DOLBY LABORATORIES INC,415005,23039,21.82M,1.21M,+5.9%,0.01%
008252108,AMG,AFFILIATED MANAGERS GROUP,42839,3578,14.5M,1.21M,+9.1%,<.01%
464289131,EWZS,ISHARES TR,123440,91587,1.6M,1.19M,+287.5%,<.01%
09239B109,BL,BLACKLINE INC,58863,42338,1.65M,1.19M,+256.2%,<.01%
030420103,AWK,AMERICAN WTR WKS CO INC NEW,69976,8976,9.21M,1.18M,+14.7%,<.01%
46429B663,HDV,ISHARES TR,42920,42920,1.18M,1.18M,NEW,<.01%
709789101,PEBO,PEOPLES BANCORP INC,30570,30570,1.17M,1.17M,NEW,<.01%
G9001E102,LILA,LIBERTY LATIN AMERICA LTD,803757,149151,6.3M,1.17M,+22.8%,<.01%
021513106,ALTO,ALTO INGREDIENTS INC,205145,205145,1.17M,1.17M,NEW,<.01%
397624107,GEF,GREIF INC,15670,15670,1.17M,1.17M,NEW,<.01%
229899109,CFR,CULLEN FROST BANKERS INC,216054,7545,33.38M,1.17M,+3.6%,0.02%
G4977S102,ITHA,ITHAX ACQUISITION CORP III,689644,116000,6.88M,1.16M,+20.2%,<.01%
76680R206,RNG,RINGCENTRAL INC,29663,29663,1.16M,1.16M,NEW,<.01%
18539C204,CWEN,CLEARWAY ENERGY INC,740263,33631,25.3M,1.15M,+4.8%,0.02%
03879J100,ABUS,ARBUTUS BIOPHARMA CORP,381863,238662,1.83M,1.15M,+166.7%,<.01%
008064206,JBIO,JADE BIOSCIENCES INC,51494,51494,1.14M,1.14M,NEW,<.01%
01438T106,ALDX,ALDEYRA THERAPEUTICS INC,1940338,536348,4.13M,1.14M,+38.2%,<.01%
921932505,VOOG,VANGUARD ADMIRAL FDS INC,13821,13821,1.14M,1.14M,NEW,<.01%
G17434104,BNT,BROOKFIELD WEALTH SOL LTD,26598,26598,1.13M,1.13M,NEW,<.01%
D18190898,DB,DEUTSCHE BK AG,33532,33532,1.13M,1.13M,NEW,<.01%
137404109,CADL,CANDEL THERAPEUTICS INC,108933,108933,1.12M,1.12M,NEW,<.01%
843380106,SMBC,SOUTHERN MO BANCORP INC,40310,14692,3.07M,1.12M,+57.4%,<.01%
373865104,GABC,GERMAN AMERN BANCORP INC,44214,23533,2.1M,1.12M,+113.8%,<.01%
521865204,LEA,LEAR CORP,8282,8282,1.11M,1.11M,NEW,<.01%
783859101,STBA,S & T BANCORP INC,56748,22598,2.79M,1.11M,+66.2%,<.01%
319383204,BUSE,FIRST BUSEY CORP,116738,37493,3.44M,1.11M,+47.3%,<.01%
46138E370,SPHB,INVESCO EXCH TRADED FD TR II,9259,7091,1.44M,1.1M,+327.1%,<.01%
464287168,DVY,ISHARES TR,7043,7043,1.1M,1.1M,NEW,<.01%
511656100,LKFN,LAKELAND FINL CORP,122938,17750,7.59M,1.1M,+16.9%,<.01%
98422X101,XPOF,XPONENTIAL FITNESS INC,1954304,158182,13.52M,1.09M,+8.8%,<.01%
900450206,TBCH,TURTLE BEACH CORP,278647,87851,3.47M,1.09M,+46%,<.01%
674482203,OBE,OBSIDIAN ENERGY LTD,1137100,131300,9.3M,1.07M,+13.1%,<.01%
831349105,SLDE,SLIDE INS HLDGS INC,55232,55232,1.07M,1.07M,NEW,<.01%
09077V100,BIOA,BIOAGE LABS INC,742761,43571,18.21M,1.07M,+6.2%,0.01%
516544103,LNTH,LANTHEUS HLDGS INC,9615,9615,1.07M,1.07M,NEW,<.01%
824889109,SCVL,SHOE STA GROUP INC,85220,71818,1.26M,1.07M,+535.9%,<.01%
09058V103,BCRX,BIOCRYST PHARMACEUTICALS INC,408529,106428,4.09M,1.06M,+35.2%,<.01%
56585A102,MPC,MARATHON PETE CORP,36535,4161,9.34M,1.06M,+12.9%,<.01%
982104101,WS,WORTHINGTON STL INC,31555,31555,1.06M,1.06M,NEW,<.01%
97717Y550,GDMN,WISDOMTREE TR,14569,14569,1.05M,1.05M,NEW,<.01%
00165C302,AMC,AMC ENTMT HLDGS INC,4760754,554823,9.05M,1.05M,+13.2%,<.01%
464288513,HYG,ISHARES TR,38159,13159,3.05M,1.05M,+52.6%,<.01%
464289842,EPU,ISHARES TR,15180,12580,1.27M,1.05M,+483.8%,<.01%
G3415K101,FERA,FIFTH ERA ACQUISITION CORP I,500102,99900,5.21M,1.04M,+25%,<.01%
763165107,RELL,RICHARDSON ELECTRS LTD,54336,54336,1.03M,1.03M,NEW,<.01%
464289420,IWX,ISHARES TR,9757,9757,1.03M,1.03M,NEW,<.01%
898402102,TRMK,TRUSTMARK CORP,30976,22150,1.43M,1.02M,+251%,<.01%
45254E107,IMRX,IMMUNEERING CORP,203663,203663,1.02M,1.02M,NEW,<.01%
464286327,SLVP,ISHARES INC,32972,32972,1.02M,1.02M,NEW,<.01%
86508F102,SUJA,SUJA LIFE INC,100000,100000,1.02M,1.02M,NEW,<.01%
913259107,UTL,UNITIL CORP,19268,19268,1.02M,1.02M,NEW,<.01%
15102K100,CELC,CELCUITY INC,30394,9674,3.18M,1.01M,+46.7%,<.01%
929033207,VOR,VOR BIOPHARMA INC,54671,54671,1.01M,1.01M,NEW,<.01%
83207R107,SDHC,SMITH DOUGLAS HOMES CORP,142986,64560,2.22M,1M,+82.3%,<.01%
869367201,STRO,SUTRO BIOPHARMA INC,30128,30128,1M,1M,NEW,<.01%
12326C105,BFST,BUSINESS FIRST BANCSHARES IN,66963,32529,2.06M,999.62K,+94.5%,<.01%
G5414D103,LFAC,LEAPFROG ACQUISITION CORP,245991,100000,2.46M,999.5K,+68.5%,<.01%
453838609,IBCP,INDEPENDENT BK CORP MICH,27699,27699,999.1K,999.1K,NEW,<.01%
G96629103,WTW,WILLIS TOWERS WATSON PLC LTD,3804,3804,994.25K,994.25K,NEW,<.01%
G3R25N108,LATA,GALATA ACQUISITION CORP II,98418,98418,994.02K,994.02K,NEW,<.01%
G01900102,ALOV,ALDABRA 4 LQDTY OPP VEH INC,100001,100001,994.01K,994.01K,NEW,<.01%
G470AU100,ILLU,ILLUMINATION ACQUISITIO CORP,100000,100000,990K,990K,NEW,<.01%
293389102,EBF,ENNIS INC,64306,46227,1.37M,982.32K,+255.7%,<.01%
064149107,BNS,BANK NOVA SCOTIA B C,157301,11294,13.66M,980.65K,+7.7%,<.01%
056525108,BMI,BADGER METER INC,42667,6597,6.33M,978.86K,+18.3%,<.01%
53224K302,LTBR,LIGHTBRIDGE CORP,166514,110998,1.46M,975.67K,+199.9%,<.01%
913290102,UNTY,UNITY BANCORP INC,16555,16555,971.61K,971.61K,NEW,<.01%
063425102,BMRC,BANK OF MARIN BANCORP,72691,35019,2.01M,970.03K,+93%,<.01%
87484T108,TALO,TALOS ENERGY INC,392325,75052,5.06M,968.92K,+23.7%,<.01%
57638P104,MBC,MASTERBRAND INC,315883,94043,3.25M,967.7K,+42.4%,<.01%
37954Y236,DTCR,GLOBAL X FDS,54910,31790,1.67M,965.46K,+137.5%,<.01%
82489W107,SHLS,SHOALS TECHNOLOGIES GROUP IN,142207,97357,1.41M,963.83K,+217.1%,<.01%
45258H106,IMMX,IMMIX BIOPHARMA INC,93106,93106,959.92K,959.92K,NEW,<.01%
69404D108,PACB,PACIFIC BIOSCIENCES CALIF IN,4208146,570599,7.07M,958.61K,+15.7%,<.01%
00751Y106,AAP,ADVANCE AUTO PARTS INC,66605,15360,4.14M,955.7K,+30%,<.01%
880890108,TX,TERNIUM SA,92707,22301,3.96M,952.25K,+31.7%,<.01%
92189F601,NLR,VANECK ETF TRUST,29838,8170,3.46M,947.56K,+37.7%,<.01%
70014A104,PKE,PARK AEROSPACE CORP,46281,24795,1.77M,946.18K,+115.4%,<.01%
23291C103,BOOM,DMC GLOBAL INC,278490,162496,1.62M,944.1K,+140.1%,<.01%
83422E204,SLDB,SOLID BIOSCIENCES INC,222789,94441,2.23M,943.47K,+73.6%,<.01%
989817101,ZUMZ,ZUMIEZ INC,149052,52997,2.65M,943.35K,+55.2%,<.01%
03969T109,ARCT,ARCTURUS THERAPEUTICS HLDGS,392358,140324,2.64M,942.98K,+55.7%,<.01%
42250P103,DOC,HEALTHPEAK PROPERTIES INC,44055,44055,942.78K,942.78K,NEW,<.01%
428040DE6,HTZRCZ,HERTZ CORP,18853198,2000000,8.86M,939.39K,+11.9%,<.01%
G66721104,NCLH,NORWEGIAN CRUISE LINE HLDGS,44400,44400,937.28K,937.28K,NEW,<.01%
92343E102,VRSN,VERISIGN INC,39260,3695,9.88M,929.51K,+10.4%,<.01%
92189H631,TRUT,VANECK ETF TRUST,28972,28972,909.51K,909.51K,NEW,<.01%
33767U107,FSUN,FIRSTSUN CAP BANCORP,23387,23387,906.95K,906.95K,NEW,<.01%
L1995B107,CAAP,CORPORACION AMER ARPTS S A,111221,35558,2.8M,895.35K,+47%,<.01%
87357P100,TCMD,TACTILE SYS TECHNOLOGY INC,183527,29912,5.47M,890.78K,+19.5%,<.01%
Y1771G102,CMRE,COSTAMARE INC,289252,63512,4.06M,890.44K,+28.1%,<.01%
14022A102,CGMM,CAPITAL GROUP EQUITY ETF TR,26684,26684,879.77K,879.77K,NEW,<.01%
92204A876,VPU,VANGUARD WORLD FD,4489,4489,878.63K,878.63K,NEW,<.01%
05945F103,BANF,BANCFIRST CORP,7901,7901,878.04K,878.04K,NEW,<.01%
88706T108,TIMB,TIM S A,142145,40946,3.04M,877.06K,+40.5%,<.01%
15118V207,CELH,CELSIUS HLDGS INC,76065,29848,2.23M,873.95K,+64.6%,<.01%
55277P104,MGEE,MGE ENERGY INC,10710,10710,873.29K,873.29K,NEW,<.01%
G7738W106,SFL,SFL CORPORATION LTD,85309,85309,870.15K,870.15K,NEW,<.01%
78440X887,SLG,SL GREEN RLTY CORP,16778,16778,868.6K,868.6K,NEW,<.01%
574599106,MAS,MASCO CORP,10674,10674,868.54K,868.54K,NEW,<.01%
46641Q225,BBCA,J P MORGAN EXCHANGE TRADED F,8690,8690,863.7K,863.7K,NEW,<.01%
879080109,TRC,TEJON RANCH CO,97953,45987,1.83M,859.96K,+88.5%,<.01%
483007704,KALU,KAISER ALUMINIUM CORPORATION,100368,4386,19.63M,858.03K,+4.6%,0.01%
87157D109,SYNA,SYNAPTICS INC,6903,6903,857.56K,857.56K,NEW,<.01%
78435P105,SEZL,SEZZLE INC,4994,4994,857.12K,857.12K,NEW,<.01%
G2851K104,DMII,DRUGS MADE IN AMER ACQ II CO,1475000,84900,14.84M,854.09K,+6.1%,<.01%
04271T100,ARRY,ARRAY TECHNOLOGIES INC,424092,114964,3.14M,851.88K,+37.2%,<.01%
589378108,MRCY,MERCURY SYS INC,61830,6926,7.56M,847.26K,+12.6%,<.01%
11133T103,BR,BROADRIDGE FINL SOLUTIONS IN,6179,6179,846.21K,846.21K,NEW,<.01%
464286632,EIS,ISHARES INC,16560,6943,2M,838.09K,+72.2%,<.01%
89214P109,TOWN,TOWNEBANK PORTSMOUTH VA,23083,23083,836.53K,836.53K,NEW,<.01%
Y62132108,NVGS,NAVIGATOR HLDGS LTD,106346,44774,1.98M,834.14K,+72.7%,<.01%
464287705,IJJ,ISHARES TR,5607,5607,828.32K,828.32K,NEW,<.01%
573284106,MLM,MARTIN MARIETTA MATLS INC,1430,1430,824.68K,824.68K,NEW,<.01%
192005106,CDXS,CODEXIS INC,1342014,362167,3.03M,818.5K,+37%,<.01%
670703107,NUVL,NUVALENT INC,6613,6613,816.71K,816.71K,NEW,<.01%
88554D205,DDD,3D SYS CORP DEL,4258980,269760,12.86M,814.68K,+6.8%,<.01%
98401F105,XNCR,XENCOR INC,50475,50475,812.65K,812.65K,NEW,<.01%
74251V102,PFG,PRINCIPAL FINANCIAL GROUP IN,19193,7537,2.07M,812.34K,+64.7%,<.01%
78464A847,SPMD,SPDR SERIES TRUST,11990,11990,810.04K,810.04K,NEW,<.01%
33734X184,FXU,FIRST TR EXCHANGE-TRADED FD,16417,16417,810.01K,810.01K,NEW,<.01%
637215104,NPK,NATIONAL PRESTO INDS INC,6425,6425,803.06K,803.06K,NEW,<.01%
08862EAD1,BYND,BEYOND MEAT INC,23627990,1161990,16.28M,800.44K,+5.2%,0.01%
46435G425,ESGU,ISHARES TR,4882,4882,799.04K,799.04K,NEW,<.01%
433921103,HIVE,HIVE DIGITAL TECHNOLOGIES LT,569658,218555,2.07M,795.72K,+62.2%,<.01%
85208T107,CXM,SPRINKLR INC,217640,154100,1.12M,795.16K,+242.5%,<.01%
316092857,FREL,FIDELITY COVINGTON TRUST,40330,27078,1.18M,793.39K,+204.3%,<.01%
45259A845,AIS,TIDAL TRUST III,9222,9222,786.73K,786.73K,NEW,<.01%
55354G100,MSCI,MSCI INC,1400,1400,784.06K,784.06K,NEW,<.01%
G81306121,SVAQ,SILICON VY ACQUISITION CORP,600000,77635,6.05M,783.34K,+14.9%,<.01%
277461406,KODK,EASTMAN KODAK CO,829949,83966,7.68M,776.69K,+11.3%,<.01%
45166A102,IDYA,IDEAYA BIOSCIENCES INC,20763,20763,773.84K,773.84K,NEW,<.01%
85210B201,SGDJ,SPROTT ETF TRUST,15860,10218,1.2M,770.64K,+181.1%,<.01%
981419104,WRLD,WORLD ACCEP CORPORATION,22839,3419,5.11M,765.27K,+17.6%,<.01%
024061103,DCH,DAUCH CORP,303295,140314,1.64M,760.5K,+86.1%,<.01%
46641Q399,BBUS,J P MORGAN EXCHANGE TRADED F,5642,5642,760.26K,760.26K,NEW,<.01%
75955J402,RLMD,RELMADA THERAPEUTICS INC,109474,109474,757.56K,757.56K,NEW,<.01%
05348Y105,AVLN,AVALYN PHARMACEUTICALS INC,23000,23000,757.16K,757.16K,NEW,<.01%
35473P686,FLTW,FRANKLIN TEMPLETON ETF TR,7161,7161,755.7K,755.7K,NEW,<.01%
40445M100,HMH,HMH HLDG INC,40162,40162,752.64K,752.64K,NEW,<.01%
00653Q102,AHCO,ADAPTHEALTH CORP,407617,72100,4.25M,751.28K,+21.5%,<.01%
87283Q107,TCHP,T ROWE PRICE EXCHANGE-TRADED,14961,14961,749.4K,749.4K,NEW,<.01%
353469109,FC,FRANKLIN COVEY CO,80548,30548,1.98M,749.34K,+61.1%,<.01%
37960A289,GXPT,GLOBAL X FDS,22831,22831,747.49K,747.49K,NEW,<.01%
00402L107,ASO,ACADEMY SPORTS & OUTDOORS IN,15860,15860,747.48K,747.48K,NEW,<.01%
88262P102,TPL,TEXAS PACIFIC LAND CORPORATI,2828,1705,1.24M,746.18K,+151.8%,<.01%
124411109,BY,BYLINE BANCORP INC,19798,19798,745.59K,745.59K,NEW,<.01%
84265V105,SCCO,SOUTHERN COPPER CORP,5550,4252,967.14K,740.95K,+327.6%,<.01%
46578C108,IE,IVANHOE ELECTRIC INC,1062657,76935,10.21M,739.35K,+7.8%,<.01%
019330109,ALNT,ALLIENT INC,7141,7141,735.02K,735.02K,NEW,<.01%
047726104,BATRA,ATLANTA BRAVES HLDGS INC,25608,13008,1.44M,732.48K,+103.2%,<.01%
92189H821,DAPP,VANECK ETF TRUST,98137,37631,1.9M,729.29K,+62.2%,<.01%
24661P807,DCTH,DELCATH SYS INC,57894,57894,728.88K,728.88K,NEW,<.01%
92189F411,BIZD,VANECK ETF TRUST,148232,57535,1.88M,728.39K,+63.4%,<.01%
83089J108,SKYT,SKYWATER TECHNOLOGY INC,470464,20863,16.38M,726.45K,+4.6%,0.01%
74965L101,RLJ,RLJ LODGING TR,61209,61209,725.33K,725.33K,NEW,<.01%
26154D100,DFH,DREAM FINDERS HOMES INC,78244,41488,1.35M,716.08K,+112.9%,<.01%
637870106,NSA,NATIONAL STORAGE AFFILIATES,16102,16102,716.06K,716.06K,NEW,<.01%
896095106,TCBK,TRICO BANCSHARES,23124,13296,1.25M,715.99K,+135.3%,<.01%
G63221108,MBVI,M3-BRIGADE ACQUISITION VI CO,204993,70500,2.08M,714.16K,+52.4%,<.01%
313148306,AGM,FEDERAL AGRIC MTG CORP,20916,3576,4.17M,712.59K,+20.6%,<.01%
68373J104,LPRO,OPEN LENDING CORP,1855014,228437,5.77M,710.44K,+14%,<.01%
25434V401,DFUS,DIMENSIONAL ETF TRUST,8619,8619,706.24K,706.24K,NEW,<.01%
19058X207,COSO,COASTALSOUTH BANCSHARES INC,26090,26090,700.52K,700.52K,NEW,<.01%
464288851,IEO,ISHARES TR,6349,6349,696.61K,696.61K,NEW,<.01%
30212P303,EXPE,EXPEDIA GROUP INC,29579,2717,7.57M,695.23K,+10.1%,<.01%
M2029K104,BIRK,BIRKENSTOCK HOLDING PLC,16149,16149,694.89K,694.89K,NEW,<.01%
87261Y106,TMC,TMC THE METALS COMPANY INC,201456,156615,892.45K,693.8K,+349.3%,<.01%
438333106,HNST,HONEST CO INC,189455,189455,693.4K,693.4K,NEW,<.01%
42722X106,HFWA,HERITAGE FINL CORP WASH,23374,23374,692.34K,692.34K,NEW,<.01%
136375102,CNI,CANADIAN NATL RY CO,8000,5800,953.72K,691.45K,+263.6%,<.01%
68628V308,ORN,ORION GROUP HLDGS INC,41011,41011,689.8K,689.8K,NEW,<.01%
N97284108,NBIS,NEBIUS GROUP N.V.,2489,2489,687.39K,687.39K,NEW,<.01%
50202M102,LI,LI AUTO INC,58469,58469,686.43K,686.43K,NEW,<.01%
278642103,EBAY,EBAY INC.,120920,6102,13.51M,681.9K,+5.3%,<.01%
G3855L106,GHRS,GH RESEARCH PLC,25345,25345,681.27K,681.27K,NEW,<.01%
95082P105,WCC,WESCO INTL INC,22652,1965,7.82M,678.77K,+9.5%,<.01%
033853102,ANDG,ANDERSEN GROUP INC,17986,17986,678.43K,678.43K,NEW,<.01%
55955D100,MGNI,MAGNITE INC,35719,35719,677.95K,677.95K,NEW,<.01%
87318A101,TWFG,TWFG INC,28178,28178,677.68K,677.68K,NEW,<.01%
75526L886,FEGE,RBB FUND TRUST,13772,13772,673.73K,673.73K,NEW,<.01%
92262D101,VEL,VELOCITY FINL INC,124130,36396,2.29M,671.87K,+41.5%,<.01%
133034108,CAC,CAMDEN NATL CORP,12384,12384,671.46K,671.46K,NEW,<.01%
320817109,FRME,FIRST MERCHANTS CORP,49198,15311,2.15M,668.94K,+45.2%,<.01%
829242106,SBGI,SINCLAIR INC,46856,46856,667.7K,667.7K,NEW,<.01%
554382101,MAC,MACERICH CO,26404,26404,665.12K,665.12K,NEW,<.01%
207410101,CNMD,CONMED CORP,68134,20283,2.23M,663.86K,+42.4%,<.01%
442487401,HOV,HOVNANIAN ENTERPRISES INC,114958,4653,16.37M,662.63K,+4.2%,0.01%
33738R118,TDIV,FIRST TR EXCHANGE TRADED FD,5761,5761,661.82K,661.82K,NEW,<.01%
505743104,LADR,LADDER CAP CORP,117348,66131,1.17M,658K,+129.1%,<.01%
65443P102,MASS,908 DEVICES INC,75446,75446,656.38K,656.38K,NEW,<.01%
437872104,HTB,HOMETRUST BANCSHARES INC,23062,13097,1.15M,653.41K,+131.4%,<.01%
00510N102,TIC,TIC SOLUTIONS INC,80748,80748,653.25K,653.25K,NEW,<.01%
178867107,CIVB,CIVISTA BANCSHARES INC,23045,23045,650.33K,650.33K,NEW,<.01%
90240B106,TYRA,TYRA BIOSCIENCES INC,20189,20189,644.84K,644.84K,NEW,<.01%
18538R103,CLW,CLEARWATER PAPER CORP,263935,41003,4.14M,642.93K,+18.4%,<.01%
26701L100,BROS,DUTCH BROS INC,17132,8888,1.23M,638.25K,+107.8%,<.01%
H00501108,AEBI,AEBI SCHMIDT HLDG AG,415896,50833,5.22M,637.95K,+13.9%,<.01%
48563L101,KRT,KARAT PACKAGING INC,18907,18907,632.63K,632.63K,NEW,<.01%
218937100,CNR,CORE NATURAL RESOURCES INC,20765,7883,1.66M,630.8K,+61.2%,<.01%
85210B102,SGDM,SPROTT ETF TRUST,9995,9995,628.39K,628.39K,NEW,<.01%
92189F627,CNXT,VANECK ETF TRUST,10054,10054,627.47K,627.47K,NEW,<.01%
14280C105,CARL,CARLSMED INC,60439,60439,627.36K,627.36K,NEW,<.01%
817070501,SENEA,SENECA FOODS CORP NEW,10683,3591,1.86M,624.62K,+50.6%,<.01%
M84137104,SMWB,SIMILARWEB LTD,159935,101383,980.4K,621.48K,+173.2%,<.01%
29415C101,EOSE,EOS ENERGY ENTERPRISES INC,252636,105197,1.49M,618.56K,+71.3%,<.01%
139737100,CBNK,CAPITAL BANCORP INC MD,17573,17573,617.16K,617.16K,NEW,<.01%
36166F100,GBFH,GBANK FINL HLDGS INC,20361,20361,617.14K,617.14K,NEW,<.01%
398905109,GPI,GROUP 1 AUTOMOTIVE INC,11322,2117,3.3M,616.41K,+23%,<.01%
141788109,CARG,CARGURUS INC,18012,18012,614.03K,614.03K,NEW,<.01%
37954A303,XRN,CHIRON REAL ESTATE INC,16295,16295,611.39K,611.39K,NEW,<.01%
78648T100,SAFT,SAFETY INS GROUP INC,22778,8147,1.71M,609.88K,+55.7%,<.01%
78464A300,SLYV,SPDR SERIES TRUST,5585,5585,609.38K,609.38K,NEW,<.01%
464287838,IYM,ISHARES TR,3389,3389,608.43K,608.43K,NEW,<.01%
G87264100,TGLS,TECNOGLASS INC,24924,12971,1.17M,607.17K,+108.5%,<.01%
12047B105,BMBL,BUMBLE INC,1061551,187918,3.4M,601.34K,+21.5%,<.01%
N44445109,IMTX,IMMATICS N.V,59161,59161,599.3K,599.3K,NEW,<.01%
19623P101,CBAN,COLONY BANKCORP INC,65472,29786,1.32M,598.4K,+83.5%,<.01%
44852D108,HUYA,HUYA INC,428960,257743,986.61K,592.81K,+150.5%,<.01%
464287515,IGV,ISHARES TR,6546,6546,592.81K,592.81K,NEW,<.01%
029899101,AWR,AMER STATES WTR CO,111732,7152,9.23M,590.97K,+6.8%,<.01%
71742Q106,PAHC,PHIBRO ANIMAL HEALTH CORP,27263,18809,856.06K,590.6K,+222.5%,<.01%
762544104,RBBN,RIBBON COMMUNICATIONS INC,1790375,251903,4.19M,589.45K,+16.4%,<.01%
05463X106,AXGN,AXOGEN INC,277738,12729,12.83M,587.95K,+4.8%,<.01%
L6388F110,TIGO,MILLICOM INTL CELLULAR S A,11873,6474,1.08M,587.58K,+119.9%,<.01%
82620P102,BSRR,SIERRA BANCORP,21615,14359,881.03K,585.27K,+197.9%,<.01%
29460X109,EQBK,EQUITY BANCSHARES INC,42808,11920,2.1M,583.96K,+38.6%,<.01%
35243J101,FBRT,FRANKLIN BSP RLTY TR INC,71668,71668,583.38K,583.38K,NEW,<.01%
67011P100,DNOW,DNOW INC,374552,44972,4.86M,583.29K,+13.6%,<.01%
594972AN1,MSTR,STRATEGY INC,11600000,600000,11.19M,578.85K,+5.5%,<.01%
12135Y108,BHRB,BURKE HERBERT FINL SVCS CORP,26599,8003,1.91M,575.1K,+43%,<.01%
31983A103,FCBC,FIRST CMNTY BANKSHARES INC V,12889,12889,572.53K,572.53K,NEW,<.01%
77926X817,MEME,ROUNDHILL ETF TRUST,59435,59435,572.36K,572.36K,NEW,<.01%
75321W103,PACK,RANPAK HOLDINGS CORP,77454,77454,566.19K,566.19K,NEW,<.01%
464287721,IYW,ISHARES TR,2232,2232,562.98K,562.98K,NEW,<.01%
807066105,SCHL,SCHOLASTIC CORP,33759,12194,1.55M,560.92K,+56.5%,<.01%
14021L109,CGDG,CAPITAL GROUP DIVIDEND GROWE,29535,14949,1.11M,560.74K,+102.5%,<.01%
57142B104,MQ,MARQETA INC,460258,136758,1.87M,555.24K,+42.3%,<.01%
M81873107,RDWR,RADWARE LTD,44146,17957,1.36M,554.15K,+68.6%,<.01%
G6964L206,PSFE,PAYSAFE LIMITED,489990,74073,3.66M,553.33K,+17.8%,<.01%
26922A719,GOAU,ETF SER SOLUTIONS,14831,14831,551.57K,551.57K,NEW,<.01%
35473P819,FLCH,FRANKLIN TEMPLETON ETF TR,27015,27015,551.46K,551.46K,NEW,<.01%
30151E491,KDEF,EXCHANGE LISTED FDS TR,20781,13599,841.63K,550.76K,+189.3%,<.01%
596680108,MSEX,MIDDLESEX WTR CO,36195,9792,2.03M,549.92K,+37.1%,<.01%
34520K105,FRBT,FORBRIGHT INC,30000,30000,548.7K,548.7K,NEW,<.01%
91851C201,EGY,VAALCO ENERGY INC,182125,107872,925.2K,547.99K,+145.3%,<.01%
G5698W116,LXFR,LUXFER HLDGS PLC,30365,30365,547.78K,547.78K,NEW,<.01%
53635B107,LQDT,LIQUIDITY SVCS INC,168953,13998,6.61M,547.6K,+9%,<.01%
319835104,FCCO,FIRST CMNTY CORP S C,16732,16732,546.8K,546.8K,NEW,<.01%
053611109,AVY,AVERY DENNISON CORP,11173,3368,1.81M,546.79K,+43.2%,<.01%
010911105,ALMR,ALAMAR BIOSCIENCES INC,20064,20064,543.53K,543.53K,NEW,<.01%
45782B302,INSG,INSEEGO CORP,136589,52474,1.41M,542.06K,+62.4%,<.01%
206787103,CNDT,CONDUENT INC,2026481,370747,2.96M,541.29K,+22.4%,<.01%
46641Q738,BBRE,J P MORGAN EXCHANGE TRADED F,4987,4987,534.96K,534.96K,NEW,<.01%
929740108,WAB,WABTEC,26822,1979,7.23M,533.54K,+8%,<.01%
384637104,GHC,GRAHAM HLDGS CO,1954,467,2.23M,533.04K,+31.4%,<.01%
92189F643,MOAT,VANECK ETF TRUST,22523,5116,2.34M,531.86K,+29.4%,<.01%
00164V103,AMCX,AMC GLOBAL MEDIA INC,923859,53225,9.22M,531.19K,+6.1%,<.01%
17878Y207,CVEO,CIVEO CORP CDA,38583,15149,1.35M,530.22K,+64.6%,<.01%
66661N886,NPB,NORTHPOINTE BANCSHARES INC.,27536,27536,528.14K,528.14K,NEW,<.01%
46137V365,RSPG,INVESCO EXCHANGE TRADED FD T,5387,5387,527.71K,527.71K,NEW,<.01%
25434V708,DFAC,DIMENSIONAL ETF TRUST,11818,11818,524.25K,524.25K,NEW,<.01%
022671101,AMAL,AMALGAMATED FINANCIAL CORP,48148,11377,2.21M,522.2K,+30.9%,<.01%
96145W103,WEST,WESTROCK COFFEE CO,96160,63945,779.86K,518.59K,+198.5%,<.01%
G4791J106,INAC,INDIGO ACQUISITION CORP,545100,50100,5.59M,513.52K,+10.1%,<.01%
G2284A103,CLBR,COLOMBIER ACQUISITION CORP I,50000,50000,512.5K,512.5K,NEW,<.01%
91704F104,UE,URBAN EDGE PPTYS,40345,22289,923.09K,509.97K,+123.4%,<.01%
H0036K147,ADCT,ADC THERAPEUTICS SA,719320,476144,769.67K,509.47K,+195.8%,<.01%
74930B105,RBB,RBB BANCORP,37440,18534,1.03M,508.11K,+98%,<.01%
G1143H101,BIXI,BITCOIN INFRASTRUCTURE ACQUI,402018,50709,4.02M,507.09K,+14.4%,<.01%
336901103,SRCE,1ST SOURCE CORP,9285,6211,757.47K,506.69K,+202%,<.01%
05722G100,BKR,BAKER HUGHES COMPANY,58037,9125,3.22M,506.44K,+18.7%,<.01%
866674104,SUI,SUN CMNTYS INC,4215,4215,505.42K,505.42K,NEW,<.01%
92189F452,MORT,VANECK ETF TRUST,48567,48567,503.15K,503.15K,NEW,<.01%
563571405,MTW,MANITOWOC CO INC,351015,36194,4.88M,502.73K,+11.5%,<.01%
53656F383,SPRX,LISTED FDS TR,8615,8615,499.5K,499.5K,NEW,<.01%
G8254P103,SCPQ,SOCIAL COMM PARTNERS CORP,451467,49967,4.51M,499.17K,+12.4%,<.01%
675746606,ONIT,ONITY GROUP INC,37225,12553,1.48M,498.98K,+50.9%,<.01%
722304102,PDD,PDD HOLDINGS INC,17473,6533,1.33M,498.34K,+59.7%,<.01%
G9600E107,WENC,WEST ENCLAVE MERGER CORP,50000,50000,496K,496K,NEW,<.01%
466032109,JJSF,J & J SNACK FOODS CORP,186881,6721,13.73M,493.66K,+3.7%,<.01%
423452101,HP,HELMERICH & PAYNE INC,21530,15015,704.89K,491.59K,+230.5%,<.01%
502175102,LTC,LTC PPTYS INC,12746,12746,490.08K,490.08K,NEW,<.01%
00215W100,ASX,ASE TECHNOLOGY HLDG CO LTD,10800,10800,487.3K,487.3K,NEW,<.01%
922908637,VV,VANGUARD INDEX FDS,1416,1416,486.98K,486.98K,NEW,<.01%
85208P881,COPP,SPROTT FDS TR,22079,12680,845.63K,485.64K,+134.9%,<.01%
G63755105,NIQ,NIQ GLOBAL INTELLIGENCE PLC,51858,51858,484.87K,484.87K,NEW,<.01%
G4924G102,IGAC,INVEST GREEN ACQUISITION COR,149197,48400,1.49M,484.48K,+48%,<.01%
87652V109,TASK,TASKUS INC,103476,103476,484.27K,484.27K,NEW,<.01%
37954Y327,COLO,GLOBAL X FDS,20806,11620,866.57K,483.97K,+126.5%,<.01%
00181T107,GOLD,GOLD COM INC,11618,11618,483.43K,483.43K,NEW,<.01%
87240R107,TFSL,TFS FINL CORP,111041,27211,1.97M,482.18K,+32.5%,<.01%
46137V613,PRF,INVESCO EXCHANGE TRADED FD T,8876,8876,479.57K,479.57K,NEW,<.01%
05153U107,AURA,AURA BIOSCIENCES INC,67405,67405,478.58K,478.58K,NEW,<.01%
46138E610,KBWD,INVESCO EXCH TRADED FD TR II,38521,38521,478.43K,478.43K,NEW,<.01%
38246G108,GDRX,GOODRX HLDGS INC,477703,165575,1.38M,476.86K,+53%,<.01%
62855J104,MYGN,MYRIAD GENETICS INC,4582083,82359,26.16M,470.27K,+1.8%,0.02%
237266101,DAR,DARLING INGREDIENTS INC,62671,8471,3.42M,462.69K,+15.6%,<.01%
85254J102,STAG,STAG INDUSTRIAL INC,24387,11978,928.17K,455.88K,+96.5%,<.01%
45337C102,INCY,INCYTE CORP,4016,4016,455.25K,455.25K,NEW,<.01%
09661T826,BKGI,BNY MELLON ETF TRUST,10047,10047,451.81K,451.81K,NEW,<.01%
500946108,KRRO,KORRO BIO INC,34213,34213,450.93K,450.93K,NEW,<.01%
25434V609,DFAT,DIMENSIONAL ETF TRUST,6377,6377,445.75K,445.75K,NEW,<.01%
254604101,IRON,DISC MEDICINE INC,6027,6027,440.81K,440.81K,NEW,<.01%
68218J103,OABI,OMNIAB INC,559404,179150,1.38M,440.71K,+47.1%,<.01%
50180M108,LBRX,LB PHARMACEUTICALS INC,13518,13518,438.73K,438.73K,NEW,<.01%
025072885,AVUS,AMERICAN CENTY ETF TR,3403,3403,435.86K,435.86K,NEW,<.01%
G8775A106,MUZE,MUZERO ACQUISITION CORP,368761,43761,3.66M,434.55K,+13.5%,<.01%
361008105,FNKO,FUNKO INC,134498,73625,790.85K,432.92K,+120.9%,<.01%
45174J509,IHRT,IHEARTMEDIA INC,100832,100832,432.57K,432.57K,NEW,<.01%
87975E834,VOLT,TEMA ETF TRUST,10309,10309,431.84K,431.84K,NEW,<.01%
46990A102,JRVR,JAMES RIV GROUP HOLDINGS INC,282249,98069,1.24M,431.5K,+53.2%,<.01%
013091103,ACI,ALBERTSONS COMPANIES INC,31680,31680,428.63K,428.63K,NEW,<.01%
G5331N101,KYIV,KYIVSTAR GROUP LTD,385690,26466,6.24M,427.96K,+7.4%,<.01%
628464109,MYE,MYERS INDS INC,12118,12118,427.89K,427.89K,NEW,<.01%
T9224W109,STVN,STEVANATO GROUP S P A,202596,23521,3.66M,425.02K,+13.1%,<.01%
626717102,MUR,MURPHY OIL CORP,73827,13052,2.4M,424.97K,+21.5%,<.01%
853666105,SMP,STANDARD MTR PRODS INC,40793,10841,1.59M,422.47K,+36.2%,<.01%
69374H741,SRVR,PACER FDS TR,13282,13282,421.97K,421.97K,NEW,<.01%
698813102,PZZA,PAPA JOHNS INTL INC,129237,11449,4.75M,420.98K,+9.7%,<.01%
18270P109,CLAR,CLARUS CORP NEW,376670,133224,1.19M,419.66K,+54.7%,<.01%
00081T108,ACCO,ACCO BRANDS CORP,711362,100641,2.96M,418.67K,+16.5%,<.01%
602496101,MDXG,MIMEDX GROUP INC,421367,108671,1.62M,418.38K,+34.8%,<.01%
059520106,BCH,BANCO DE CHILE,22562,10521,897.07K,418.31K,+87.4%,<.01%
498894104,KNF,KNIFE RIVER CORP,38300,5000,3.2M,418.25K,+15%,<.01%
84863T106,SPOK,SPOK HLDGS INC,130163,40712,1.33M,416.89K,+45.5%,<.01%
30190A104,FG,F&G ANNUITIES & LIFE INC,93722,15670,2.49M,416.67K,+20.1%,<.01%
852066208,SII,SPROTT INC,3697,3697,415.46K,415.46K,NEW,<.01%
632347100,NATH,NATHANS FAMOUS INC,18619,4084,1.89M,414.93K,+28.1%,<.01%
80280U205,SCZ.V,SANTACRUZ SILVER MNG LTD,63500,63500,411.5K,411.5K,NEW,<.01%
23256X407,HELP,CYBIN INC,61782,61782,408.38K,408.38K,NEW,<.01%
07556Q881,BZH,BEAZER HOMES USA INC,77835,14510,2.18M,407.01K,+22.9%,<.01%
89679E300,TFIN,TRIUMPH FINANCIAL INC,18313,5323,1.4M,406.2K,+41%,<.01%
464287549,IGM,ISHARES TR,2466,2466,403.39K,403.39K,NEW,<.01%
28225C806,EGAN,EGAIN CORP,63749,63749,401.62K,401.62K,NEW,<.01%
92204A207,VDC,VANGUARD WORLD FD,1773,1773,399.79K,399.79K,NEW,<.01%
10482B101,BHR,BRAEMAR HOTELS & RESORTS INC,424312,183815,916.51K,397.04K,+76.4%,<.01%
31425A109,FBLA,FB BANCORP INC,62762,26350,945.2K,396.83K,+72.4%,<.01%
G21810109,CLVT,CLARIVATE PLC,2508854,183428,5.42M,396.2K,+7.9%,<.01%
289395105,ELMT,ELMET GROUP CO (THE),20048,20048,395.75K,395.75K,NEW,<.01%
163851108,CC,CHEMOURS CO,2870039,19029,58.89M,390.48K,+0.7%,0.04%
97717X669,DGRW,WISDOMTREE TR,4081,4081,390.23K,390.23K,NEW,<.01%
46438G562,QTOP,ISHARES TR,10077,10077,389.07K,389.07K,NEW,<.01%
46138E461,PBUS,INVESCO EXCH TRADED FD TR II,5193,5193,388.8K,388.8K,NEW,<.01%
092915107,BZAI,BLAIZE HLDGS INC,279863,279863,386.21K,386.21K,NEW,<.01%
482931102,KLRA,KAILERA THERAPEUTICS INC,17500,17500,385.52K,385.52K,NEW,<.01%
29082K105,EMBC,EMBECTA CORP,650070,117742,2.12M,383.84K,+22.1%,<.01%
45409F769,IWLG,NEW YORK LIFE INVTS ACTIVE E,6758,6758,382.44K,382.44K,NEW,<.01%
640491106,NEOG,NEOGEN CORP,42499,42499,382.07K,382.07K,NEW,<.01%
76200L309,RZLT,REZOLUTE INC,1839357,73377,9.56M,381.56K,+4.2%,<.01%
464287572,IOO,ISHARES TR,2792,2792,381.39K,381.39K,NEW,<.01%
75508B104,RYAM,RAYONIER ADVANCED MATLS INC,1642553,48498,12.91M,381.19K,+3%,<.01%
266042407,DUOT,DUOS TECHNOLOGIES GROUP INC,31663,31663,379.96K,379.96K,NEW,<.01%
354613101,BEN,FRANKLIN RESOURCES INC,60947,11328,2.03M,376.88K,+22.8%,<.01%
55261F104,MTB,M & T BK CORP,1578,1578,375.58K,375.58K,NEW,<.01%
28658R106,CLYM,CLIMB BIO INC,28800,28800,375.55K,375.55K,NEW,<.01%
20786W107,CNOB,CONNECTONE BANCORP INC,24004,11201,802.69K,374.56K,+87.5%,<.01%
349932103,FWDI,FORWARD INDUSTRIES INC,88735,88735,374.46K,374.46K,NEW,<.01%
723484101,PNW,PINNACLE WEST CAP CORP,26106,3475,2.79M,371.82K,+15.4%,<.01%
67613T104,ODTX,ODYSSEY THERAPEUTICS INC,19848,19848,371.36K,371.36K,NEW,<.01%
457651107,INVX,INNOVEX INTERNATIONAL INC,14955,14955,370.88K,370.88K,NEW,<.01%
G3810N106,GPAC,GENERAL PURP ACQUISITION COR,837673,37000,8.38M,370K,+4.6%,<.01%
675232102,OII,OCEANEERING INTL INC,9049,9049,366.67K,366.67K,NEW,<.01%
014752109,ALX,ALEXANDERS INC,11233,1321,3.1M,364.01K,+13.3%,<.01%
38500T200,GTE,GRAN TIERRA ENERGY INC,1158224,58018,7.24M,362.61K,+5.3%,<.01%
485925101,KARD,KARDIGAN INC,15000,15000,357.75K,357.75K,NEW,<.01%
95058W100,WEN,WENDYS CO,43067,43067,357.02K,357.02K,NEW,<.01%
50060P106,KOP,KOPPERS HOLDINGS INC,20462,7951,918.74K,357K,+63.6%,<.01%
00288U106,ABCL,ABCELLERA BIOLOGICS INC,45431,45431,356.63K,356.63K,NEW,<.01%
76169C100,REXR,REXFORD INDL RLTY INC,10621,10621,355.8K,355.8K,NEW,<.01%
886029206,THRY,THRYV HLDGS INC,854451,89630,3.37M,353.14K,+11.7%,<.01%
43940T109,HOPE,HOPE BANCORP INC,25708,25708,351.69K,351.69K,NEW,<.01%
68752L100,KIDS,ORTHOPEDIATRICS CORP,91415,18344,1.75M,350.92K,+25.1%,<.01%
146103106,CARE,CARTER BANKSHARES INC,33587,10213,1.14M,347.34K,+43.7%,<.01%
14020U100,CGCV,CAPITAL GROUP CONSERVATIVE E,10564,10564,346.71K,346.71K,NEW,<.01%
464286707,EWQ,ISHARES INC,14048,7535,638.2K,342.32K,+115.7%,<.01%
680223104,ORI,OLD REP INTL CORP,8342,8342,341.36K,341.36K,NEW,<.01%
464287671,IUSG,ISHARES TR,1786,1786,335.93K,335.93K,NEW,<.01%
500600101,KOPN,KOPIN CORP,74848,74848,335.32K,335.32K,NEW,<.01%
320218100,THFF,FIRST FINANCIAL CORPORATION,4328,4328,335.16K,335.16K,NEW,<.01%
85208P501,COPJ,SPROTT FDS TR,8445,8445,334.42K,334.42K,NEW,<.01%
131428104,CLMT,CALUMET INC,9235,9235,332.64K,332.64K,NEW,<.01%
61945C103,MOS,MOSAIC CO,205418,15689,4.35M,332.45K,+8.3%,<.01%
53566V106,LINE,LINEAGE INC,7674,7674,331.9K,331.9K,NEW,<.01%
55286W207,MFSG,MFS ACTIVE EXCHANGE TRADED F,10802,10802,326.95K,326.95K,NEW,<.01%
62548M209,CTEV,CLARITEV CORPORATION,9580,9580,326.77K,326.77K,NEW,<.01%
02368W408,MGNR,AMERICAN BEACON SELECT FUNDS,6674,6674,324.02K,324.02K,NEW,<.01%
25459Y207,QQQE,DIREXION SHARES ETF TRUST,2647,2647,322.96K,322.96K,NEW,<.01%
501575104,KYMR,KYMERA THERAPEUTICS INC,2800,2800,321.08K,321.08K,NEW,<.01%
01626L204,ALGS,ALIGOS THERAPEUTICS INC,66463,55485,383.49K,320.15K,+505.4%,<.01%
20603L102,CON,CONCENTRA GROUP HOLDINGS PAR,154333,10688,4.59M,317.97K,+7.4%,<.01%
97717W208,DHS,WISDOMTREE TR,2784,2784,316.5K,316.5K,NEW,<.01%
452327109,ILMN,ILLUMINA INC,49375,1800,8.68M,316.49K,+3.8%,<.01%
921910873,MGC,VANGUARD WORLD FD,1154,1154,315.77K,315.77K,NEW,<.01%
46333X108,IRWD,IRONWOOD PHARMACEUTICALS INC,122907,74969,517.44K,315.62K,+156.4%,<.01%
05464T104,AXSM,AXSOME THERAPEUTICS INC.,604753,1288,148.03M,315.26K,+0.2%,0.09%
85208P600,NIKL,SPROTT FDS TR,24244,24244,307.75K,307.75K,NEW,<.01%
64135M105,NGNE,NEUROGENE INC,9781,9781,307.61K,307.61K,NEW,<.01%
12520L109,CFBK,CF BANKSHARES INC,9373,9373,307.15K,307.15K,NEW,<.01%
464289446,IWL,ISHARES TR,1656,1656,306.28K,306.28K,NEW,<.01%
36467J108,GLPI,GAMING & LEISURE P,6843,6843,304.72K,304.72K,NEW,<.01%
78464A532,XTN,SPDR SERIES TRUST,2627,2627,303.79K,303.79K,NEW,<.01%
20454B104,CMPX,COMPASS THERAPEUTICS INC,204487,138520,447.83K,303.36K,+210%,<.01%
025072158,AVLC,AMERICAN CENTY ETF TR,3370,3370,303.17K,303.17K,NEW,<.01%
92206C664,VTWO,VANGUARD SCOTTSDALE FDS,2481,2481,301.24K,301.24K,NEW,<.01%
836100107,SOUN,SOUNDHOUND AI INC,46257,46257,299.28K,299.28K,NEW,<.01%
816212302,RNAC,CARTESIAN THERAPEUTICS INC,28651,28651,298.54K,298.54K,NEW,<.01%
30263Y104,FSBW,FS BANCORP INC,6873,6873,298.29K,298.29K,NEW,<.01%
023576101,AMTB,AMERANT BANCORP INC,90139,11651,2.3M,297.33K,+14.8%,<.01%
74347Y680,UVXY,PROSHARES TR II,11917,11917,296.38K,296.38K,NEW,<.01%
64107A105,NPWR,NET POWER INC,412502,177105,688.88K,295.77K,+75.2%,<.01%
140501107,CSWC,CAPITAL SOUTHWEST CORP,12437,12437,295.63K,295.63K,NEW,<.01%
74275K108,PCOR,PROCORE TECHNOLOGIES INC,11689,7262,474.81K,294.98K,+164%,<.01%
46137V332,RSPH,INVESCO EXCHANGE TRADED FD T,8883,8883,294.83K,294.83K,NEW,<.01%
444144109,HDSN,HUDSON TECHNOLOGIES INC,409591,50909,2.35M,292.22K,+14.2%,<.01%
610236101,MNRO,MONRO INC,66766,17071,1.14M,292.08K,+34.4%,<.01%
46137V563,PEY,INVESCO EXCHANGE TRADED FD T,12508,12508,289.94K,289.94K,NEW,<.01%
G3730V105,FTAI,FTAI AVIATION LTD,1056,1056,285.68K,285.68K,NEW,<.01%
91359V107,UVE,UNIVERSAL INS HLDGS INC,64380,6850,2.66M,283.32K,+11.9%,<.01%
92189H839,BUZZ,VANECK ETF TRUST,7667,7667,283.3K,283.3K,NEW,<.01%
316773100,FITB,FIFTH THIRD BANCORP,5000,5000,281.85K,281.85K,NEW,<.01%
46137V274,RSPU,INVESCO EXCHANGE TRADED FD T,6053,3445,491.08K,279.49K,+132.1%,<.01%
92556W104,VIA,VIA TRANSN INC,15399,15399,279.34K,279.34K,NEW,<.01%
96524T101,WHK,WHITEHAWK MINERALS CORP,10000,10000,278.2K,278.2K,NEW,<.01%
33733E732,WCMI,FIRST TR EXCHANGE-TRADED FD,26794,14142,524.36K,276.76K,+111.8%,<.01%
677864100,ODC,OIL DRI CORP AMER,6559,2700,670.39K,275.97K,+70%,<.01%
587376104,MBWM,MERCANTILE BK CORP,4756,4756,273.09K,273.09K,NEW,<.01%
G4814G105,DYOR,INSIGHT DIGITAL PARTNERS II,517195,27000,5.2M,271.62K,+5.5%,<.01%
98423FAB5,XMTR,XOMETRY INC,32719000,156000,56.76M,270.61K,+0.5%,0.04%
90139K100,QLTY,GMO ETF TRUST,6499,6499,270.49K,270.49K,NEW,<.01%
09290C780,BAI,BLACKROCK ETF TRUST,25774,5130,1.36M,270.45K,+24.8%,<.01%
35104E100,FDMT,4D MOLECULAR THERAPEUTICS IN,44354,20324,589.91K,270.31K,+84.6%,<.01%
88031M109,TS,TENARIS S A,4787,4787,265.63K,265.63K,NEW,<.01%
233051143,SNPE,DBX ETF TR,3823,3823,263.25K,263.25K,NEW,<.01%
H11356104,BG,BUNGE GLOBAL SA,2456,2456,262.13K,262.13K,NEW,<.01%
78464A581,XHE,SPDR SERIES TRUST,3105,3105,261.53K,261.53K,NEW,<.01%
25434V104,DFAU,DIMENSIONAL ETF TRUST,5056,5056,261.35K,261.35K,NEW,<.01%
31738L206,FOA,FINANCE OF AMERICA COMPAN,36924,9416,1.02M,259.13K,+34.2%,<.01%
35473P801,FLQL,FRANKLIN TEMPLETON ETF TR,3300,3300,258.32K,258.32K,NEW,<.01%
86150R107,STOK,STOKE THERAPEUTICS INC,57847,7875,1.89M,257.67K,+15.8%,<.01%
384313607,EAF,GRAFTECH INTL LTD SR NT,43239,43239,255.54K,255.54K,NEW,<.01%
G0453R105,ARCI,ARCHIMEDES TECH SPAC PTNRS I,450500,25500,4.51M,255.25K,+6%,<.01%
29430C102,VSTS,VESTIS CORPORATION,91613,17543,1.33M,254.72K,+23.7%,<.01%
42238D107,HTFL,HEARTFLOW INC,8681,8681,254.7K,254.7K,NEW,<.01%
55303J106,MGPI,MGP INGREDIENTS INC NEW,51377,14476,900.12K,253.62K,+39.2%,<.01%
G1828W100,CAES,CANTOR EQUITY PARTNERS VII I,25000,25000,252.25K,252.25K,NEW,<.01%
46654Q781,JPEF,J P MORGAN EXCHANGE TRADED F,3137,3137,252K,252K,NEW,<.01%
74255Y870,USMC,PRINCIPAL EXCHANGE TRADED FD,3390,3390,251.29K,251.29K,NEW,<.01%
G17564108,CRAQ,CAL REDWOOD ACQUISITION CORP,867120,24359,8.93M,250.9K,+2.9%,<.01%
G6001S107,LPCV,LAUNCHPAD CADENZA ACQU CORP,676385,25104,6.75M,250.54K,+3.9%,<.01%
682189AS4,ON,ON SEMICONDUCTOR CORP,137000,137000,250.46K,250.46K,NEW,<.01%
12008R107,BLDR,BUILDERS FIRSTSOURCE INC,2768,2768,247.68K,247.68K,NEW,<.01%
46654Q732,JTEK,J P MORGAN EXCHANGE TRADED F,10054,2200,1.12M,245.41K,+28%,<.01%
025072356,AVRE,AMERICAN CENTY ETF TR,5152,5152,244.1K,244.1K,NEW,<.01%
957090103,WABC,WESTAMERICA BANCORPORATION,9693,4144,568.69K,243.13K,+74.7%,<.01%
257554105,DOMO,DOMO INC,122091,77349,382.14K,242.1K,+172.9%,<.01%
26817Q886,DX,DYNEX CAP INC,18448,18448,241.85K,241.85K,NEW,<.01%
46434V381,XT,ISHARES TR,2920,2920,241.28K,241.28K,NEW,<.01%
92189F205,SLX,VANECK ETF TRUST,2451,2451,241.2K,241.2K,NEW,<.01%
91917A207,WGMI,VALKYRIE ETF TRUST II,108475,3803,6.84M,239.86K,+3.6%,<.01%
06652K103,BKU,BANKUNITED INC,4941,4941,239.39K,239.39K,NEW,<.01%
88162G103,TTEK,TETRA TECH INC NEW,8286,8286,239.38K,239.38K,NEW,<.01%
974250102,WINA,WINMARK CORP,554,554,234.39K,234.39K,NEW,<.01%
940610108,WASH,WASHINGTON TR BANCORP INC,6420,6420,234.2K,234.2K,NEW,<.01%
Y7388L103,SB,SAFE BULKERS INC,265120,36962,1.67M,233.23K,+16.2%,<.01%
921910733,ESGV,VANGUARD WORLD FD,1761,1761,232.88K,232.88K,NEW,<.01%
688239201,OSK,OSHKOSH CORP,1514,1514,232.37K,232.37K,NEW,<.01%
464287887,IJT,ISHARES TR,1300,1300,232.18K,232.18K,NEW,<.01%
50101L106,DNUT,KRISPY KREME INC,338208,65605,1.19M,231.59K,+24.1%,<.01%
G9008W113,TDACW,TRANSLATIONAL DEV ACQUISITIO,175000,175000,231K,231K,NEW,<.01%
46138G656,RDIV,INVESCO EXCH TRADED FD TR II,3974,3974,230.49K,230.49K,NEW,<.01%
46137V779,PKB,INVESCO EXCHANGE TRADED FD T,2018,2018,226.14K,226.14K,NEW,<.01%
07272M107,BCML,BAYCOM CORP,6861,6861,225.73K,225.73K,NEW,<.01%
89854M101,TCRX,TSCAN THERAPEUTICS INC,548402,228815,537.49K,224.26K,+71.6%,<.01%
91544A208,UPLD,UPLAND SOFTWARE INC,47867,47867,223.54K,223.54K,NEW,<.01%
035255108,ANIK,ANIKA THERAPEUTICS INC,245066,15270,3.59M,223.4K,+6.6%,<.01%
33738D101,EMLP,FIRST TR EXCHANGE-TRADED FD,5112,5112,222.37K,222.37K,NEW,<.01%
316092303,FSTA,FIDELITY COVINGTON TRUST,4220,4220,221.72K,221.72K,NEW,<.01%
G6331P104,AOSL,ALPHA & OMEGA SEMICONDUCTOR,284225,4637,13.45M,219.47K,+1.7%,<.01%
46137V811,PTF,INVESCO EXCHANGE TRADED FD T,1600,1600,218.1K,218.1K,NEW,<.01%
37954Y293,MLPX,GLOBAL X FDS,2960,2960,218.03K,218.03K,NEW,<.01%
95123P106,WTBA,WEST BANCORPORATION INC,8145,8145,216.09K,216.09K,NEW,<.01%
78397Q109,SES,SES AI CORPORATION,222390,222390,213.54K,213.54K,NEW,<.01%
09661T107,BKLC,BNY MELLON ETF TRUST,1484,1484,212.79K,212.79K,NEW,<.01%
138035704,CGC,CANOPY GROWTH CORPORATION,279724,222971,266.54K,212.46K,+392.9%,<.01%
559663109,MGY,MAGNOLIA OIL & GAS CORP,47342,8284,1.21M,211.9K,+21.2%,<.01%
397624206,GEFB,GREIF INC,2260,2260,211.4K,211.4K,NEW,<.01%
03980N107,ARDT,ARDENT HEALTH INC,105004,21290,1.03M,209.49K,+25.4%,<.01%
22658D100,CRCT,CRICUT INC,976355,47334,4.29M,207.8K,+5.1%,<.01%
87305R109,TTMI,TTM TECHNOLOGIES INC,14446,1111,2.7M,207.78K,+8.3%,<.01%
12738K109,CDLR,CADELER A S,40635,9452,890.31K,207.09K,+30.3%,<.01%
G9009S103,BLZR,TRAILBLAZER ACQUISITION CORP,1111421,20261,11.25M,205.04K,+1.9%,<.01%
464287879,IJS,ISHARES TR,1498,1498,204.75K,204.75K,NEW,<.01%
46641Q167,JAVA,J P MORGAN EXCHANGE TRADED F,2576,2576,204.56K,204.56K,NEW,<.01%
G0474D101,APUR,APERTURE AC,20606,20606,204K,204K,NEW,<.01%
68062P106,OLMA,OLEMA PHARMACEUTICALS INC,55519,16289,694.54K,203.78K,+41.5%,<.01%
57637H103,MCFT,MASTERCRAFT BOAT HLDGS INC,7887,7887,203.64K,203.64K,NEW,<.01%
629445206,NVEC,NVE CORP,1940,1940,202.83K,202.83K,NEW,<.01%
11040G103,VTOL,BRISTOW GROUP INC,142698,4895,5.9M,202.26K,+3.6%,<.01%
39986L109,GRWG,GROWGENERATION CORP,514602,134340,761.61K,198.82K,+35.3%,<.01%
98955K104,ZVIA,ZEVIA PBC,552596,121961,900.73K,198.8K,+28.3%,<.01%
00770C101,ARQ,ARQ INC,358479,76651,914.12K,195.46K,+27.2%,<.01%
05605H100,BWXT,BWX TECHNOLOGIES INC,19629,1000,3.82M,194.65K,+5.4%,<.01%
78781J109,SAIL,SAILPOINT INC,28456,13172,416.6K,192.84K,+86.2%,<.01%
105532105,BAK,BRASKEM SA,78880,78880,192.47K,192.47K,NEW,<.01%
359678109,FLL,FULL HSE RESORTS INC,81899,68543,228.5K,191.23K,+513.2%,<.01%
83419D201,SLSR,SOLARIS RES INC,225200,22700,1.89M,190.75K,+11.2%,<.01%
88422P109,TCBX,THIRD COAST BANCSHARES INC,10242,4641,413.78K,187.5K,+82.9%,<.01%
59516C106,MVST,MICROVAST HOLDINGS INC,216000,158886,252.72K,185.9K,+278.2%,<.01%
032797300,AVXL,ANAVEX LIFE SCIENCES CORP,115462,70606,299.05K,182.87K,+157.4%,<.01%
98585X104,YETI,YETI HLDGS INC,12467,3645,617.87K,180.65K,+41.3%,<.01%
G1196A102,BPAC,BLUEPORT ACQUISITION LTD,33270,17660,337.02K,178.9K,+113.1%,<.01%
54738L109,LOVE,LOVESAC CO,221315,10718,3.69M,178.88K,+5.1%,<.01%
30234F101,XZO,EXZEO GROUP INC,10170,10170,171.57K,171.57K,NEW,<.01%
G0R21F105,TRAD,APEX TECH ACQUISITION INC,17221,17221,171.35K,171.35K,NEW,<.01%
G2131M110,CXIIW,CHURCHILL CAP CORP XII,100000,100000,170K,170K,NEW,<.01%
M85548101,SSYS,STRATASYS LTD,86605,19662,741.34K,168.31K,+29.4%,<.01%
75025X100,RLGT,RADIANT LOGISTICS INC,336245,17672,3.18M,167.18K,+5.5%,<.01%
011311107,ALG,ALAMO GROUP INC,8973,1000,1.48M,164.49K,+12.5%,<.01%
115637100,BF.A,BROWN FORMAN CORP,35172,5948,962.31K,162.74K,+20.4%,<.01%
253798102,DGII,DIGI INTL INC,27464,2123,2.06M,159.12K,+8.4%,<.01%
374163103,GERN,GERON CORP,123931,123931,158.63K,158.63K,NEW,<.01%
92915B106,VYGR,VOYAGER THERAPEUTICS INC,143992,45276,503.97K,158.47K,+45.9%,<.01%
35953D401,FUBO,FUBOTV INC,332832,17030,3.06M,156.68K,+5.4%,<.01%
767204100,RIO,RIO TINTO PLC,54640,1647,5.19M,156.35K,+3.1%,<.01%
664121100,NECB,NORTHEAST CMNTY BANCORP INC,19500,5628,540.93K,156.12K,+40.6%,<.01%
825107105,SHBI,SHORE BANCSHARES INC,55940,6647,1.28M,152.55K,+13.5%,<.01%
37253A103,THRM,GENTHERM INC,116977,4438,3.99M,151.38K,+3.9%,<.01%
45782N108,INSE,INSPIRED ENTMT INC,35616,18236,293.83K,150.45K,+104.9%,<.01%
419596101,HVT,HAVERTY FURNITURE COS INC,79138,5846,2.02M,149.25K,+8%,<.01%
28238P109,EHTH,EHEALTH INC,568229,98678,846.66K,147.03K,+21%,<.01%
00162Q460,ACES,ALPS ETF TR,39824,4113,1.41M,145.72K,+11.5%,<.01%
G48833118,WFRD,WEATHERFORD INTL PLC,198554,1788,16.18M,145.72K,+0.9%,<.01%
387432107,GRNT,GRANITE RIDGE RESOURCES INC,47234,32631,208.3K,143.9K,+223.5%,<.01%
404609109,HCKT,HACKETT GROUP INC,31712,13178,341.54K,141.93K,+71.1%,<.01%
53216B104,LFMD,LIFEMD INC,32924,32924,135.98K,135.98K,NEW,<.01%
G3R41C102,FGII,FG IMPERII ACQUISITION CORP,13545,13545,134.5K,134.5K,NEW,<.01%
60705V103,MOBI,MOBIA MED INC,10000,10000,134K,134K,NEW,<.01%
981475106,WKC,WORLD KINECT CORPORATION,332207,3973,10.94M,130.87K,+1.2%,<.01%
00258Y104,ABX,ABACUS GLOBAL MGMT INC,12197,12197,130.63K,130.63K,NEW,<.01%
317585404,FISI,FINANCIAL INSTITUTIONS INC,10598,3345,413K,130.35K,+46.1%,<.01%
550249106,LMRI,LUMEXA IMAGING HOLDINGS INC,27800,11382,313.58K,128.39K,+69.3%,<.01%
518613203,LAUR,LAUREATE ED INC,138657,3529,5.04M,128.17K,+2.6%,<.01%
00770K202,AMTX,AEMETIS INC,623028,77599,1.02M,127.26K,+14.2%,<.01%
898697206,TCX,TUCOWS INC,46334,9426,624.12K,126.97K,+25.5%,<.01%
910710102,ACIC,AMERICAN COASTAL INS CORP,11422,11422,126.78K,126.78K,NEW,<.01%
98422E103,XERS,XERIS BIOPHARMA HOLDINGS INC,7804758,15947,61.81M,126.3K,+0.2%,0.04%
91388P105,ULH,UNIVERSAL LOGISTICS HLDGS IN,18617,8429,275.53K,124.75K,+82.7%,<.01%
06684L103,BZUN,BAOZUN INC,313347,43856,886.77K,124.11K,+16.3%,<.01%
78349D107,RXST,RXSIGHT INC,1985215,25483,9.57M,122.83K,+1.3%,<.01%
G7500M104,RNW,RENEW ENERGY GLOBAL PLC,932619,19652,5.83M,122.83K,+2.2%,<.01%
761624105,REX,REX AMERICAN RES CORP,646597,2702,29.19M,122K,+0.4%,0.02%
86614G101,SMC,SUMMIT MIDSTREAM CORPORATION,26037,4274,741.53K,121.72K,+19.6%,<.01%
17133Q502,CHT,CHUNGHWA TELECOM CO LTD,31372,2730,1.39M,120.83K,+9.5%,<.01%
G44055120,HCICR,HENNESSY CAP INVTS CORP VIII,750000,750000,120.75K,120.75K,NEW,<.01%
31847R102,FAF,FIRST AMERN FINL CORP,10800,1756,740.77K,120.44K,+19.4%,<.01%
75574U101,RC,READY CAPITAL CORP,727537,68350,1.27M,119.61K,+10.4%,<.01%
75902K106,RM,REGIONAL MGMT CORP,16438,2893,677.25K,119.19K,+21.4%,<.01%
H8088L103,SRAD,SPORTRADAR GROUP AG,41150,7955,616.02K,119.09K,+24%,<.01%
M8744T106,TBLA,TABOOLA.COM LTD,990744,22239,4.95M,111.19K,+2.3%,<.01%
071813109,BAX,BAXTER INTL INC,15872,5135,338.39K,109.48K,+47.8%,<.01%
87266M107,TRTX,TPG RE FIN TR INC,13004,13004,108.84K,108.84K,NEW,<.01%
G24498134,ARCLR,ARC GROUP ACQUISITION I CORP,460000,460000,108.01K,108.01K,NEW,<.01%
820014405,SBET,SHARPLINK INC,22500,22500,108K,108K,NEW,<.01%
088786108,BCYC,BICYCLE THERAPEUTICS PLC,25457,25457,107.94K,107.94K,NEW,<.01%
03464Y108,AOMR,ANGEL OAK MORTGAGE REIT INC,11876,11876,107.83K,107.83K,NEW,<.01%
903002103,UMH,UMH PPTYS INC,132403,7068,2M,107.01K,+5.6%,<.01%
97651M109,WIT,WIPRO LTD,46932,46932,105.6K,105.6K,NEW,<.01%
68752M108,OFIX,ORTHOFIX MED INC,11400,11400,104.2K,104.2K,NEW,<.01%
G73167127,,QUANTUM LEAP ACQUISITION COR,800000,800000,104K,104K,NEW,<.01%
02128L106,ALTG,ALTA EQUIPMENT GROUP INC,15993,15993,103.47K,103.47K,NEW,<.01%
101044105,BOC,BOSTON OMAHA CORP,65517,7586,893.65K,103.47K,+13.1%,<.01%
37959E102,GL,GLOBE LIFE INC,3605,575,644.14K,102.74K,+19%,<.01%
M4R82T106,FVRR,FIVERR INTL LTD,53820,9892,555.42K,102.09K,+22.5%,<.01%
G5T117110,MYXXR,MAYWOOD ACQUISITION CORP 2,425000,425000,102K,102K,NEW,<.01%
83410S108,SOHU,SOHU COM LTD,181616,8186,2.2M,99.21K,+4.7%,<.01%
690469101,OVID,OVID THERAPEUTICS INC,36877,36877,99.2K,99.2K,NEW,<.01%
00810F106,ASLE,AERSALE CORPORATION,396300,15266,2.5M,96.48K,+4%,<.01%
44916Y106,PURR,HYPERLIQUID STRATEGIES INC,12226,12226,96.22K,96.22K,NEW,<.01%
15961R303,CHPT,CHARGEPOINT HOLDINGS INC,16234,16234,95.94K,95.94K,NEW,<.01%
16679L109,CHWY,CHEWY INC,30104,4848,591.54K,95.26K,+19.2%,<.01%
204429104,CCU,COMPANIA CERVECERIAS UNIDAS,114779,8284,1.29M,92.78K,+7.8%,<.01%
87821B117,TMSWW,TEAMSHARES INC,62500,62500,91.88K,91.88K,NEW,<.01%
03213A104,AMPL,AMPLITUDE INC,11900,11900,91.03K,91.03K,NEW,<.01%
959802109,WU,WESTERN UN CO,11300,11300,87.01K,87.01K,NEW,<.01%
23130Q107,CURI,CURIOSITYSTREAM INC,163927,32623,436.05K,86.78K,+24.8%,<.01%
56089A400,MKO.V,MAKO MNG CORP,11800,11800,86.69K,86.69K,NEW,<.01%
553810102,MVBF,MVB FINL CORP,16947,2972,491.63K,86.22K,+21.3%,<.01%
85238K118,USDEW,STABLECOINX INC,200000,200000,82K,82K,NEW,<.01%
28256A117,ENRDW,EINRIDE AB,136100,136100,81.66K,81.66K,NEW,<.01%
00972D105,AKBA,AKEBIA THREAPEUTICS INC,87722,71616,100K,81.64K,+444.7%,<.01%
04681Y103,ASIC,ATEGRITY SPECIALTY IN CO HO,30871,3392,742.14K,81.54K,+12.3%,<.01%
03843E104,AQST,AQUESTIVE THERAPEUTICS INC,37640,19491,156.58K,81.08K,+107.4%,<.01%
G5093B113,,JENA ACQUISITION CORP II,475000,475000,80.75K,80.75K,NEW,<.01%
87876P201,TGEN,TECOGEN INC NEW,15339,15339,80.07K,80.07K,NEW,<.01%
G6881J110,PALOW,PALOMA ACQUISITION CORP I,225000,225000,78.75K,78.75K,NEW,<.01%
47973J102,JYNT,JOINT CORP,115698,8939,1.02M,78.48K,+8.4%,<.01%
78464A722,XPH,SPDR SERIES TRUST,11416,1180,756.54K,78.2K,+11.5%,<.01%
64428N109,NUAI,NEW ERA ENERGY & DIGITAL INC,12110,12110,77.26K,77.26K,NEW,<.01%
670837103,OGE,OGE ENERGY CORP,13120,1583,638.42K,77.03K,+13.7%,<.01%
74766Q101,QTRX,QUANTERIX CORP,17672,17672,76.34K,76.34K,NEW,<.01%
649604840,ADAM,ADAMAS TRUST INC.,27533,7801,258.26K,73.17K,+39.5%,<.01%
02451V309,ABAT,AMERICAN BATTERY TECHNOLOGY,41197,25697,116.59K,72.72K,+165.8%,<.01%
87936R205,VIV,TELEFONICA BRASIL SA,104423,5429,1.37M,71.45K,+5.5%,<.01%
G62980118,MCAHR,MOUNTAIN CREST ACQUISITION 6,285000,285000,71.28K,71.28K,NEW,<.01%
948596101,WB,WEIBO CORP,644960,9704,4.68M,70.45K,+1.5%,<.01%
30068X103,XGN,EXAGEN INC,49712,15143,231.16K,70.42K,+43.8%,<.01%
30049A107,EPM,EVOLUTION PETE CORP,46464,18776,170.99K,69.1K,+67.8%,<.01%
000868109,ACNB,ACNB CORP,7371,1138,437.69K,67.57K,+18.3%,<.01%
10949T109,BRSP,BRIGHTSPIRE CAPITAL INC,12062,12062,65.74K,65.74K,NEW,<.01%
20451W101,CMPS,COMPASS PATHWAYS PLC,240874,4494,3.41M,63.59K,+1.9%,<.01%
46137V373,RSPS,INVESCO EXCHANGE TRADED FD T,11716,2081,351.25K,62.39K,+21.6%,<.01%
G9037S117,TRGSR,TRG LATIN AMER ACQUIS CORP,350000,350000,61.74K,61.74K,NEW,<.01%
00109K105,AFCG,ADVANCED FLOWER CAP INC,116471,18847,361.06K,58.43K,+19.3%,<.01%
G7341A111,PAACW,PROEM ACQUISITION CORP I,150000,150000,57.9K,57.9K,NEW,<.01%
98980B103,ZIP,ZIPRECRUITER INC,760778,14984,2.85M,56.19K,+2%,<.01%
910340108,UFCS,UNITED FIRE GROUP INC,7483,1048,392.41K,54.96K,+16.3%,<.01%
528872302,LXRX,LEXICON PHARMACEUTICALS INC,22200,22200,53.28K,53.28K,NEW,<.01%
G24498126,ARCLW,ARC GROUP ACQUISITION I CORP,460000,460000,51.75K,51.75K,NEW,<.01%
453204109,PI,IMPINJ INC,7620,351,1.09M,50.27K,+4.8%,<.01%
66611T108,NFBK,NORTHFIELD BANCORP INC DEL,216252,3410,3.19M,50.23K,+1.6%,<.01%
G6791A100,OTGA,OTG ACQUISITION CORP. I,483883,4931,4.92M,50.1K,+1%,<.01%
746228303,PCYO,PURE CYCLE CORP,63678,4567,681.99K,48.91K,+7.7%,<.01%
74158E104,PNRG,PRIMEENERGY RESOURCES CORP,37846,281,6.32M,46.9K,+0.7%,<.01%
78413P101,SMHI,SEACOR MARINE HLDGS INC,65633,5983,502.09K,45.77K,+10%,<.01%
01626W101,ALIT,ALIGHT INC,25650231,80384,14.36M,45.02K,+0.3%,<.01%
G8303R118,TMTSW,SPARTACUS ACQUISITION CORP I,83333,83333,45.01K,45.01K,NEW,<.01%
G0233J100,ALUB,ALUSSA ENERGY ACQUISIT CORP,555015,4442,5.57M,44.6K,+0.8%,<.01%
G4569C119,HVMCW,HIGHVIEW MERGER CORP,125000,125000,43.75K,43.75K,NEW,<.01%
74365U107,TARA,PROTARA THERAPEUTICS INC,11113,11113,42.45K,42.45K,NEW,<.01%
00215F107,ATNI,ATN INTL INC,375137,1566,9.94M,41.48K,+0.4%,<.01%
G01125106,AFYA,AFYA LTD,107284,2778,1.59M,41.23K,+2.7%,<.01%
920253101,VMI,VALMONT INDS INC,20026,71,11.57M,41.01K,+0.4%,<.01%
19761L706,RECS,COLUMBIA ETF TR I,8547,845,369.91K,36.57K,+11%,<.01%
04208T108,AHRT,AH RLTY TR INC,19048,4997,134.86K,35.38K,+35.6%,<.01%
63886Q109,NGS,NATURAL GAS SVCS GROUP INC,40422,803,1.74M,34.64K,+2%,<.01%
G9584S106,WSTN,WESTIN ACQUISITION CORP,158095,3395,1.6M,34.36K,+2.2%,<.01%
30347G111,FACWW,FACTORIAL ENERGY INC,25000,25000,34K,34K,NEW,<.01%
143905107,CSV,CARRIAGE SVCS INC,10419,852,399.46K,32.67K,+8.9%,<.01%
978097103,WWW,WOLVERINE WORLD WIDE INC,150237,1925,2.48M,31.82K,+1.3%,<.01%
29286X119,ENGNW,ENGENE THERAPEUTICS INC,104622,104622,30.33K,30.33K,NEW,<.01%
G1144A105,BTBT,BIT DIGITAL INC,60263,16639,108.47K,29.95K,+38.1%,<.01%
88822Q103,TIPT,TIPTREE INC,187703,1666,3.36M,29.85K,+0.9%,<.01%
G5T117136,MYXXW,MAYWOOD ACQUISITION CORP 2,425000,425000,29.75K,29.75K,NEW,<.01%
817565104,SCI,SERVICE CORP INTL,426067,387,32.36M,29.4K,+0.1%,0.02%
966084204,WSR,WHITESTONE REIT,20764,1544,393.69K,29.27K,+8%,<.01%
G4727U118,IACOW,IDEA ACQUISITION CORP,83333,83333,29.17K,29.17K,NEW,<.01%
40500A116,HDRNW,HADRON ENERGY INC,175000,175000,28.35K,28.35K,NEW,<.01%
G4809J106,IGIC,INTL GNRL INSURANCE HLDNGS L,15584,1048,407.83K,27.43K,+7.2%,<.01%
75134P501,METCB,RAMACO RES INC,71158,3085,608.4K,26.38K,+4.5%,<.01%
016230104,ALCO,ALICO INC,14213,609,587.99K,25.19K,+4.5%,<.01%
G53157114,,KPET ULTRA PACELINE CORP,33333,33333,23K,23K,NEW,<.01%
33830T103,FSBC,FIVE STAR BANCORP,16892,466,822.47K,22.69K,+2.8%,<.01%
05338N101,AVAT,AVALANCHE TREAS CORP,44469,44469,22.25K,22.25K,NEW,<.01%
556099109,MGNX,MACROGENICS INC,1062991,4567,4.91M,21.1K,+0.4%,<.01%
74255Y607,PSC,PRINCIPAL EXCHANGE TRADED FD,6698,300,469.69K,21.04K,+4.7%,<.01%
G9471C206,EVTL,VERTICAL AEROSPACE LTD,11021,11021,19.18K,19.18K,NEW,<.01%
620071100,MPAA,MOTORCAR PTS AMER INC,30463,1239,466.69K,18.98K,+4.2%,<.01%
G7314B104,QSEA,QUARTZSEA ACQUISITION CORP,171612,1500,1.81M,15.78K,+0.9%,<.01%
464288737,KXI,ISHARES TR,5130,196,346.43K,13.24K,+4%,<.01%
G5315G106,KRAQ,KRAKACQUISITION CORPORATION,601159,1159,6.01M,11.59K,+0.2%,<.01%
G8772L105,TVA,TEXAS VENTURES ACQUISITION I,681000,1000,7.18M,10.55K,+0.1%,<.01%
G25014104,CRAN,CRANE HBR ACQUISITION CORP I,691560,1000,7.01M,10.14K,+0.1%,<.01%
56146T103,MAMA,MAMAS CREATIONS INC,31396,540,560.42K,9.64K,+1.8%,<.01%
G2086N105,CHEC,CHENGHE ACQUISITION III CO,86915,915,883.06K,9.3K,+1.1%,<.01%
G63113115,,MOZAYYX ACQUISITION CORP,12500,12500,8.78K,8.78K,NEW,<.01%
B9151N105,TTAM,TITAN AMER SA,12030,446,224.48K,8.32K,+3.9%,<.01%
535555106,LNN,LINDSAY CORP,9476,61,1.17M,7.55K,+0.6%,<.01%
799566104,SANA,SANA BIOTECHNOLOGY INC,40090,1420,139.91K,4.96K,+3.7%,<.01%
85512G106,STHO,STAR HLDGS,51616,533,471.25K,4.87K,+1%,<.01%
Y27183600,GSL,GLOBAL SHIP LEASE INC,224649,126,8.45M,4.74K,+0.1%,<.01%
93148P102,WD,WALKER & DUNLOP INC,18831,76,1.03M,4.16K,+0.4%,<.01%
G8559L112,SSEA,STARRY SEA ACQUISITION CORP,26201,401,268.3K,4.11K,+1.6%,<.01%
G5345D107,ZKP,LAFAYETTE DIGITAL ACQUISITIO,478915,400,4.78M,3.99K,+0.1%,<.01%
G0081J103,AEAQ,ACTIVATE ENERGY ACQUISIT COR,127282,381,1.27M,3.81K,+0.3%,<.01%
18453H106,CCO,CLEAR CHANNEL OUTDOOR HLDGS,3111460,1232,7.53M,2.98K,+0%,<.01%
M98068105,WIX,WIX COM LTD,12869,43,583.87K,1.95K,+0.3%,<.01%
38741L107,GPMT,GRANITE PT MTG TR INC,825788,1235,1.24M,1.85K,+0.1%,<.01%
53947R105,LOAR,LOAR HOLDINGS INC,8830,21,711.79K,1.69K,+0.2%,<.01%
79957L100,SMTI,SANARA MEDTECH INC,16370,47,386.17K,1.11K,+0.3%,<.01%
G0750N104,AXIN,AXIOM INTELLIGENCE AC CORP 1,968981,100,10.02M,1.03K,+0%,<.01%
G2584S101,KOYN,CSLM DIGITA ASSET ACQ CORP I,572077,100,5.8M,1.01K,+0%,<.01%
20440W105,SID,COMPANHIA SIDERURGICA NACION,40988,133,37.5K,121.69,+0.3%,<.01%
030371108,AVD,AMERICAN VANGUARD CORP,530006,26,1.48M,72.8,+0%,<.01%
G6757R105,ONCH,1RT ACQUISITION CORP.,29952,5,306.71K,51.2,+0%,<.01%
G4940M109,IRAB,IRIS ACQUISITION CORP II,420601,1,4.18M,9.93,+0%,<.01%
17253JAA4,CIFR,CIPHER DIGITAL INC,36626000,0,205.93M,0,NO CHANGE,0.13%
45867GAD3,IDCC,INTERDIGITAL INC,51837000,0,189.86M,0,NO CHANGE,0.12%
012653200,ALBPA,ALBEMARLE CORP,2925700,0,162.4M,0,NO CHANGE,0.1%
767292105,RIOT,RIOT PLATFORMS INC,5455200,0,149.36M,0,NO CHANGE,0.09%
116794207,BRKRP,BRUKER CORP,205000,0,91.48M,0,NO CHANGE,0.06%
62914VAJ5,NIO,NIO INC,84700000,0,85.76M,0,NO CHANGE,0.05%
82452J307,FOUR,SHIFT4 PMTS INC,1235207,0,76.75M,0,NO CHANGE,0.05%
83304AAK2,SNAP,SNAP INC,77386000,0,63.39M,0,NO CHANGE,0.04%
451051106,IBTA,IBOTTA INC,1690546,0,57.75M,0,NO CHANGE,0.04%
91332UAB7,U,UNITY SOFTWARE INC,57996000,0,57.06M,0,NO CHANGE,0.04%
29446YAC0,EQX,EQUINOX GOLD CORP,33820000,0,57M,0,NO CHANGE,0.04%
83304AAH9,SNAP,SNAP INC,54068000,0,49.96M,0,NO CHANGE,0.03%
85205TAQ3,SPR,SPIRIT AEROSYSTEMS INC,26547000,0,41.42M,0,NO CHANGE,0.03%
62914VAK2,NIO,NIO INC,38250000,0,38.42M,0,NO CHANGE,0.02%
65339F119,NEEPRT,NEXTERA ENERGY INC,764181,0,38.26M,0,NO CHANGE,0.02%
282914AE0,EGHT,8X8 INC NEW,40733000,0,37.76M,0,NO CHANGE,0.02%
29355AAK3,ENPH,ENPHASE ENERGY INC,38785000,0,36.25M,0,NO CHANGE,0.02%
156431AQ1,CENX,CENTURY ALUM CO,13512000,0,33.4M,0,NO CHANGE,0.02%
69349HAF4,TXNM,TXNM ENERGY INC,24350000,0,31.78M,0,NO CHANGE,0.02%
91680MAF4,UPST,UPSTART HLDGS INC,34374000,0,28.21M,0,NO CHANGE,0.02%
963320205,WHR-PA,WHIRLPOOL CORP,800000,0,28.14M,0,NO CHANGE,0.02%
090043AD2,BILL,BILL HOLDINGS INC,27902000,0,27.01M,0,NO CHANGE,0.02%
86333MAA6,LRN,STRIDE INC,15471000,0,26.07M,0,NO CHANGE,0.02%
88162F105,TTI,TETRA TECHNOLOGIES INC DEL,2136547,0,24.21M,0,NO CHANGE,0.01%
698884AH6,,PAR TECHNOLOGY CORP,28334000,0,23M,0,NO CHANGE,0.01%
G2131A108,CCXI,CHURCHILL CAP CORP XI,1297180,0,22.64M,0,NO CHANGE,0.01%
163092AF6,CHGG,CHEGG INC,21257000,0,20.37M,0,NO CHANGE,0.01%
G1828E100,CEPF,CANTOR EQUITY PARTNERS IV IN,1831856,0,19.05M,0,NO CHANGE,0.01%
88339PAD3,REAL,THE REALREAL INC,20125000,0,18.57M,0,NO CHANGE,0.01%
399473AH0,GRPN,GROUPON INC,15350000,0,17.24M,0,NO CHANGE,0.01%
70509VAA8,PEB,PEBBLEBROOK HOTEL TR,16583000,0,16.49M,0,NO CHANGE,0.01%
803607AD2,SRPT,SAREPTA THERAPEUTICS INC,16897000,0,15.94M,0,NO CHANGE,<.01%
46267XAK4,,IQIYI INC,17400000,0,15.93M,0,NO CHANGE,<.01%
G52258111,KFII,K&F GROWTH ACQUISITION CORP,1422909,0,15.03M,0,NO CHANGE,<.01%
30050BAH4,EVH,EVOLENT HEALTH INC,20181000,0,14.92M,0,NO CHANGE,<.01%
G3106Q102,EVAC,EQV VENTURES AC CORP. II,1460600,0,14.87M,0,NO CHANGE,<.01%
76155X118,RVMDW,REVOLUTION MEDICINES INC,1580345,0,14.86M,0,NO CHANGE,<.01%
G2616F101,BCAR,D. BORAL ARC ACQ I CORP.,1385950,0,14.46M,0,NO CHANGE,<.01%
G9R39C103,WENN,WEN ACQUISITION CORP,1384342,0,14.24M,0,NO CHANGE,<.01%
G0273J101,AEXA,AMERICAN EXCEPTIONALISM ACQU,1200000,0,14.18M,0,NO CHANGE,<.01%
G8901A103,TACH,TITAN ACQUISITION CORP,1353849,0,14.09M,0,NO CHANGE,<.01%
G21301109,CCIX,CHURCHILL CAPITAL CORP IX,1230669,0,13.4M,0,NO CHANGE,<.01%
G2003N105,BEAG,BOLD EAGLE ACQUISITION CORP,1237500,0,13.22M,0,NO CHANGE,<.01%
G1368E106,BLUW,BLUE WTR ACQUISITION CORP. I,1252350,0,12.91M,0,NO CHANGE,<.01%
G6861F104,OYSE,OYSTER ENTERPRISES II ACQUIS,1252350,0,12.91M,0,NO CHANGE,<.01%
G7117W107,PACH,PIONEER ACQUISITION I CORP,1252350,0,12.79M,0,NO CHANGE,<.01%
G6858G107,OBA,OXLEY BRIDGE ACQ LTD,1245573,0,12.75M,0,NO CHANGE,<.01%
G8274J103,SORN,SOREN ACQUISITION CORP,1252000,0,12.42M,0,NO CHANGE,<.01%
G04537109,ATII,ARCHIMEDES TECH SPAC PARTNER,1138500,0,12.27M,0,NO CHANGE,<.01%
G26745102,POLE,ANDRETTI ACQUISITION CORP II,1138500,0,12.24M,0,NO CHANGE,<.01%
G5S87A105,LPBB,LAUNCH TWO ACQUISITION CORP.,1138500,0,12.2M,0,NO CHANGE,<.01%
G4992A110,JACS,JACKSON ACQUISITION CO II,1138500,0,12.11M,0,NO CHANGE,<.01%
753422AH7,RPD,RAPID7 INC,14250000,0,12.09M,0,NO CHANGE,<.01%
G6032N101,MESH,MESHFLOW ACQUISITION CORP,1207700,0,12.09M,0,NO CHANGE,<.01%
G7633M104,DRDB,ROMAN DBDR ACQUISITION CORP,1137788,0,11.99M,0,NO CHANGE,<.01%
G75751100,RAC,RITHM ACQUISITION CORP,1090000,0,11.4M,0,NO CHANGE,<.01%
G5490M100,LWAC,LIGHTWAVE ACQUISITION CORP,1067343,0,10.94M,0,NO CHANGE,<.01%
05614L209,BW,BABCOCK & WILCOX ENTERPRISES,772100,0,10.89M,0,NO CHANGE,<.01%
G5S86M100,LPAA,LAUNCH ONE ACQUISITION CORP,990000,0,10.75M,0,NO CHANGE,<.01%
G4036C106,GRAF,GRAF GLOBAL CORP,989579,0,10.74M,0,NO CHANGE,<.01%
G81354105,SBXD,SILVERBOX CORP IV,989397,0,10.7M,0,NO CHANGE,<.01%
G5501C109,CUB,LIONHEART HOLDINGS,986472,0,10.62M,0,NO CHANGE,<.01%
G1331A108,BACC,BLUE ACQUISITION CORP.,988054,0,10.47M,0,NO CHANGE,<.01%
G04104108,APXT,APEX TREAS CORP,1033422,0,10.39M,0,NO CHANGE,<.01%
G8193F109,SZZL,SIZZLE ACQUISITION CORP. II,990000,0,10.26M,0,NO CHANGE,<.01%
G82745103,SOUL,SOULPOWER ACQUISITION CORP,990000,0,10.25M,0,NO CHANGE,<.01%
G7309T102,PAII,PYROPHYTE ACQUISITION CORP.,992036,0,10.12M,0,NO CHANGE,<.01%
G9580A109,VNME,VENDOME ACQUISITION CORP I,989142,0,10.11M,0,NO CHANGE,<.01%
G4405D107,HVII,HENNESSY CAP INVT CORP VII,940500,0,9.83M,0,NO CHANGE,<.01%
G1827P106,CEPT,CANTOR EQUITY PARTNERS II IN,704187,0,9.45M,0,NO CHANGE,<.01%
G01558108,ALDF,ALDEL FINL II INC,880057,0,9.4M,0,NO CHANGE,<.01%
G4002F109,GTEN,GORES HLDGS X INC,900000,0,9.39M,0,NO CHANGE,<.01%
G6717R104,OACC,OAKTREE ACQUISITION CORP III,861625,0,9.23M,0,NO CHANGE,<.01%
G32901103,FACT,FACT II ACQUISITION CORP,866244,0,9.21M,0,NO CHANGE,<.01%
G7134A104,PLMK,PLUM ACQUISITION CORP IV,853875,0,9.1M,0,NO CHANGE,<.01%
G6439S109,NTWO,NEWBURY STR II ACQUISITION C,853875,0,9.08M,0,NO CHANGE,<.01%
G87890102,TVAI,THAYER VENTURES ACQ CORP II,875000,0,9.05M,0,NO CHANGE,<.01%
G2868C103,DAAQ,DIGITAL ASSET ACQUISITION CO,850000,0,8.82M,0,NO CHANGE,<.01%
G82617104,SOCA,SOLARIUS CAPITAL ACQU CORP,853875,0,8.78M,0,NO CHANGE,<.01%
G2574F119,CRAC,CROWN RESV ACQUISITION CORP,853875,0,8.63M,0,NO CHANGE,<.01%
G8662J111,TDWD,TAILWIND 2.0 ACQUISITION COR,842500,0,8.45M,0,NO CHANGE,<.01%
64129H104,NML,NEUBERGER ENGY INFRSTR & INC,813814,0,8.25M,0,NO CHANGE,<.01%
G8475V103,SVCC,STELLAR V CAP CORP,742490,0,7.81M,0,NO CHANGE,<.01%
G98659116,MCGA,YORKVILLE ACQUISITION CORP.,750000,0,7.66M,0,NO CHANGE,<.01%
G2946P100,EGHA,EGH ACQUISITION CORP.,742500,0,7.65M,0,NO CHANGE,<.01%
G3864J100,GIW,GIGCAPITAL8 CORP,759000,0,7.64M,0,NO CHANGE,<.01%
G3473K100,FIGX,FIGX CAP ACQUISITION CORP.,740851,0,7.58M,0,NO CHANGE,<.01%
G6S74K106,OIM,ONEIM ACQUISITION CORP,750000,0,7.56M,0,NO CHANGE,<.01%
G4R12K107,GSRF,GSR IV ACQUISITION CORP,710272,0,7.22M,0,NO CHANGE,<.01%
G3226F101,EVOX,EVOLUTION GLOBAL ACQUISITION,719997,0,7.21M,0,NO CHANGE,<.01%
G9582G104,VACI,VIKING ACQUISITION CORP I,684454,0,7M,0,NO CHANGE,<.01%
G7375J103,RNGT,RANGE CAP ACQUISITION CORP I,689842,0,6.95M,0,NO CHANGE,<.01%
G8118C124,SDHIU,SIDDHI ACQUISITION CORP,661578,0,6.88M,0,NO CHANGE,<.01%
G2616T101,DBCA,D BORAL ACQUISITION I CORP,690000,0,6.88M,0,NO CHANGE,<.01%
G4802J103,IEAG,INFINITE EAGLE ACQUISITION C,625000,0,6.33M,0,NO CHANGE,<.01%
G0509J115,AACB,ARTIUS II ACQUISITION INC,600000,0,6.29M,0,NO CHANGE,<.01%
G24243100,COPL,COPLEY ACQUISITION CORP,600000,0,6.26M,0,NO CHANGE,<.01%
G2867S109,IPOD,COLLECTIVE ACQUISITION CORP,598000,0,6.24M,0,NO CHANGE,<.01%
G0R91M105,ADAC,AMERICAN DRIVE ACQUISITION C,609675,0,6.11M,0,NO CHANGE,<.01%
G2949T109,DNMX,DYNAMIX CORP III,603703,0,6.03M,0,NO CHANGE,<.01%
G9709D109,VHCP,VINE HILL CAP INVTS CORP II,588000,0,5.87M,0,NO CHANGE,<.01%
G3037D105,EMIS,EMMIS ACQUISITION CORP.,568400,0,5.79M,0,NO CHANGE,<.01%
G6375X104,NMP,NMP ACQUISITION CORP,562420,0,5.78M,0,NO CHANGE,<.01%
G1170E104,BBCQ,BLEICHROEDER ACQUISITI CORP,526364,0,5.43M,0,NO CHANGE,<.01%
76954AAD5,RIVN,RIVIAN AUTOMOTIVE INC,5000000,0,5.36M,0,NO CHANGE,<.01%
G7010A129,PMTR,PERIMETER ACQUISITION CORP I,500000,0,5.21M,0,NO CHANGE,<.01%
G8T088109,SSAC,SPACSPHERE ACQUISITION CORP,517000,0,5.16M,0,NO CHANGE,<.01%
G9833K102,XSLL,XSOLLA SPAC 1,510000,0,5.06M,0,NO CHANGE,<.01%
G7S17G103,PTOR,PRAETORIAN ACQUISITION CORP,500000,0,4.96M,0,NO CHANGE,<.01%
156727AD1,CRNC,CERENCE INC,5000000,0,4.63M,0,NO CHANGE,<.01%
G8773E100,BEBE,TGE VALUE CREATIVE SOLUTIONS,449038,0,4.48M,0,NO CHANGE,<.01%
G01336109,AIIA,AI INFRASTRUCTURE ACQUISI,414000,0,4.24M,0,NO CHANGE,<.01%
G7387B106,QUMS,QUANTUMSPHERE ACQUISITION CO,409860,0,4.19M,0,NO CHANGE,<.01%
G5225W100,KBON,KARBON CAP PARTNERS CORP,400000,0,4.03M,0,NO CHANGE,<.01%
G5226B105,KTWO,K2 CAP ACQUISITION CORP,400063,0,3.98M,0,NO CHANGE,<.01%
69331C306,PCGPRX,PG&E CORP,91700,0,3.8M,0,NO CHANGE,<.01%
G7318R105,LEGO,LEGATO MERGER CORP IV,375000,0,3.72M,0,NO CHANGE,<.01%
G5353S103,LCCC,LAKESHORE ACQUISITION III CO,337000,0,3.52M,0,NO CHANGE,<.01%
G96193100,WPAC,WHITE PEARL ACQUISITION CORP,345000,0,3.46M,0,NO CHANGE,<.01%
G2949D104,DYNC,DYNAMIX CORP,302200,0,3.26M,0,NO CHANGE,<.01%
282914100,EGHT,8X8 INC NEW,1836145,0,3.14M,0,NO CHANGE,<.01%
12664M103,NOEM,CO2 ENERGY TRANSITION CORP,280000,0,2.96M,0,NO CHANGE,<.01%
977852AP7,WOLF,WOLFSPEED INC,731000,0,2.88M,0,NO CHANGE,<.01%
G0131Y100,ANSC,AGRICULTURE & NAT SOL ACQ CO,250000,0,2.84M,0,NO CHANGE,<.01%
113006100,BBUC.TO,BROOKFIELD BUSINESS CORP,93626,0,2.79M,0,NO CHANGE,<.01%
G1000S109,YCY,AA MISSION ACQUISITION CORP,250000,0,2.54M,0,NO CHANGE,<.01%
30334J102,FGMC,FG MERGER II CORP,250000,0,2.52M,0,NO CHANGE,<.01%
576690101,MTRN,MATERION CORP,8210,0,2.44M,0,NO CHANGE,<.01%
G3730U107,FCRS,FUTURECREST ACQUISITION CORP,205000,0,2.11M,0,NO CHANGE,<.01%
G6001J107,IPEX,INFLECTION POINT ACQU CORP V,200000,0,2.1M,0,NO CHANGE,<.01%
G8375S101,SAAQ,SPACE ASSET ACQUISITION CORP,200000,0,2.03M,0,NO CHANGE,<.01%
G37068106,FVN,FUTURE VISION II ACQUISITION,184625,0,2.02M,0,NO CHANGE,<.01%
88688TAC4,TLRY,TILRAY BRANDS INC,2000000,0,2M,0,NO CHANGE,<.01%
G1771C101,ALIS,CALISA ACQUISITION CORP,174200,0,1.77M,0,NO CHANGE,<.01%
G9877L107,CHAR,CHARLTON ARIA ACQUISITION CO,150000,0,1.62M,0,NO CHANGE,<.01%
G7552W109,RIBB,RIBBON ACQUISITION CORP,150000,0,1.61M,0,NO CHANGE,<.01%
09262F100,ECAT,BLACKROCK ESG CAP ALLC TERM,98455,0,1.55M,0,NO CHANGE,<.01%
G7576K107,RDACU,RISING DRAGON ACQUISITION CO,273125,0,1.47M,0,NO CHANGE,<.01%
G2124S108,CHPG,CHAMPIONSGATE ACQUISITION CO,125000,0,1.3M,0,NO CHANGE,<.01%
46435G268,SMMD,ISHARES TR,11853,0,1.09M,0,NO CHANGE,<.01%
G73944103,RAAQ,REAL ASSET ACQUISITION CORP,100000,0,1.08M,0,NO CHANGE,<.01%
G7553X106,KRSP,RICE ACQUISITION CORP 3,102413,0,1.08M,0,NO CHANGE,<.01%
674599162,OXYWS,OCCIDENTAL PETE CORP,39904,0,1.06M,0,NO CHANGE,<.01%
G1828R101,CEPS,CANTOR EQUITY PARTNERS VI IN,100000,0,1.04M,0,NO CHANGE,<.01%
G9717M109,WTG,WINTERGREEN ACQUISITION CORP,100000,0,1.04M,0,NO CHANGE,<.01%
G1828S109,CEPV,CANTOR EQUITY PARTNERS V INC,100000,0,1.03M,0,NO CHANGE,<.01%
101121101,BXP,BXP INC,15400,0,1.02M,0,NO CHANGE,<.01%
36467W117,GME,GAMESTOP CORP NEW,365903,0,1.02M,0,NO CHANGE,<.01%
G2131A116,CCXIW,CHURCHILL CAP CORP XI,129718,0,972.88K,0,NO CHANGE,<.01%
447462102,HURN,HURON CONSULTING GROUP INC,10481,0,944.97K,0,NO CHANGE,<.01%
G1148A101,BKHA,BLACK HAWK ACQUISITION CORP,75000,0,882.75K,0,NO CHANGE,<.01%
G3934V109,GENI,GENIUS SPORTS LIMITED,144101,0,873.25K,0,NO CHANGE,<.01%
23804LAD5,DDOG,DATADOG INC,605000,0,861.35K,0,NO CHANGE,<.01%
46137V191,RFV,INVESCO EXCHANGE TRADED FD T,5133,0,733.66K,0,NO CHANGE,<.01%
33734X176,FXL,FIRST TR EXCHANGE-TRADED FD,2982,0,647.75K,0,NO CHANGE,<.01%
46137V845,PRN,INVESCO EXCHANGE TRADED FD T,2432,0,634.04K,0,NO CHANGE,<.01%
G04537125,ATIIW,ARCHIMEDES TECH SPAC PARTNER,287500,0,626.75K,0,NO CHANGE,<.01%
917488108,UTMD,UTAH MED PRODS INC,8735,0,602.54K,0,NO CHANGE,<.01%
37954Y624,DRIV,GLOBAL X FDS,14899,0,574.65K,0,NO CHANGE,<.01%
025072323,AVSC,AMERICAN CENTY ETF TR,7740,0,567.65K,0,NO CHANGE,<.01%
78464A771,KCE,SPDR SERIES TRUST,3311,0,487.5K,0,NO CHANGE,<.01%
115236101,BRO,BROWN & BROWN INC,7100,0,455.46K,0,NO CHANGE,<.01%
75524B104,RBC,RBC BEARINGS INC,680,0,437.96K,0,NO CHANGE,<.01%
233377407,DXPE,DXP ENTERPRISES INC,2494,0,420.84K,0,NO CHANGE,<.01%
40416E103,HCI,HCI GROUP INC,2400,0,420.6K,0,NO CHANGE,<.01%
G2616F119,BCARW,D. BORAL ARC ACQ I CORP.,225000,0,407.25K,0,NO CHANGE,<.01%
46138E586,KBWP,INVESCO EXCH TRADED FD TR II,3178,0,402.86K,0,NO CHANGE,<.01%
81369Y605,XLF,SELECT SECTOR SPDR TR,7100,0,380.63K,0,NO CHANGE,<.01%
00851L103,API,AGORA INC,94386,0,376.6K,0,NO CHANGE,<.01%
33734X101,FXD,FIRST TR EXCHANGE-TRADED FD,4864,0,336.43K,0,NO CHANGE,<.01%
97717W570,EZM,WISDOMTREE TR,4191,0,317.61K,0,NO CHANGE,<.01%
46137V308,PKW,INVESCO EXCHANGE TRADED FD T,2140,0,303.15K,0,NO CHANGE,<.01%
092915115,BZAIW,BLAIZE HLDGS INC,900000,0,297.27K,0,NO CHANGE,<.01%
92189F114,ESPO,VANECK ETF TRUST,3202,0,287.38K,0,NO CHANGE,<.01%
36170N115,GCTSWS,GCT SEMICONDUCTOR HLDG INC,575000,0,281.75K,0,NO CHANGE,<.01%
G4405D115,HVIIR,HENNESSY CAP INVT CORP VII,850000,0,272K,0,NO CHANGE,<.01%
G47875102,IPCX,INFLECTION PT ACQUISITION CO,25000,0,258K,0,NO CHANGE,<.01%
97717W562,EES,WISDOMTREE TR,3755,0,254.55K,0,NO CHANGE,<.01%
464288646,IGSB,ISHARES TR,4700,0,246.33K,0,NO CHANGE,<.01%
87283Q834,TOUS,T ROWE PRICE EXCHANGE-TRADED,6219,0,238.62K,0,NO CHANGE,<.01%
G7010A111,PMTRW,PERIMETER ACQUISITION CORP I,250000,0,237.45K,0,NO CHANGE,<.01%
G75751118,RACWS,RITHM ACQUISITION CORP,330000,0,235.22K,0,NO CHANGE,<.01%
G63638111,NAMM,NAMIB MINERALS,990000,0,217.8K,0,NO CHANGE,<.01%
78463X863,RWX,SPDR INDEX SHS FDS,7893,0,213.19K,0,NO CHANGE,<.01%
G4002F125,GTENW,GORES HLDGS X INC,225000,0,211.5K,0,NO CHANGE,<.01%
25985W204,DOYU,DOUYU INTL HLDGS LTD,44591,0,207.35K,0,NO CHANGE,<.01%
78137L113,RUMBW,RUM GROUP INC,106572,0,188.63K,0,NO CHANGE,<.01%
G73944111,RAAQW,REAL ASSET ACQUISITION CORP,50000,0,181K,0,NO CHANGE,<.01%
03945R110,ACHRWS,ARCHER AVIATION INC,1507382,0,180.89K,0,NO CHANGE,<.01%
H5870P110,OCSAW,OCULIS HOLDING AG,34716,0,173.58K,0,NO CHANGE,<.01%
64428N117,NUAIW,NEW ERA ENERGY & DIGITAL INC,49999,0,143.5K,0,NO CHANGE,<.01%
G21301117,CCIXW,CHURCHILL CAPITAL CORP IX,175000,0,136.5K,0,NO CHANGE,<.01%
G9580A117,VNMEW,VENDOME ACQUISITION CORP I,450000,0,135K,0,NO CHANGE,<.01%
G2662B111,CRMLW,CRITICAL METALS CORP,37500,0,134.62K,0,NO CHANGE,<.01%
462837105,UCFI,CN HEALTHY FOOD TECH GROUP C,23807,0,131.18K,0,NO CHANGE,<.01%
G6001J131,IPEXR,INFLECTION POINT ACQU CORP V,200000,0,130K,0,NO CHANGE,<.01%
G8254P111,SCPQW,SOCIAL COMM PARTNERS CORP,175000,0,128.62K,0,NO CHANGE,<.01%
269710117,NUCLW,EAGLE NUCLEAR ENERGY CORP,87883,0,127.43K,0,NO CHANGE,<.01%
G7309T110,PAII,PYROPHYTE ACQUISITION CORP.,250000,0,125K,0,NO CHANGE,<.01%
G4802J111,IEAGR,INFINITE EAGLE ACQUISITION C,625000,0,121.94K,0,NO CHANGE,<.01%
G87890110,TVAIR,THAYER VENTURES ACQ CORP II,625000,0,118.81K,0,NO CHANGE,<.01%
23834J110,DAVEW,DAVE INC,49200,0,117.1K,0,NO CHANGE,<.01%
G3106Q128,EVACU,EQV VENTURES AC CORP. II,272133,0,108.17K,0,NO CHANGE,<.01%
G71604113,CHECU,CHENGHE ACQUISITION II CO,87500,0,107.97K,0,NO CHANGE,<.01%
G6S74K114,OIMAW,ONEIM ACQUISITION CORP,125000,0,106.25K,0,NO CHANGE,<.01%
G7375C116,RANGR,RANGE CAP ACQUISITION CORP,375000,0,104.62K,0,NO CHANGE,<.01%
G8316B118,SPKLW,SPARK I ACQUISITION CORP,40596,0,97.43K,0,NO CHANGE,<.01%
76119X113,RSVRW,RESERVOIR MEDIA INC,547924,0,92.87K,0,NO CHANGE,<.01%
G1051H119,TACOW,BERTO ACQUISITION CORP,125000,0,92.5K,0,NO CHANGE,<.01%
G9831H119,XCBEW,X3 ACQUISITION CORP LTD,325000,0,91.68K,0,NO CHANGE,<.01%
G8274J111,SORNW,SOREN ACQUISITION CORP,308333,0,88.8K,0,NO CHANGE,<.01%
G77676115,,SAFEGUARD ACQUISITION CORP,150000,0,88.5K,0,NO CHANGE,<.01%
G9709D117,VHCPW,VINE HILL CAP INVTS CORP II,183333,0,84.33K,0,NO CHANGE,<.01%
29970N112,EVEXWS,EVE HLDG INC,484473,0,82.36K,0,NO CHANGE,<.01%
G8148S115,,SILVERBOX CORP V,166666,0,80K,0,NO CHANGE,<.01%
G0453R113,ARCIW,ARCHIMEDES TECH SPAC PTNRS I,106250,0,79.69K,0,NO CHANGE,<.01%
G0R91M113,ADACW,AMERICAN DRIVE ACQUISITION C,116666,0,73.5K,0,NO CHANGE,<.01%
G2851K112,DMIIR,DRUGS MADE IN AMER ACQ II CO,1000000,0,72.7K,0,NO CHANGE,<.01%
G5568L117,LZMWS,LIFEZONE METALS LIMITED,166366,0,68.21K,0,NO CHANGE,<.01%
G8089R118,PGACR,PANTAGES CAPITAL ACQUISITION,325000,0,65K,0,NO CHANGE,<.01%
G7S17G129,PTORW,PRAETORIAN ACQUISITION CORP,166666,0,63.33K,0,NO CHANGE,<.01%
G5315G114,KRAQW,KRAKACQUISITION CORPORATION,150000,0,63.02K,0,NO CHANGE,<.01%
08862E109,BYND,BEYOND MEAT INC,83743,0,62.81K,0,NO CHANGE,<.01%
654484153,NIOBW,NIOCORP DEVS LTD,44211,0,62.78K,0,NO CHANGE,<.01%
G8375S119,SAAQW,SPACE ASSET ACQUISITION CORP,66666,0,62K,0,NO CHANGE,<.01%
83422N113,SLDPW,SOLID POWER INC,604873,0,61.82K,0,NO CHANGE,<.01%
G7318R113,LEGO-WT,LEGATO MERGER CORP IV,125000,0,60K,0,NO CHANGE,<.01%
G7515A129,RDAGW,REPUBLIC DIGITAL ACQUISITION,150000,0,60K,0,NO CHANGE,<.01%
G9833K110,XSLLW,XSOLLA SPAC 1,240000,0,57.41K,0,NO CHANGE,<.01%
G5225W118,KBONW,KARBON CAP PARTNERS CORP,100000,0,54.1K,0,NO CHANGE,<.01%
G2616T119,DBCAW,D BORAL ACQUISITION I CORP,150000,0,52.48K,0,NO CHANGE,<.01%
49876K111,GRMLW,GREENLAND MINES LTD,300000,0,51K,0,NO CHANGE,<.01%
12664M129,NOEMR,CO2 ENERGY TRANSITION CORP,280000,0,50.4K,0,NO CHANGE,<.01%
G8775A114,MUZEW,MUZERO ACQUISITION CORP,162500,0,49.87K,0,NO CHANGE,<.01%
G6032N119,MESHW,MESHFLOW ACQUISITION CORP,166666,0,47K,0,NO CHANGE,<.01%
G01341133,AFJKR,AIMEI HEALTH TECHNOLOGY CO L,155000,0,46.5K,0,NO CHANGE,<.01%
G82617112,SOCAW,SOLARIUS CAPITAL ACQU CORP,150000,0,43.52K,0,NO CHANGE,<.01%
G6301L117,MLAAW,MOUNTAIN LAKE ACQUISIT CORP,162500,0,42.25K,0,NO CHANGE,<.01%
12664M111,NOEMW,CO2 ENERGY TRANSITION CORP,280000,0,40.54K,0,NO CHANGE,<.01%
73245B115,SBCWW,SBC MED GROUP HLDGS INC,172500,0,39.67K,0,NO CHANGE,<.01%
29103K118,FLDDW,FOLD HLDGS INC,375000,0,39.38K,0,NO CHANGE,<.01%
G3810N114,GPACW,GENERAL PURP ACQUISITION COR,150000,0,39K,0,NO CHANGE,<.01%
G7314B120,QSEAR,QUARTZSEA ACQUISITION CORP,170000,0,37.4K,0,NO CHANGE,<.01%
G7257A121,PCAPW,PROCAP ACQUISITION CORP,116666,0,37.34K,0,NO CHANGE,<.01%
G4992A136,JACSRT,JACKSON ACQUISITION CO II,250000,0,35.05K,0,NO CHANGE,<.01%
G7134A120,PLMKW,PLUM ACQUISITION CORP IV,75000,0,33.75K,0,NO CHANGE,<.01%
G7606H116,RDZNW,ROADZEN INC,175000,0,33.25K,0,NO CHANGE,<.01%
68386H111,OPFIWS,OPPFI INC,1049673,0,31.49K,0,NO CHANGE,<.01%
462837113,UCFIW,CN HEALTHY FOOD TECH GROUP C,119035,0,31.03K,0,NO CHANGE,<.01%
G2616C116,DSACW,DAEDALUS SPL ACQUISITION COR,50000,0,30.78K,0,NO CHANGE,<.01%
G7633M112,DRDBW,ROMAN DBDR ACQUISITION CORP,150000,0,30K,0,NO CHANGE,<.01%
N68722110,SHMDW,SCHMID GROUP N.V.,16144,0,29.06K,0,NO CHANGE,<.01%
G1000S125,YCY,AA MISSION ACQUISITION CORP,125000,0,27.5K,0,NO CHANGE,<.01%
78397Q117,SESWS,SES AI CORPORATION,988099,0,26.68K,0,NO CHANGE,<.01%
G9009S111,BLZRW,TRAILBLAZER ACQUISITION CORP,66666,0,26.67K,0,NO CHANGE,<.01%
306121112,FBYDW,FALCONS BEYOND GLOBAL INC,10162,0,26.42K,0,NO CHANGE,<.01%
G6004G118,MACIW,MELAR ACQUISITION CORP. I,162500,0,24.38K,0,NO CHANGE,<.01%
G1331C112,BGL,BLUE GOLD LTD,199999,0,24K,0,NO CHANGE,<.01%
G1148A119,BKHAR,BLACK HAWK ACQUISITION CORP,15000,0,23.1K,0,NO CHANGE,<.01%
G1993W117,CAPNR,CAYSON ACQUISITION CORP,100000,0,21.8K,0,NO CHANGE,<.01%
G1152A120,FUFUW,BITFUFU INC,150000,0,21.75K,0,NO CHANGE,<.01%
G3R95P116,OIOWW,OIO GROUP,310000,0,21.7K,0,NO CHANGE,<.01%
G4R52R111,HPAIW,HELPORT AI LTD,847500,0,21.61K,0,NO CHANGE,<.01%
G24243126,COPLWS,COPLEY ACQUISITION CORP,250000,0,21.43K,0,NO CHANGE,<.01%
G3730U115,FCRS,FUTURECREST ACQUISITION CORP,25000,0,21.25K,0,NO CHANGE,<.01%
G7387B114,QUMSR,QUANTUMSPHERE ACQUISITION CO,125000,0,21.25K,0,NO CHANGE,<.01%
G3852D115,GSHRW,GESHER ACQUISITION CORP. II,75000,0,21K,0,NO CHANGE,<.01%
G0131Y118,ANSCW,AGRICULTURE & NAT SOL ACQ CO,100000,0,20K,0,NO CHANGE,<.01%
G75389117,RFAIR,RF ACQUISITION CORP II,200000,0,20K,0,NO CHANGE,<.01%
G2868C111,DAAQW,DIGITAL ASSET ACQUISITION CO,50000,0,19.5K,0,NO CHANGE,<.01%
015658115,ASTLW,ALGOMA STL GROUP INC,557746,0,19.35K,0,NO CHANGE,<.01%
40472A128,EONRWS,EON RESOURCES INC,240900,0,18.45K,0,NO CHANGE,<.01%
43538H111,HLLYWS,HOLLEY INC,732036,0,18.45K,0,NO CHANGE,<.01%
G86880146,TAVIU,TAVIA ACQUISITION CORP,200000,0,18K,0,NO CHANGE,<.01%
G9R39C111,WENNW,WEN ACQUISITION CORP,50000,0,18K,0,NO CHANGE,<.01%
44934N116,IBACR,IB ACQUISITION CORP,150000,0,17.77K,0,NO CHANGE,<.01%
G4R52R103,HPAI,HELPORT AI LTD,29152,0,17.13K,0,NO CHANGE,<.01%
G2124S116,CHPGR,CHAMPIONSGATE ACQUISITION CO,125000,0,17.05K,0,NO CHANGE,<.01%
G7553X114,TROW,RICE ACQUISITION CORP 3,17068,0,16.9K,0,NO CHANGE,<.01%
G2853N114,DTSQR,DT CLOUD STAR ACQUISITION CO,150000,0,16.52K,0,NO CHANGE,<.01%
74841A113,QETAR,QUETTA ACQUISITION CORP,23000,0,16.1K,0,NO CHANGE,<.01%
G32168125,EURKR,EUREKA ACQUISITION CORP,45000,0,15.75K,0,NO CHANGE,<.01%
256086109,DCGO,DOCGO INC,30017,0,15.49K,0,NO CHANGE,<.01%
68270C111,ONMDW,ONEMEDNET CORP,420000,0,15.2K,0,NO CHANGE,<.01%
G9717M117,WTGUR,WINTERGREEN ACQUISITION CORP,100000,0,15.2K,0,NO CHANGE,<.01%
G37068114,FVNNR,FUTURE VISION II ACQUISITION,100000,0,14.49K,0,NO CHANGE,<.01%
M9607U107,VLNWS,VALENS SEMICONDUCTOR LTD,447342,0,12.53K,0,NO CHANGE,<.01%
297584112,ESLAW,ESTRELLA IMMUNOPHARMA INC,87500,0,12.46K,0,NO CHANGE,<.01%
G9877L115,CHARR,CHARLTON ARIA ACQUISITION CO,150000,0,12.12K,0,NO CHANGE,<.01%
92919Y110,VSEEW,VSEE HEALTH INC,365000,0,11.68K,0,NO CHANGE,<.01%
G47875110,IPCXR,INFLECTION PT ACQUISITION CO,25000,0,11.25K,0,NO CHANGE,<.01%
09973D113,BRLSW,BOREALIS FOODS INC,300000,0,10.53K,0,NO CHANGE,<.01%
G7576K115,RDACR,RISING DRAGON ACQUISITION CO,150000,0,10.5K,0,NO CHANGE,<.01%
02369M110,RMCOW,ROYALTY MGMT HLDG CORP,60015,0,10.2K,0,NO CHANGE,<.01%
G3415K135,FERAR,FIFTH ERA ACQUISITION CORP I,27143,0,9.49K,0,NO CHANGE,<.01%
26145B114,DFLIW,DRAGONFLY ENERGY HOLDINGS CO,228943,0,9.39K,0,NO CHANGE,<.01%
G50716110,NVNIW,NVNI GROUP LIMITED,300000,0,8.55K,0,NO CHANGE,<.01%
G98659124,MCGAW,YORKVILLE ACQUISITION CORP.,33333,0,8.54K,0,NO CHANGE,<.01%
182744110,KIDZW,KIDZ AI INC,575000,0,8.16K,0,NO CHANGE,<.01%
68840D110,OSRHW,OSR HEALTH INC,150000,0,7.95K,0,NO CHANGE,<.01%
54572F119,LOTWW,LOTUS TECHNOLOGY INC,117840,0,7.07K,0,NO CHANGE,<.01%
G3142E121,EUDAW,EUDA HEALTH HOLDINGS LTD,200000,0,6.94K,0,NO CHANGE,<.01%
G0411D115,APLM,APOLLOMICS INC,318530,0,6.37K,0,NO CHANGE,<.01%
G0705H111,BDMDW,BAIRD MED INVT HLDGS LTD,150000,0,6.11K,0,NO CHANGE,<.01%
G63369113,MRNO,MURANO GLOBAL INVT PLC,375000,0,5.59K,0,NO CHANGE,<.01%
M7S64L107,PGYWW,PAGAYA TECHNOLOGIES LTD,107225,0,5.42K,0,NO CHANGE,<.01%
36118R111,FUSEW,FUSEMACHINES INC,99999,0,5.4K,0,NO CHANGE,<.01%
08774B110,BETRW,BETTER HOME & FINANCE HOLDIN,27202,0,5.36K,0,NO CHANGE,<.01%
29415V117,COCHW,ENVOY MEDICAL INC,113431,0,5.1K,0,NO CHANGE,<.01%
824430110,SHFSW,SHF HOLDINGS INC,188000,0,5.06K,0,NO CHANGE,<.01%
693489114,VEEAW,VEEA INC,90749,0,4.63K,0,NO CHANGE,<.01%
98944F117,ZEOWW,ZEO ENERGY CORP,125000,0,4.5K,0,NO CHANGE,<.01%
95758L115,CYCUW,CYCURION INC,250000,0,4.38K,0,NO CHANGE,<.01%
N20967100,CNCKW,COINCHECK GROUP NV,21831,0,4.37K,0,NO CHANGE,<.01%
64107A113,NPWRWS,NET POWER INC,15032,0,4.36K,0,NO CHANGE,<.01%
G6529J118,GDEVW,GDEV INC,575000,0,4.25K,0,NO CHANGE,<.01%
G0544E113,NIVFW,NEWGENIVF GROUP LIMITED,168750,0,4.22K,0,NO CHANGE,<.01%
20678X114,CDTTW,CDT EQUITY INC,375000,0,4.12K,0,NO CHANGE,<.01%
738920115,ASBPW,ASPIRE BIOPHARMA HLDGS INC,199999,0,4.1K,0,NO CHANGE,<.01%
74449F118,PBMWW,PSYENCE BIOMEDICAL LTD,175352,0,3.68K,0,NO CHANGE,<.01%
G1149B116,ABLVW,ABLE VIEW GLOBAL INC,200000,0,3.28K,0,NO CHANGE,<.01%
G7840J118,SCAG,SCAGE FUTURE,68749,0,3.05K,0,NO CHANGE,<.01%
53271X116,LIMNW,LIMINATUS PHARMA INC.,83353,0,2.93K,0,NO CHANGE,<.01%
G52443127,KVACW,KEEN VISION ACQUISITION CORP,97000,0,2.91K,0,NO CHANGE,<.01%
171756117,DAICW,CID HOLDCO INC,199999,0,2.48K,0,NO CHANGE,<.01%
84445C118,SLNDWS,SOUTHLAND HLDGS INC,91666,0,2.34K,0,NO CHANGE,<.01%
G7500M120,RNWWW,RENEW ENERGY GLOBAL PLC,591955,0,1.95K,0,NO CHANGE,<.01%
80359A114,PDYNW,PALLADYNE AI CORP,58622,0,1.85K,0,NO CHANGE,<.01%
20460L112,SPWRW,SUNPOWER INC,12382,0,1.73K,0,NO CHANGE,<.01%
G8267K117,SMX,SMX SEC MATTERS PLC,79166,0,1.72K,0,NO CHANGE,<.01%
14159C111,CDIOW,CARDIO DIAGNOSTICS HOLDGS IN,74822,0,1.36K,0,NO CHANGE,<.01%
81663L119,WGSWW,GENEDX HOLDINGS CORP,467197,0,1.35K,0,NO CHANGE,<.01%
G72245114,PRENW,PRENETICS GLOBAL LTD,104515,0,1.26K,0,NO CHANGE,<.01%
M2573A197,ZOOZW,ZOOZ STRATEGY LTD,55752,0,1.11K,0,NO CHANGE,<.01%
456948116,MSAIW,MULTISENSOR AI HOLDINGS INC,31500,0,914,0,NO CHANGE,<.01%
98400V119,XBPEW,XBP GLOBAL HOLDINGS INC,19714,0,909,0,NO CHANGE,<.01%
G29201111,ECXWW,ECARX HOLDINGS INC,20340,0,814,0,NO CHANGE,<.01%
G38617117,GIBOW,GIBO HOLDINGS LTD.,50000,0,800,0,NO CHANGE,<.01%
M6000J127,HUBCW,HUB CYBER SECURITY LTD,51318,0,754,0,NO CHANGE,<.01%
G9491K113,GGROW,GOGORO INC,44527,0,392,0,NO CHANGE,<.01%
08178Q119,BENFW,BENEFICIENT,19500,0,211,0,NO CHANGE,<.01%
G5380J118,LANVWS,LANVIN GROUP HOLDINGS LIMITE,0,-25000,0,-275,CLOSE,0%
452521107,IMMR,IMMERSION CORP,299699,-335,2.03M,-2.27K,-0.1%,<.01%
35473P678,FLGB,FRANKLIN TEMPLETON ETF TR,5784,-100,204.12K,-3.53K,-1.7%,<.01%
87427V111,TALKW,TALKSPACE INC,0,-1059485,0,-3.71K,CLOSE,0%
023139884,OSG,OCTAVE SPECIALTY GROUP INC,12207,-657,76.17K,-4.1K,-5.1%,<.01%
04649U102,ASUR,ASURE SOFTWARE INC,13198,-633,104.79K,-5.03K,-4.6%,<.01%
896215209,TRS,TRIMAS CORP,199770,-119,9M,-5.36K,-0.1%,<.01%
68622E104,BARK,BARK INC,0,-14318,0,-7.25K,CLOSE,0%
68376D104,OPRT,OPORTUN FINL CORP,40858,-1375,233.3K,-7.85K,-3.3%,<.01%
G0232F133,ALCYW,ALCHEMY INVTS ACQUISITN CORP,0,-50000,0,-8K,CLOSE,0%
745848101,LUNG,PULMONX CORP,327528,-7546,425.79K,-9.81K,-2.3%,<.01%
567908108,HZO,MARINEMAX INC,67082,-302,2.46M,-11.06K,-0.4%,<.01%
001084102,AGCO,AGCO CORP,3103,-100,371.43K,-11.97K,-3.1%,<.01%
294821608,ERIC,TELEFONAKTIEBOLAGET LM ERICS,1024396,-1100,11.42M,-12.26K,-0.1%,<.01%
37960A735,BKCH,GLOBAL X FDS,9700,-169,726.04K,-12.65K,-1.7%,<.01%
09174P113,BTMWW,BITCOIN DEPOT INC,0,-675425,0,-14.32K,CLOSE,0%
46435U663,ESML,ISHARES TR,6835,-300,382.35K,-16.78K,-4.2%,<.01%
G19307126,CGCTW,CARTESIAN GROWTH CORP III,0,-25000,0,-17.5K,CLOSE,0%
47580P103,JELD,JELD-WEN HLDG INC,4205454,-11739,6.31M,-17.61K,-0.3%,<.01%
82981J851,SITC,SITE CTRS CORP,10300,-4564,40.89K,-18.12K,-30.7%,<.01%
808524656,STCE,SCHWAB STRATEGIC TR,24893,-261,1.74M,-18.26K,-1%,<.01%
588056101,MERC,MERCER INTL INC,582361,-32862,384.36K,-21.69K,-5.3%,<.01%
92939U106,WEC,WEC ENERGY GROUP INC,51514,-186,6.02M,-21.72K,-0.4%,<.01%
781154109,RBRK,RUBRIK INC.,33464,-277,2.69M,-22.24K,-0.8%,<.01%
816307300,SLQT,SELECTQUOTE INC,12100,-26751,10.18K,-22.5K,-68.9%,<.01%
35473P884,FLQM,FRANKLIN TEMPLETON ETF TR,3752,-400,217.19K,-23.15K,-9.6%,<.01%
36257Y109,GOTU,GAOTU TECHEDU INC,798369,-15066,1.33M,-25.01K,-1.9%,<.01%
61218C103,MNTK,MONTAUK RENEWABLES INC,101497,-16759,158.34K,-26.14K,-14.2%,<.01%
68401U204,OPRX,OPTIMIZERX CORP,138084,-4839,789.84K,-27.68K,-3.4%,<.01%
921946810,VIGI,VANGUARD WHITEHALL FDS,3525,-300,329.17K,-28.01K,-7.8%,<.01%
75629V104,RXRX,RECURSION PHARMACEUTICALS IN,37914,-8094,139.14K,-29.7K,-17.6%,<.01%
02913V103,APEI,AMERICAN PUB ED INC,3800,-590,204.06K,-31.68K,-13.4%,<.01%
91688R108,URG,UR-ENERGY INC,0,-23654,0,-35.24K,CLOSE,0%
346563109,FORR,FORRESTER RESH INC,21389,-4422,179.88K,-37.19K,-17.1%,<.01%
72815G108,MYPS,PLAYSTUDIOS INC,89007,-74550,44.41K,-37.2K,-45.6%,<.01%
92335C106,VRA,VERA BRADLEY INC,0,-11838,0,-37.41K,CLOSE,0%
00373V118,ABVEW,ABOVE FOOD INGREDIENTS INC,0,-137500,0,-42.49K,CLOSE,0%
M7S64L123,PGY,PAGAYA TECHNOLOGIES LTD,28314,-2492,516.73K,-45.48K,-8.1%,<.01%
35471R106,FSP,FRANKLIN STR PPTYS CORP,137795,-89240,70.96K,-45.96K,-39.3%,<.01%
52886X107,LXEO,LEXEO THERAPEUTICS INC,19866,-10611,92.48K,-49.39K,-34.8%,<.01%
683416101,OOMA,OOMA INC,78848,-2591,1.52M,-49.8K,-3.2%,<.01%
004397105,ARAY,ACCURAY INC DEL,649353,-194293,167.4K,-50.09K,-23%,<.01%
40090E106,CIB,GRUPO CIBEST SA,66097,-644,5.25M,-51.15K,-1%,<.01%
825704109,SIBN,SI BONE INC,185868,-3160,3.03M,-51.57K,-1.7%,<.01%
G9572D103,BULL,WEBULL CORP,138516,-7925,903.12K,-51.67K,-5.4%,<.01%
68243Q106,FLWS,1 800 FLOWERS COM INC,86525,-15409,301.11K,-53.62K,-15.1%,<.01%
050734201,AEYE,AUDIOEYE INC,23450,-9669,136.24K,-56.18K,-29.2%,<.01%
83946P107,SPFI,SOUTH PLAINS FINANCIAL INC,15736,-1317,677.99K,-56.74K,-7.7%,<.01%
G38648120,GIGGW,GIGCAPITAL7 CORP,0,-175000,0,-57.75K,CLOSE,0%
765504105,RR,RICHTECH ROBOTICS INC,0,-28168,0,-58.87K,CLOSE,0%
532746104,LMNR,LIMONEIRA CO,59786,-4555,784.99K,-59.81K,-7.1%,<.01%
45780L104,INGN,INOGEN INC,37171,-9472,239.75K,-61.09K,-20.3%,<.01%
48662X105,KBDC,KAYNE ANDERSON BDC INC,10167,-4522,137.56K,-61.18K,-30.8%,<.01%
915271100,UVSP,UNIVEST FINANCIAL CORPORATIO,17330,-1423,758.19K,-62.26K,-7.6%,<.01%
04650F101,ATAI,ATAIBECKLEY INC,14669,-12750,77.31K,-67.19K,-46.5%,<.01%
G5451A111,LEGTWS,LEGATO MERGER CORP III,0,-136100,0,-68.05K,CLOSE,0%
983793100,XPO,XPO INC,1868,-332,383.48K,-68.16K,-15.1%,<.01%
02083X103,PINE,ALPINE INCOME PPTY TR INC,83282,-3332,1.73M,-69.17K,-3.8%,<.01%
055298103,BCBP,BCB BANCORP INC,10605,-6569,113.69K,-70.42K,-38.2%,<.01%
G4474Y214,JHG,JANUS HENDERSON GROUP PLC,12340,-1427,641.06K,-74.13K,-10.4%,<.01%
40145W101,GRDN,GUARDIAN PHARMACY SVCS INC,73841,-1842,3.09M,-77.12K,-2.4%,<.01%
219798105,QDEL,QUIDELORTHO CORP,270233,-4466,4.73M,-78.22K,-1.6%,<.01%
48716P108,KRNY,KEARNY FINL CORP MD,93375,-8452,883.33K,-79.96K,-8.3%,<.01%
91060H116,UHGWW,UNITED HOMES GROUP INC,0,-439789,0,-80.26K,CLOSE,0%
29259W700,EU,ENCORE ENERGY CORP,304202,-61541,398.5K,-80.62K,-16.8%,<.01%
203668108,CYH,COMMUNITY HEALTH SYS INC NEW,2344128,-24388,7.83M,-81.46K,-1%,<.01%
46005L101,IMXI,INTERNATIONAL MONEY EXPRESS,58888,-5638,850.93K,-81.47K,-8.7%,<.01%
92864V608,EMPD,EMPERY DIGITAL INC,0,-19432,0,-82.2K,CLOSE,0%
108621103,BWB,BRIDGEWATER BANCSHARES INC,15632,-3929,328.9K,-82.67K,-20.1%,<.01%
89854H102,TTEC,TTEC HLDGS INC,374116,-42935,725.78K,-83.29K,-10.3%,<.01%
78163D100,RWAY,RUNWAY GROWTH FINANCE CORP,110095,-15064,617.63K,-84.51K,-12%,<.01%
235825205,DAN,DANA INC,32822,-3110,893.09K,-84.62K,-8.7%,<.01%
513847103,MZTI,MARZETTI COMPANY,37552,-745,4.29M,-85.05K,-1.9%,<.01%
84252A106,BCAL,CALIFORNIA BANCORP,60541,-4132,1.26M,-86.11K,-6.4%,<.01%
890110109,TMP,TOMPKINS FINL CORP,11961,-914,1.13M,-86.39K,-7.1%,<.01%
045487105,ASB,ASSOCIATED BANC-CORP,56404,-2861,1.74M,-88.03K,-4.8%,<.01%
14817C107,FLNA,FILANA THERAPEUTICS INC,485025,-74180,577.18K,-88.27K,-13.3%,<.01%
066849100,BHB,BAR HBR BANKSHARES,40369,-2382,1.52M,-89.94K,-5.6%,<.01%
G5509P110,LOKVW,LIVE OAK ACQUISITION CORP V,0,-62500,0,-90.62K,CLOSE,0%
126327105,LAW,CS DISCO INC,164908,-24161,623.35K,-91.33K,-12.8%,<.01%
78464A789,KIE,SPDR SERIES TRUST,11066,-1508,674.91K,-91.97K,-12%,<.01%
82835W108,SPRY,ARS PHARMACEUTICALS INC,0,-11873,0,-95.34K,CLOSE,0%
126501105,CTS,CTS CORP,43843,-1476,2.86M,-96.22K,-3.3%,<.01%
301505475,NUKZ,EXCHANGE TRADED CONCEPTS TRU,4277,-1413,291.52K,-96.31K,-24.8%,<.01%
530307107,LBRDA,LIBERTY BROADBAND CORP,418506,-2896,13.93M,-96.38K,-0.7%,<.01%
05156X850,ACB,AURORA CANNABIS INC,37129,-36988,103.43K,-103.04K,-49.9%,<.01%
24477E103,DH,DEFINITIVE HEALTHCARE CORP,1973193,-126358,1.64M,-104.99K,-6%,<.01%
37954Y491,DAX,GLOBAL X FDS,7006,-2400,309.44K,-106K,-25.5%,<.01%
81764X103,TTAN,SERVICETITAN INC,16308,-1500,1.15M,-106.07K,-8.4%,<.01%
126638105,CVRX,CVRX INC,0,-11229,0,-106.23K,CLOSE,0%
053906103,ASM,AVINO SILVER & GOLD MINES LT,0,-16900,0,-107.24K,CLOSE,0%
000361105,AIR,AAR CORP,3849,-751,550.14K,-107.34K,-16.3%,<.01%
82536T107,SSTI,SOUNDTHINKING INC,0,-16275,0,-107.74K,CLOSE,0%
645827205,IDR,IDAHO STRATEGIC RESOURCES,15213,-3357,498.23K,-109.94K,-18.1%,<.01%
98421M114,XRXDW,XEROX HOLDINGS CORP,30800,-399646,8.48K,-110.06K,-92.8%,<.01%
92214X106,VREX,VAREX IMAGING CORP,925254,-10579,9.65M,-110.34K,-1.1%,<.01%
25401T603,DBRG,DIGITALBRIDGE GROUP INC,18317,-7032,289.04K,-110.96K,-27.7%,<.01%
09175C103,BITQ,BITWISE FUNDS TRUST,32066,-4532,785.62K,-111.03K,-12.4%,<.01%
00847G804,AGEN,AGENUS INC,0,-33269,0,-111.12K,CLOSE,0%
74969N103,RLX,RLX TECHNOLOGY INC,9550710,-59275,18.15M,-112.62K,-0.6%,0.01%
464288562,REZ,ISHARES TR,3456,-1200,327.24K,-113.63K,-25.8%,<.01%
402635502,GPOR,GULFPORT ENERGY CORP,1354,-672,229.77K,-114.04K,-33.2%,<.01%
42222N103,HSTM,HEALTHSTREAM INC,9404,-4230,256.26K,-115.27K,-31%,<.01%
00123Q104,AGNC,AGNC INVT CORP,1419557,-10689,15.47M,-116.51K,-0.7%,<.01%
94845U105,WBTN,WEBTOON ENTMT INC,38111,-10305,435.23K,-117.68K,-21.3%,<.01%
74727A104,QCRH,QCR HLDGS INC,18073,-1223,1.76M,-119.06K,-6.3%,<.01%
831754106,SWBI,SMITH & WESSON BRANDS INC,16537,-8168,248.72K,-122.85K,-33.1%,<.01%
360271100,FULT,FULTON FINL CORP PA,733893,-5107,17.75M,-123.54K,-0.7%,0.01%
526057302,LENB,LENNAR CORP,6994,-1511,620.44K,-134.04K,-17.8%,<.01%
170386106,COFS,CHOICEONE FINANCIA,43598,-4013,1.48M,-136.44K,-8.4%,<.01%
M78673114,PERI,PERION NETWORK LTD,58824,-14249,571.18K,-138.36K,-19.5%,<.01%
28106W103,EDIT,EDITAS MEDICINE INC,1901002,-42891,6.16M,-138.97K,-2.2%,<.01%
80359A205,PDYN,PALLADYNE AI CORP,0,-23101,0,-140.22K,CLOSE,0%
94188P101,WSBF,WATERSTONE FINL INC MD,33926,-6779,703.29K,-140.53K,-16.7%,<.01%
57777K106,MXCT,MAXCYTE INC,0,-200505,0,-140.85K,CLOSE,0%
635017106,FIZZ,NATIONAL BEVERAGE CORP,51627,-4521,1.61M,-141.06K,-8.1%,<.01%
92337C203,VSTM,VERASTEM INC,0,-26659,0,-141.29K,CLOSE,0%
225655109,CCAP,CRESCENT CAP BDC INC,14973,-13061,163.5K,-142.63K,-46.6%,<.01%
338307101,FIVN,FIVE9 INC,69058,-6766,1.47M,-144.25K,-8.9%,<.01%
122017106,BURL,BURLINGTON STORES INC,172448,-458,54.63M,-145.09K,-0.3%,0.03%
879512309,TSAT,TELESAT CORP,21457,-2949,1.09M,-149.28K,-12.1%,<.01%
G39108108,GTES,GATES INDL CORP PLC,456346,-5401,12.76M,-151.07K,-1.2%,<.01%
225310101,CACC,CREDIT ACCEP CORP MICH,960,-240,611.27K,-152.82K,-20%,<.01%
44891N208,IAC,PEOPLE INC,57762,-3366,2.67M,-155.37K,-5.5%,<.01%
45378A106,IRT,INDEPENDENCE RLTY TR INC,0,-10645,0,-158.5K,CLOSE,0%
04683R106,AVIR,ATEA PHARMACEUTICALS INC,345186,-34128,1.61M,-158.7K,-9%,<.01%
47012E403,JAKK,JAKKS PAC INC,38345,-6821,892.67K,-158.79K,-15.1%,<.01%
73757R102,PSTL,POSTAL REALTY TRUST INC,59668,-6445,1.47M,-158.8K,-9.7%,<.01%
80810D103,SDGR,SCHRODINGER INC,0,-14041,0,-159.51K,CLOSE,0%
00860C102,AGMB,AGOMAB THERAPEUTICS NV,0,-15326,0,-160.77K,CLOSE,0%
26922A420,QTUM,ETF SER SOLUTIONS,22375,-976,3.7M,-161.41K,-4.2%,<.01%
71601V105,WOOF,PETCO HEALTH & WELLNESS CO I,636236,-60021,1.73M,-163.26K,-8.6%,<.01%
69888T207,PARR,PAR PAC HOLDINGS INC,136320,-2915,7.64M,-163.47K,-2.1%,<.01%
46121Y201,IPI,INTREPID POTASH INC,191950,-5016,6.29M,-164.42K,-2.5%,<.01%
346232101,FOR,FORESTAR GROUP INC,13955,-5218,441.68K,-165.15K,-27.2%,<.01%
46655E100,DC,DAKOTA GOLD CORP,31754,-39201,135.27K,-167K,-55.2%,<.01%
852312305,STAA,STAAR SURGICAL CO,22005,-5841,631.32K,-167.58K,-21%,<.01%
36116M106,FF,FUTUREFUEL CORP,146607,-37104,662.66K,-167.71K,-20.2%,<.01%
82657M105,SGHT,SIGHT SCIENCES INC,279949,-31425,1.52M,-170.32K,-10.1%,<.01%
49639K101,KC,KINGSOFT CLOUD HLDGS LTD,0,-12828,0,-171.38K,CLOSE,0%
055645303,BRT,BRT APARTMENTS CORP,0,-12864,0,-171.61K,CLOSE,0%
25961D105,DOUG,DOUGLAS ELLIMAN INC,400738,-97266,709.31K,-172.16K,-19.5%,<.01%
256135203,RDY,DR REDDYS LABS LTD,126525,-12026,1.83M,-174.26K,-8.7%,<.01%
G0450A105,ACGL,ARCH CAP GROUP LTD,62848,-1817,6.1M,-176.36K,-2.8%,<.01%
687380105,ORRF,ORRSTOWN FINL SVCS INC,70827,-4335,2.89M,-177K,-5.8%,<.01%
19762B707,INCO,COLUMBIA ETF TR II,4871,-3001,290.54K,-179K,-38.1%,<.01%
76122Q105,RGP,RESOURCES CONNECTION INC,0,-48034,0,-179.17K,CLOSE,0%
73642K106,PTLO,PORTILLOS INC,0,-34166,0,-180.74K,CLOSE,0%
001228501,MITT,TPG MTG INVTS TR INC,37150,-23076,294.23K,-182.76K,-38.3%,<.01%
682095104,OFLX,OMEGA FLEX INC,14840,-5927,465.83K,-186.05K,-28.5%,<.01%
026948109,AII,AMERICAN INTEGRITY INS GROUP,12224,-9964,230.18K,-187.62K,-44.9%,<.01%
199333105,CMCO,COLUMBUS MCKINNON CORP N Y,87536,-12447,1.32M,-188.32K,-12.4%,<.01%
G6301B127,MLACR,MOUNTAIN LAKE ACQUISITION CO,0,-725000,0,-188.5K,CLOSE,0%
G2143T103,CMPR,CIMPRESS PLC,15495,-1902,1.58M,-193.43K,-10.9%,<.01%
88675P103,TYGO,TIGO ENERGY INC,87818,-83575,204.62K,-194.73K,-48.8%,<.01%
877619106,TSHA,TAYSHA GENE THERAPIES INC,4398652,-28649,29.95M,-195.1K,-0.6%,0.02%
894650100,TG,TREDEGAR CORP,140164,-24642,1.12M,-196.15K,-15%,<.01%
913483103,UEIC,UNIVERSAL ELECTRS INC,0,-47982,0,-197.69K,CLOSE,0%
531229771,FWONA,LIBERTY MEDIA CORP DEL,88701,-2282,7.76M,-199.77K,-2.5%,<.01%
98585N106,YEXT,YEXT INC,90555,-42824,422.89K,-199.99K,-32.1%,<.01%
68386H103,OPFI,OPPFI INC,0,-26051,0,-200.85K,CLOSE,0%
35473P769,FLIN,FRANKLIN TEMPLETON ETF TR,0,-6048,0,-200.91K,CLOSE,0%
02081G201,ATEC,ALPHATEC HLDGS INC,0,-18522,0,-201.52K,CLOSE,0%
03214Q116,AMPXWS,AMPRIUS TECHNOLOGIES INC,0,-29500,0,-202.66K,CLOSE,0%
410495204,HAFC,HANMI FINL CORP,0,-7751,0,-204.32K,CLOSE,0%
12618T105,CRAI,CRA INTL INC,12027,-1436,1.71M,-204.34K,-10.7%,<.01%
55262C100,MBI,MBIA INC,11164,-31452,72.79K,-205.07K,-73.8%,<.01%
70432V102,PAYC,PAYCOM SOFTWARE INC,0,-1700,0,-206.62K,CLOSE,0%
911922102,USLM,UNITED STS LIME & MINERALS I,16027,-2000,1.68M,-209.34K,-11.1%,<.01%
81578P106,SEER,SEER INC,0,-125154,0,-210.26K,CLOSE,0%
87874R308,TTGT,TECHTARGET INC,33178,-58651,119.44K,-211.14K,-63.9%,<.01%
97717Y691,WCLD,WISDOMTREE TR,0,-7849,0,-214.44K,CLOSE,0%
301505707,ROBO,EXCHANGE TRADED CONCEPTS TRU,3850,-2508,329.79K,-214.84K,-39.4%,<.01%
78464A599,XSW,SPDR SERIES TRUST,0,-1519,0,-216.14K,CLOSE,0%
105861306,ATLX,ATLAS LITHIUM CORP,0,-49799,0,-216.63K,CLOSE,0%
922042874,VGK,VANGUARD INTL EQUITY INDEX F,0,-2647,0,-218.19K,CLOSE,0%
78463X400,GXC,SPDR INDEX SHS FDS,0,-2349,0,-218.74K,CLOSE,0%
902653104,UDR,UDR INC,0,-6543,0,-221.02K,CLOSE,0%
97717Y543,WTAI,WISDOMTREE TR,0,-7861,0,-222K,CLOSE,0%
92859G608,VZLA,VIZSLA SILVER CORP,44449,-67691,146.68K,-223.38K,-60.4%,<.01%
17259U204,CION,CION INVT CORP,312707,-35933,1.95M,-223.86K,-10.3%,<.01%
30161N101,EXC,EXELON CORP,51927,-4816,2.42M,-224.52K,-8.5%,<.01%
69374H873,ICOW,PACER FDS TR,0,-5334,0,-226.59K,CLOSE,0%
65249B208,NWS,NEWS CORP NEW,74585,-8146,2.09M,-228.58K,-9.8%,<.01%
35137L204,FOX,FOX CORP,136401,-4979,6.39M,-233.22K,-3.5%,<.01%
M46528101,FRO,FRONTLINE PLC,0,-6705,0,-233.74K,CLOSE,0%
464286681,EUSA,ISHARES INC,0,-2304,0,-234.48K,CLOSE,0%
59540G107,MPB,MID PENN BANCORP INC,25897,-6908,902.25K,-240.67K,-21.1%,<.01%
04351P101,ASND,ASCENDIS PHARMA A/S,0,-1062,0,-242.91K,CLOSE,0%
89377M109,TMDX,TRANSMEDICS GROUP INC,0,-2481,0,-246.64K,CLOSE,0%
091947101,BTGO,BITGO HOLDINGS INC,0,-30094,0,-247.67K,CLOSE,0%
854231107,SXI,STANDEX INTL CORP,6310,-693,2.26M,-247.87K,-9.9%,<.01%
29362U104,ENTG,ENTEGRIS INC,28484,-1380,5.12M,-248.21K,-4.6%,<.01%
21833P301,CRBP,CORBUS PHARMACEUTICALS HLDGS,0,-26474,0,-248.59K,CLOSE,0%
36164V602,GLIBA,LIBERTY CAP CORP,80216,-11361,1.76M,-248.81K,-12.4%,<.01%
929042109,VNO,VORNADO RLTY TR,0,-9785,0,-254.31K,CLOSE,0%
58463J304,MPT,MEDICAL PROPERTIES TRUST INC,27718,-55278,128.06K,-255.38K,-66.6%,<.01%
29357K103,ENVA,ENOVA INTL INC,3471,-1065,835.57K,-256.38K,-23.5%,<.01%
501147102,KRYS,KRYSTAL BIOTECH INC,0,-996,0,-257.29K,CLOSE,0%
46429B689,EFAV,ISHARES TR,0,-2900,0,-264.97K,CLOSE,0%
78464A201,SLYG,SPDR SERIES TRUST,0,-2744,0,-265.12K,CLOSE,0%
95805V108,WRN,WESTERN COPPER & GOLD CORP,237100,-118800,531.08K,-266.1K,-33.4%,<.01%
46434V514,CNYA,ISHARES TR,12307,-7038,471.36K,-269.56K,-36.4%,<.01%
250565108,DBI,DESIGNER BRANDS INC,505920,-46334,2.95M,-270.13K,-8.4%,<.01%
33738R506,RDVY,FIRST TR EXCHANGE TRADED FD,0,-3960,0,-270.39K,CLOSE,0%
69007J304,OUT,OUTFRONT MEDIA INC,192147,-8255,6.29M,-270.43K,-4.1%,<.01%
00289Y206,ABEO,ABEONA THERAPEUTICS INC,57100,-43965,352.88K,-271.7K,-43.5%,<.01%
83190L208,SMBK,SMARTFINANCIAL INC,36712,-5840,1.72M,-274.01K,-13.7%,<.01%
29286M113,ENGNW,ENGENE HOLDINGS INC,0,-104622,0,-275.16K,CLOSE,0%
76243J105,RYTM,RHYTHM PHARMACEUTICALS INC,30168,-2484,3.35M,-275.8K,-7.6%,<.01%
67401P405,OCSL,OAKTREE SPECIALTY LENDING,0,-24714,0,-279.27K,CLOSE,0%
464287325,IXJ,ISHARES TR,0,-3016,0,-282.12K,CLOSE,0%
63875W406,LSGR,NATIXIS ETF TRUST II,0,-7165,0,-282.23K,CLOSE,0%
85208P865,GBUG,SPROTT FDS TR,0,-6214,0,-282.37K,CLOSE,0%
74587V107,PBYI,PUMA BIOTECHNOLOGY INC,316343,-34892,2.57M,-282.97K,-9.9%,<.01%
800422107,JBSS,SANFILIPPO JOHN B & SON INC,17651,-3306,1.52M,-284.28K,-15.8%,<.01%
464288786,IAK,ISHARES TR,0,-2219,0,-284.68K,CLOSE,0%
69374H709,GCOW,PACER FDS TR,0,-6160,0,-285.45K,CLOSE,0%
81752R100,SRG,SERITAGE GROWTH PPTYS,242232,-108986,637.07K,-286.63K,-31%,<.01%
71385M107,PRM,PERIMETER SOLUTIONS INC,0,-11793,0,-287.99K,CLOSE,0%
651587107,NEU,NEWMARKET CORP,3760,-364,2.98M,-288.01K,-8.8%,<.01%
860372101,STC,STEWART INFORMATION SVCS COR,0,-4679,0,-288.13K,CLOSE,0%
464289529,INDY,ISHARES TR,0,-6970,0,-294.41K,CLOSE,0%
83125X103,SNBR,SLEEP NUMBER CORP,0,-165503,0,-297.08K,CLOSE,0%
46435U374,EWJV,ISHARES TR,0,-6966,0,-297.24K,CLOSE,0%
Y2990R101,HAFN,HAFNIA LTD,0,-39327,0,-298.88K,CLOSE,0%
681116109,OLLI,OLLIES BARGAIN OUTLET HLDGS,0,-3262,0,-300.23K,CLOSE,0%
864159108,RGR,STURM RUGER & CO INC,9130,-8000,345.57K,-302.8K,-46.7%,<.01%
01021M104,AKTS,AKTIS ONCOLOGY INC,0,-17062,0,-305.24K,CLOSE,0%
12674W109,CABA,CABALETTA BIO INC,90652,-98760,281.93K,-307.14K,-52.1%,<.01%
89400J107,TRU,TRANSUNION,2850,-4355,205.6K,-314.17K,-60.4%,<.01%
90984P303,UCB,UNITED CMNTY BKS BLAIRSVLE G,95228,-8957,3.34M,-314.3K,-8.6%,<.01%
22002T108,CDP,COPT DEFENSE PROPERTIES,12305,-8792,447.78K,-319.94K,-41.7%,<.01%
88331L108,SKIN,SKINHEALTH SYSTEMS INC,1432312,-466163,991.88K,-322.82K,-24.6%,<.01%
046224101,ASTE,ASTEC INDS INC,8338,-5309,510.2K,-324.86K,-38.9%,<.01%
880345103,TNC,TENNANT CO,6755,-3726,591.33K,-326.17K,-35.6%,<.01%
92204A603,VIS,VANGUARD WORLD FD,0,-1047,0,-326.89K,CLOSE,0%
922908652,VXF,VANGUARD INDEX FDS,0,-1595,0,-328.25K,CLOSE,0%
357023100,RAIL,FREIGHTCAR AMER INC,58239,-33758,567.25K,-328.8K,-36.7%,<.01%
10576N102,BRZE,BRAZE INC,11444,-15218,248.22K,-330.08K,-57.1%,<.01%
858586100,SCL,STEPAN CO,5472,-6006,304.9K,-334.65K,-52.3%,<.01%
67018T105,NUS,NU SKIN ENTERPRISES INC,380690,-63396,2.01M,-334.73K,-14.3%,<.01%
69374H105,PTLC,PACER FDS TR,0,-6384,0,-334.84K,CLOSE,0%
48251K100,KREF,KKR REAL ESTATE FIN TR INC,244113,-48976,1.67M,-335K,-16.7%,<.01%
G0250X149,AMCR,AMCOR PLC,0,-8472,0,-336.76K,CLOSE,0%
652526203,NEWT,NEWTEKONE INC,120055,-22953,1.78M,-339.93K,-16.1%,<.01%
808524722,SCHK,SCHWAB STRATEGIC TR,0,-10873,0,-340.65K,CLOSE,0%
29384C108,TRDA,ENTRADA THERAPEUTICS INC,32397,-46650,238.44K,-343.34K,-59%,<.01%
20030N101,CMCSA,COMCAST CORP NEW,317550,-14042,7.8M,-344.73K,-4.2%,<.01%
66981J102,MNSO,MINISO GROUP HLDG LTD,0,-21342,0,-345.74K,CLOSE,0%
371901109,GNTX,GENTEX CORP,0,-15843,0,-346.17K,CLOSE,0%
74934Q108,RICK,RCI HOSPITALITY HLDGS INC,0,-15373,0,-350.66K,CLOSE,0%
184499101,CLNE,CLEAN ENERGY FUELS CORP,3051728,-171267,6.26M,-351.1K,-5.3%,<.01%
14808P109,CASS,CASS INFORMATION SYS INC,22482,-6854,1.15M,-351.75K,-23.4%,<.01%
33735T109,FDD,FIRST TR EXCHANGE-TRADED FD,0,-19829,0,-353.15K,CLOSE,0%
83001C108,FUN,SIX FLAGS ENTERTAINMENT CORP,0,-19900,0,-353.23K,CLOSE,0%
32054K103,FR,FIRST INDL RLTY TR INC,6553,-5789,401.76K,-354.92K,-46.9%,<.01%
87918A105,TDOC,TELADOC HEALTH INC,639209,-41950,5.42M,-355.74K,-6.2%,<.01%
37954Y319,GREK,GLOBAL X FDS,0,-5625,0,-359.27K,CLOSE,0%
22284P105,CVLG,COVENANT LOGISTICS GROUP INC,88668,-8195,3.92M,-362.06K,-8.5%,<.01%
829214105,SLP,SIMULATIONS PLUS INC,183488,-19781,3.36M,-362.19K,-9.7%,<.01%
81725T100,SXT,SENSIENT TECHNOLOGIES CORP,197319,-2962,24.33M,-365.18K,-1.5%,0.02%
464288794,IAI,ISHARES TR,0,-2229,0,-365.96K,CLOSE,0%
922908538,VOT,VANGUARD INDEX FDS,0,-1424,0,-366.47K,CLOSE,0%
590106100,MRLN,MERLIN INC,0,-50000,0,-367.5K,CLOSE,0%
G0772R208,NTB,BANK OF N T BUTTERFIELD & SO,34384,-6235,2.05M,-370.98K,-15.3%,<.01%
02361E108,AMRC,AMERESCO INC,1258266,-13703,34.73M,-378.2K,-1.1%,0.02%
194014502,ENOV,ENOVIS CORPORATION,83796,-18277,1.73M,-378.33K,-17.9%,<.01%
68621T102,OBK,ORIGIN BANCORP INC,5238,-7414,267.92K,-379.23K,-58.6%,<.01%
665859104,NTRS,NORTHERN TR CORP,9412,-2186,1.64M,-380.01K,-18.8%,<.01%
09203E105,BDTX,BLACK DIAMOND THERAPEUTICS I,157340,-206581,291.08K,-382.17K,-56.8%,<.01%
87283Q867,TCAF,T ROWE PRICE ETF INC,0,-10757,0,-382.84K,CLOSE,0%
34984V209,FET,FORUM ENERGY TECHNOLOGIES IN,0,-6538,0,-383.52K,CLOSE,0%
45826T509,ITRG,INTEGRA RES CORP,57707,-169683,131K,-385.18K,-74.6%,<.01%
03062T105,CRMT,AMERICAS CAR-MART INC,0,-30503,0,-388.3K,CLOSE,0%
25434V666,DFLV,DIMENSIONAL ETF TRUST,0,-10887,0,-388.77K,CLOSE,0%
98423J101,XPER,XPERI INC,1078178,-47394,8.87M,-390.05K,-4.2%,<.01%
955306105,WST,WEST PHARMACEUTICAL SVSC INC,12890,-1111,4.63M,-398.85K,-7.9%,<.01%
71722W107,PHAT,PHATHOM PHARMACEUTICALS INC,95660,-36797,1.04M,-399.25K,-27.8%,<.01%
808524763,FNDA,SCHWAB STRATEGIC TR,8735,-10490,332.45K,-399.25K,-54.6%,<.01%
88688T209,TLRY,TILRAY BRANDS INC,148383,-89388,666.36K,-401.43K,-37.6%,<.01%
058934100,BBAR,BANCO BBVA ARGENTINA S A,365858,-20496,7.17M,-401.93K,-5.3%,<.01%
29258Y103,EXK,ENDEAVOUR SILVER CORP,169957,-48766,1.41M,-403.78K,-22.3%,<.01%
25434V658,DFGR,DIMENSIONAL ETF TRUST,33609,-13943,973.65K,-403.93K,-29.3%,<.01%
747301109,QUAD,QUAD / GRAPHICS INC,407059,-48068,3.43M,-405.21K,-10.6%,<.01%
732908108,PONY,PONY AI INC,13934,-58535,96.84K,-406.82K,-80.8%,<.01%
68237F108,OFRM,ONCE UPON A FARM PBC,0,-25000,0,-408.75K,CLOSE,0%
70805E109,PNTG,PENNANT GROUP INC,124599,-11138,4.6M,-411.55K,-8.2%,<.01%
464287481,IWP,ISHARES TR,0,-3246,0,-415.88K,CLOSE,0%
25434V807,DFIV,DIMENSIONAL ETF TRUST,0,-7943,0,-419.23K,CLOSE,0%
552690109,MDU,MDU RES GROUP INC,450754,-19834,9.56M,-420.68K,-4.2%,<.01%
Y64177101,ECO,OKEANIS ECO TANKERS COR,0,-8340,0,-421.92K,CLOSE,0%
46429B614,SMIN,ISHARES TR,5351,-5992,378.48K,-423.81K,-52.8%,<.01%
573075108,MRTN,MARTEN TRANS LTD,0,-32322,0,-424.39K,CLOSE,0%
008073108,AVAV,AEROVIRONMENT INC,0,-2341,0,-428.52K,CLOSE,0%
03071H100,AMSF,AMERISAFE INC,8890,-12735,300.75K,-430.83K,-58.9%,<.01%
G2519Y108,BAP,CREDICORP LTD,0,-1274,0,-432.12K,CLOSE,0%
46131B704,IVR,INVESCO MORTGAGE CAPITAL INC,1010427,-55229,7.98M,-436.31K,-5.2%,<.01%
91544A109,UPLD,UPLAND SOFTWARE INC,0,-658110,0,-438.3K,CLOSE,0%
14020X104,CGGO,CAPITAL GROUP GBL GROWTH EQT,0,-13145,0,-438.65K,CLOSE,0%
422347104,HTLD,HEARTLAND EXPRESS INC,10225,-28884,155.62K,-439.62K,-73.9%,<.01%
53229C107,LSPD,LIGHTSPEED COMMERCE INC,0,-49616,0,-443.98K,CLOSE,0%
974637100,WGO,WINNEBAGO INDS INC,18171,-14291,567.66K,-446.45K,-44%,<.01%
826919102,SLAB,SILICON LABORATORIES INC,5676,-2045,1.24M,-446.96K,-26.5%,<.01%
04124A100,APC,ARKO PETE CORP,0,-25000,0,-447.25K,CLOSE,0%
874080104,TAL,TAL ED GROUP,23378,-47746,223.73K,-456.93K,-67.1%,<.01%
783754104,RYZ,RYERSON HLDG CORP,308533,-18592,7.59M,-457.55K,-5.7%,<.01%
405166109,HGTY,HAGERTY INC,48129,-38425,573.7K,-458.03K,-44.4%,<.01%
500767405,KBA,KRANESHARES TRUST,0,-15296,0,-462.86K,CLOSE,0%
423403104,MOMO,HELLO GROUP INC,2496180,-79829,14.48M,-463.01K,-3.1%,<.01%
59124U605,MTA,METALLA RTY & STREAMING LTD,185682,-60865,1.41M,-463.18K,-24.7%,<.01%
23954D109,DAWN,DAY ONE BIOPHARMACEUTICALS I,0,-21626,0,-463.66K,CLOSE,0%
12503M108,CBOE,CBOE GLOBAL MKTS INC,8626,-1947,2.09M,-471.45K,-18.4%,<.01%
98139A105,WK,WORKIVA INC,28741,-9720,1.39M,-471.52K,-25.3%,<.01%
488152208,KELYA,KELLY SVCS INC,82947,-38650,1.02M,-474.62K,-31.8%,<.01%
36352H100,GAU,GALIANO GOLD INC,3385300,-261300,6.32M,-487.74K,-7.2%,<.01%
440407104,HBNC,HORIZON BANCORP IND,41656,-24551,832.29K,-490.53K,-37.1%,<.01%
75585H206,REAX,THE REAL BROKERAGE INC,16920,-272457,30.79K,-495.87K,-94.2%,<.01%
G63113123,MZYX-UN,MOZAYYX ACQUISITION CORP,0,-50000,0,-497.51K,CLOSE,0%
98983L108,ZWS,ZURN ELKAY WATER SOLNS CORP,4771,-9878,241.08K,-499.14K,-67.4%,<.01%
64440N103,NFGC,NEW FOUND GOLD CORP,1758915,-326700,2.71M,-503.96K,-15.7%,<.01%
038923108,ABR,ARBOR REALTY TRUST INC,188131,-92996,1.02M,-504.04K,-33.1%,<.01%
194693107,CIGI,COLLIERS INTL GROUP INC,0,-4761,0,-508.9K,CLOSE,0%
G2284A129,CLBR-UN,COLOMBIER ACQUISITION CORP I,0,-50000,0,-509K,CLOSE,0%
87969B101,TLS,TELOS CORP MD,1938961,-112355,8.92M,-516.83K,-5.5%,<.01%
33738R860,FTXO,FIRST TR EXCHANGE TRADED FD,0,-14443,0,-522.4K,CLOSE,0%
790148100,JOE,ST JOE CO,12615,-8358,790.08K,-523.46K,-39.9%,<.01%
039653100,ACA,ARCOSA INC,5621,-3603,816.67K,-523.48K,-39.1%,<.01%
749607107,RLI,RLI CORP,0,-9285,0,-529.62K,CLOSE,0%
29251M106,ENTA,ENANTA PHARMACEUTICALS INC,34539,-36345,503.58K,-529.91K,-51.3%,<.01%
25264R207,DHIL,DIAMOND HILL INVT GROUP INC,0,-3080,0,-530.07K,CLOSE,0%
63888U108,NGVC,NATURAL GROCERS BY VITAMIN,73905,-17110,2.29M,-530.75K,-18.8%,<.01%
23703Q203,DQ,DAQO NEW ENERGY CORP,77880,-39948,1.04M,-534.9K,-33.9%,<.01%
M15342104,AUDC,AUDIOCODES LTD,64946,-55345,628.68K,-535.74K,-46%,<.01%
36315X101,LKFT,LAKEFRONT BIOTHERAPEUTICS NV,197844,-17874,5.93M,-535.86K,-8.3%,<.01%
103310108,BGSI,BOYD GROUP SERVICES INC,0,-4200,0,-536.02K,CLOSE,0%
46137V464,XMMO,INVESCO EXCHANGE TRADED FD T,0,-3700,0,-536.57K,CLOSE,0%
46435G409,IVLU,ISHARES TR,0,-13581,0,-538.89K,CLOSE,0%
741623102,PRMB,PRIMO BRANDS CORPORATION,10786,-22171,263.61K,-541.86K,-67.3%,<.01%
714157203,PESI,PERMA-FIX ENVIRONMENTAL SVCS,24858,-38131,355.22K,-544.89K,-60.5%,<.01%
90328M107,USNA,USANA HEALTH SCIENCES INC,156835,-25648,3.35M,-547.58K,-14.1%,<.01%
65487U108,NKTX,NKARTA INC,162509,-194423,459.9K,-550.22K,-54.5%,<.01%
257651109,DCI,DONALDSON INC,0,-6500,0,-551.65K,CLOSE,0%
50105F105,KRO,KRONOS WORLDWIDE INC,0,-84656,0,-556.19K,CLOSE,0%
53626N102,LION,LIONSGATE STUDIOS CORP,0,-58126,0,-557.43K,CLOSE,0%
316500107,FDUS,FIDUS INVT CORP,45952,-29284,876.3K,-558.45K,-38.9%,<.01%
185123106,CWAN,CLEARWATER ANALYTICS HLDGS I,0,-23643,0,-559.16K,CLOSE,0%
171077407,NAGE,NIAGEN BIOSCIENCE INC,99938,-177443,318.8K,-566.04K,-64%,<.01%
37892E102,GIC,GLOBAL INDUSTRIAL COMPANY,91607,-17231,3.07M,-576.55K,-15.8%,<.01%
987184108,YORW,YORK WTR CO,0,-19177,0,-583.94K,CLOSE,0%
85209W109,SPT,SPROUT SOCIAL INC,0,-103011,0,-587.16K,CLOSE,0%
83304A106,SNAP,SNAP INC,1143853,-132343,5.08M,-587.6K,-10.4%,<.01%
58844R108,MBIN,MERCHANTS BANCORP IND,16359,-11916,817.95K,-595.8K,-42.1%,<.01%
18270D106,CMTG,CLAROS MTG TR INC,582629,-254783,1.37M,-598.74K,-30.4%,<.01%
853606101,SLI,STANDARD LITHIUM CORP,1119772,-217809,3.08M,-598.97K,-16.3%,<.01%
69380Q107,PACS,PACS GROUP INC,7911,-14077,337.32K,-600.24K,-64%,<.01%
02005N100,ALLY,ALLY FINL INC,0,-15318,0,-600.92K,CLOSE,0%
35138V102,FOXF,FOX FACTORY HLDG CORP,375488,-35594,6.36M,-603.14K,-8.7%,<.01%
05278C107,ATHM,AUTOHOME INC,478773,-31709,9.11M,-603.42K,-6.2%,<.01%
45168D104,IDXX,IDEXX LABS INC,0,-1074,0,-603.47K,CLOSE,0%
89785X101,TBI,TRUEBLUE INC,607645,-86822,4.24M,-605.15K,-12.5%,<.01%
39304D102,GDOT,GREEN DOT CORP,373063,-44813,5.04M,-605.42K,-10.7%,<.01%
025072604,AVEM,AMERICAN CENTY ETF TR,0,-7565,0,-609.59K,CLOSE,0%
46138E594,KBWY,INVESCO EXCH TRADED FD TR II,24597,-32870,456.77K,-610.4K,-57.2%,<.01%
052800109,ALV,AUTOLIV INC,0,-5846,0,-614.76K,CLOSE,0%
75970E107,RNST,RENASANT CORP,49271,-14471,2.1M,-615.6K,-22.7%,<.01%
00130H105,AES,AES CORP,93215,-42120,1.37M,-617.48K,-31.1%,<.01%
392709101,GRBK,GREEN BRICK PARTNERS INC,46991,-7724,3.76M,-618.23K,-14.1%,<.01%
464286640,ECH,ISHARES INC,119188,-15724,4.72M,-622.98K,-11.7%,<.01%
Y2106R110,LPG,DORIAN LPG LTD,0,-18288,0,-625.45K,CLOSE,0%
566330106,MCS,MARCUS CORP DEL,294037,-26924,6.9M,-631.64K,-8.4%,<.01%
922042676,VNQI,VANGUARD INTL EQUITY INDEX F,0,-14252,0,-633.5K,CLOSE,0%
M8216R109,RSKD,RISKIFIED LTD,152211,-126088,767.14K,-635.48K,-45.3%,<.01%
923725105,VET,VERMILION ENERGY INC,1070934,-68300,10.01M,-638.4K,-6%,<.01%
624580106,MOV,MOVADO GROUP INC,12468,-16286,490.12K,-640.2K,-56.6%,<.01%
86183P102,SRI,STONERIDGE INC,579852,-87701,4.24M,-641.97K,-13.1%,<.01%
339382103,FLXS,FLEXSTEEL INDS INC,31946,-8631,2.38M,-642.84K,-21.3%,<.01%
433323102,HIFS,HINGHAM INSTN SVGS MASS,6802,-2111,2.09M,-648.39K,-23.7%,<.01%
43538H103,HLLY,HOLLEY INC,952620,-254530,2.43M,-649.05K,-21.1%,<.01%
87422Q109,TLN,TALEN ENERGY CORP,0,-2045,0,-652.83K,CLOSE,0%
759509102,RS,RELIANCE INC,3708,-1770,1.39M,-661.27K,-32.3%,<.01%
82835P103,SVM,SILVERCORP METALS INC,0,-61900,0,-665.49K,CLOSE,0%
16208T102,CLDT,CHATHAM LODGING TR,375690,-50456,4.97M,-667.53K,-11.8%,<.01%
911684108,AD,ARRAY DIGITAL INFRASTRUCTURE,201424,-18541,7.3M,-672.3K,-8.4%,<.01%
46138E222,IDMO,INVESCO EXCH TRADED FD TR II,0,-12279,0,-673.38K,CLOSE,0%
03937C105,ARCB,ARCBEST CORP,0,-6869,0,-675.63K,CLOSE,0%
25243Q205,DEO,DIAGEO PLC,0,-9175,0,-683.08K,CLOSE,0%
00773T101,ASIX,ADVANSIX INC,195244,-34386,3.88M,-683.59K,-15%,<.01%
025072802,AVDV,AMERICAN CENTY ETF TR,0,-6857,0,-684.74K,CLOSE,0%
G6891L105,PANL,PANGAEA LOGISTICS SOLUTION L,0,-96739,0,-684.91K,CLOSE,0%
278768106,SATS,ECHOSTAR CORP,0,-5900,0,-690.71K,CLOSE,0%
70202L102,PSN,PARSONS CORP DEL,43431,-13212,2.28M,-692.18K,-23.3%,<.01%
75689M101,RRGB,RED ROBIN GOURMET BURGERS IN,145721,-86744,1.16M,-693.08K,-37.3%,<.01%
826917106,SIGA,SIGA TECHNOLOGIES INC,264900,-191485,964.24K,-697.01K,-42%,<.01%
292218104,EIG,EMPLOYERS HLDGS INC,85606,-13962,4.32M,-704.8K,-14%,<.01%
011642105,ALRM,ALARM COM HLDGS INC,223355,-15112,10.44M,-706.03K,-6.3%,<.01%
52110M109,LAZ,LAZARD INC,13701,-16933,574.62K,-710.17K,-55.3%,<.01%
879433829,TDS,TELEPHONE & DATA SYS INC,25690,-19215,950.79K,-711.15K,-42.8%,<.01%
535219109,LIND,LINDBLAD EXPEDITIONS HLDGS I,306717,-25224,8.66M,-712.33K,-7.6%,<.01%
Y23592135,ESEA,EUROSEAS LTD,23655,-10775,1.57M,-715.14K,-31.3%,<.01%
234264109,DAKT,DAKTRONICS INC,83747,-36562,1.64M,-715.15K,-30.4%,<.01%
68629Y103,ONL,ORION PROPERTIES INC,273373,-248201,790.05K,-717.3K,-47.6%,<.01%
25609L105,DCBO,DOCEBO INC,0,-41055,0,-718.55K,CLOSE,0%
647551100,NMFC,NEW MTN FIN CORP,247180,-100340,1.77M,-719.44K,-28.9%,<.01%
464287622,IWB,ISHARES TR,0,-2029,0,-723.46K,CLOSE,0%
69354N106,PRAA,PRA GROUP INC,783504,-38110,14.88M,-723.71K,-4.6%,<.01%
58470H101,MED,MEDIFAST INC,92345,-68219,979.78K,-723.8K,-42.5%,<.01%
82846H405,QXO,QXO INC,0,-37340,0,-725.14K,CLOSE,0%
50015M109,KOD,KODIAK SCIENCES INC,211300,-18655,8.23M,-726.8K,-8.1%,<.01%
60649T107,MG,MISTRAS GROUP INC,44226,-41805,772.63K,-730.33K,-48.6%,<.01%
464288778,IAT,ISHARES TR,0,-13800,0,-742.99K,CLOSE,0%
704551100,BTU,PEABODY ENGR CORP,154207,-32196,3.57M,-744.37K,-17.3%,<.01%
014442107,ALEC,ALECTOR INC,2959983,-372852,5.95M,-749.43K,-11.2%,<.01%
682143102,OMER,OMEROS CORP,0,-71168,0,-751.53K,CLOSE,0%
03990B101,ARES,ARES MANAGEMENT CORPORATION,8995,-6812,1M,-758.24K,-43.1%,<.01%
129500104,CAL,CALERES INC,472691,-61469,5.85M,-760.37K,-11.5%,<.01%
227483104,CCRN,CROSS CTRY HEALTHCARE INC,14397,-57583,190.18K,-760.67K,-80%,<.01%
597742105,MSBI,MIDLAND STATES BANCORP INC,63063,-24471,1.96M,-762.03K,-28%,<.01%
36164V800,GLIBK,LIBERTY CAP CORP,394627,-35426,8.51M,-763.78K,-8.2%,<.01%
553498106,MSA,MSA SAFETY INC,47430,-4398,8.28M,-767.8K,-8.5%,<.01%
46590V100,JBGS,JBG SMITH PPTYS,17228,-52882,252.74K,-775.78K,-75.4%,<.01%
690732102,ACH,ACCENDRA HEALTH INC,3081407,-230194,10.54M,-787.26K,-7%,<.01%
120076104,BBW,BUILD-A-BEAR WORKSHOP INC,0,-21100,0,-790.2K,CLOSE,0%
63938C108,NAVI,NAVIENT CORPORATION,0,-97056,0,-793.92K,CLOSE,0%
G4412G101,HLF,HERBALIFE LTD,270229,-60878,3.55M,-800.55K,-18.4%,<.01%
G4095J109,GLRE,GREENLIGHT CAP RE LTD,104293,-49645,1.69M,-803.26K,-32.2%,<.01%
501044101,KR,KROGER CO,662062,-14514,36.76M,-805.96K,-2.1%,0.02%
248356107,DNN,DENISON MINES CORP,207400,-264200,635.48K,-809.52K,-56%,<.01%
65473P105,NI,NISOURCE INC,142885,-17149,6.79M,-815.43K,-10.7%,<.01%
09739D100,BCC,BOISE CASCADE CO DEL,240190,-10510,18.65M,-815.89K,-4.2%,0.01%
76665T102,REPX,RILEY EXPLORATION PERMIAN IN,93361,-24876,3.08M,-819.91K,-21%,<.01%
916896103,UEC,URANIUM ENERGY CORP,175749,-76983,1.87M,-820.64K,-30.5%,<.01%
695127100,PCRX,PACIRA BIOSCIENCES INC,1950332,-32392,49.48M,-821.79K,-1.6%,0.03%
294268107,PLUS,EPLUS INC,0,-11021,0,-829.33K,CLOSE,0%
811543107,SEB,SEABOARD CORP DEL,950,-187,4.24M,-834.83K,-16.4%,<.01%
54150E104,LOMA,LOMA NEGRA C I A S A MTN 14,26654,-73114,305.19K,-837.15K,-73.3%,<.01%
96208T104,WEX,WEX INC,3700,-6000,522.03K,-846.54K,-61.9%,<.01%
63633D104,NHI,NATIONAL HEALTH INVS INC,0,-10483,0,-847.65K,CLOSE,0%
00217Y104,ATS,ATS CORPORATION,0,-30200,0,-850.98K,CLOSE,0%
92189H300,EMLC,VANECK ETF TRUST,21500,-33300,549.54K,-851.15K,-60.8%,<.01%
140475203,SNDA,SONIDA SENIOR LIVING INC,0,-26422,0,-852.11K,CLOSE,0%
48282T104,KAI,KADANT INC,2613,-2715,821.08K,-853.13K,-51%,<.01%
600551204,MLR,MILLER INDS INC TENN,57397,-16694,2.94M,-853.9K,-22.5%,<.01%
37950E291,DIV,GLOBAL X FDS,0,-45311,0,-856.38K,CLOSE,0%
204409601,CIG,CIA ENERGETICA DE MINAS GERA,326921,-410670,686.53K,-862.41K,-55.7%,<.01%
222070203,COTY,COTY INC,12413619,-399343,26.81M,-862.58K,-3.1%,0.02%
153527205,CENTA,CENTRAL GARDEN & PET CO,58897,-22275,2.28M,-863.6K,-27.4%,<.01%
29089Q105,EBS,EMERGENT BIOSOLUTIONS INC,900108,-103804,7.54M,-869.88K,-10.3%,<.01%
93403J106,WRBY,WARBY PARKER INC,0,-41320,0,-870.61K,CLOSE,0%
068463108,BBSI,BARRETT BUSINESS SVCS INC,5844,-24674,207.58K,-876.42K,-80.9%,<.01%
27923Q109,ECVT,ECOVYST INC,351792,-70671,4.38M,-879.85K,-16.7%,<.01%
22113B103,CSAN,COSAN S A,0,-216527,0,-892.09K,CLOSE,0%
679580100,ODFL,OLD DOMINION FREIGHT LINE IN,0,-4600,0,-898.84K,CLOSE,0%
46982L108,J,JACOBS SOLUTIONS INC,5505,-7135,693.63K,-899.01K,-56.4%,<.01%
092113109,BKH,BLACK HILLS CORP,335535,-12119,24.96M,-901.65K,-3.5%,0.02%
G7997W102,SDRL,SEADRILL LTD,25168,-23971,951.85K,-906.58K,-48.8%,<.01%
911549103,UAMY,UNITED STATES ANTIMONY CORP,0,-104402,0,-911.43K,CLOSE,0%
032108664,HACK,AMPLIFY ETF TR,0,-12150,0,-912.34K,CLOSE,0%
909214306,UIS,UNISYS CORP,3117334,-249924,11.41M,-914.72K,-7.4%,<.01%
68828E809,ODV,OSISKO DEVELOPMENT CORP,60345,-373031,148.45K,-917.66K,-86.1%,<.01%
67576A100,OCUL,OCULAR THERAPEUTIX INC,124457,-94021,1.22M,-923.29K,-43%,<.01%
296006109,ERO,ERO COPPER CORP,19609,-34691,523.79K,-926.65K,-63.9%,<.01%
202608105,CVGI,COMMERCIAL VEH GROUP INC,0,-272165,0,-928.08K,CLOSE,0%
309627107,FMNB,FARMERS NATIONAL BANC CORP,60898,-63589,889.11K,-928.4K,-51.1%,<.01%
105368203,BDN,BRANDYWINE RLTY TR,409574,-293581,1.3M,-930.65K,-41.8%,<.01%
51819L107,SWIM,LATHAM GROUP INC,212630,-144170,1.38M,-932.78K,-40.4%,<.01%
62878D100,NABL,N-ABLE INC,383050,-254794,1.41M,-935.09K,-39.9%,<.01%
811054402,SSP,SCRIPPS E W CO OHIO,1194108,-341759,3.31M,-946.67K,-22.3%,<.01%
45773H409,INO,INOVIO PHARMACEUTICALS INC,1351656,-861163,1.49M,-947.28K,-38.9%,<.01%
68268W103,OMF,ONEMAIN HLDGS INC,281239,-15567,17.15M,-949.12K,-5.2%,0.01%
Y2065G121,DHT,DHT HOLDINGS INC,0,-52220,0,-954.06K,CLOSE,0%
165303108,CPK,CHESAPEAKE UTILS CORP,5802,-7805,710.63K,-955.96K,-57.4%,<.01%
Y7542C130,STNG,SCORPIO TANKERS INC,0,-12813,0,-956.62K,CLOSE,0%
98956A105,ZETA,ZETA GLOBAL HOLDINGS CORP,16054,-49445,315.94K,-973.08K,-75.5%,<.01%
606822104,MUFG,MITSUBISHI UFJ FINANCIAL GRO,0,-58071,0,-985.47K,CLOSE,0%
87165B103,SYF,SYNCHRONY FINANCIAL,9503,-12959,722.7K,-985.53K,-57.7%,<.01%
53228F101,LFST,LIFESTANCE HEALTH GROUP INC,551831,-92321,5.91M,-988.76K,-14.3%,<.01%
25434V500,DFAS,DIMENSIONAL ETF TRUST,0,-13908,0,-989.28K,CLOSE,0%
52468L505,LVHI,LEGG MASON ETF INVT,0,-24564,0,-995.09K,CLOSE,0%
720190206,PDM,PIEDMONT REALTY TRUST INC,0,-151963,0,-998.4K,CLOSE,0%
33741X102,SDVY,FIRST TR EXCHANGE TRADED FD,0,-25404,0,-1M,CLOSE,0%
578784100,MAZE,MAZE THERAPEUTICS INC,12019,-33617,358.65K,-1M,-73.7%,<.01%
30212W100,AGNT,EXP WORLD HLDGS INC,0,-167673,0,-1M,CLOSE,0%
70439P108,PAY,PAYMENTUS HOLDINGS INC,51246,-41672,1.24M,-1.01M,-44.8%,<.01%
205887102,CAG,CONAGRA BRANDS INC,60886,-75210,819.53K,-1.01M,-55.3%,<.01%
834203309,SLNO,SOLENO THERAPEUTICS INC,0,-30247,0,-1.01M,CLOSE,0%
Y73760400,SHIP,SEANERGY MARITIME HLDGS CORP,14816,-75536,198.98K,-1.01M,-83.6%,<.01%
371532102,GCO,GENESCO INC,255006,-30120,8.61M,-1.02M,-10.6%,<.01%
02157Q109,ANRO,ALTO NEUROSCIENCE INC,0,-45343,0,-1.02M,CLOSE,0%
89455T109,TMCI,TREACE MED CONCEPTS INC,583277,-257992,2.32M,-1.03M,-30.7%,<.01%
52466B103,LZ,LEGALZOOM COM INC,24812,-169308,152.1K,-1.04M,-87.2%,<.01%
90114C107,TUYA,TUYA INC,1467653,-592272,2.58M,-1.04M,-28.8%,<.01%
898202106,TRUP,TRUPANION INC,17739,-42314,439.39K,-1.05M,-70.5%,<.01%
884903808,TRI,THOMSON REUTERS CORP,0,-11634,0,-1.05M,CLOSE,0%
464286582,SCJ,ISHARES INC,0,-10869,0,-1.06M,CLOSE,0%
427746102,HRTX,HERON THERAPEUTICS INC,120435,-2480555,51.4K,-1.06M,-95.4%,<.01%
00790R104,WMS,ADVANCED DRAIN SYS INC DEL,0,-7740,0,-1.06M,CLOSE,0%
761152107,RMD,RESMED INC,6121,-5455,1.19M,-1.06M,-47.1%,<.01%
G9470A102,VTEX,VTEX,181418,-266442,725.67K,-1.07M,-59.5%,<.01%
69318J100,CNXN,PC CONNECTION INC,46010,-14786,3.36M,-1.08M,-24.3%,<.01%
460146103,IP,INTERNATIONAL PAPER CO,0,-30458,0,-1.09M,CLOSE,0%
05465C100,AX,AXOS FINANCIAL INC,0,-12824,0,-1.09M,CLOSE,0%
44925C103,ICFI,ICF INTL INC,146150,-15050,10.65M,-1.1M,-9.3%,<.01%
907818108,UNP,UNION PAC CORP,30907,-4066,8.41M,-1.11M,-11.6%,<.01%
08975P108,CMRC,COMMERCE.COM INC,184667,-374820,546.61K,-1.11M,-67%,<.01%
774515100,RCKY,ROCKY BRANDS INC,63844,-26953,2.63M,-1.11M,-29.7%,<.01%
32026V104,FFWM,FIRST FNDTN INC,0,-189547,0,-1.12M,CLOSE,0%
374689107,ROCK,GIBRALTAR INDS INC,224747,-24925,10.14M,-1.12M,-10%,<.01%
10919W405,DRUG,BRIGHT MINDS BIOSCIENCES INC,0,-15445,0,-1.13M,CLOSE,0%
646025106,NJR,NEW JERSEY RES CORP,7150,-20316,400.69K,-1.14M,-74%,<.01%
30219Q106,EXFY,EXPENSIFY INC,0,-1318100,0,-1.15M,CLOSE,0%
320557101,INBK,FIRST INTERNET BANCORP,167886,-41567,4.67M,-1.16M,-19.8%,<.01%
775133101,ROG,ROGERS CORP,56243,-7074,9.21M,-1.16M,-11.2%,<.01%
00404A109,ACHC,ACADIA HEALTHCARE COMPANY IN,55336,-39385,1.63M,-1.16M,-41.6%,<.01%
743713109,PRLB,PROTO LABS INC,211366,-14285,17.23M,-1.16M,-6.3%,0.01%
09681N106,BOBS,BOBS DISC FURNITURE INC,0,-100097,0,-1.18M,CLOSE,0%
39818P799,PKST,PEAKSTONE REALTY TRUST,0,-56666,0,-1.18M,CLOSE,0%
92552V100,VSAT,VIASAT INC,176484,-13216,15.85M,-1.19M,-7%,<.01%
370920100,GENB,GENERATE BIOMEDICINES INC,0,-95000,0,-1.19M,CLOSE,0%
04335A105,ARVN,ARVINAS INC,3495153,-143414,29.04M,-1.19M,-3.9%,0.02%
678026105,OIS,OIL STS INTL INC,2017956,-149316,16.16M,-1.2M,-6.9%,<.01%
28035Q102,EPC,EDGEWELL PERSONAL CARE CO,97658,-44739,2.62M,-1.2M,-31.4%,<.01%
00214Q708,ARKF,ARK ETF TR,0,-31705,0,-1.21M,CLOSE,0%
25787G100,DFIN,DONNELLEY FINL SOLUTIONS INC,136259,-28816,5.72M,-1.21M,-17.5%,<.01%
83413U100,SLRC,SLR INVESTMENT CORP,0,-84512,0,-1.21M,CLOSE,0%
67000B104,NOVT,NOVANTA INC,7634,-7457,1.24M,-1.21M,-49.4%,<.01%
60471A101,MIR,MIRION TECHNOLOGIES INC,400454,-67683,7.18M,-1.21M,-14.5%,<.01%
00183L201,ANGI,ANGI INC,1641443,-205094,9.77M,-1.22M,-11.1%,<.01%
65342K105,NEXT,NEXTDECADE CORP,56897,-162078,429K,-1.22M,-74%,<.01%
G8267P108,SW,SMURFIT WESTROCK PLC,0,-30703,0,-1.22M,CLOSE,0%
05988JAD5,BAND,BANDWIDTH INC,2600000,-1300000,2.45M,-1.23M,-33.3%,<.01%
011659109,ALK,ALASKA AIR GROUP INC,0,-33463,0,-1.23M,CLOSE,0%
98138H101,WDAY,WORKDAY INC,22069,-10073,2.7M,-1.23M,-31.3%,<.01%
828730200,SFNC,SIMMONS FIRST NATL CORP,386673,-54493,8.76M,-1.23M,-12.4%,<.01%
64031N108,NNI,NELNET INC,11109,-9271,1.48M,-1.24M,-45.5%,<.01%
35473P710,FLKR,FRANKLIN TEMPLETON ETF TR,0,-31140,0,-1.24M,CLOSE,0%
55939A107,MAGN,MAGNERA CORP,789745,-106470,9.28M,-1.25M,-11.9%,<.01%
375916103,GIL,GILDAN ACTIVEWEAR INC,0,-22507,0,-1.25M,CLOSE,0%
704699107,PGC,PEAPACK-GLADSTONE FINL CORP,35260,-26501,1.67M,-1.25M,-42.9%,<.01%
192446102,CTSH,COGNIZANT TECHNOLOGY SOLUTIO,6113,-32465,236.76K,-1.26M,-84.2%,<.01%
781846209,RUSHA,RUSH ENTERPRISES INC,91250,-17335,6.66M,-1.27M,-16%,<.01%
25754A201,DPZ,DOMINOS PIZZA INC,857,-4281,253.71K,-1.27M,-83.3%,<.01%
G8726T105,TK,TEEKAY CORPORATION LTD,0,-103834,0,-1.27M,CLOSE,0%
449172105,HY,HYSTER-YALE INC,85697,-36283,3M,-1.27M,-29.7%,<.01%
G6359F137,NBR,NABORS INDUSTRIES LTD,97002,-15144,8.15M,-1.27M,-13.5%,<.01%
7591EP100,RF,REGIONS FINANCIAL CORP NEW,424373,-42660,12.82M,-1.29M,-9.1%,<.01%
199908104,FIX,COMFORT SYS USA INC,67126,-653,133.04M,-1.29M,-1%,0.08%
15117B202,CLDX,CELLDEX THERAPEUTICS INC NEW,17826,-35034,663.3K,-1.3M,-66.3%,<.01%
09549B104,BLFY,BLUE FOUNDRY BANCORP,0,-98540,0,-1.3M,CLOSE,0%
N69958101,PICS,PICS NV,0,-125009,0,-1.31M,CLOSE,0%
60510V108,AVO,MISSION PRODUCE INC,60951,-111044,718.61K,-1.31M,-64.6%,<.01%
21077F100,CTGO,CONTANGO SILVER & GOLD INC,0,-69998,0,-1.31M,CLOSE,0%
74766W108,QUBT,QUANTUM COMPUTING INC,582618,-135592,5.65M,-1.32M,-18.9%,<.01%
013872106,AA,ALCOA CORP,3585857,-25303,186.97M,-1.32M,-0.7%,0.12%
65290E101,NXT,NEXTPOWER INC,0,-10993,0,-1.33M,CLOSE,0%
464286780,EZA,ISHARES INC,21457,-21000,1.36M,-1.33M,-49.5%,<.01%
444097406,HPP,HUDSON PACIFIC PROPERTIES IN,1571916,-87506,23.88M,-1.33M,-5.3%,0.01%
37954Y673,PAVE,GLOBAL X FDS,0,-26310,0,-1.34M,CLOSE,0%
464287812,IYK,ISHARES TR,12298,-18468,893.57K,-1.34M,-60%,<.01%
G4253H101,JHX,JAMES HARDIE INDS PLC,0,-70931,0,-1.34M,CLOSE,0%
10922N103,BHF,BRIGHTHOUSE FINL INC,10052,-21225,636.29K,-1.34M,-67.9%,<.01%
Y10230103,BWLP,BW LPG LTD,16591,-78291,289.18K,-1.36M,-82.5%,<.01%
M4056D110,ENLT,ENLIGHT RENEWABLE ENERGY LTD,3138,-15467,279.35K,-1.38M,-83.1%,<.01%
28414H103,ELAN,ELANCO ANIMAL HEALTH INC,88993,-56025,2.19M,-1.38M,-38.6%,<.01%
03761U502,MFIC,MIDCAP FINANCIAL INVSTMNT CO,0,-123567,0,-1.39M,CLOSE,0%
97650W108,WTFC,WINTRUST FINL CORP,10151,-8724,1.63M,-1.4M,-46.2%,<.01%
456237106,ILPT,INDUSTRIAL LOGISTICS PPTYS T,1218269,-158765,10.81M,-1.41M,-11.5%,<.01%
457030104,IMKTA,INGLES MKTS INC,40547,-15937,3.59M,-1.41M,-28.2%,<.01%
70959W103,PAG,PENSKE AUTOMOTIVE GRP INC,117983,-7906,21.11M,-1.41M,-6.3%,0.01%
46137V498,XSMO,INVESCO EXCHANGE TRADED FD T,2939,-15149,275.18K,-1.42M,-83.8%,<.01%
077454106,BDC,BELDEN INC,6304,-11969,755.91K,-1.44M,-65.5%,<.01%
66765N105,NWN,NORTHWEST NAT HLDG CO,22767,-29403,1.12M,-1.44M,-56.4%,<.01%
32051X108,FHB,FIRST HAWAIIAN INC,1482803,-49591,43.45M,-1.45M,-3.2%,0.03%
70975L107,PEN,PENUMBRA INC,197329,-4621,62.31M,-1.46M,-2.3%,0.04%
349553107,FTS,FORTIS INC,123572,-25550,7.07M,-1.46M,-17.1%,<.01%
89346D107,TAC,TRANSALTA CORP,163700,-106178,2.26M,-1.47M,-39.3%,<.01%
92790C104,VRDN,VIRIDIAN THERAPEUTICS INC,1182222,-80318,21.72M,-1.48M,-6.4%,0.01%
252131107,DXCM,DEXCOM INC,5679,-22053,382.48K,-1.49M,-79.5%,<.01%
G72800108,PRTA,PROTHENA CORP PLC,1611457,-151890,15.78M,-1.49M,-8.6%,<.01%
46434G822,EWJ,ISHARES INC,0,-17649,0,-1.49M,CLOSE,0%
464289180,EUFN,ISHARES TR,48195,-38262,1.88M,-1.49M,-44.3%,<.01%
G4701H109,IHS,IHS HOLDING LIMITED,0,-182674,0,-1.5M,CLOSE,0%
65535H208,NMR,NOMURA HLDGS INC,0,-190679,0,-1.5M,CLOSE,0%
09257W100,BXMT,BLACKSTONE MORTGAGE TRUST IN,441250,-88787,7.48M,-1.5M,-16.8%,<.01%
38267D109,GSHD,GOOSEHEAD INS INC,18306,-31090,887.84K,-1.51M,-62.9%,<.01%
29530P102,ERIE,ERIE INDTY CO,5455,-6303,1.31M,-1.51M,-53.6%,<.01%
91531W106,TIGR,UP FINTECH HLDG LTD,81146,-344209,357.04K,-1.51M,-80.9%,<.01%
922907746,VTEB,VANGUARD MUN BD FDS,0,-30492,0,-1.52M,CLOSE,0%
13057Q305,CRC,CALIFORNIA RES CORP,9265,-28955,489.84K,-1.53M,-75.8%,<.01%
039697107,ARDX,ARDELYX INC,13081,-300880,66.71K,-1.53M,-95.8%,<.01%
875372203,TNDM,TANDEM DIABETES CARE INC,681808,-102098,10.29M,-1.54M,-13%,<.01%
30052C107,EOLS,EVOLUS INC,336901,-222149,2.34M,-1.54M,-39.7%,<.01%
05464C101,AXON,AXON ENTERPRISE INC,5411,-2776,3.03M,-1.56M,-33.9%,<.01%
46138E339,SPMO,INVESCO EXCH TRADED FD TR II,0,-13896,0,-1.56M,CLOSE,0%
29476L107,EQR,EQUITY RESIDENTIAL,29865,-23020,2.03M,-1.56M,-43.5%,<.01%
53815P108,RAMP,LIVERAMP HLDGS INC,37571,-41625,1.41M,-1.57M,-52.6%,<.01%
390607109,GLDD,GREAT LAKES DREDGE & DOCK CO,0,-92353,0,-1.57M,CLOSE,0%
464286608,EZU,ISHARES INC,0,-25129,0,-1.57M,CLOSE,0%
379577208,GMED,GLOBUS MED INC,8300,-20059,655.78K,-1.58M,-70.7%,<.01%
156504300,CCS,CENTURY COMMUNITIES INC,120850,-22205,8.66M,-1.59M,-15.5%,<.01%
156727109,CRNC,CERENCE INC,214328,-140850,2.43M,-1.59M,-39.7%,<.01%
02155H200,ALT,ALTIMMUNE INC,201638,-525363,612.98K,-1.6M,-72.3%,<.01%
205768302,CRK,COMSTOCK RES INC,25608,-107248,382.07K,-1.6M,-80.7%,<.01%
90400P101,UGP,ULTRAPAR PARTICIPACOES SA,49904,-319864,250.52K,-1.61M,-86.5%,<.01%
G4627B103,HSPT,HORIZON SPACE ACQUISITION II,0,-250000,0,-1.61M,CLOSE,0%
633707104,NBHC,NATIONAL BK HLDGS CORP,36640,-36407,1.63M,-1.62M,-49.8%,<.01%
10948W103,AAMI,ACADIAN ASSET MANAGEMENT INC,33743,-22667,2.41M,-1.62M,-40.2%,<.01%
606710200,MITK,MITEK SYS INC,43343,-80769,872.5K,-1.63M,-65.1%,<.01%
25381B101,DMRC,DIGIMARC CORP NEW,0,-331409,0,-1.63M,CLOSE,0%
09173B107,KEEL,BITFARMS LTD,0,-832730,0,-1.63M,CLOSE,0%
256677105,DG,DOLLAR GEN CORP,97925,-14234,11.27M,-1.64M,-12.7%,<.01%
45676K111,,INFLEQTION INC,130970,-240280,899.76K,-1.65M,-64.7%,<.01%
00724F101,ADBE,ADOBE INC,359156,-8052,73.63M,-1.65M,-2.2%,0.05%
44955L106,IAUX,I-80 GOLD CORP,137600,-1139000,199.66K,-1.65M,-89.2%,<.01%
30214U102,EXPO,EXPONENT INC,163892,-28204,9.63M,-1.66M,-14.7%,<.01%
G5509L101,LIVN,LIVANOVA PLC,0,-26179,0,-1.66M,CLOSE,0%
034164103,ANDE,ANDERSONS INC,70346,-24440,4.81M,-1.67M,-25.8%,<.01%
65345M108,NXDR,NEXTDOOR HOLDINGS INC,2229851,-740424,5.06M,-1.68M,-24.9%,<.01%
37954Y632,AIQ,GLOBAL X FDS,0,-36130,0,-1.69M,CLOSE,0%
458334109,IPAR,INTERPARFUMS INC,30987,-15095,3.47M,-1.69M,-32.8%,<.01%
20602D101,CNXC,CONCENTRIX CORP,68533,-75611,1.54M,-1.69M,-52.5%,<.01%
31620M106,FIS,FIDELITY NATL INFORMATION SV,1817683,-44181,70.67M,-1.72M,-2.4%,0.04%
464286764,EWP,ISHARES INC,4437,-29162,263.51K,-1.73M,-86.8%,<.01%
379378201,GNL,GLOBAL NET LEASE INC,197578,-194204,1.77M,-1.74M,-49.6%,<.01%
46266A109,IRMD,IRADIMED CORP,0,-18043,0,-1.74M,CLOSE,0%
92839U206,VC,VISTEON CORP,15848,-17598,1.57M,-1.75M,-52.6%,<.01%
92857W308,VOD,VODAFONE GROUP PLC,215227,-133003,2.85M,-1.76M,-38.2%,<.01%
00486H105,ADTN,ADTRAN HOLDINGS INC,1091898,-127071,15.18M,-1.77M,-10.4%,<.01%
413197104,HRMY,HARMONY BIOSCIENCES HLDGS IN,52879,-48548,1.93M,-1.77M,-47.9%,<.01%
806407102,HSIC,SCHEIN HENRY INC,9653,-21176,806.22K,-1.77M,-68.7%,<.01%
30050B101,EVH,EVOLENT HEALTH INC,5107561,-326471,27.68M,-1.77M,-6%,0.02%
464286756,EWD,ISHARES INC,4027,-35437,201.27K,-1.77M,-89.8%,<.01%
440327104,HMN,HORACE MANN EDUCATORS CORP N,14315,-34325,739.37K,-1.77M,-70.6%,<.01%
G1828A108,CAEP,CANTOR EQUITY PARTNERS III I,0,-173229,0,-1.79M,CLOSE,0%
76009N100,UPBD,UPBOUND GROUP INC,98304,-84385,2.09M,-1.79M,-46.2%,<.01%
65340P106,NXE,NEXGEN ENERGY LTD,386587,-193055,3.63M,-1.81M,-33.3%,<.01%
05603J108,BKV,BKV CORP,0,-63712,0,-1.82M,CLOSE,0%
46267X108,IQ,IQIYI INC,1741056,-1753525,1.81M,-1.82M,-50.2%,<.01%
53803X105,LOB,LIVE OAK BANCSHARES INC,217937,-45066,8.9M,-1.84M,-17.1%,<.01%
053484101,AVB,AVALONBAY CMNTYS INC,1540,-9883,290.58K,-1.86M,-86.5%,<.01%
60741F104,MBLY,MOBILEYE GLOBAL INC,255241,-192760,2.47M,-1.87M,-43%,<.01%
832248207,SFD,SMITHFIELD FOODS INC,194401,-76955,4.72M,-1.87M,-28.4%,<.01%
134429109,CPB,THE CAMPBELLS COMPANY,19028,-83876,423.75K,-1.87M,-81.5%,<.01%
11135E203,BNL,BROADSTONE NET LEASE INC,111805,-90424,2.31M,-1.87M,-44.7%,<.01%
L72967109,OEC,ORION S.A.,2194308,-282485,14.55M,-1.87M,-11.4%,<.01%
45781M101,INVA,INNOVIVA INC,166255,-82564,3.78M,-1.88M,-33.2%,<.01%
G87110105,FTI,TECHNIPFMC PLC,66848,-28527,4.43M,-1.89M,-29.9%,<.01%
27579R104,EWBC,EAST WEST BANCORP INC,4556,-14686,588.13K,-1.9M,-76.3%,<.01%
78573L106,SBRA,SABRA HEALTH CARE REIT INC,833693,-98365,16.27M,-1.92M,-10.6%,0.01%
08986R309,BH,BIGLARI HLDGS INC,1019,-4551,434.12K,-1.94M,-81.7%,<.01%
714266103,PPTA,PERPETUA RESOURCES CORP,146724,-93965,3.05M,-1.95M,-39%,<.01%
97717PAD6,PHPT,WISDOMTREE INC,0,-1472000,0,-1.95M,CLOSE,0%
09227Q100,BLKB,BLACKBAUD INC,23438,-65956,694.23K,-1.95M,-73.8%,<.01%
296315104,ESE,ESCO TECHNOLOGIES INC,0,-6945,0,-1.95M,CLOSE,0%
37954Y715,BOTZ,GLOBAL X FDS,0,-59336,0,-1.97M,CLOSE,0%
457187102,INGR,INGREDION INC,247723,-20901,23.46M,-1.98M,-7.8%,0.01%
G53157122,KPET-UN,KPET ULTRA PACELINE CORP,0,-200000,0,-2M,CLOSE,0%
83012A109,TSLX,SIXTH STREET SPECIALTY LENDI,68649,-117105,1.18M,-2.01M,-63%,<.01%
911163103,UNFI,UNITED NAT FOODS INC,1542023,-44143,70.42M,-2.02M,-2.8%,0.04%
896442308,TRIN,TRINITY CAP INC,216977,-113958,3.88M,-2.04M,-34.4%,<.01%
G6301B101,MLAC,MOUNTAIN LAKE ACQUISITION CO,0,-193702,0,-2.04M,CLOSE,0%
037598109,APOG,APOGEE ENTERPRISES INC,48403,-44748,2.21M,-2.05M,-48%,<.01%
67103X102,OFG,OFG BANCORP,96542,-41793,4.74M,-2.05M,-30.2%,<.01%
421906108,HCSG,HEALTHCARE SVCS GROUP INC,265647,-84419,6.52M,-2.07M,-24.1%,<.01%
50077B207,KTOS,KRATOS DEFENSE & SEC SOLUTIO,5009,-41879,249.75K,-2.09M,-89.3%,<.01%
192108504,CDE,COEUR MNG INC,260403,-128807,4.25M,-2.1M,-33.1%,<.01%
33767E202,FSV,FIRSTSERVICE CORP NEW,2100,-14811,298.31K,-2.1M,-87.6%,<.01%
31609A206,FESM,FIDELITY COVINGTON TRUST,6864,-43672,331.46K,-2.11M,-86.4%,<.01%
84858T772,EUAD,SPINNAKER ETF SERIES,0,-51770,0,-2.11M,CLOSE,0%
G86880104,TAVI,TAVIA ACQUISITION CORP,0,-200000,0,-2.11M,CLOSE,0%
74736L109,QTWO,Q2 HLDGS INC,449747,-44172,21.63M,-2.12M,-8.9%,0.01%
92937A102,WPP,WPP PLC NEW,407216,-138405,6.31M,-2.14M,-25.4%,<.01%
297602104,ETD,ETHAN ALLEN INTERIORS INC,26694,-96137,596.34K,-2.15M,-78.3%,<.01%
668074305,NWE,NORTHWESTERN ENERGY GROUP IN,145729,-30828,10.44M,-2.21M,-17.5%,<.01%
381013101,GDEN,GOLDEN ENTMT INC,0,-83157,0,-2.22M,CLOSE,0%
98980A105,ZTO,ZTO EXPRESS CAYMAN INC,60268,-99370,1.35M,-2.22M,-62.2%,<.01%
384109104,GGG,GRACO INC,0,-26301,0,-2.23M,CLOSE,0%
987084100,YSS,YORK SPACE SYSTEMS INC,0,-100926,0,-2.24M,CLOSE,0%
501976104,KYTX,KYVERNA THERAPEUTICS INC,469346,-252235,4.18M,-2.25M,-35%,<.01%
G3922B107,G,GENPACT LIMITED,786388,-81838,21.63M,-2.25M,-9.4%,0.01%
528877103,LX,LEXINFINTECH HLDGS LTD,1668076,-1143748,3.29M,-2.25M,-40.7%,<.01%
25520W107,DEC,DIVERSIFIED ENERGY CO,126277,-163155,1.75M,-2.26M,-56.4%,<.01%
624758108,MWA,MUELLER WTR PRODS INC,76841,-88174,1.98M,-2.28M,-53.4%,<.01%
550021109,LULU,LULULEMON ATHLETICA INC,214001,-19987,24.43M,-2.28M,-8.5%,0.02%
06759L103,BBDC,BARINGS BDC INC,37677,-268200,321.01K,-2.29M,-87.7%,<.01%
56418H100,MAN,MANPOWERGROUP INC WIS,187551,-67882,6.33M,-2.29M,-26.6%,<.01%
617700109,MORN,MORNINGSTAR INC,5594,-14754,872.78K,-2.3M,-72.5%,<.01%
197641103,CLBK,COLUMBIA FINL INC,120099,-108914,2.55M,-2.31M,-47.6%,<.01%
032108607,BLOK,AMPLIFY ETF TR,10192,-36983,638.33K,-2.32M,-78.4%,<.01%
829933100,SIRI,SIRIUSXM HOLDINGS INC,0,-101528,0,-2.34M,CLOSE,0%
36467W109,GME,GAMESTOP CORP,10734,-106220,237.01K,-2.35M,-90.8%,<.01%
14843C105,CSTL,CASTLE BIOSCIENCES INC,112789,-99177,2.69M,-2.37M,-46.8%,<.01%
433313103,HNGE,HINGE HEALTH INC,8700,-28588,722.1K,-2.37M,-76.7%,<.01%
98985Y108,ZYME,ZYMEWORKS INC,144807,-90814,3.79M,-2.37M,-38.5%,<.01%
960413102,WLK,WESTLAKE CORPORATION,200534,-32649,14.64M,-2.38M,-14%,<.01%
871332102,SLVM,SYLVAMO CORP,129953,-63248,4.91M,-2.39M,-32.7%,<.01%
65339F655,NEEXU,NEXTERA ENERGY INC,2375000,-50000,113.74M,-2.39M,-2.1%,0.07%
85208P808,URNJ,SPROTT FDS TR,0,-82250,0,-2.41M,CLOSE,0%
58502B106,MD,PEDIATRIX MEDICAL GROUP INC,1613100,-95333,40.86M,-2.41M,-5.6%,0.03%
403949100,DINO,HF SINCLAIR CORP,198865,-34810,13.85M,-2.42M,-14.9%,<.01%
46269C102,IRDM,IRIDIUM COMMUNICATIONS INC,39103,-44230,2.14M,-2.43M,-53.1%,<.01%
171484108,CHDN,CHURCHILL DOWNS INC,16820,-27203,1.51M,-2.44M,-61.8%,<.01%
86765Q106,SUNC,SUNOCOCORP LLC,273664,-36124,18.52M,-2.44M,-11.7%,0.01%
75960P104,RELY,REMITLY GLOBAL INC,2221147,-109475,49.78M,-2.45M,-4.7%,0.03%
90353T100,UBER,UBER TECHNOLOGIES INC,531836,-34144,38.38M,-2.46M,-6%,0.02%
918284209,VSECU,VSE CORP,0,-50000,0,-2.47M,CLOSE,0%
68554V108,OSUR,ORASURE TECHNOLOGIES INC,827187,-555201,3.69M,-2.48M,-40.2%,<.01%
G4727U126,IACOU,IDEA ACQUISITION CORP,0,-250000,0,-2.48M,CLOSE,0%
09075A108,BVS,BIOVENTUS INC,47304,-263306,446.55K,-2.49M,-84.8%,<.01%
G97822103,PRGO,PERRIGO CO PLC,108619,-239662,1.13M,-2.49M,-68.8%,<.01%
04965M106,ATAT,ATOUR LIFESTYLE HLDGS LTD,10898,-78347,346.56K,-2.49M,-87.8%,<.01%
03589W102,ANNX,ANNEXON INC,265284,-437515,1.51M,-2.5M,-62.3%,<.01%
M5425M103,INMD,INMODE LTD,116726,-171482,1.71M,-2.51M,-59.5%,<.01%
G8303R126,TMTSU,SPARTACUS ACQUISITION CORP I,0,-250000,0,-2.51M,CLOSE,0%
861025104,SYBT,STOCK YDS BANCORP INC,14049,-32932,1.07M,-2.52M,-70.1%,<.01%
09062W204,BLFS,BIOLIFE SOLUTIONS INC,12349,-89521,348.74K,-2.53M,-87.9%,<.01%
088606108,BHP,BHP BILLITON LIMITED,0,-34830,0,-2.53M,CLOSE,0%
343873105,FFIC,FLUSHING FINL CORP,0,-165181,0,-2.54M,CLOSE,0%
896522109,TRN,TRINITY INDS INC,906553,-73916,31.35M,-2.56M,-7.5%,0.02%
03945R102,ACHR,ARCHER AVIATION INC,29114,-540498,137.71K,-2.56M,-94.9%,<.01%
91347P105,OLED,UNIVERSAL DISPLAY CORP,74584,-29600,6.46M,-2.56M,-28.4%,<.01%
566324109,MMI,MARCUS & MILLICHAP INC,82106,-82279,2.56M,-2.56M,-50.1%,<.01%
00508Y102,AYI,ACUITY INC,197579,-6820,74.42M,-2.57M,-3.3%,0.05%
M25133105,CGNT,COGNYTE SOFTWARE LTD,578698,-292971,5.08M,-2.57M,-33.6%,<.01%
00461U105,ACRS,ACLARIS THERAPEUTICS INC,414499,-486305,2.19M,-2.57M,-54%,<.01%
G4569C127,HVMCU,HIGHVIEW MERGER CORP,0,-250000,0,-2.58M,CLOSE,0%
517125100,LRMR,LARIMAR THERAPEUTICS INC,0,-575624,0,-2.59M,CLOSE,0%
492327101,KROS,KEROS THERAPEUTICS INC,267460,-242148,2.86M,-2.59M,-47.5%,<.01%
493732101,KFRC,KFORCE INC,78750,-55591,3.69M,-2.61M,-41.4%,<.01%
74022D407,PDS,PRECISION DRILLING CORP,92865,-34068,7.12M,-2.61M,-26.8%,<.01%
20451Q104,CODI,COMPASS DIVERSIFIED,2872202,-246077,30.62M,-2.62M,-7.9%,0.02%
929566107,WNC,WABASH NATL CORP,2068519,-194480,27.93M,-2.63M,-8.6%,0.02%
G6486E102,NHIC,NEWHOLD INVT CORP III,754894,-241293,8.22M,-2.63M,-24.2%,<.01%
03782L101,APPN,APPIAN CORP,332093,-115695,7.6M,-2.65M,-25.8%,<.01%
929328102,WSFS,WSFS FINL CORP,16947,-34550,1.3M,-2.65M,-67.1%,<.01%
G81276100,SIG,SIGNET JEWELERS LIMITED,20593,-30900,1.78M,-2.66M,-60%,<.01%
032724106,ANAB,ANAPTYSBIO INC,539666,-39630,36.43M,-2.68M,-6.8%,0.02%
29445S100,EQPT,EQUIPMENTSHARE COM INC,24074,-137980,473.3K,-2.71M,-85.1%,<.01%
226718104,CRTO,CRITEO S A,214140,-149194,3.91M,-2.73M,-41.1%,<.01%
827048109,SLGN,SILGAN HLDGS INC,12834,-58849,595.37K,-2.73M,-82.1%,<.01%
74168J101,PRME,PRIME MEDICINE INC,648940,-744681,2.39M,-2.75M,-53.4%,<.01%
G0118C105,AGBK,AGI INC,111642,-388358,790.42K,-2.75M,-77.7%,<.01%
00214Q401,ARKW,ARK ETF TR,8188,-19028,1.19M,-2.76M,-69.9%,<.01%
92686J106,VKTX,VIKING THERAPEUTICS INC,1605994,-70719,62.65M,-2.76M,-4.2%,0.04%
427096508,HTGC,HERCULES CAPITAL INC,1373460,-175500,21.66M,-2.77M,-11.3%,0.01%
902788108,UMBF,UMB FINL CORP,0,-24554,0,-2.77M,CLOSE,0%
98379L100,XPEL,XPEL INC,79091,-55836,3.92M,-2.77M,-41.4%,<.01%
500643200,KFY,KORN FERRY,28465,-41748,1.9M,-2.78M,-59.5%,<.01%
703343103,PATK,PATRICK INDS INC,0,-25059,0,-2.78M,CLOSE,0%
76029L100,RPAY,REPAY HLDGS CORP,969128,-664533,4.07M,-2.79M,-40.7%,<.01%
05156V102,AUPH,AURINIA PHARMACEUTICALS INC,1408456,-164527,23.9M,-2.79M,-10.5%,0.01%
85208M102,SFM,SPROUTS FMRS MKT INC,2715,-33069,229.63K,-2.8M,-92.4%,<.01%
64115T104,NTCT,NETSCOUT SYS INC,39975,-64367,1.74M,-2.8M,-61.7%,<.01%
719405102,PLAB,PHOTRONICS INC,105419,-86381,3.43M,-2.81M,-45%,<.01%
224408104,CR,CRANE COMPANY,907,-12605,202.32K,-2.81M,-93.3%,<.01%
46137V100,PPA,INVESCO EXCHANGE TRADED FD T,0,-16999,0,-2.82M,CLOSE,0%
750491102,RDNT,RADNET INC,0,-50474,0,-2.82M,CLOSE,0%
902681105,UGI,UGI CORP NEW,426188,-81945,14.72M,-2.83M,-16.1%,<.01%
71880K101,PHIN,PHINIA INC,0,-41360,0,-2.83M,CLOSE,0%
42330P107,HLX,HELIX ENERGY SOLUTIONS GRP I,147620,-324003,1.29M,-2.83M,-68.7%,<.01%
532206109,LIF,LIFE360 INC,53241,-51357,2.95M,-2.84M,-49.1%,<.01%
221006109,CRVL,CORVEL CORP,32560,-45537,2.04M,-2.85M,-58.3%,<.01%
40171V100,GWRE,GUIDEWIRE SOFTWARE INC,350829,-23147,43.17M,-2.85M,-6.2%,0.03%
G1890L107,CPRI,CAPRI HOLDINGS LIMITED,323930,-153409,6.02M,-2.85M,-32.1%,<.01%
G3643J108,FLUT,FLUTTER ENTMT PLC,95300,-28095,9.74M,-2.87M,-22.8%,<.01%
152006102,CGAU,CENTERRA GOLD INC,562365,-182580,8.91M,-2.89M,-24.5%,<.01%
78464A714,XRT,SPDR SERIES TRUST,45694,-33127,4.01M,-2.91M,-42%,<.01%
74340E103,PGNY,PROGYNY INC,18239,-100833,525.83K,-2.91M,-84.7%,<.01%
577933104,MMS,MAXIMUS INC,104761,-54172,5.63M,-2.91M,-34.1%,<.01%
146869102,CVNA,CARVANA CO,0,-9285,0,-2.92M,CLOSE,0%
01921D204,AAUC,ALLIED GOLD CORP,105632,-125344,2.51M,-2.98M,-54.3%,<.01%
576485205,MTDR,MATADOR RES CO,8684,-59982,432.29K,-2.99M,-87.4%,<.01%
G7341A129,PAACU,PROEM ACQUISITION CORP I,0,-300000,0,-2.99M,CLOSE,0%
786700104,SGMT,SAGIMET BIOSCIENCES INC,22177,-389393,171.43K,-3.01M,-94.6%,<.01%
808524607,SCHA,SCHWAB STRATEGIC TR,0,-104145,0,-3.03M,CLOSE,0%
500754106,KHC,KRAFT HEINZ CO,598580,-128456,14.14M,-3.03M,-17.7%,<.01%
260003108,DOV,DOVER CORP,4963,-13568,1.11M,-3.04M,-73.2%,<.01%
31154R109,FPI,FARMLAND PARTNERS INC,176076,-318288,1.7M,-3.08M,-64.4%,<.01%
833635105,SQM,SOCIEDAD QUIMICA Y MINERA DE,908075,-41691,67.23M,-3.09M,-4.4%,0.04%
98937LAA3,,ZENAS BIOPHARMA INC,0,-3000000,0,-3.12M,CLOSE,0%
75524W108,RMAX,RE/MAX HLDGS INC,149751,-318080,1.48M,-3.14M,-68%,<.01%
75700L108,RRR,RED ROCK RESORTS INC,0,-59375,0,-3.17M,CLOSE,0%
74112D101,PBH,PRESTIGE CONSMR HEALTHCARE I,313778,-67255,14.83M,-3.18M,-17.7%,<.01%
78410G104,SBAC,SBA COMMUNICATIONS CORP,1487,-18111,262.4K,-3.2M,-92.4%,<.01%
00182C103,ANIP,ANI PHARMACEUTICALS INC,174732,-38701,14.46M,-3.2M,-18.1%,<.01%
044186104,ASH,ASHLAND INC,36715,-48667,2.42M,-3.21M,-57%,<.01%
00737L103,CVSA,COVISTA INC,23271,-25793,2.9M,-3.22M,-52.6%,<.01%
25862V105,DV,DOUBLEVERIFY HLDGS INC,185368,-298895,2.01M,-3.24M,-61.7%,<.01%
20464U100,COMP,COMPASS INC,139805,-263016,1.72M,-3.24M,-65.3%,<.01%
378973507,GSAT,GLOBALSTAR INC,70433,-40090,5.73M,-3.26M,-36.3%,<.01%
10950A106,BTSG,BRIGHTSPRING HEALTH SVCS INC,29909,-46872,2.09M,-3.27M,-61%,<.01%
69370C100,PTC,PTC INC,0,-23050,0,-3.28M,CLOSE,0%
928881101,VNT,VONTIER CORPORATION,120920,-114290,3.51M,-3.31M,-48.6%,<.01%
88160R101,TSLA,TESLA INC,4349492,-7901,1.83B,-3.32M,-0.2%,1.1%
64828T201,RITM,RITHM CAPITAL CORP,2136467,-355077,20.06M,-3.33M,-14.3%,0.01%
36266G107,GEHC,GE HEALTHCARE TECHNOLOGIES I,418089,-52285,26.76M,-3.35M,-11.1%,0.02%
58039P305,MUX,MCEWEN INC.,13181,-184610,238.97K,-3.35M,-93.3%,<.01%
974155103,WING,WINGSTOP INC,8829,-19513,1.53M,-3.38M,-68.8%,<.01%
G0084W101,ADNT,ADIENT PLC,3098708,-184510,56.95M,-3.39M,-5.6%,0.04%
G8089R100,PGAC,PANTAGES CAPITAL ACQUISITION,0,-325000,0,-3.41M,CLOSE,0%
G9675P102,WLAC,WILLOW LANE ACQUISITION CORP,0,-320012,0,-3.41M,CLOSE,0%
55305B101,MHO,M/I HOMES INC,75643,-21328,12.16M,-3.43M,-22%,<.01%
70438V106,PCTY,PAYLOCITY HLDG CORP,688903,-32826,72.01M,-3.43M,-4.5%,0.04%
90278Q108,UFPI,UFP INDUSTRIES INC,297886,-37883,27.03M,-3.44M,-11.3%,0.02%
903731107,ULS,UL SOLUTIONS INC,18121,-33865,1.85M,-3.45M,-65.1%,<.01%
38173M102,GBDC,GOLUB CAP BDC INC,684435,-268777,8.82M,-3.46M,-28.2%,<.01%
683797104,OPY,OPPENHEIMER HLDGS INC,5273,-32927,556.51K,-3.48M,-86.2%,<.01%
G9037S125,TRGSU,TRG LATIN AMER ACQUIS CORP,0,-350000,0,-3.48M,CLOSE,0%
34354P105,FLS,FLOWSERVE CORP,15473,-47138,1.15M,-3.5M,-75.3%,<.01%
574795100,MASI,MASIMO CORP,0,-19789,0,-3.52M,CLOSE,0%
464286715,TUR,ISHARES INC,15432,-90718,600K,-3.53M,-85.5%,<.01%
97717W422,EPI,WISDOMTREE TR,0,-87377,0,-3.56M,CLOSE,0%
233912104,DJCO,DAILY JOURNAL CORP,10155,-5942,6.11M,-3.57M,-36.9%,<.01%
39813G109,GDYN,GRID DYNAMICS HLDGS INC,553785,-630425,3.15M,-3.58M,-53.2%,<.01%
382550101,GT,GOODYEAR TIRE & RUBR CO,1014534,-542924,6.7M,-3.58M,-34.9%,<.01%
05379B107,AVA,AVISTA CORP,516882,-87902,21.15M,-3.6M,-14.5%,0.01%
45781V101,IIPR,INNOVATIVE INDL PPTYS INC,304567,-58147,18.88M,-3.6M,-16%,0.01%
447011107,HUN,HUNTSMAN CORP,33759,-339749,358.52K,-3.61M,-91%,<.01%
89055F103,BLD,TOPBUILD COR,2756,-10266,977.09K,-3.64M,-78.8%,<.01%
591520200,MEI,METHODE ELECTRS INC,425066,-192907,8.06M,-3.66M,-31.2%,<.01%
G9008W105,TDAC,TRANSLATIONAL DEV ACQUISITIO,0,-346900,0,-3.66M,CLOSE,0%
81686C104,SEMR,SEMRUSH HLDGS INC,0,-308979,0,-3.69M,CLOSE,0%
92276F100,VTR,VENTAS INC,381884,-41570,33.91M,-3.69M,-9.8%,0.02%
G9008W121,TDACU,TRANSLATIONAL DEV ACQUISITIO,0,-350000,0,-3.69M,CLOSE,0%
891092108,TTC,TORO CO,0,-39693,0,-3.71M,CLOSE,0%
03743Q108,APA,APA CORPORATION,147525,-115391,4.8M,-3.76M,-43.9%,<.01%
609027107,MCRI,MONARCH CASINO & RESORT INC,7961,-28751,1.05M,-3.78M,-78.3%,<.01%
000957100,ABM,ABM INDS INC,158367,-85728,7.01M,-3.79M,-35.1%,<.01%
67098H104,OI,O-I GLASS INC,318332,-395089,3.07M,-3.8M,-55.4%,<.01%
88023B103,TEM,TEMPUS AI INC,0,-85189,0,-3.85M,CLOSE,0%
361448103,GATX,GATX CORP,7934,-21784,1.41M,-3.86M,-73.3%,<.01%
881454102,IMSR,TERRESTRIAL ENERGY INC,667968,-546809,4.73M,-3.87M,-45%,<.01%
67080M103,NRIX,NURIX THERAPEUTICS INC,184551,-159652,4.48M,-3.87M,-46.4%,<.01%
351858105,FNV,FRANCO NEV CORP,8753,-18600,1.82M,-3.88M,-68%,<.01%
53115L104,LBRT,LIBERTY ENERGY INC,2108368,-149169,55.22M,-3.91M,-6.6%,0.03%
103304101,BYD,BOYD GAMING CORP,87434,-44314,7.72M,-3.91M,-33.6%,<.01%
109194100,BFAM,BRIGHT HORIZONS FAM SOL IN D,454593,-55571,32.22M,-3.94M,-10.9%,0.02%
030506109,AMWD,AMERICAN WOODMARK CORP,0,-99081,0,-3.95M,CLOSE,0%
97717P104,WT,WISDOMTREE INC,91295,-234413,1.55M,-3.97M,-72%,<.01%
233331107,DTE,DTE ENERGY CO,41000,-26080,6.25M,-3.97M,-38.9%,<.01%
25056L103,DSGN,DESIGN THERAPEUTICS INC,195645,-274625,2.83M,-3.97M,-58.4%,<.01%
300426103,ECG,EVERUS CONSTR GROUP,397696,-24010,66M,-3.98M,-5.7%,0.04%
359664109,FLGT,FULGENT GENETICS INC,292006,-194764,5.99M,-4M,-40%,<.01%
71844V201,PECO,PHILLIPS EDISON & CO INC,12049,-97392,501.48K,-4.05M,-89%,<.01%
92764N102,VIR,VIR BIOTECHNOLOGY INC,416403,-401282,4.24M,-4.09M,-49.1%,<.01%
09175A206,BMNR,BITMINE IMMERSION TECHS INC,308101,-308005,4.1M,-4.1M,-50%,<.01%
08160H101,BHE,BENCHMARK ELECTRS INC,14989,-41931,1.48M,-4.14M,-73.7%,<.01%
37954Y871,URA,GLOBAL X FDS,0,-85779,0,-4.15M,CLOSE,0%
77313F106,RCKT,ROCKET PHARMACEUTICALS INC,950552,-1219073,3.25M,-4.17M,-56.2%,<.01%
94106L109,WM,WASTE MGMT INC DEL,3241,-18734,722.35K,-4.18M,-85.3%,<.01%
989701107,ZION,ZIONS BANCORPORATION NATL AS,250656,-61440,17.34M,-4.25M,-19.7%,0.01%
458665304,TILE,INTERFACE INC,862819,-119833,30.92M,-4.29M,-12.2%,0.02%
149150104,CATY,CATHAY GEN BANCORP,382692,-69346,23.72M,-4.3M,-15.3%,0.01%
477839104,JBTM,JBT MAREL CORPORATION,3372,-29821,488.94K,-4.32M,-89.8%,<.01%
92892B103,VOYG,VOYAGER TECHNOLOGIES INC,16614,-134209,535.8K,-4.33M,-89%,<.01%
03783C100,APPF,APPFOLIO INC,3857,-27326,618.47K,-4.38M,-87.6%,<.01%
12621E103,CNO,CNO FINL GROUP INC,145346,-87114,7.41M,-4.44M,-37.5%,<.01%
46817M107,JXN,JACKSON FINANCIAL INC,47301,-43755,4.84M,-4.48M,-48.1%,<.01%
74874Q100,QNST,QUINSTREET INC,586231,-305888,8.59M,-4.48M,-34.3%,<.01%
629209305,NMIH,NMI HLDGS INC,441838,-109277,18.16M,-4.49M,-19.8%,0.01%
G6881J128,PALOU,PALOMA ACQUISITION CORP I,0,-450000,0,-4.49M,CLOSE,0%
431636109,HLMN,HILLMAN SOLUTIONS CORP,598900,-532597,5.05M,-4.5M,-47.1%,<.01%
219948106,CPAY,CORPAY INC,0,-15531,0,-4.52M,CLOSE,0%
530307305,LBRDK,LIBERTY BROADBAND CORP,693500,-136075,23.07M,-4.53M,-16.4%,0.01%
525558201,LMAT,LEMAITRE VASCULAR INC,36464,-47165,3.5M,-4.53M,-56.4%,<.01%
64110W102,NTES,NETEASE COM INC,346000,-35425,44.34M,-4.54M,-9.3%,0.03%
98943L107,ZNTL,ZENTALIS PHARMACEUTICALS INC,546566,-937532,2.65M,-4.55M,-63.2%,<.01%
38071H106,GROY,GOLD ROYALTY CORP,2311195,-1652300,6.38M,-4.56M,-41.7%,<.01%
68571X301,ORC,ORCHID IS CAP INC,775558,-662946,5.41M,-4.62M,-46.1%,<.01%
18539C105,CWENA,CLEARWAY ENERGY INC,0,-118793,0,-4.65M,CLOSE,0%
G9618E107,WTM,WHITE MTNS INS GROUP LTD,6618,-2292,13.72M,-4.75M,-25.7%,<.01%
537008104,LFUS,LITTELFUSE INC,0,-14008,0,-4.75M,CLOSE,0%
70614W100,PTON,PELOTON INTERACTIVE INC,17047125,-809441,100.75M,-4.78M,-4.5%,0.06%
59522J103,MAA,MID-AMER APT CMNTYS INC,0,-39219,0,-4.79M,CLOSE,0%
86366E106,GPCR,STRUCTURE THERAPEUTICS INC,115300,-89490,6.19M,-4.8M,-43.7%,<.01%
302081104,EXLS,EXLSERVICE HLDGS INC,3255149,-187290,84.18M,-4.84M,-5.4%,0.05%
91823B109,UWMC,UWM HOLDINGS CORPORATION,263616,-2126951,603.68K,-4.87M,-89%,<.01%
667746101,NWPX,NWPX INFRASTRUCTURE INC,62840,-32592,9.42M,-4.89M,-34.2%,<.01%
98419M100,XYL,XYLEM INC,600585,-41477,71M,-4.9M,-6.5%,0.04%
830940102,SKWD,SKYWARD SPECIALTY INS GROUP,89143,-84312,5.2M,-4.92M,-48.6%,<.01%
358029106,FMS,FRESENIUS MEDICAL CARE AG,210747,-218585,4.76M,-4.94M,-50.9%,<.01%
29479A108,ERAS,ERASCA INC,949590,-269944,17.4M,-4.95M,-22.1%,0.01%
758849103,REG,REGENCY CTRS CORP,73373,-62306,5.85M,-4.97M,-45.9%,<.01%
G85158106,STNE,STONECO LTD,2012552,-459799,21.82M,-4.98M,-18.6%,0.01%
124805102,CBZ,CBIZ INC,112199,-156020,3.6M,-5.01M,-58.2%,<.01%
03969F109,RCUS,ARCUS BIOSCIENCES INC,96417,-162983,2.97M,-5.02M,-62.8%,<.01%
G9108L173,TEN,TSAKOS ENERGY NAVIGATION LTD,203062,-142210,7.18M,-5.03M,-41.2%,<.01%
131193104,CALY,CALLAWAY GOLF CO,96296,-269467,1.81M,-5.06M,-73.7%,<.01%
87650L103,TARS,TARSUS PHARMACEUTICALS INC,710559,-80587,44.72M,-5.07M,-10.2%,0.03%
66987E206,NG,NOVAGOLD RESOURCES INC,8684037,-850580,51.85M,-5.08M,-8.9%,0.03%
G5093B121,JENA,JENA ACQUISITION CORP II,0,-475000,0,-5.08M,CLOSE,0%
055622104,BP,BP PLC,0,-109152,0,-5.13M,CLOSE,0%
82575P107,SBSW,SIBANYE STILLWATER LTD,4444348,-612304,37.73M,-5.2M,-12.1%,0.02%
36168Q104,GFL,GFL ENVIRONMENTAL INC,290038,-141570,10.67M,-5.21M,-32.8%,<.01%
45780R101,IBP,INSTALLED BLDG PRODS INC,23381,-22670,5.37M,-5.21M,-49.2%,<.01%
45720N103,INBX,INHIBRX BIOSCIENCES INC,22322,-55115,2.12M,-5.22M,-71.2%,<.01%
74467Q103,PUBM,PUBMATIC INC,44320,-400794,581.48K,-5.26M,-90%,<.01%
15135U109,CVE,CENOVUS ENERGY INC,728947,-212738,18.07M,-5.27M,-22.6%,0.01%
057665200,BCPC,BALCHEM CORP,8897,-31371,1.5M,-5.3M,-77.9%,<.01%
03753UAB2,APLS,APELLIS PHARMACEUTICALS INC,0,-5000000,0,-5.3M,CLOSE,0%
04040Y109,ARIS,ARIS MINING CORPORATION,529300,-358000,7.89M,-5.33M,-40.3%,<.01%
718546104,PSX,PHILLIPS 66,0,-29386,0,-5.35M,CLOSE,0%
456788108,INFY,INFOSYS LTD,15429,-512896,161.85K,-5.38M,-97.1%,<.01%
488401100,KMPR,KEMPER CORP,2453742,-200889,66.15M,-5.42M,-7.6%,0.04%
665531307,NOG,NORTHERN OIL & GAS INC,0,-187205,0,-5.47M,CLOSE,0%
69121K104,OBDC,BLUE OWL CAPITAL CORPORATION,401180,-506302,4.36M,-5.5M,-55.8%,<.01%
79589L106,IOT,SAMSARA INC,0,-174087,0,-5.52M,CLOSE,0%
38526M106,LOPE,GRAND CANYON ED INC,100711,-38555,14.41M,-5.52M,-27.7%,<.01%
44332NAB2,HTHT,H WORLD GROUP LTD,0,-4139000,0,-5.57M,CLOSE,0%
03214Q108,AMPX,AMPRIUS TECHNOLOGIES INC,671812,-403574,9.31M,-5.59M,-37.5%,<.01%
629377508,NRG,NRG ENERGY INC,914737,-39541,133.61M,-5.78M,-4.1%,0.08%
020764106,AMR,ALPHA METALLURGICAL RESOUR I,108106,-35091,17.83M,-5.79M,-24.5%,0.01%
G87052109,TEL,TE CONNECTIVITY PLC,2229471,-29014,449.48M,-5.85M,-1.3%,0.28%
55287L101,MBX,MBX BIOSCIENCES INC,182767,-106122,10.09M,-5.86M,-36.7%,<.01%
603158106,MTX,MINERALS TECHNOLOGIES INC,288101,-79213,21.31M,-5.86M,-21.6%,0.01%
018581108,BFH,BREAD FINANCIAL HOLDINGS INC,71241,-54122,7.72M,-5.86M,-43.2%,<.01%
723484AK7,PNW,PINNACLE WEST CAP CORP,100529000,-5000000,119.92M,-5.96M,-4.7%,0.07%
184496107,CLH,CLEAN HARBORS INC,16798,-19973,5.02M,-5.97M,-54.3%,<.01%
76029N106,REPL,REPLIMUNE GROUP INC,1789964,-546564,19.81M,-6.05M,-23.4%,0.01%
69549FAB5,PGY,PAGAYA U S HLDG CO LLC,0,-5250000,0,-6.06M,CLOSE,0%
833445AD1,SNOW,SNOWFLAKE INC,0,-5000000,0,-6.11M,CLOSE,0%
G3223R108,EG,EVEREST GROUP LTD,1525,-17285,544.78K,-6.17M,-91.9%,<.01%
05561Q201,BOKF,BOK FINL CORP,30320,-44508,4.21M,-6.18M,-59.5%,<.01%
29882P106,EWCZ,EUROPEAN WAX CTR INC,0,-1074771,0,-6.21M,CLOSE,0%
G6004G100,MACI,MELAR ACQUISITION CORP. I,0,-576328,0,-6.22M,CLOSE,0%
G2717C106,CWK,CUSHMAN AND WAKEFIELD LTD,1117856,-467571,14.97M,-6.26M,-29.5%,<.01%
19239V302,CCOI,COGENT COMM HOLDINGS INC,284694,-454121,3.95M,-6.3M,-61.5%,<.01%
26210C104,DBX,DROPBOX INC,1769838,-231748,48.62M,-6.37M,-11.6%,0.03%
928298108,VSH,VISHAY INTERTECHNOLOGY INC,206542,-118391,11.11M,-6.37M,-36.4%,<.01%
23345M107,DTM,DT MIDSTREAM INC,0,-47280,0,-6.37M,CLOSE,0%
52661A108,DRS,LEONARDO DRS INC,362203,-149556,15.46M,-6.38M,-29.2%,<.01%
020002101,ALL,ALLSTATE CORP,129497,-27084,30.81M,-6.44M,-17.3%,0.02%
902685106,UDMY,UDEMY INC,0,-1395503,0,-6.45M,CLOSE,0%
24665A103,DK,DELEK US HLDGS INC NEW,225776,-126946,11.47M,-6.45M,-36%,<.01%
46124J201,IVT,INVENTRUST PPTYS CORP,22958,-184266,812.71K,-6.52M,-88.9%,<.01%
30260D103,FIGS,FIGS INC,410223,-638684,4.2M,-6.53M,-60.9%,<.01%
150870103,CE,CELANESE CORP DEL,39905,-142170,1.84M,-6.54M,-78.1%,<.01%
124765108,CAE,CAE INC,76213,-261686,1.91M,-6.55M,-77.4%,<.01%
B38564108,CMBT,CMB.TECH NV,0,-520567,0,-6.59M,CLOSE,0%
M7S64H106,MNDY,MONDAY COM LTD,1661495,-91454,120.28M,-6.62M,-5.2%,0.07%
05368V106,AVNT,AVIENT CORPORATION,55021,-180142,2.03M,-6.66M,-76.6%,<.01%
318672706,FBP,FIRST BANCORP CORPORATION,690607,-255821,18M,-6.67M,-27%,0.01%
60365F109,MMED,MINIMED GROUP INC,0,-450000,0,-6.71M,CLOSE,0%
26969P108,EXP,EAGLE MATLS INC,308565,-29849,69.43M,-6.72M,-8.8%,0.04%
04342Y104,ASAN,ASANA INC,5908376,-969969,41.36M,-6.79M,-14.1%,0.03%
83422N105,SLDP,SOLID POWER INC,2992009,-2623448,7.75M,-6.79M,-46.7%,<.01%
59001A102,MTH,MERITAGE HOMES CORP,203639,-81697,17.08M,-6.85M,-28.6%,0.01%
91680M107,UPST,UPSTART HLDGS INC,0,-267076,0,-6.85M,CLOSE,0%
922280102,VRNS,VARONIS SYS INC,28400,-163354,1.19M,-6.85M,-85.2%,<.01%
83570H108,SONO,SONOS INC,180532,-507882,2.44M,-6.87M,-73.8%,<.01%
53220K504,LGND,LIGAND PHARMACEUTICALS INC,56515,-21913,17.86M,-6.93M,-27.9%,0.01%
19459J104,COLL,COLLEGIUM PHARMACEUTICAL INC,338383,-192315,12.25M,-6.96M,-36.2%,<.01%
G4375F108,HYAC,HAYMAKER ACQUISITION CORP IV,0,-603700,0,-6.97M,CLOSE,0%
04010E109,AGX,ARGAN INC,3710,-8789,2.96M,-7.02M,-70.3%,<.01%
03152W109,FOLD,AMICUS THERAPEUTIC,0,-488098,0,-7.06M,CLOSE,0%
125896100,CMS,CMS ENERGY CORP,111555,-92273,8.53M,-7.06M,-45.3%,<.01%
428291108,HXL,HEXCEL CORP NEW,110343,-71253,11.04M,-7.13M,-39.2%,<.01%
45676K103,INFQ,INFLEQTION INC,23360,-535431,311.15K,-7.13M,-95.8%,<.01%
73278L105,POOL,POOL CORP,13117,-33637,2.82M,-7.23M,-71.9%,<.01%
G2847J104,DMAA,DRUGS MADE IN AMER ACQUTN CO,0,-690000,0,-7.25M,CLOSE,0%
816300107,SIGI,SELECTIVE INS GROUP INC,40277,-74916,3.91M,-7.27M,-65%,<.01%
372460105,GPC,GENUINE PARTS CO,558352,-61638,65.87M,-7.27M,-9.9%,0.04%
92846Q107,COCO,VITA COCO CO INC,1104020,-110413,73.02M,-7.3M,-9.1%,0.05%
29452E101,EQH,EQUITABLE HLDGS INC,2034078,-166986,89.26M,-7.33M,-7.6%,0.06%
302635206,FSK,FS KKR CAP CORP,1516058,-699371,15.92M,-7.34M,-31.6%,<.01%
46138E628,KBWB,INVESCO EXCH TRADED FD TR II,0,-92999,0,-7.36M,CLOSE,0%
229663109,CUBE,CUBESMART,21188,-187346,842.65K,-7.45M,-89.8%,<.01%
69366J200,PTCT,PTC THERAPEUTICS INC,1548919,-91462,126.35M,-7.46M,-5.6%,0.08%
G44055112,HCICU,HENNESSY CAP INVTS CORP VIII,0,-750000,0,-7.5M,CLOSE,0%
03753U106,APLS,APELLIS PHARMACEUTICALS INC,0,-186853,0,-7.52M,CLOSE,0%
N82405106,STLA,STELLANTIS N.V,3063503,-1323253,17.58M,-7.6M,-30.2%,0.01%
313855108,FSS,FEDERAL SIGNAL CORP,67704,-59726,8.7M,-7.67M,-46.9%,<.01%
70450C101,PAYP,PAYPAY CORP,0,-360000,0,-7.68M,CLOSE,0%
090043100,BILL,BILL HOLDINGS INC,153400,-212811,5.55M,-7.7M,-58.1%,<.01%
353514102,FELE,FRANKLIN ELEC INC,38855,-71885,4.16M,-7.71M,-64.9%,<.01%
74319R101,PRG,PROG HOLDINGS INC,391127,-166141,18.23M,-7.74M,-29.8%,0.01%
26884U109,EPR,EPR PPTYS,233216,-134077,13.53M,-7.78M,-36.5%,<.01%
30040P103,EVTC,EVERTEC INC,378347,-281249,10.51M,-7.81M,-42.6%,<.01%
65158N102,NMRK,NEWMARK GROUP INC,213673,-517904,3.23M,-7.83M,-70.8%,<.01%
19247A100,CNS,COHEN & STEERS INC,32889,-102804,2.5M,-7.83M,-75.8%,<.01%
844895102,SWX,SOUTHWEST GAS HLDGS INC,24290,-88720,2.15M,-7.87M,-78.5%,<.01%
413216300,HMY,HARMONY GOLD MNG LTD,1875031,-518093,28.52M,-7.88M,-21.6%,0.02%
651229106,NWL,NEWELL BRANDS INC,1354706,-1283725,8.32M,-7.88M,-48.7%,<.01%
87164F105,SNDX,SYNDAX PHARMACEUTICALS INC,1239954,-361942,27.11M,-7.91M,-22.6%,0.02%
929236107,WDFC,WD 40 CO,30702,-32861,7.48M,-8.01M,-51.7%,<.01%
46138E800,CQQQ,INVESCO EXCH TRADED FD TR II,0,-174564,0,-8.03M,CLOSE,0%
64119V303,NTST,NETSTREIT CORP,1831632,-380571,38.7M,-8.04M,-17.2%,0.02%
842587107,SO,SOUTHERN CO,275457,-84043,26.36M,-8.04M,-23.4%,0.02%
78464A631,XAR,SPDR SERIES TRUST,0,-31790,0,-8.07M,CLOSE,0%
464287630,IWN,ISHARES TR,17021,-37156,3.77M,-8.22M,-68.6%,<.01%
10316T104,BOX,BOX INC,179874,-312446,4.77M,-8.29M,-63.5%,<.01%
030111207,AMSC,AMERICAN SUPERCONDUCTOR CORP,366845,-200729,15.23M,-8.33M,-35.4%,<.01%
52567D107,LMND,LEMONADE INC,209386,-129219,13.62M,-8.41M,-38.2%,<.01%
302301106,EZPW,EZCORP INC,364838,-244554,12.61M,-8.45M,-40.1%,<.01%
G6375R107,NESR,NATIONAL ENERGY SERVICES REU,0,-394921,0,-8.48M,CLOSE,0%
298736109,EEFT,EURONET WORLDWIDE INC,25020,-116070,1.83M,-8.5M,-82.3%,<.01%
48020Q107,JLL,JONES LANG LASALLE INC,60633,-27522,18.79M,-8.53M,-31.2%,0.01%
88025T102,TENB,TENABLE HLDGS INC,51089,-233728,1.88M,-8.62M,-82.1%,<.01%
46432F388,VLUE,ISHARES TR,0,-61043,0,-8.68M,CLOSE,0%
56035L104,MAIN,MAIN STR CAP CORP,375318,-168007,19.47M,-8.72M,-30.9%,0.01%
29269R105,EFXT,ENERFLEX LTD,50700,-356571,1.24M,-8.75M,-87.6%,<.01%
55825T103,MSGS,MADISON SQUARE GRDN SPRT COR,43084,-21858,17.31M,-8.78M,-33.7%,0.01%
25746U109,D,DOMINION ENERGY INC,29613,-129025,2.02M,-8.81M,-81.3%,<.01%
74762E102,PWR,QUANTA SVCS INC,6332,-12245,4.56M,-8.82M,-65.9%,<.01%
693718108,PCAR,PACCAR INC,137338,-73536,16.5M,-8.83M,-34.9%,0.01%
55826T102,SPHR,SPHERE ENTERTAINMENT CO,178850,-51228,30.95M,-8.86M,-22.3%,0.02%
874060205,TAK,TAKEDA PHARMACEUTICAL CO LTD,2049467,-553076,32.85M,-8.87M,-21.3%,0.02%
G38644103,GCT,GIGACLOUD TECHNOLOGY INC,131296,-280573,4.15M,-8.87M,-68.1%,<.01%
29446Y502,EQX,EQUINOX GOLD CORP,1594943,-915856,15.51M,-8.9M,-36.5%,<.01%
93627C101,HCC,WARRIOR MET COAL INC,26422,-110045,2.14M,-8.93M,-80.6%,<.01%
45256X103,IBRX,IMMUNITYBIO INC,11551019,-1020578,101.13M,-8.94M,-8.1%,0.06%
26142V105,DKNG,DRAFTKINGS INC NEW,31826,-354684,803.92K,-8.96M,-91.8%,<.01%
428050108,HSAI,HESAI GROUP,172595,-492809,3.14M,-8.98M,-74.1%,<.01%
015271109,ARE,ALEXANDRIA REAL ESTATE EQ IN,25791,-169904,1.36M,-8.98M,-86.8%,<.01%
364760108,GAP,GAP INC,40705,-481179,760.37K,-8.99M,-92.2%,<.01%
004498101,ACIW,ACI WORLDWIDE INC,113185,-179014,5.69M,-9M,-61.3%,<.01%
45778Q107,NSP,INSPERITY INC,158989,-218749,6.57M,-9.04M,-57.9%,<.01%
448579102,H,HYATT HOTELS CORP,77760,-46807,15.07M,-9.07M,-37.6%,<.01%
G6564A105,NOMD,NOMAD FOODS LTD,1576819,-831492,17.27M,-9.1M,-34.5%,0.01%
G7375C108,RANG,RANGE CAP ACQUISITION CORP,0,-870000,0,-9.15M,CLOSE,0%
302492103,FLYW,FLYWIRE CORPORATION,400620,-526336,7.04M,-9.25M,-56.8%,<.01%
209115104,ED,CONSOLIDATED EDISON INC,546359,-83793,60.44M,-9.27M,-13.3%,0.04%
81619Q105,SEM,SELECT MED HLDGS CORP,798290,-562635,13.18M,-9.29M,-41.3%,<.01%
571903202,MAR,MARRIOTT INTL INC NEW,180581,-25316,66.92M,-9.38M,-12.3%,0.04%
G5509P102,LOKV,LIVE OAK ACQUISITION CORP V,0,-905275,0,-9.41M,CLOSE,0%
00090Q103,ADT,ADT INC DEL,298743,-1460497,1.94M,-9.49M,-83%,<.01%
88557W101,QFIN,QFIN HOLDINGS INC,2528232,-602279,39.97M,-9.52M,-19.2%,0.02%
29358P101,ENSG,ENSIGN GROUP INC,68445,-59696,10.97M,-9.57M,-46.6%,<.01%
26603R106,DUOL,DUOLINGO INC,196726,-83702,22.63M,-9.63M,-29.8%,0.01%
22041X102,CRSR,CORSAIR GAMING INC,453419,-995832,4.38M,-9.63M,-68.7%,<.01%
87971M103,TU,TELUS CORPORATION,937906,-916532,9.91M,-9.68M,-49.4%,<.01%
05350V106,AVNS,AVANOS MED INC,280729,-390684,6.98M,-9.72M,-58.2%,<.01%
705015105,PSO,PEARSON PLC,214774,-614157,3.41M,-9.76M,-74.1%,<.01%
29472R108,ELS,EQUITY LIFESTYLE PROPERTIES,0,-157129,0,-9.81M,CLOSE,0%
45768S105,IOSP,INNOSPEC INC,165746,-121048,13.49M,-9.85M,-42.2%,<.01%
750236101,RDN,RADIAN GROUP INC,189381,-262574,7.13M,-9.89M,-58.1%,<.01%
880779103,TEX,TEREX CORP NEW,33963,-137093,2.46M,-9.92M,-80.1%,<.01%
302941109,FCN,FTI CONSULTING INC,255965,-66700,38.14M,-9.94M,-20.7%,0.02%
98850P109,YUMC,YUM CHINA HLDGS INC,166980,-244920,6.82M,-10.01M,-59.5%,<.01%
81211K100,SEE,SEALED AIR CORP NEW,0,-238206,0,-10.02M,CLOSE,0%
G04819101,ENHA,A PARADISE ACQUISITION CORP,0,-990000,0,-10.07M,CLOSE,0%
811916105,SA,SEABRIDGE GOLD INC,0,-356049,0,-10.09M,CLOSE,0%
524660107,LEG,LEGGETT & PLATT INC,151575,-870982,1.77M,-10.2M,-85.2%,<.01%
36165L108,GDS,GDS HLDGS LTD,1624322,-340496,48.78M,-10.23M,-17.3%,0.03%
693475105,PNC,PNC FINL SVCS GROUP INC,20070,-41552,4.94M,-10.23M,-67.4%,<.01%
68213N109,OMCL,OMNICELL COM,287461,-247150,11.94M,-10.26M,-46.2%,<.01%
G1827K107,CEPO,CANTOR EQUITY PARTNERS I INC,0,-980930,0,-10.3M,CLOSE,0%
803607100,SRPT,SAREPTA THERAPEUTICS INC,0,-474986,0,-10.34M,CLOSE,0%
252828108,DNTH,DIANTHUS THERAPEUTICS INC,42928,-106681,4.18M,-10.4M,-71.3%,<.01%
65406E102,NIC,NICOLET BANKSHARES INC,9664,-62909,1.6M,-10.4M,-86.7%,<.01%
75737FAE8,RDFN,REDFIN CORP,0,-10877000,0,-10.41M,CLOSE,0%
75734B100,RDDT,REDDIT INC,141206,-60494,24.51M,-10.5M,-30%,0.02%
462222100,IONS,IONIS PHARMACEUTICALS INC,297041,-132558,23.55M,-10.51M,-30.9%,0.01%
69351T106,PPL,PPL CORP,1808245,-289516,65.73M,-10.52M,-13.8%,0.04%
G4124C109,GRAB,GRAB HOLDINGS LIMITED,1422754,-2794959,5.36M,-10.54M,-66.3%,<.01%
G38648104,GIG,GIGCAPITAL7 CORP,0,-990000,0,-10.54M,CLOSE,0%
773903109,ROK,ROCKWELL AUTOMATION INC,145738,-21368,72.15M,-10.58M,-12.8%,0.04%
G8431T101,SIMA,SIM ACQUISITION CORP. I,0,-987497,0,-10.6M,CLOSE,0%
880881107,TERN,TERNS PHARMACEUTICALS INC,0,-201191,0,-10.61M,CLOSE,0%
83175M205,SNN,SMITH & NEPHEW PLC,542865,-368862,15.64M,-10.63M,-40.5%,<.01%
099502106,BAH,BOOZ ALLEN HAMILTON HLDG COR,63641,-175529,3.86M,-10.65M,-73.4%,<.01%
03073E105,COR,CENCORA INC,57827,-37638,16.36M,-10.65M,-39.4%,0.01%
45826H109,ITGR,INTEGER HLDGS CORP,31714,-115117,2.96M,-10.76M,-78.4%,<.01%
088929104,BGC,BGC GROUP INC,413136,-1007516,4.42M,-10.77M,-70.9%,<.01%
G93Y09107,VCIC,VINE HILL CAP INVT CORP.,0,-1088772,0,-10.78M,CLOSE,0%
146229109,CRI,CARTERS INC,322420,-262204,13.27M,-10.79M,-44.9%,<.01%
169905106,CHH,CHOICE HOTELS INTL INC,67434,-98345,7.44M,-10.84M,-59.3%,<.01%
09061G101,BMRN,BIOMARIN PHARMACEUTICAL INC,92214,-190246,5.28M,-10.89M,-67.4%,<.01%
87151X101,SYM,SYMBOTIC INC,5478,-243032,246.24K,-10.92M,-97.8%,<.01%
05637B105,BLZE,BACKBLAZE INC,50150,-688883,795.38K,-10.93M,-93.2%,<.01%
G5451A103,LEGT,LEGATO MERGER CORP III,0,-996187,0,-10.95M,CLOSE,0%
404251100,HNI,HNI CORP,117378,-271001,4.74M,-10.95M,-69.8%,<.01%
29670G102,WTRG,ESSENTIAL UTILS INC,272252,-286297,10.43M,-10.97M,-51.3%,<.01%
85208P303,URNM,SPROTT FDS TR,0,-173691,0,-10.97M,CLOSE,0%
829073105,SSD,SIMPSON MFG INC,29857,-52606,6.25M,-11.01M,-63.8%,<.01%
001744101,AMN,AMN HEALTHCARE SVCS INC,550638,-340504,17.82M,-11.02M,-38.2%,0.01%
22160K105,COST,COSTCO WHOLESALE CORPORATION,873316,-11842,816.96M,-11.08M,-1.3%,0.5%
680665205,OLN,OLIN CORP,11774,-562218,233.36K,-11.14M,-97.9%,<.01%
70451X104,PAYO,PAYONEER GLOBAL INC,989380,-1572393,7.04M,-11.2M,-61.4%,<.01%
038336103,ATR,APTARGROUP INC,392399,-89559,49.13M,-11.21M,-18.6%,0.03%
50189K103,LCII,LCI INDS,25778,-106155,2.73M,-11.24M,-80.5%,<.01%
174610105,CFG,CITIZENS FINL GROUP INC,2795942,-161619,195.91M,-11.32M,-5.5%,0.12%
48138M105,JMIA,JUMIA TECHNOLOGIES AG,1408044,-1606353,9.93M,-11.32M,-53.3%,<.01%
053604104,AVPT,AVEPOINT INC,4493297,-1015366,50.37M,-11.38M,-18.4%,0.03%
889478103,TOL,TOLL BROTHERS INC,0,-84153,0,-11.48M,CLOSE,0%
405024100,HAE,HAEMONETICS CORP MASS,36040,-154610,2.7M,-11.6M,-81.1%,<.01%
33738R704,AIRR,FIRST TR EXCHANGE TRADED FD,16528,-87213,2.2M,-11.62M,-84.1%,<.01%
91532F102,UMAC,UNUSUAL MACHS INC,15633,-521150,348.62K,-11.62M,-97.1%,<.01%
02156K103,OPTU,OPTIMUM COMMUNICATIONS INC,530505,-8042664,769.23K,-11.66M,-93.8%,<.01%
247361702,DAL,DELTA AIR LINES INC,63332,-125029,5.93M,-11.71M,-66.4%,<.01%
736508847,POR,PORTLAND GEN ELEC CO,0,-222093,0,-11.72M,CLOSE,0%
69343T107,PJT,PJT PARTNERS INC,3969,-78053,599.08K,-11.78M,-95.2%,<.01%
42226K105,HR,HEALTHCARE RLTY TR,460248,-594531,9.28M,-11.99M,-56.4%,<.01%
756109104,O,REALTY INCOME CORP,1655551,-194794,102.58M,-12.07M,-10.5%,0.06%
38341PAA0,GOSS,GOSSAMER BIO INC,0,-30290000,0,-12.12M,CLOSE,0%
297178105,ESS,ESSEX PPTY TR INC,0,-50467,0,-12.21M,CLOSE,0%
69047Q102,OVV,OVINTIV INC,34844,-232381,1.83M,-12.23M,-87%,<.01%
00827B106,AFRM,AFFIRM HLDGS INC,35333,-150014,2.88M,-12.23M,-80.9%,<.01%
45167R104,IEX,IDEX CORP,3269,-54309,741.9K,-12.33M,-94.3%,<.01%
65249B109,NWSA,NEWS CORP NEW,0,-496737,0,-12.38M,CLOSE,0%
53190C102,LTH,LIFE TIME GROUP HOLDINGS INC,18900,-308118,771.88K,-12.58M,-94.2%,<.01%
302491303,FMC,FMC CORP,4909310,-1106717,56.46M,-12.73M,-18.4%,0.03%
053774105,CAR,AVIS BUDGET GROUP INC,33349,-86476,4.93M,-12.78M,-72.2%,<.01%
00091G104,ACVA,ACV AUCTIONS INC,3880826,-1778350,27.9M,-12.79M,-31.4%,0.02%
G19307100,CGCT,CARTESIAN GROWTH CORP III,0,-1248100,0,-12.79M,CLOSE,0%
540424108,L,LOEWS CORP,7976,-113667,902.96K,-12.87M,-93.4%,<.01%
980745103,WWD,WOODWARD INC,209176,-30525,88.99M,-12.99M,-12.7%,0.05%
40131MAB5,GH,GUARDANT HEALTH INC,70504000,-10500000,87.78M,-13.07M,-13%,0.05%
G93A7H104,VACH,VOYAGER ACQUISITION CORP,0,-1089000,0,-13.08M,CLOSE,0%
879369106,TFX,TELEFLEX INCORPORATED,13409,-103188,1.7M,-13.08M,-88.5%,<.01%
876511106,TGB,TASEKO MINES LTD,0,-2026770,0,-13.09M,CLOSE,0%
258278100,DORM,DORMAN PRODS INC,47662,-96321,6.5M,-13.14M,-66.9%,<.01%
198516106,COLM,COLUMBIA SPORTSWEAR CO,155801,-214754,9.63M,-13.28M,-58%,<.01%
887389104,TKR,TIMKEN CO,52402,-91722,7.62M,-13.33M,-63.6%,<.01%
127055101,CBT,CABOT CORP,21025,-148123,1.91M,-13.45M,-87.6%,<.01%
22052L104,CTVA,CORTEVA INC,125655,-159551,10.64M,-13.51M,-55.9%,<.01%
038169207,APLD,APPLIED DIGITAL CORP,3033821,-365120,113.16M,-13.62M,-10.7%,0.07%
V7780T103,RCL,ROYAL CARIBBEAN GROUP,80425,-42926,25.54M,-13.63M,-34.8%,0.02%
48553T106,BZ,KANZHUN LIMITED,0,-1026464,0,-13.74M,CLOSE,0%
86800UAB0,SMCI,SUPER MICRO COMPUTER INC,14750000,-15000000,13.55M,-13.78M,-50.4%,<.01%
760125104,RTO,RENTOKIL INITIAL PLC,0,-439005,0,-13.82M,CLOSE,0%
624756102,MLI,MUELLER INDS INC,228049,-112773,28.03M,-13.86M,-33.1%,0.02%
N20944109,CNH,CNH INDL N V,37400,-1235900,420K,-13.88M,-97.1%,<.01%
315948109,FBTC,FIDELITY WISE ORIGIN BITCOIN,0,-237000,0,-13.99M,CLOSE,0%
891160509,TD,TORONTO DOMINION BK ONT,83700,-115329,10.17M,-14.01M,-57.9%,<.01%
64125C109,NBIX,NEUROCRINE BIOSCIENCES INC,5599,-83585,943.63K,-14.09M,-93.7%,<.01%
G20315100,ALF,CENTURION ACQUISITION CORP,0,-1309906,0,-14.11M,CLOSE,0%
500472303,PHG,KONINKLIJKE PHILIPS N V,0,-517229,0,-14.17M,CLOSE,0%
8676EP108,STKL,SUNOPTA INC,0,-2192061,0,-14.21M,CLOSE,0%
745867101,PHM,PULTE GROUP INC,16716,-103989,2.29M,-14.27M,-86.2%,<.01%
254543101,DIOD,DIODES INC,72302,-130479,7.91M,-14.28M,-64.3%,<.01%
G65163100,JOBY,JOBY AVIATION INC,0,-1739770,0,-14.37M,CLOSE,0%
754907103,RYN,RAYONIER INC,1448113,-676117,30.82M,-14.39M,-31.8%,0.02%
603170101,MLYS,MINERALYS THERAPEUTICS INC,352729,-534463,9.52M,-14.42M,-60.2%,<.01%
62944T105,NVR,NVR INC,731,-2119,4.98M,-14.44M,-74.4%,<.01%
74758T303,QLYS,QUALYS INC,19931,-105181,2.74M,-14.46M,-84.1%,<.01%
637417106,NNN,NNN REIT INC,130311,-311618,6.06M,-14.5M,-70.5%,<.01%
Y8162K204,SBLK,STAR BULK CARRIERS CORP.,591314,-582563,14.77M,-14.55M,-49.6%,<.01%
86627T108,SMMT,SUMMIT THERAPEUTICS INC,1243556,-998673,18.12M,-14.55M,-44.5%,0.01%
G8994E103,TT,TRANE TECHNOLOGIES PLC,79801,-29854,39.2M,-14.66M,-27.2%,0.02%
433000106,HIMS,HIMS & HERS HEALTH INC,171530,-423338,5.95M,-14.68M,-71.2%,<.01%
422806208,HEIA,HEICO CORP NEW,10653,-57161,2.75M,-14.74M,-84.3%,<.01%
11276H106,BIPC,BROOKFIELD INFRASTRUCTURE CO,706616,-383540,27.21M,-14.77M,-35.2%,0.02%
74164M108,PRI,PRIMERICA INC,19723,-52290,5.61M,-14.86M,-72.6%,<.01%
398433102,GFF,GRIFFON CORP,103229,-152387,10.07M,-14.86M,-59.6%,<.01%
04206A101,ARLO,ARLO TECHNOLOGIES INC,697893,-1103025,9.41M,-14.87M,-61.2%,<.01%
200525103,CBSH,COMMERCE BANCSHARES INC,413978,-260323,23.91M,-15.03M,-38.6%,0.01%
012348108,AIN,ALBANY INTL CORP,263566,-202942,19.64M,-15.12M,-43.5%,0.01%
279158109,EC,ECOPETROL S A,202778,-1064942,2.89M,-15.16M,-84%,<.01%
44952J104,CRGY,CRESCENT ENERGY COMPANY,83279,-1564927,817.8K,-15.37M,-94.9%,<.01%
87265H109,TPH,TRI POINTE HOMES INC,0,-329123,0,-15.38M,CLOSE,0%
471024109,JAN,JANUS LIVING INC,0,-653500,0,-15.4M,CLOSE,0%
G4035N103,GPAT,GP-ACT III ACQUISITION CORP,0,-1423125,0,-15.43M,CLOSE,0%
35834FAB0,TE,T1 ENERGY INC,13750000,-9000000,23.62M,-15.46M,-39.6%,0.01%
093712107,BE,BLOOM ENERGY CORP,4158295,-51162,1.26B,-15.49M,-1.2%,0.78%
422806109,HEI,HEICO CORP NEW,0,-56794,0,-15.57M,CLOSE,0%
115637209,BF.B,BROWN FORMAN CORP,909566,-600743,24.24M,-16.01M,-39.8%,0.01%
093671105,HRB,BLOCK H & R INC,708067,-420602,26.96M,-16.02M,-37.3%,0.02%
86771WAD7,RUN,SUNRUN INC,10410000,-13590000,12.39M,-16.17M,-56.6%,<.01%
20337X109,VISN,VISTANCE NETWORKS INC,573967,-1268628,7.34M,-16.21M,-68.9%,<.01%
37247D106,GNW,GENWORTH FINL INC,4174662,-1712690,39.53M,-16.22M,-29.1%,0.02%
92936U109,WPC,WP CAREY INC,291651,-227103,20.85M,-16.24M,-43.8%,0.01%
604749101,MIRM,MIRUM PHARMACEUTICALS INC,27879,-139610,3.26M,-16.34M,-83.4%,<.01%
03168L105,AMRX,AMNEAL PHARMACEUTICALS INC,774055,-945899,13.4M,-16.37M,-55%,<.01%
03938L203,MT,ARCELORMITTAL SA LUXEMBOURG,101197,-272078,6.09M,-16.38M,-72.9%,<.01%
046433108,ATRO,ASTRONICS CORP,406571,-201878,33.04M,-16.4M,-33.2%,0.02%
03820C105,AIT,APPLIED INDL TECHNOLOGIES IN,16529,-48699,5.59M,-16.47M,-74.7%,<.01%
737446104,POST,POST HLDGS INC,137464,-188316,12.13M,-16.62M,-57.8%,<.01%
03027X100,AMT,AMERICAN TOWER CORP,1028414,-103236,168.22M,-16.89M,-9.1%,0.1%
854502101,SWK,STANLEY BLACK & DECKER INC,6403,-179970,602.65K,-16.94M,-96.6%,<.01%
29332G102,EHAB,ENHABIT INC,0,-1210064,0,-17.05M,CLOSE,0%
16359R103,CHE,CHEMED CORP NEW,6160,-36749,2.87M,-17.12M,-85.6%,<.01%
30226D106,EXTR,EXTREME NETWORKS INC,938182,-532266,30.37M,-17.23M,-36.2%,0.02%
744573106,PEG,PUBLIC SVC ENTERPRISE GROUP,490914,-215131,39.84M,-17.46M,-30.5%,0.02%
418056107,HAS,HASBRO INC,777779,-212062,64.24M,-17.51M,-21.4%,0.04%
52736R102,LEVI,LEVI STRAUSS & CO NEW,632872,-705768,15.71M,-17.52M,-52.7%,<.01%
803866300,SSL,SASOL LTD,513243,-1785623,5.04M,-17.53M,-77.7%,<.01%
23834J201,DAVE,DAVE INC,49400,-47205,18.41M,-17.59M,-48.9%,0.01%
78463M107,SPSC,SPS COMM INC,182792,-308039,10.45M,-17.61M,-62.8%,<.01%
53681J103,LAC,LITHIUM AMERS CORP NEW,4090933,-4619375,15.74M,-17.78M,-53%,<.01%
78440P306,SKM,SK TELECOM CO LTD,69455,-555453,2.23M,-17.86M,-88.9%,<.01%
29664W105,ESPR,ESPERION THERAPEUTICS INC NE,0,-6540785,0,-17.92M,CLOSE,0%
464287648,IWO,ISHARES TR,0,-57516,0,-18.05M,CLOSE,0%
872657101,TPG,TPG INC,0,-447728,0,-18.14M,CLOSE,0%
025932104,AFG,AMERICAN FINANCIAL GROUP INC,53319,-129728,7.46M,-18.15M,-70.9%,<.01%
78709Y105,SAIA,SAIA INC,0,-51753,0,-18.18M,CLOSE,0%
29261A100,EHC,ENCOMPASS HEALTH CORP,384595,-180760,38.87M,-18.27M,-32%,0.02%
G02602103,DOX,AMDOCS LTD,77718,-361674,3.93M,-18.28M,-82.3%,<.01%
H2906T109,GRMN,GARMIN LTD,129691,-77186,30.81M,-18.33M,-37.3%,0.02%
01973R101,ALSN,ALLISON TRANSMISSION HLDGS I,40873,-163330,4.61M,-18.41M,-80%,<.01%
L44385109,GLOB,GLOBANT S A,804690,-638168,23.29M,-18.47M,-44.2%,0.01%
87724P106,TMHC,TAYLOR MORRISON HOME CORP,197204,-258828,14.15M,-18.57M,-56.8%,<.01%
29605J106,ESAB,ESAB CORPORATION,35499,-188587,3.5M,-18.6M,-84.2%,<.01%
47215P106,JD,JD.COM INC,237335,-737118,6.05M,-18.78M,-75.6%,<.01%
063671101,BMO,BANK MONTREAL MEDIUM,194600,-107503,34.36M,-18.98M,-35.6%,0.02%
285512109,EA,ELECTRONIC ARTS INC,17704,-93435,3.63M,-19.16M,-84.1%,<.01%
81141R100,SE,SEA LTD,254688,-200668,24.41M,-19.23M,-44.1%,0.02%
670002401,NVAX,NOVAVAX INC,5650905,-2058953,53.23M,-19.4M,-26.7%,0.03%
19260QAB3,COIN,COINBASE GLOBAL INC,0,-19725000,0,-19.58M,CLOSE,0%
G7496G103,RNR,RENAISSANCERE HLDGS LTD,47188,-61872,14.95M,-19.61M,-56.7%,<.01%
808524797,SCHD,SCHWAB STRATEGIC TR,0,-639606,0,-19.62M,CLOSE,0%
478160104,JNJ,JOHNSON & JOHNSON,687227,-77277,174.54M,-19.63M,-10.1%,0.11%
91879Q109,MTN,VAIL RESORTS INC,28041,-145242,3.82M,-19.77M,-83.8%,<.01%
925652109,VICI,VICI PPTYS INC,2613843,-748583,69.4M,-19.87M,-22.3%,0.04%
413160102,HLIT,HARMONIC INC,1881400,-1220496,30.72M,-19.93M,-39.3%,0.02%
09290D101,BLK,BLACKROCK INC,126086,-20827,121.24M,-20.03M,-14.2%,0.07%
833445AB5,SNOW,SNOWFLAKE INC,0,-17000000,0,-20.1M,CLOSE,0%
056752108,BIDU,BAIDU INC,0,-180377,0,-20.1M,CLOSE,0%
68389X204,ORCLPR,ORACLE CORP,1972200,-449300,88.46M,-20.15M,-18.6%,0.05%
92338C103,VLTO,VERALTO CORP,0,-228038,0,-20.16M,CLOSE,0%
626755102,MUSA,MURPHY USA INC,4680,-37642,2.52M,-20.28M,-88.9%,<.01%
729132100,PLXS,PLEXUS CORP,96425,-67522,28.99M,-20.3M,-41.2%,0.02%
75644T100,RCAT,RED CAT HLDGS INC,0,-1563608,0,-20.47M,CLOSE,0%
706327103,PBA,PEMBINA PIPELINE CORP,822219,-447824,38M,-20.7M,-35.3%,0.02%
502160104,LXU,LSB INDS INC,103132,-1931875,1.11M,-20.88M,-94.9%,<.01%
37940X102,GPN,GLOBAL PMTS INC,0,-310405,0,-20.89M,CLOSE,0%
88080T104,WULF,TERAWULF INC,3367041,-847000,83.17M,-20.92M,-20.1%,0.05%
74624M102,P,EVERPURE INC,365682,-272714,28.81M,-21.49M,-42.7%,0.02%
267475101,DY,DYCOM INDS INC,17710,-42519,8.95M,-21.5M,-70.6%,<.01%
57686G105,MATX,MATSON INC,63869,-112678,12.28M,-21.66M,-63.8%,<.01%
90138F102,TWLO,TWILIO INC,178366,-105866,36.8M,-21.84M,-37.2%,0.02%
373737105,GGB,GERDAU SA,3307741,-5409547,13.36M,-21.85M,-62.1%,<.01%
12532H104,GIB,CGI INC,138157,-338644,8.92M,-21.87M,-71%,<.01%
69351T866,PPLC,PPL CORP,150000,-450000,7.31M,-21.94M,-75%,<.01%
718172109,PM,PHILIP MORRIS INTL INC,186380,-122769,33.72M,-22.21M,-39.7%,0.02%
398182303,AHR,AMERICAN HEALTHCARE REIT INC,45432,-428571,2.37M,-22.35M,-90.4%,<.01%
292671708,UUUU,ENERGY FUELS INC,831802,-1556426,12.06M,-22.57M,-65.2%,<.01%
127097103,CTRA,COTERRA ENERGY INC,0,-648772,0,-22.8M,CLOSE,0%
249906108,DSGX,DESCARTES SYS GROUP INC,658561,-330118,45.6M,-22.86M,-33.4%,0.03%
562750109,MANH,MANHATTAN ASSOCIATES INC,83337,-165148,11.6M,-23M,-66.5%,<.01%
77311W101,RKT,ROCKET COS INC,344151,-1469026,5.42M,-23.14M,-81%,<.01%
G29018101,DLO,DLOCAL LTD,1071538,-1781730,13.92M,-23.15M,-62.4%,<.01%
04010L103,ARCC,ARES CAPITAL CORP,732189,-1255536,13.57M,-23.27M,-63.2%,<.01%
03990B309,ARESB,ARES MANAGEMENT CORPORATION,0,-643150,0,-23.49M,CLOSE,0%
893641100,TDG,TRANSDIGM GROUP INC,3787,-17729,5.04M,-23.62M,-82.4%,<.01%
577081102,MAT,MATTEL INC,2180720,-1702679,30.27M,-23.63M,-43.8%,0.02%
75281A109,RRC,RANGE RES CORP,527401,-648729,19.61M,-24.13M,-55.2%,0.01%
784730103,SSRM,SSR MINING IN,662662,-859237,18.73M,-24.29M,-56.5%,0.01%
759351604,RGA,REINSURANCE GROUP AMER INC,78524,-114370,16.7M,-24.32M,-59.3%,0.01%
126650100,CVS,CVS HEALTH CORP,1382037,-235485,142.97M,-24.36M,-14.6%,0.09%
462260100,IOVA,IOVANCE BIOTHERAPEUTICS INC,2143134,-5873219,8.92M,-24.43M,-73.3%,<.01%
988498101,YUM,YUM BRANDS INC,7019,-154029,1.12M,-24.62M,-95.6%,<.01%
277432100,EMN,EASTMAN CHEM CO,56599,-370694,3.79M,-24.83M,-86.8%,<.01%
G52694109,KNSA,KINIKSA PHARMACEUTICALS INTL,569756,-389501,36.44M,-24.91M,-40.6%,0.02%
46125A100,LUNR,INTUITIVE MACHINES INC,4988251,-1174560,106.7M,-25.12M,-19.1%,0.07%
580135101,MCD,MCDONALDS CORP,114450,-93132,30.94M,-25.17M,-44.9%,0.02%
152309100,CNTA,CENTESSA PHARMACEUTICALS PLC,0,-643808,0,-25.57M,CLOSE,0%
874054109,TTWO,TAKE-TWO INTERACTIVE SOFTWAR,627542,-102348,156.87M,-25.58M,-14%,0.1%
21037T109,CEG,CONSTELLATION ENERGY CORP,22690,-103049,5.64M,-25.59M,-82%,<.01%
74164F103,PRIM,PRIMORIS SVCS CORP,52794,-258332,5.23M,-25.61M,-83%,<.01%
782011100,RSI,RUSH STREET INTERACTIVE INC,525319,-862831,15.62M,-25.66M,-62.2%,<.01%
464288760,ITA,ISHARES TR,21430,-106344,5.2M,-25.83M,-83.2%,<.01%
02209S103,MO,ALTRIA GROUP INC,1586265,-359753,114.13M,-25.88M,-18.5%,0.07%
218352102,CORT,CORCEPT THERAPEUTICS INC,883001,-298347,76.78M,-25.94M,-25.3%,0.05%
237194105,DRI,DARDEN RESTAURANTS INC,0,-132683,0,-26.01M,CLOSE,0%
68622V106,OGN,ORGANON & CO,718753,-1925799,9.73M,-26.08M,-72.8%,<.01%
681936100,OHI,OMEGA HEALTHCARE INVS INC,1058549,-551086,50.47M,-26.28M,-34.2%,0.03%
18915MAC1,NET,CLOUDFLARE INC,77861000,-20500000,100.28M,-26.4M,-20.8%,0.06%
17243V102,CNK,CINEMARK HLDGS INC,502521,-834758,15.94M,-26.49M,-62.4%,<.01%
872590104,TMUS,T-MOBILE US INC,799105,-158330,134.03M,-26.56M,-16.5%,0.08%
05534B760,BCE,BCE INC,424273,-1244507,9.13M,-26.78M,-74.6%,<.01%
23331A109,DHI,D R HORTON INC,0,-197135,0,-27.05M,CLOSE,0%
377322102,GKOS,GLAUKOS CORP,57184,-193992,7.99M,-27.11M,-77.2%,<.01%
00846U101,A,AGILENT TECHNOLOGIES INC,1486187,-209736,197.41M,-27.86M,-12.4%,0.12%
256163106,DOCU,DOCUSIGN INC,1874363,-627449,83.26M,-27.87M,-25.1%,0.05%
37954Y830,COPX,GLOBAL X FDS,294376,-365308,22.66M,-28.12M,-55.4%,0.01%
69349H107,TXNM,TXNM ENERGY INC,68394,-497527,3.88M,-28.25M,-87.9%,<.01%
G93A5A101,VIK,VIKING HOLDINGS LTD,117794,-271568,12.33M,-28.43M,-69.7%,<.01%
60871R209,TAP,MOLSON COORS BEVERAGE CO,520869,-731247,20.29M,-28.49M,-58.4%,0.01%
883203101,TXT,TEXTRON INC,578134,-310680,53.03M,-28.5M,-35%,0.03%
097023105,BA,BOEING CO,101322,-132050,21.93M,-28.58M,-56.6%,0.01%
941848103,WAT,WATERS CORP,948639,-76601,355.78M,-28.73M,-7.5%,0.22%
64049M209,NEO,NEOGENOMICS INC,2194758,-1969425,32.02M,-28.73M,-47.3%,0.02%
46333XAH1,IRWD,IRONWOOD PHARMACEUTICALS INC,0,-29150000,0,-28.75M,CLOSE,0%
459200101,IBM,INTERNATIONAL BUSINESS MACHS,338010,-102523,95.05M,-28.83M,-23.3%,0.06%
292554102,ECPG,ENCORE CAP GROUP INC,213282,-309052,19.9M,-28.83M,-59.2%,0.01%
095306106,BLBD,BLUE BIRD CORP,206874,-366594,16.33M,-28.95M,-63.9%,0.01%
156431108,CENX,CENTURY ALUM CO,795738,-637631,36.61M,-29.34M,-44.5%,0.02%
48242W106,KBR,KBR INC,963754,-853021,33.28M,-29.45M,-47%,0.02%
194162103,CL,COLGATE PALMOLIVE CO,157872,-321478,14.47M,-29.47M,-67.1%,<.01%
72348N109,PNFP,PINNACLE FINL PARTNERS INC,705465,-292639,71.17M,-29.52M,-29.3%,0.04%
69318G106,PBF,PBF ENERGY INC,623051,-653344,28.36M,-29.74M,-51.2%,0.02%
81369Y407,XLY,SELECT SECTOR SPDR TR,0,-276335,0,-30.11M,CLOSE,0%
21871X109,CRBG,COREBRIDGE FINL INC,39867,-1052561,1.14M,-30.13M,-96.4%,<.01%
30231G102,XOM,EXXON MOBIL CORP,703824,-220426,96.23M,-30.14M,-23.8%,0.06%
74834L100,DGX,QUEST DIAGNOSTICS INC,4814,-142913,1.02M,-30.29M,-96.7%,<.01%
922417100,VECO,VEECO INSTRS INC DEL,45520,-399765,3.45M,-30.3M,-89.8%,<.01%
594972AJ0,MSTR,STRATEGY INC,14000000,-30000000,14.31M,-30.66M,-68.2%,<.01%
191098102,COKE,COCA COLA CONS INC,217393,-161177,41.5M,-30.77M,-42.6%,0.03%
002896207,ANF,ABERCROMBIE & FITCH CO,14003,-342759,1.26M,-30.85M,-96.1%,<.01%
G0403H108,AON,AON PLC,34765,-93558,11.53M,-31.03M,-72.9%,<.01%
92537N108,VRT,VERTIV HOLDINGS CO,54056,-93079,18.1M,-31.16M,-63.3%,0.01%
771049103,RBLX,ROBLOX CORP,3937546,-577365,214.12M,-31.4M,-12.8%,0.13%
G25839104,CCEP,COCA-COLA EUROPACIFIC PARTNE,630887,-317130,63.14M,-31.74M,-33.5%,0.04%
109641100,EAT,BRINKER INTL INC,362922,-194508,60.97M,-32.68M,-34.9%,0.04%
749685103,RPM,RPM INTL INC,55855,-295410,6.21M,-32.83M,-84.1%,<.01%
32076V103,AG,FIRST MAJESTIC SILVER CORP,290474,-1944119,4.93M,-32.97M,-87%,<.01%
192576106,COHU,COHU INC,98504,-446487,7.28M,-33M,-81.9%,<.01%
F21107101,CSTM,CONSTELLIUM SE,2198618,-1035958,70.07M,-33.02M,-32%,0.04%
G7709Q104,RPRX,ROYALTY PHARMA PLC,525114,-596933,29.44M,-33.47M,-53.2%,0.02%
11777Q209,BTG,B2GOLD CORP,19115687,-9124326,71.53M,-34.14M,-32.3%,0.04%
615394202,MOGA,MOOG INC,193548,-80779,82.03M,-34.24M,-29.4%,0.05%
86800UAD6,,SUPER MICRO COMPUTER INC,40781000,-35000000,40.13M,-34.45M,-46.2%,0.02%
05352A100,AVTR,AVANTOR INC,9571523,-3539151,94.76M,-35.04M,-27%,0.06%
592688105,MTD,METTLER TOLEDO INTERNATIONAL,45441,-27684,58.05M,-35.37M,-37.9%,0.04%
03957W106,AROC,ARCHROCK INC,213936,-876682,8.71M,-35.69M,-80.4%,<.01%
89531P105,TREX,TREX INC,178186,-714513,8.92M,-35.75M,-80%,<.01%
501242101,KLIC,KULICKE & SOFFA INDS INC,13746,-267436,1.84M,-35.77M,-95.1%,<.01%
443628102,HBM,HUDBAY MINERALS INC,298900,-1518936,7.05M,-35.83M,-83.6%,<.01%
46429B598,INDA,ISHARES TR,0,-772230,0,-35.92M,CLOSE,0%
191216100,KO,COCA COLA CO,1013048,-445941,82.33M,-36.24M,-30.6%,0.05%
H42097107,UBS,UBS GROUP AG,583637,-734317,28.93M,-36.39M,-55.7%,0.02%
926400102,VSCO,VICTORIAS SECRET AND CO,979402,-438435,81.76M,-36.6M,-30.9%,0.05%
19240Q201,COGT,COGENT BIOSCIENCES INC,922479,-945910,35.7M,-36.61M,-50.6%,0.02%
159864107,CRL,CHARLES RIV LABS INTL INC,31587,-161896,7.16M,-36.72M,-83.7%,<.01%
526057104,LEN,LENNAR CORP,624733,-408506,56.53M,-36.97M,-39.5%,0.03%
620076307,MSI,MOTOROLA SOLUTIONS INC,1600,-90843,664.46K,-37.73M,-98.3%,<.01%
00857U206,AGL,AGILON HEALTH INC,390149,-352069,41.82M,-37.73M,-47.4%,0.03%
G6683N103,NU,NU HLDGS LTD,583533,-2832570,7.8M,-37.84M,-82.9%,<.01%
387328107,GVA,GRANITE CONSTR INC,122799,-239505,19.41M,-37.86M,-66.1%,0.01%
743315103,PGR,PROGRESSIVE CORP,275588,-173374,60.2M,-37.87M,-38.6%,0.04%
888787108,TOST,TOAST INC,1039379,-1372016,28.92M,-38.17M,-56.9%,0.02%
92939UAR7,WEC,WEC ENERGY GROUP INC,0,-30958000,0,-38.32M,CLOSE,0%
911312106,UPS,UNITED PARCEL SVCS INC,197569,-357429,21.24M,-38.42M,-64.4%,0.01%
11271J107,BN,BROOKFIELD CORP,2694174,-906454,114.76M,-38.61M,-25.2%,0.07%
94106B101,WCN,WASTE CONNECTIONS INC,530332,-238095,88.38M,-39.68M,-31%,0.05%
87612G101,TRGP,TARGA RES CORP,2279804,-148221,611.31M,-39.74M,-6.1%,0.38%
15643U104,LEU,CENTRUS ENERGY CORP,37357,-238039,6.27M,-39.96M,-86.4%,<.01%
19260QAF4,COIN,COINBASE GLOBAL INC,48412000,-44459000,43.55M,-40M,-47.9%,0.03%
832696405,SJM,SMUCKER J M CO,0,-417302,0,-40.24M,CLOSE,0%
04016X101,ARGX,ARGENX SE,8263,-43859,7.67M,-40.69M,-84.1%,<.01%
14365C103,CUK,CARNIVAL PLC,0,-1581768,0,-40.76M,CLOSE,0%
070830104,BBWI,BATH & BODY WORKS INC,7728842,-1775751,178.77M,-41.07M,-18.7%,0.11%
009158106,APD,AIR PRODUCTS AND CHEMICALS I,581019,-140894,170.34M,-41.31M,-19.5%,0.11%
358054104,FRSH,FRESHWORKS INC,674127,-4167855,6.82M,-42.18M,-86.1%,<.01%
H50430232,LOGI,LOGITECH INTL S A,49984,-450801,4.7M,-42.39M,-90%,<.01%
88033G407,THC,TENET HEALTHCARE CORP,30397,-229672,5.69M,-42.97M,-88.3%,<.01%
68989M202,OUST,OUSTER INC,152728,-689361,9.55M,-43.1M,-81.9%,<.01%
03076C106,AMP,AMERIPRISE FINL INC,183904,-94745,84.37M,-43.47M,-34%,0.05%
035710839,NLY,ANNALY CAPITAL MANAGEMENT IN,3941485,-1957840,88.13M,-43.78M,-33.2%,0.05%
668771108,GEN,GEN DIGITAL INC,39164,-1777195,974.79K,-44.23M,-97.8%,<.01%
243537107,DECK,DECKERS OUTDOOR CORP,820888,-446422,81.51M,-44.33M,-35.2%,0.05%
L8681T102,SPOT,SPOTIFY TECHNOLOGY S A,260635,-97838,119.67M,-44.92M,-27.3%,0.07%
60770K107,MRNA,MODERNA INC,24951,-641581,1.75M,-44.93M,-96.3%,<.01%
525327102,LDOS,LEIDOS HOLDINGS INC,55888,-436788,5.75M,-44.98M,-88.7%,<.01%
17253J106,CIFR,CIPHER DIGITAL INC,14507309,-1881226,355.43M,-46.09M,-11.5%,0.22%
910873405,UMC,UNITED MICROELECTRONICS CORP,196314,-1695294,5.34M,-46.13M,-89.6%,<.01%
337932107,FE,FIRSTENERGY CORP,197752,-984685,9.4M,-46.81M,-83.3%,<.01%
051774107,AUR,AURORA INNOVATION INC,22374639,-6885486,152.6M,-46.96M,-23.5%,0.09%
48251W104,KKR,KKR & CO INC,3429914,-514663,314.8M,-47.24M,-13%,0.19%
35969L108,YMM,FULL TRUCK ALLIANCE CO LTD,5305679,-5934416,43.08M,-48.19M,-52.8%,0.03%
89422GAA5,TVTX,TRAVERE THERAPEUTICS INC,0,-38285000,0,-48.36M,CLOSE,0%
345370860,F,FORD MTR CO,5561886,-3492453,77.31M,-48.55M,-38.6%,0.05%
92556V106,VTRS,VIATRIS INC,791371,-3091170,12.57M,-49.09M,-79.6%,<.01%
21873S108,CRWV,COREWEAVE INC,74794,-494458,7.44M,-49.22M,-86.9%,<.01%
278865100,ECL,ECOLAB INC,27229,-180002,7.59M,-50.15M,-86.9%,<.01%
060505104,BAC,BANK OF AMER CORP,4249808,-885104,242.15M,-50.43M,-17.2%,0.15%
G50871105,JAZZ,JAZZ PHARMACEUTICALS PLC,87075,-211015,20.98M,-50.85M,-70.8%,0.01%
683712103,OPEN,OPENDOOR TECHNOLOGIES INC,121686,-11108491,562.19K,-51.32M,-98.9%,<.01%
00214Q104,ARKK,ARK ETF TR,530732,-637726,42.87M,-51.52M,-54.6%,0.03%
55306N104,MKSI,MKS INC.,4325,-115848,1.92M,-51.53M,-96.4%,<.01%
03823UAE2,AAOI,APPLIED OPTOELECTRONICS INC,0,-23089000,0,-51.59M,CLOSE,0%
26614N102,DD,DUPONT DE NEMOURS INC,0,-1143763,0,-52.38M,CLOSE,0%
690742101,OC,OWENS CORNING NEW,0,-499158,0,-54.02M,CLOSE,0%
34631F102,FPS,FORGENT POWER SOLUTIONS INC,228174,-980336,12.75M,-54.76M,-81.1%,<.01%
78464A755,XME,SPDR SERIES TRUST,386627,-516066,41.34M,-55.18M,-57.2%,0.03%
77543R102,ROKU,ROKU INC,8174,-402775,1.13M,-55.64M,-98%,<.01%
92243G108,PCVX,VAXCYTE INC,1901872,-963446,110.56M,-56.01M,-33.6%,0.07%
099724106,BWA,BORGWARNER INC,230978,-846542,15.34M,-56.21M,-78.6%,<.01%
989207105,ZBRA,ZEBRA TECHNOLOGIES CORPORATI,0,-269069,0,-56.26M,CLOSE,0%
12514G108,CDW,CDW CORP,56019,-402136,7.88M,-56.56M,-87.8%,<.01%
34379V103,FLNC,FLUENCE ENERGY INC,3194735,-2850303,63.51M,-56.66M,-47.2%,0.04%
74736K101,QRVO,QORVO INC,992208,-609060,92.54M,-56.81M,-38%,0.06%
G0260P102,AS,AMER SPORTS INC,4243066,-1691545,143.59M,-57.24M,-28.5%,0.09%
04956D107,ATMU,ATMUS FILTRATION TECHNOLOGIE,482029,-1138723,24.58M,-58.06M,-70.3%,0.02%
281020107,EIX,EDISON INTL,302780,-779937,22.54M,-58.07M,-72%,0.01%
91307C102,UTHR,UNITED THERAPEUTICS CORP DEL,0,-99106,0,-58.77M,CLOSE,0%
204166102,CVLT,COMMVAULT SYS INC,328496,-417060,46.56M,-59.11M,-55.9%,0.03%
171340102,CHD,CHURCH & DWIGHT CO INC,148791,-611921,14.41M,-59.28M,-80.4%,<.01%
79466L302,CRM,SALESFORCE INC,267186,-378518,41.86M,-59.3M,-58.6%,0.03%
49456B101,KMI,KINDER MORGAN INC DEL,3979123,-1865577,127.21M,-59.64M,-31.9%,0.08%
559222401,MGA,MAGNA INTL INC,596414,-920756,39.17M,-60.48M,-60.7%,0.02%
464287556,IBB,ISHARES TR,68971,-320085,13.12M,-60.88M,-82.3%,<.01%
04280A100,ARWR,ARROWHEAD PHARMACEUTICALS IN,431560,-752278,35.18M,-61.32M,-63.5%,0.02%
113004105,BAM,BROOKFIELD ASSET MANAGMT LTD,567472,-1391080,25.43M,-62.35M,-71%,0.02%
596278101,MIDD,MIDDLEBY CORP,418808,-362468,72.04M,-62.35M,-46.4%,0.04%
040413205,ANET,ARISTA NETWORKS INC,624439,-367866,106.08M,-62.49M,-37.1%,0.07%
835699307,SONY,SONY GROUP CORP,451116,-3130740,9.05M,-62.8M,-87.4%,<.01%
42824C109,HPE,HEWLETT PACKARD ENTERPRISE C,2970032,-1396550,133.98M,-63M,-32%,0.08%
90384S303,ULTA,ULTA BEAUTY INC,3906,-142018,1.76M,-64.05M,-97.3%,<.01%
670100205,NVO,NOVO-NORDISK A S,697567,-1341539,33.44M,-64.31M,-65.8%,0.02%
02376R102,AAL,AMERICAN AIRLINES GROUP INC,6299815,-3563291,113.84M,-64.39M,-36.1%,0.07%
816851109,SRE,SEMPRA,0,-672770,0,-65.37M,CLOSE,0%
231021106,CMI,CUMMINS INC,321490,-92526,229.29M,-65.99M,-22.3%,0.14%
34959J108,FTV,FORTIVE CORP,291140,-1087637,17.79M,-66.44M,-78.9%,0.01%
03674X106,AR,ANTERO RESOURCES CORP,654605,-1891256,23M,-66.46M,-74.3%,0.01%
22266T109,CPNG,COUPANG INC,1208415,-3914183,20.99M,-67.99M,-76.4%,0.01%
88579Y101,MMM,3M CO,4871164,-420546,788.69M,-68.09M,-7.9%,0.49%
12653C108,CNX,CNX RES CORP,3530635,-2014811,119.79M,-68.36M,-36.3%,0.07%
679295AF2,OKTA,OKTA INC,0,-68941000,0,-68.44M,CLOSE,0%
01609W102,BABA,ALIBABA GROUP HLDG LTD,4473,-721771,429.32K,-69.28M,-99.4%,<.01%
254687106,DIS,DISNEY WALT CO,1809481,-721488,174.16M,-69.44M,-28.5%,0.11%
67103H107,ORLY,OREILLY AUTOMOTIVE INC,3690454,-754239,339.85M,-69.46M,-17%,0.21%
58733R102,MELI,MERCADOLIBRE INC,20197,-40988,34.28M,-69.57M,-67%,0.02%
337738108,FISV,FISERV INC,4483791,-1423671,219.93M,-69.83M,-24.1%,0.14%
031100100,AME,AMETEK INC,591116,-299138,143.01M,-72.37M,-33.6%,0.09%
72919P202,PLUG,PLUG PWR INC,21943120,-27015380,59.47M,-73.21M,-55.2%,0.04%
422704106,HL,HECLA MINING COMPANY,3535923,-4789950,54.56M,-73.91M,-57.5%,0.03%
69608A108,PLTR,PALANTIR TECHNOLOGIES INC,3261919,-636752,380.57M,-74.29M,-16.3%,0.24%
60937P106,MDB,MONGODB INC,710220,-221350,238.56M,-74.35M,-23.8%,0.15%
031652100,AMKR,AMKOR TECHNOLOGY INC,624860,-863905,53.88M,-74.49M,-58%,0.03%
548661107,LOW,LOWES COS INC,536307,-342039,118.25M,-75.42M,-38.9%,0.07%
758750103,RRX,REGAL REXNORD CORPORATION,273769,-319693,65.21M,-76.15M,-53.9%,0.04%
92189F676,SMH,VANECK ETF TRUST,0,-199461,0,-76.47M,CLOSE,0%
049468101,TEAM,ATLASSIAN CORPORATION,274118,-999412,21.32M,-77.74M,-78.5%,0.01%
054540208,ACLS,AXCELIS TECHNOLOGIES INC,133044,-411377,25.21M,-77.94M,-75.6%,0.02%
052769106,ADSK,AUTODESK INC,25801,-409890,5.02M,-79.69M,-94.1%,<.01%
90385V107,UCTT,ULTRA CLEAN HLDGS INC,619802,-563455,88.38M,-80.34M,-47.6%,0.05%
876030107,TPR,TAPESTRY INC,322122,-549728,47.15M,-80.47M,-63.1%,0.03%
29355A107,ENPH,ENPHASE ENERGY INC,661058,-1667698,32.55M,-82.12M,-71.6%,0.02%
464286772,EWY,ISHARES INC,0,-681987,0,-83.89M,CLOSE,0%
58933Y105,MRK,MERCK & CO INC,2738023,-659559,351.84M,-84.75M,-19.4%,0.22%
882681109,TXRH,TEXAS ROADHOUSE INC,515394,-462988,99.59M,-89.46M,-47.3%,0.06%
969457100,WMB,WILLIAMS COS INC,731245,-1217304,54.36M,-90.49M,-62.5%,0.03%
03040WBE4,AWK,AMERICAN WTR CAP CORP,0,-94081000,0,-93.94M,CLOSE,0%
46120E602,ISRG,INTUITIVE SURGICAL INC,340267,-236241,135.32M,-93.95M,-41%,0.08%
74767V109,QS,QUANTUMSCAPE CORP,7265875,-12476702,54.93M,-94.32M,-63.2%,0.03%
445658107,JBHT,HUNT J B TRANS SVCS INC,314257,-333103,90.96M,-96.41M,-51.5%,0.06%
G4740B105,ICHR,ICHOR HOLDINGS,652188,-859876,73.23M,-96.55M,-56.9%,0.05%
415864107,NVRI,ENVIRI CORP,0,-4980660,0,-97.72M,CLOSE,0%
Y2573F102,FLEX,FLEX LTD,85169,-604257,13.8M,-97.93M,-87.6%,<.01%
45104G104,IBN,ICICI BANK LIMITED,3288123,-3424553,95.45M,-99.41M,-51%,0.06%
368736104,GNRC,GENERAC HLDGS INC,957094,-340650,280.25M,-99.75M,-26.2%,0.17%
62914V106,NIO,NIO INC,18204968,-20124300,92.12M,-101.83M,-52.5%,0.06%
036752103,ELV,ELEVANCE HEALTH INC FORMERLY,140324,-265668,54.27M,-102.74M,-65.4%,0.03%
863667101,SYK,STRYKER CORPORATION,270554,-330214,85.18M,-103.96M,-55%,0.05%
58506Q109,MEDP,MEDPACE HLDGS INC,234537,-198065,124.21M,-104.89M,-45.8%,0.08%
464287523,SOXX,ISHARES TR,0,-322500,0,-105.99M,CLOSE,0%
244199105,DE,DEERE & CO,13520,-167145,8.58M,-106.03M,-92.5%,<.01%
10806XAJ1,,BRIDGEBIO PHARMA INC,0,-62780000,0,-106.54M,CLOSE,0%
12541W209,CHRW,C H ROBINSON WORLDWIDE IN,751270,-566385,141.49M,-106.67M,-43%,0.09%
042068205,ARM,ARM HOLDINGS PLC,5764,-300856,2.04M,-106.67M,-98.1%,<.01%
03831W108,APP,APPLOVIN CORP,95196,-208303,49.05M,-107.32M,-68.6%,0.03%
92277GAZ0,VTR,VENTAS RLTY LTD PARTNERSHIP,0,-72988000,0,-109.27M,CLOSE,0%
92532F100,VRTX,VERTEX PHARMACEUTICALS INC,3105,-245855,1.54M,-122.12M,-98.8%,<.01%
26441CBY0,DUK,DUKE ENERGY CORP NEW,0,-112873000,0,-124.56M,CLOSE,0%
44812J104,HUT,HUT 8 CORP,1912131,-1090055,220.72M,-125.83M,-36.3%,0.14%
494368103,KMB,KIMBERLY-CLARK CORP,496888,-1170891,54.54M,-128.53M,-70.2%,0.03%
G54950103,LIN,LINDE PLC,292884,-250503,151.99M,-130M,-46.1%,0.09%
74743L100,Q,QNITY ELECTRONICS INC,161198,-799622,26.33M,-130.59M,-83.2%,0.02%
683344105,ONTO,ONTO INNOVATION INC,371752,-350826,140.69M,-132.77M,-48.6%,0.09%
025816109,AXP,AMERICAN EXPRESS CO,1580103,-402235,534.47M,-136.06M,-20.3%,0.33%
26884L109,EQT,EQT CORP,3115586,-2584446,165.66M,-137.41M,-45.3%,0.1%
22160N109,CSGP,COSTAR GROUP INC,1043332,-4866291,29.55M,-137.81M,-82.3%,0.02%
33829M101,FIVE,FIVE BELOW INC,638465,-767345,114.79M,-137.96M,-54.6%,0.07%
444859102,HUM,HUMANA INC,204543,-350664,81.25M,-139.29M,-63.2%,0.05%
053332102,AZO,AUTOZONE INC,364,-43670,1.16M,-139.57M,-99.2%,<.01%
143658300,CCL,CARNIVAL CORP,0,-5635318,0,-145.84M,CLOSE,0%
571748102,MRSH,MARSH & MCLENNAN COS INC,839616,-889934,139.94M,-148.33M,-51.5%,0.09%
15135B101,CNC,CENTENE CORP DEL,5213422,-2314755,334.65M,-148.58M,-30.7%,0.21%
06849F108,B,BARRICK MNG CORP,2989134,-4056524,109.79M,-149M,-57.6%,0.07%
169656105,CMG,CHIPOTLE MEXICAN GRILL INC,9906819,-4449495,336.83M,-151.28M,-31%,0.21%
922475108,VEEV,VEEVA SYS INC,129025,-870730,22.9M,-154.53M,-87.1%,0.01%
94419LAR2,W,WAYFAIR INC,0,-92655000,0,-162.18M,CLOSE,0%
012653101,ALB,ALBEMARLE CORP,131201,-1208607,17.72M,-163.2M,-90.2%,0.01%
25809K105,DASH,DOORDASH INC,187011,-886950,34.51M,-163.67M,-82.6%,0.02%
78464A870,XBI,SPDR SERIES TRUST,328794,-1038998,52.03M,-164.42M,-76%,0.03%
76655K103,RGTI,RIGETTI COMPUTING INC,5364069,-8558004,103.63M,-165.34M,-61.5%,0.06%
532457108,LLY,ELI LILLY & CO,496563,-140819,595.59M,-168.9M,-22.1%,0.37%
172573107,CRCL,CIRCLE INTERNET GROUP INC,27976,-2706949,1.75M,-169.54M,-99%,<.01%
717081103,PFE,PFIZER INC,5414297,-7052965,130.38M,-169.84M,-56.6%,0.08%
617446448,MS,MORGAN STANLEY,1031476,-832802,215.62M,-174.09M,-44.7%,0.13%
03524A108,BUD,ANHEUSER BUSCH INBEV SA NV,197694,-2117551,16.29M,-174.49M,-91.5%,0.01%
01741R102,ATI,ATI INC,815585,-927024,160.75M,-182.72M,-53.2%,0.1%
92345Y106,VRSK,VERISK ANALYTICS INC,179819,-1020600,32.28M,-183.23M,-85%,0.02%
76155X100,RVMD,REVOLUTION MEDICINES INC,12400,-1009898,2.32M,-189.13M,-98.8%,<.01%
235851102,DHR,DANAHER CORP DEL,411862,-1016386,78.45M,-193.6M,-71.2%,0.05%
776696106,ROP,ROPER TECHNOLOGIES INC,522807,-631511,176.91M,-213.7M,-54.7%,0.11%
303250104,FICO,FAIR ISAAC CORP,10614,-180964,12.68M,-216.21M,-94.5%,<.01%
00217D100,ASTS,AST SPACEMOBILE INC,978899,-2458399,86.98M,-218.45M,-71.5%,0.05%
369604301,GE,GE AEROSPACE,1061594,-587223,396.75M,-219.46M,-35.6%,0.25%
452308109,ITW,ILLINOIS TOOL WKS INC,191135,-819172,51.7M,-221.56M,-81.1%,0.03%
35671D857,FCX,FREEPORT MCMORAN INC,5332940,-3816808,335.39M,-240.04M,-41.7%,0.21%
46438F101,IBIT,ISHARES BITCOIN TRUST ETF,0,-6260451,0,-240.53M,CLOSE,0%
053015103,ADP,AUTOMATIC DATA PROCESSING IN,0,-1185559,0,-240.88M,CLOSE,0%
09260D107,BX,BLACKSTONE INC,1720765,-2060964,202.48M,-242.51M,-54.5%,0.13%
742718109,PG,PROCTER & GAMBLE CO,754755,-1684925,110.68M,-247.08M,-69.1%,0.07%
594972AS0,MSTR,STRATEGY INC,25485000,-291000000,21.99M,-251.13M,-91.9%,0.01%
95040Q104,WELL,WELLTOWER INC,928983,-1150171,210.85M,-261.05M,-55.3%,0.13%
81762P102,NOW,SERVICENOW INC,842016,-2632301,83.6M,-261.33M,-75.8%,0.05%
438516106,HON,HONEYWELL INTL INC,0,-1169465,0,-264.33M,CLOSE,0%
009066101,ABNB,AIRBNB INC,708509,-1868029,101.39M,-267.31M,-72.5%,0.06%
Q4982L109,IREN,IREN LIMITED,354696,-6078911,16.22M,-277.99M,-94.5%,0.01%
91324P102,UNH,UNITEDHEALTH GROUP INC,493719,-673501,205.2M,-279.93M,-57.7%,0.13%
770700102,HOOD,ROBINHOOD MKTS INC,14600,-2858969,1.46M,-286.7M,-99.5%,<.01%
127387108,CDNS,CADENCE DESIGN SYSTEM INC,151881,-769809,57M,-288.92M,-83.5%,0.04%
539830109,LMT,LOCKHEED MARTIN CORP,370609,-595025,188.81M,-303.14M,-61.6%,0.12%
03823U102,AAOI,APPLIED OPTOELECTRONICS INC,41056,-2076101,6.08M,-307.6M,-98.1%,<.01%
773121108,RKLB,ROCKET LAB CORP,1103189,-3088372,112.14M,-313.93M,-73.7%,0.07%
464287655,IWM,ISHARES TR,61251,-1046785,18.4M,-314.51M,-94.5%,0.01%
512807306,LRCX,LAM RESEARCH CORP,206424,-740192,89.45M,-320.75M,-78.2%,0.06%
880770102,TER,TERADYNE INC,198782,-667930,96.18M,-323.17M,-77.1%,0.06%
01609WBG6,BABA,ALIBABA GROUP HLDG LTD,132300000,-285200000,156.24M,-336.81M,-68.3%,0.1%
002824100,ABT,ABBOTT LABORATORIES,1457592,-3822462,132.26M,-346.85M,-72.4%,0.08%
49177J102,KVUE,KENVUE INC,7616358,-18665787,145.55M,-356.7M,-71%,0.09%
037833100,AAPL,APPLE INC,5603656,-1386130,1.62B,-401.09M,-19.8%,1%
04626A103,ALAB,ASTERA LABS INC,680298,-839263,328.6M,-405.38M,-55.2%,0.2%
803054204,SAP,SAP SE,1450152,-2806520,223.48M,-432.51M,-65.9%,0.14%
038222105,AMAT,APPLIED MATLS INC,396944,-612674,286.99M,-442.96M,-60.7%,0.18%
007903107,AMD,ADVANCED MICRO DEVICES INC,3082478,-770833,1.79B,-447.78M,-20%,1.1%
778296103,ROST,ROSS STORES INC,1218256,-2321802,259.31M,-494.2M,-65.6%,0.16%
958102105,WDC,WESTERN DIGITAL CORP,1901787,-786443,1.21B,-502.32M,-29.3%,0.75%
83406F102,SOFI,SOFI TECHNOLOGIES INC,14691786,-28029122,263.42M,-502.56M,-65.6%,0.16%
87612E106,TGT,TARGET CORP,3074795,-4826600,401.6M,-630.4M,-61.1%,0.25%
46625H100,JPM,JPMORGAN CHASE & CO,1413451,-2044589,462.66M,-669.26M,-59.1%,0.29%
N07059210,ASML,ASML HLDG NV,34386,-381192,68.41M,-758.36M,-91.7%,0.04%
55024UAH2,LITE,LUMENTUM HLDGS INC,5620000,-74256000,69.18M,-914.05M,-93%,0.04%
594918104,MSFT,MICROSOFT CORP,3563793,-2604177,1.33B,-971.41M,-42.2%,0.82%
882508104,TXN,TEXAS INSTRS INC,1032082,-3260295,307.63M,-971.8M,-76%,0.19%
874039100,TSM,TAIWAN SEMICONDUCTOR MANUFAC,773051,-2285747,369.19M,-1.09B,-74.7%,0.23%
958102AT2,WDC,WESTERN DIGITAL CORP,0,-152584000,0,-1.09B,CLOSE,0%
458140100,INTC,INTEL CORP,8390168,-8566417,1.17B,-1.2B,-50.5%,0.72%
80004C200,SNDK,SANDISK CORP,561911,-611017,1.28B,-1.39B,-52.1%,0.79%
11135F101,AVGO,BROADCOM INC,2722161,-3805547,1.03B,-1.44B,-58.3%,0.64%
595112103,MU,MICRON TECHNOLOGY INC,768773,-2889703,887.39M,-3.34B,-79%,0.55%
Total,,,,,161.83B,11.65B,+9.2%,100%
