CUSIP,Ticker,Company,Shares,Delta_Shares,Value,Delta_Value,Delta,Portfolio%
84615Q103,SPCX,SPACE EXPLORATION TECHN CORP,302555831,302555831,51.66B,51.66B,NEW,2.2%
482480100,KLAC,KLA CORP,43007912,38606425,12.98B,11.65B,+877.1%,0.56%
11135F101,AVGO,BROADCOM INC,144359173,20246297,54.53B,7.65B,+16.3%,2.4%
91324P102,UNH,UNITEDHEALTH GROUP INC,27992995,15973949,11.63B,6.64B,+132.9%,0.51%
67066G104,NVDA,NVIDIA CORPORATION,1026051548,32198580,205.3B,6.44B,+3.2%,8.9%
007903107,AMD,ADVANCED MICRO DEVICES INC,25558552,10269781,14.85B,5.97B,+67.2%,0.64%
037833100,AAPL,APPLE INC,325348754,17906714,94.14B,5.18B,+5.8%,4.1%
458140100,INTC,INTEL CORP,94431754,36916621,13.19B,5.15B,+64.2%,0.57%
02079K305,GOOGL,ALPHABET INC,250714005,14169330,89.6B,5.06B,+6%,3.9%
02079K107,GOOG,ALPHABET INC,121958993,13398953,43.09B,4.73B,+12.3%,1.9%
N07059210,ASML,ASML HLDG NV,5478341,2329935,10.9B,4.64B,+74%,0.47%
697435105,PANW,PALO ALTO NETWORKS INC,20054462,11949672,6.84B,4.08B,+147.4%,0.3%
22788C105,CRWD,CROWDSTRIKE HLDGS INC,7847117,4406915,5.99B,3.36B,+128.1%,0.26%
464287614,IWF,ISHARES TR,33169533,24853456,4.12B,3.09B,+298.9%,0.18%
532457108,LLY,ELI LILLY & CO,28462475,2121444,34.14B,2.54B,+8.1%,1.5%
149123101,CAT,CATERPILLAR INC,5781969,1957676,6.16B,2.08B,+51.2%,0.27%
038222105,AMAT,APPLIED MATLS INC,9274335,2876511,6.71B,2.08B,+45%,0.29%
15675D103,CBRS,CEREBRAS SYSTEMS INC,8435095,8435095,1.86B,1.86B,NEW,0.08%
771049103,RBLX,ROBLOX CORP,79723713,33104614,4.34B,1.8B,+71%,0.19%
146869102,CVNA,CARVANA CO,33604708,26157893,2.21B,1.72B,+351.3%,0.1%
23804L103,DDOG,DATADOG INC,19758680,6470261,5.14B,1.68B,+48.7%,0.22%
023135106,AMZN,AMAZON COM INC,365660364,6961673,87.15B,1.66B,+1.9%,3.8%
883556102,TMO,THERMO FISHER SCIENTIFIC INC,14084488,3308052,7.06B,1.66B,+30.7%,0.31%
09857L108,BKNG,BOOKING HOLDINGS INC,9522286,9202528,1.7B,1.64B,+2878%,0.07%
88160R101,TSLA,TESLA INC,39766224,3738248,16.73B,1.57B,+10.4%,0.73%
437076102,HD,HOME DEPOT INC,18088396,4363087,6.38B,1.54B,+31.8%,0.28%
235851102,DHR,DANAHER CORP DEL,29540895,7006566,5.63B,1.33B,+31.1%,0.24%
92556V106,VTRS,VIATRIS INC,96662102,80073588,1.53B,1.27B,+482.7%,0.07%
548661107,LOW,LOWES COS INC,37267356,5411705,8.22B,1.19B,+17%,0.36%
770700102,HOOD,ROBINHOOD MKTS INC,29907700,11850309,3B,1.19B,+65.6%,0.13%
09062X103,BIIB,BIOGEN INC,18217239,5409698,3.94B,1.17B,+42.2%,0.17%
922908736,VUG,VANGUARD INDEX FDS,15218429,12639124,1.31B,1.09B,+490%,0.06%
609839105,MPWR,MONOLITHIC PWR SYS INC,5177258,776427,7.16B,1.07B,+17.6%,0.31%
494368103,KMB,KIMBERLY-CLARK CORP,13133613,9507375,1.44B,1.04B,+262.2%,0.06%
G2004J103,CCL,CARNIVAL CORP LTD,35769442,35769442,1.02B,1.02B,NEW,0.04%
17275R102,CSCO,CISCO SYS INC,76063526,8677963,8.93B,1.02B,+12.9%,0.39%
750917106,RMBS,RAMBUS INC DEL,10460026,7141577,1.39B,947.97M,+215.2%,0.06%
K08588103,ASND,ASCENDIS PHARMA A/S,3545575,3545575,945.68M,945.68M,NEW,0.04%
363576109,AJG,GALLAGHER ARTHUR J & CO,18645620,4024657,4.28B,923.94M,+27.5%,0.19%
49271V100,KDP,KEURIG DR PEPPER INC,172397835,26768840,5.64B,876.14M,+18.4%,0.24%
955306105,WST,WEST PHARMACEUTICAL SVSC INC,3574816,2325068,1.28B,834.7M,+186%,0.06%
03831W108,APP,APPLOVIN CORP,17293553,1602139,8.91B,825.47M,+10.2%,0.39%
780087102,RY,ROYAL BK CDA,17803517,3895270,3.69B,806.56M,+28%,0.16%
808513105,SCHW,SCHWAB CHARLES CORP,44265455,8577286,4.08B,791.43M,+24%,0.18%
632307104,NTRA,NATERA INC,5451396,2897142,1.48B,786.43M,+113.4%,0.06%
858119100,STLD,STEEL DYNAMICS INC,7720913,3309313,1.77B,759.35M,+75%,0.08%
743315103,PGR,PROGRESSIVE CORP,11213445,3384651,2.45B,739.38M,+43.2%,0.11%
76155X100,RVMD,REVOLUTION MEDICINES INC,12200422,3736108,2.28B,699.7M,+44.1%,0.1%
679295105,OKTA,OKTA INC,16272067,4929243,2.22B,672.6M,+43.5%,0.1%
256746108,DLTR,DOLLAR TREE INC,24960305,5465910,3.02B,661.1M,+28%,0.13%
87612E106,TGT,TARGET CORP,24630329,4729055,3.22B,617.66M,+23.8%,0.14%
459200101,IBM,INTERNATIONAL BUSINESS MACHS,7433148,2187458,2.09B,615.14M,+41.7%,0.09%
464287457,SHY,ISHARES TR,11506634,7427817,944.81M,609.9M,+182.1%,0.04%
24703L202,DELL,DELL TECHNOLOGIES INC,5654576,1412435,2.44B,609.41M,+33.3%,0.11%
244199105,DE,DEERE & CO,7488674,958880,4.75B,608.25M,+14.7%,0.21%
03938L203,MT,ARCELORMITTAL SA LUXEMBOURG,11391416,9833857,685.99M,592.19M,+631.4%,0.03%
042068205,ARM,ARM HOLDINGS PLC,4062977,1613947,1.44B,572.26M,+65.9%,0.06%
G50871105,JAZZ,JAZZ PHARMACEUTICALS PLC,4609326,2333564,1.11B,562.32M,+102.5%,0.05%
00846U101,A,AGILENT TECHNOLOGIES INC,5076167,4159361,674.27M,552.49M,+453.7%,0.03%
55658T105,MAIR,MADISON AIR SOLUTIONS CORP,14084999,14084999,549.31M,549.31M,NEW,0.02%
247361702,DAL,DELTA AIR LINES INC,33187319,5683286,3.11B,532.3M,+20.7%,0.13%
38141G104,GS,GOLDMAN SACHS GROUP INC,3866640,525408,3.91B,531.38M,+15.7%,0.17%
00187Y100,APG,API GROUP CORP,17499605,12450793,741.11M,527.29M,+246.6%,0.03%
452327109,ILMN,ILLUMINA INC,4523417,2976556,795.35M,523.37M,+192.4%,0.03%
22052L104,CTVA,CORTEVA INC,41072288,6100388,3.48B,516.64M,+17.4%,0.15%
26701L100,BROS,DUTCH BROS INC,16724132,7157735,1.2B,514M,+74.8%,0.05%
538034109,LYV,LIVE NATION ENTERTAINMENT IN,10702508,2803783,1.96B,513.4M,+35.5%,0.09%
Y2573F102,FLEX,FLEX LTD,19538636,3157171,3.17B,511.68M,+19.3%,0.14%
60937P106,MDB,MONGODB INC,3660780,1467897,1.23B,493.07M,+66.9%,0.05%
984245100,YPF,YPF SOCIEDAD ANONIMA,10705516,10705426,486.78M,486.78M,+11894917.8%,0.02%
G39387108,GFS,GLOBALFOUNDRIES INC,69848379,5790213,5.76B,477.17M,+9%,0.25%
316188705,FSEC,FIDELITY MERRIMACK STR TR,217976663,10830230,9.56B,474.8M,+5.2%,0.41%
00508Y102,AYI,ACUITY INC,3604071,1248463,1.36B,470.25M,+53%,0.06%
231021106,CMI,CUMMINS INC,6085944,657632,4.34B,469.03M,+12.1%,0.19%
25754A201,DPZ,DOMINOS PIZZA INC,4136482,1568880,1.22B,464.45M,+61.1%,0.05%
110448107,BTI,BRITISH AMERN TOB PLC,44158315,7470096,2.73B,461.35M,+20.4%,0.12%
68389X105,ORCL,ORACLE CORP,26025909,3145069,3.81B,460.91M,+13.7%,0.17%
624756102,MLI,MUELLER INDS INC,5513679,3707422,677.8M,455.75M,+205.3%,0.03%
617446448,MS,MORGAN STANLEY,24903987,2173964,5.21B,454.45M,+9.6%,0.23%
097023105,BA,BOEING CO,58951274,2074892,12.76B,449.15M,+3.6%,0.55%
929740108,WAB,WABTEC,21383543,1661114,5.77B,447.84M,+8.4%,0.25%
036752103,ELV,ELEVANCE HEALTH INC FORMERLY,3131652,1155933,1.21B,447.03M,+58.5%,0.05%
316188408,FLDR,FIDELITY MERRIMACK STR TR,8873080,8863473,444.63M,444.15M,+92260.6%,0.02%
025537101,AEP,AMERICAN ELEC PWR CO INC,9302934,3223596,1.27B,441.02M,+53%,0.06%
60770K107,MRNA,MODERNA INC,51859891,6187867,3.63B,433.34M,+13.5%,0.16%
83671M105,SOBO,SOUTH BOW CORP,21894771,12223172,771.3M,430.59M,+126.4%,0.03%
883203101,TXT,TEXTRON INC,16084547,4682165,1.48B,429.5M,+41.1%,0.06%
032654105,ADI,ANALOG DEVICES INC,7794859,1064172,3.1B,422.66M,+15.8%,0.13%
49338L103,KEYS,KEYSIGHT TECHNOLOGIES INC,2378726,1200533,832.72M,420.27M,+101.9%,0.04%
49177J102,KVUE,KENVUE INC,157051418,21958324,3B,419.62M,+16.3%,0.13%
199908104,FIX,COMFORT SYS USA INC,1659799,210282,3.29B,416.77M,+14.5%,0.14%
69608A108,PLTR,PALANTIR TECHNOLOGIES INC,22568609,3566624,2.63B,416.12M,+18.8%,0.11%
58507V107,MDLN,MEDLINE INC,46963203,10407002,1.85B,410.45M,+28.5%,0.08%
857477103,STT,STATE STR CORP,13911287,2370660,2.36B,402.06M,+20.5%,0.1%
21871X109,CRBG,COREBRIDGE FINL INC,14609508,13823607,418.27M,395.77M,+1759%,0.02%
063671101,BMO,BANK MONTREAL MEDIUM,9527449,2234256,1.68B,394.89M,+30.6%,0.07%
H1467J104,CB,CHUBB LIMITED,13368929,1146455,4.56B,390.64M,+9.4%,0.2%
778296103,ROST,ROSS STORES INC,10973537,1818823,2.34B,387.14M,+19.9%,0.1%
13646K108,CP,CANADIAN PACIFIC KANSAS CITY,24316233,4157528,2.11B,360.41M,+20.6%,0.09%
98389B100,XEL,XCEL ENERGY INC,11152597,4433391,895.55M,356M,+66%,0.04%
05464C101,AXON,AXON ENTERPRISE INC,3024957,628618,1.7B,352.41M,+26.2%,0.07%
09073M104,TECH,BIO-TECHNE CORP,12794784,4894856,903.95M,345.82M,+62%,0.04%
934423104,WBD,WARNER BROS DISCOVERY INC,45257749,12787176,1.21B,340.91M,+39.4%,0.05%
974155103,WING,WINGSTOP INC,4092059,1945719,709.6M,337.41M,+90.7%,0.03%
884903881,TRI.TO,THOMSON REUTERS CORP,4093736,4093736,334.37M,334.37M,NEW,0.01%
910047109,UAL,UNITED AIRLS HLDGS INC,19473813,2453195,2.65B,333.61M,+14.4%,0.11%
72348N109,PNFP,PINNACLE FINL PARTNERS INC,10488929,3290031,1.06B,331.9M,+45.7%,0.05%
012653101,ALB,ALBEMARLE CORP,2685901,2453309,362.68M,331.27M,+1054.8%,0.02%
254687106,DIS,DISNEY WALT CO,25391170,3437810,2.44B,330.89M,+15.7%,0.11%
110122108,BMY,BRISTOL-MYERS SQUIBB CO,16293303,5622200,938.82M,323.95M,+52.7%,0.04%
15101Q207,CLS,CELESTICA INC,8446912,886587,3.08B,323.41M,+11.7%,0.13%
054540208,ACLS,AXCELIS TECHNOLOGIES INC,4125902,1694781,781.65M,321.08M,+69.7%,0.03%
77311W101,RKT,ROCKET COS INC,52060648,20382974,819.96M,321.03M,+64.3%,0.04%
464286509,EWC,ISHARES INC,5981865,5551631,344.79M,320M,+1290.4%,0.01%
457669307,INSM,INSMED INC,16143583,2983416,1.72B,318.09M,+22.7%,0.07%
718172109,PM,PHILIP MORRIS INTL INC,46521326,1750723,8.42B,316.72M,+3.9%,0.37%
25746U109,D,DOMINION ENERGY INC,6860793,4633097,468.52M,316.39M,+208%,0.02%
46432F339,QUAL,ISHARES TR,19505608,1426019,4.28B,312.91M,+7.9%,0.19%
278642103,EBAY,EBAY INC.,7960741,2799804,889.61M,312.88M,+54.2%,0.04%
37045V100,GM,GENERAL MTRS CO,19129294,4020589,1.47B,309.91M,+26.6%,0.06%
75943R102,RLAY,RELAY THERAPEUTICS INC,20110113,16414682,376.26M,307.12M,+444.2%,0.02%
G93A5A101,VIK,VIKING HOLDINGS LTD,16993566,2915424,1.78B,305.16M,+20.7%,0.08%
366505105,GTX,GARRETT MOTION INC,16653468,8399113,603.36M,304.3M,+101.8%,0.03%
48251W104,KKR,KKR & CO INC,21566484,3240545,1.98B,297.42M,+17.7%,0.09%
H2906T109,GRMN,GARMIN LTD,3392792,1240940,805.92M,294.77M,+57.7%,0.03%
90184D100,TWST,TWIST BIOSCIENCE CORP,4703044,2813099,483.85M,289.41M,+148.8%,0.02%
45168D104,IDXX,IDEXX LABS INC,822643,539667,433.07M,284.1M,+190.7%,0.02%
698955101,PBLS,PARABILIS MEDICINES INC,10292735,10292735,281.71M,281.71M,NEW,0.01%
184496107,CLH,CLEAN HARBORS INC,3002654,901475,897.04M,269.32M,+42.9%,0.04%
926400102,VSCO,VICTORIAS SECRET AND CO,9435888,3220609,787.71M,268.86M,+51.8%,0.03%
384802104,GWW,WW GRAINGER INC,510630,195969,694.66M,266.6M,+62.3%,0.03%
03769M106,APO,APOLLO GLOBAL MGMT INC,24220604,2244146,2.87B,265.5M,+10.2%,0.12%
10576N102,BRZE,BRAZE INC,16894687,12192482,366.45M,264.45M,+259.3%,0.02%
806857108,SLB,SLB LIMITED,27558930,5517133,1.28B,256.49M,+25%,0.06%
980745103,WWD,WOODWARD INC,2807763,602112,1.19B,256.16M,+27.3%,0.05%
G2519Y108,BAP,CREDICORP LTD,3925989,653975,1.53B,254.78M,+20%,0.07%
92243G108,PCVX,VAXCYTE INC,20852907,4360046,1.21B,253.45M,+26.4%,0.05%
76118Y104,REZI,RESIDEO TECHNOLOGIES INC,11654447,8149181,362.45M,253.44M,+232.5%,0.02%
438516205,HON,HONEYWELL INTL INC,1111670,1111670,248.9M,248.9M,NEW,0.01%
116794108,BRKR,BRUKER CORP,20237425,4135622,1.22B,248.88M,+25.7%,0.05%
16411R208,LNG,CHENIERE ENERGY INC,4938766,1037181,1.18B,247.9M,+26.6%,0.05%
75960P104,RELY,REMITLY GLOBAL INC,21762765,11026661,487.7M,247.11M,+102.7%,0.02%
43849R105,HONA,HONEYWELL AEROSPACE INC,1111705,1111705,245.78M,245.78M,NEW,0.01%
88162G103,TTEK,TETRA TECH INC NEW,8768611,8440359,253.33M,243.84M,+2571.3%,0.01%
339750101,FND,FLOOR & DECOR HLDGS INC,14761978,4098786,876.27M,243.3M,+38.4%,0.04%
880770102,TER,TERADYNE INC,4105776,496271,1.99B,240.12M,+13.7%,0.09%
M87915274,TSEM,TOWER SEMICONDUCTOR LTD,920247,919154,239.74M,239.45M,+84094.6%,0.01%
02079K404,ABE2.F,ALPHABET INC,4754274,4754274,238.71M,238.71M,NEW,0.01%
88080T104,WULF,TERAWULF INC,14444267,9654559,356.77M,238.47M,+201.6%,0.02%
02079K602,ABE1.F,ALPHABET INC,4754051,4754051,238.37M,238.37M,NEW,0.01%
172967424,C,CITIGROUP INC,31648606,1692344,4.43B,236.86M,+5.6%,0.19%
87162W100,SNX,TD SYNNEX CORPORATION,6444530,883266,1.72B,236.13M,+15.9%,0.07%
46431W507,NEAR,ISHARES U S ETF TR,5619600,4636250,284.69M,234.87M,+471.5%,0.01%
002824100,ABT,ABBOTT LABORATORIES,13423080,2577765,1.22B,233.91M,+23.8%,0.05%
016255101,ALGN,ALIGN TECHNOLOGY INC,4060032,1359673,684.77M,229.32M,+50.4%,0.03%
596278101,MIDD,MIDDLEBY CORP,1348090,1316781,231.88M,226.5M,+4205.8%,0.01%
35137L105,FOXA,FOX CORP,7831803,4288641,408.51M,223.7M,+121%,0.02%
04016X101,ARGX,ARGENX SE,5231452,240418,4.85B,223.05M,+4.8%,0.21%
004498101,ACIW,ACI WORLDWIDE INC,6545875,4380018,329.19M,220.27M,+202.2%,0.01%
013872106,AA,ALCOA CORP,16996106,4143328,886.18M,216.03M,+32.2%,0.04%
05550J101,BJ,BJS WHSL CLUB HLDGS INC,9798026,2473075,854.58M,215.7M,+33.8%,0.04%
219948106,CPAY,CORPAY INC,3344049,647123,1.11B,215.67M,+24%,0.05%
829073105,SSD,SIMPSON MFG INC,3669547,1023245,768.22M,214.22M,+38.7%,0.03%
46641Q837,JPST,J P MORGAN EXCHANGE TRADED F,12793148,4225991,646.95M,213.71M,+49.3%,0.03%
679580100,ODFL,OLD DOMINION FREIGHT LINE IN,12695818,981860,2.75B,212.67M,+8.4%,0.12%
485925101,KARD,KARDIGAN INC,8909066,8909066,212.48M,212.48M,NEW,<.01%
G25839104,CCEP,COCA-COLA EUROPACIFIC PARTNE,3102451,2089673,310.46M,209.11M,+206.3%,0.01%
M46528101,FRO,FRONTLINE PLC,6897463,5954717,239.96M,207.16M,+631.6%,0.01%
904767803,UL,UNILEVER PLC,9006011,3442917,541.44M,206.99M,+61.9%,0.02%
40131M109,GH,GUARDANT HEALTH INC,5488272,1372191,823.41M,205.87M,+33.3%,0.04%
002896207,ANF,ABERCROMBIE & FITCH CO,3637893,2278744,327.45M,205.11M,+167.7%,0.01%
387328107,GVA,GRANITE CONSTR INC,5707187,1273300,902.19M,201.28M,+28.7%,0.04%
314352105,FDXF,FEDEX FGHT HLDG CO INC,1330220,1330220,200.86M,200.86M,NEW,<.01%
604749101,MIRM,MIRUM PHARMACEUTICALS INC,3670314,1704939,429.68M,199.6M,+86.7%,0.02%
125141101,CECO,CECO ENVIRONMENTAL CORP,4524438,2195550,410.55M,199.22M,+94.3%,0.02%
801056102,SANM,SANMINA CORP,8032556,776056,2.03B,196.4M,+10.7%,0.09%
620076307,MSI,MOTOROLA SOLUTIONS INC,3931639,472273,1.63B,196.13M,+13.7%,0.07%
372460105,GPC,GENUINE PARTS CO,1763684,1631789,208.08M,192.52M,+1237.2%,<.01%
05348Y105,AVLN,AVALYN PHARMACEUTICALS INC,5835259,5835259,192.1M,192.1M,NEW,<.01%
G4705A100,ICLR,ICON PUB LTD CO,5271321,1097315,915.68M,190.61M,+26.3%,0.04%
N97284108,NBIS,NEBIUS GROUP N.V.,686080,684896,189.47M,189.15M,+57845.9%,<.01%
554382101,MAC,MACERICH CO,31461342,7413950,792.51M,186.76M,+30.8%,0.03%
337738108,FISV,FISERV INC,9279407,3774112,455.15M,185.12M,+68.6%,0.02%
28036F105,EWTX,EDGEWISE THERAPEUTICS INC,5489135,4472083,223.02M,181.7M,+439.7%,<.01%
78351F107,RYAN,RYAN SPECIALTY HOLDINGS INC,5130211,4803478,193.72M,181.38M,+1470.2%,<.01%
87612G101,TRGP,TARGA RES CORP,3344388,665282,896.76M,178.39M,+24.8%,0.04%
159864107,CRL,CHARLES RIV LABS INTL INC,4239752,783508,961.53M,177.69M,+22.7%,0.04%
78464A474,SPSB,SPDR SERIES TRUST,11114566,5874834,333.55M,176.3M,+112.1%,0.01%
464287804,IJR,ISHARES TR,24758624,1181684,3.67B,175.26M,+5%,0.16%
922967104,MANE,VERADERMICS INC,3204981,1412072,394.02M,173.6M,+78.8%,0.02%
09075V102,BNTX,BIONTECH SE,7571805,1862565,704.56M,173.31M,+32.6%,0.03%
504922105,LH,LABCORP HOLDINGS INC,1904870,616459,533.36M,172.61M,+47.8%,0.02%
21874C102,CNM,CORE & MAIN INC,8959133,3555754,432.28M,171.57M,+65.8%,0.02%
35671D857,FCX,FREEPORT MCMORAN INC,20904897,2722512,1.31B,171.22M,+15%,0.06%
G4253H101,JHX,JAMES HARDIE INDS PLC,37790521,6535799,989.36M,171.11M,+20.9%,0.04%
088606108,BHP,BHP BILLITON LIMITED,6726970,2014696,560.42M,167.84M,+42.8%,0.02%
V5633W109,MMYT,MAKEMYTRIP LIMITED MAURITIUS,4821753,3142743,256.95M,167.48M,+187.2%,0.01%
018802108,LNT,ALLIANT ENERGY CORP,5043741,2181315,384.79M,166.41M,+76.2%,0.02%
693656100,PVH,PVH CORPORATION,6827779,2238463,507.03M,166.23M,+48.8%,0.02%
406216101,HAL,HALLIBURTON CO,10135399,4885263,344.1M,165.85M,+93.1%,0.01%
670346105,NUE,NUCOR CORP,2974596,737658,662.59M,164.31M,+33%,0.03%
022307102,ALMS,ALUMIS INC,6769170,5795388,190.48M,163.08M,+595.1%,<.01%
071813109,BAX,BAXTER INTL INC,53913831,7649027,1.15B,163.08M,+16.5%,0.05%
29337E102,ELVN,ENLIVEN THERAPEUTICS INC,10025017,3195771,508.77M,162.19M,+46.8%,0.02%
911363109,URI,UNITED RENTALS INC,681601,142921,772.18M,161.91M,+26.5%,0.03%
817565104,SCI,SERVICE CORP INTL,8136981,2125432,618.09M,161.45M,+35.4%,0.03%
86723E104,RMIX,SUNCRETE INC,7118256,7118256,160.37M,160.37M,NEW,<.01%
941848103,WAT,WATERS CORP,924742,421928,346.82M,158.24M,+83.9%,0.02%
831865209,AOS,SMITH A O CORP,10417815,2487249,653.41M,156M,+31.4%,0.03%
687604108,ORKA,ORUKA THERAPEUTICS INC,9057645,1626242,862.02M,154.77M,+21.9%,0.04%
681116109,OLLI,OLLIES BARGAIN OUTLET HLDGS,8762326,1997151,673.65M,153.54M,+29.5%,0.03%
82509L107,SHOP,SHOPIFY INC,47175518,1341034,5.39B,153.34M,+2.9%,0.23%
501044101,KR,KROGER CO,16603705,2758629,922M,153.19M,+19.9%,0.04%
806407102,HSIC,SCHEIN HENRY INC,7553901,1831752,630.9M,152.99M,+32%,0.03%
058498106,BALL,BALL CORP,6434199,2451576,401.49M,152.98M,+61.6%,0.02%
89400J107,TRU,TRANSUNION,11715822,2116713,845.18M,152.7M,+22.1%,0.04%
25809K105,DASH,DOORDASH INC,5265890,827255,971.71M,152.65M,+18.6%,0.04%
68902V107,OTIS,OTIS WORLDWIDE CORP,10109592,2130460,723.85M,152.54M,+26.7%,0.03%
115236101,BRO,BROWN & BROWN INC,18405749,2355053,1.18B,151.08M,+14.7%,0.05%
127387108,CDNS,CADENCE DESIGN SYSTEM INC,9554947,401741,3.59B,150.78M,+4.4%,0.16%
81764X103,TTAN,SERVICETITAN INC,5082314,2119011,359.37M,149.84M,+71.5%,0.02%
824348106,SHW,SHERWIN WILLIAMS CO,7420526,434420,2.56B,149.58M,+6.2%,0.11%
983793100,XPO,XPO INC,4332153,727155,889.35M,149.28M,+20.2%,0.04%
421298100,HAYW,HAYWARD HLDGS INC,17269632,8618841,298.94M,149.19M,+99.6%,0.01%
28414H103,ELAN,ELANCO ANIMAL HEALTH INC,56948819,6023453,1.4B,148.24M,+11.8%,0.06%
433000106,HIMS,HIMS & HERS HEALTH INC,4323292,4230022,149.89M,146.65M,+4535.2%,<.01%
464287507,IJH,ISHARES TR,54843180,1868525,4.23B,144.08M,+3.5%,0.18%
46432F842,IEFA,ISHARES TR,29875730,1491775,2.89B,144.08M,+5.3%,0.13%
109696104,BCO,BRINKS CO,6162625,1471507,582.31M,139.04M,+31.4%,0.03%
31620R303,FNF,FIDELITY NATL FINL INC,7077672,2942557,333.78M,138.77M,+71.2%,0.01%
922908629,VO,VANGUARD INDEX FDS,2278245,1720695,183.56M,138.64M,+308.6%,<.01%
24477V105,DFTX,DEFINIUM THERAPEUTICS INC,4752921,2943311,223.58M,138.45M,+162.6%,<.01%
37940X102,GPN,GLOBAL PMTS INC,6976788,1906687,506.24M,138.35M,+37.6%,0.02%
69351T106,PPL,PPL CORP,16262056,3747971,591.13M,136.24M,+30%,0.03%
423494103,COAG,HEMAB THERAPEUTICS HLDGS INC,3697837,3697837,135.82M,135.82M,NEW,<.01%
524660107,LEG,LEGGETT & PLATT INC,11603668,11545840,135.88M,135.2M,+19965.8%,<.01%
169656105,CMG,CHIPOTLE MEXICAN GRILL INC,34290443,3944117,1.17B,134.1M,+13%,0.05%
925652109,VICI,VICI PPTYS INC,13110556,5047104,348.09M,134M,+62.6%,0.02%
02043Q107,ALNY,ALNYLAM PHARMACEUTICALS INC,15023962,444796,4.52B,133.9M,+3.1%,0.2%
46137V241,SPHQ,INVESCO EXCHANGE TRADED FD T,9352203,1480493,842.63M,133.39M,+18.8%,0.04%
810186106,SMG,SCOTTS MIRACLE-GRO CO,4096622,1955427,279.02M,133.18M,+91.3%,0.01%
55287L101,MBX,MBX BIOSCIENCES INC,5322885,2386201,293.82M,131.72M,+81.3%,0.01%
48020Q107,JLL,JONES LANG LASALLE INC,3117154,423642,966.16M,131.31M,+15.7%,0.04%
81141R100,SE,SEA LTD,15403524,1361789,1.48B,130.5M,+9.7%,0.06%
56585A102,MPC,MARATHON PETE CORP,5419718,508637,1.39B,130.04M,+10.4%,0.06%
12504L109,CBRE,CBRE GROUP INC,5601115,963259,754.41M,129.74M,+20.8%,0.03%
191216100,KO,COCA COLA CO,109159806,1581872,8.87B,128.56M,+1.5%,0.39%
192108504,CDE,COEUR MNG INC,41196355,7774557,672.32M,126.88M,+23.3%,0.03%
767292105,RIOT,RIOT PLATFORMS INC,19645295,4630670,537.89M,126.79M,+30.8%,0.02%
92343E102,VRSN,VERISIGN INC,750139,502658,188.7M,126.45M,+203.1%,<.01%
46654Q773,JPLD,J P MORGAN EXCHANGE TRADED F,2401346,2396655,125.33M,125.08M,+51090.5%,<.01%
536797103,LAD,LITHIA MTRS INC,2192054,422726,636.77M,122.8M,+23.9%,0.03%
681919106,OMC,OMNICOM GROUP INC,7666221,1657954,558.33M,120.75M,+27.6%,0.02%
316092113,FELC,FIDELITY COVINGTON TRUST,51712717,2870424,2.17B,120.3M,+5.9%,0.09%
58933Y105,MRK,MERCK & CO INC,45440355,924345,5.84B,118.78M,+2.1%,0.25%
706915105,PENG,PENGUIN SOLUTIONS INC,6166682,1553961,468.73M,118.12M,+33.7%,0.02%
398433102,GFF,GRIFFON CORP,1629720,1206829,158.95M,117.7M,+285.4%,<.01%
828806109,SPG,SIMON PPTY GROUP INC NEW,5561360,526276,1.24B,117.7M,+10.5%,0.05%
G9600F104,VGNT,VERSIGENT PLC,2772845,2772209,116.49M,116.46M,+435881.9%,<.01%
451107106,IDA,IDACORP INC,2207405,765867,333.98M,115.88M,+53.1%,0.01%
26614N201,DD,DUPONT DE NEMOURS INC,851583,851583,115.51M,115.51M,NEW,<.01%
723484101,PNW,PINNACLE WEST CAP CORP,1158402,1077741,123.95M,115.32M,+1336.1%,<.01%
00766T100,ACM,AECOM,3758192,1650112,262.32M,115.18M,+78.3%,0.01%
782011100,RSI,RUSH STREET INTERACTIVE INC,3996369,3869253,118.85M,115.07M,+3043.9%,<.01%
G5S37H101,MRX,MAREX GROUP PLC,5368485,1886574,327.21M,114.99M,+54.2%,0.01%
264147109,DCO,DUCOMMUN INC DEL,776201,620839,143.76M,114.99M,+399.6%,<.01%
589378108,MRCY,MERCURY SYS INC,1842103,938435,225.34M,114.8M,+103.8%,<.01%
69318G106,PBF,PBF ENERGY INC,2589479,2497058,117.87M,113.67M,+2701.8%,<.01%
404251100,HNI,HNI CORP,10634660,2798366,429.75M,113.08M,+35.7%,0.02%
85208M102,SFM,SPROUTS FMRS MKT INC,14104672,1330534,1.19B,112.54M,+10.4%,0.05%
171484108,CHDN,CHURCHILL DOWNS INC,2947784,1239325,264.24M,111.09M,+72.5%,0.01%
00773J202,SYRE,SPYRE THERAPEUTICS INC,13026187,1245163,1.16B,110.55M,+10.6%,0.05%
03990B101,ARES,ARES MANAGEMENT CORPORATION,2357236,988696,262.38M,110.05M,+72.2%,0.01%
34631F102,FPS,FORGENT POWER SOLUTIONS INC,10508562,1961728,587.01M,109.58M,+23%,0.03%
576323109,MTZ,MASTEC INC,890103,262202,370.34M,109.09M,+41.8%,0.02%
83601L102,SHC,SOTERA HEALTH CO,6173320,6144727,109.58M,109.07M,+21490.3%,<.01%
687793109,OSCR,OSCAR HEALTH INC,4998523,3799751,142.56M,108.37M,+317%,<.01%
N5505D105,MICC,MAGNUM ICE CREAM CO NV,20835766,6222530,362.72M,108.33M,+42.6%,0.02%
55826T102,SPHR,SPHERE ENTERTAINMENT CO,968991,622428,167.66M,107.7M,+179.6%,<.01%
G76279101,ROIV,ROIVANT SCIENCES LTD,81020390,3039137,2.87B,107.56M,+3.9%,0.12%
G8994E103,TT,TRANE TECHNOLOGIES PLC,10085086,218851,4.95B,107.49M,+2.2%,0.22%
550241103,LUMN,LUMEN TECHNOLOGIES INC,45326716,13914796,348.11M,106.87M,+44.3%,0.02%
92189H409,HYD,VANECK ETF TRUST,8115890,2058439,418.05M,106.03M,+34%,0.02%
D18190898,DB,DEUTSCHE BK AG,9471872,3104428,320.62M,105.08M,+48.8%,0.01%
69047Q102,OVV,OVINTIV INC,25750709,1978022,1.36B,104.14M,+8.3%,0.06%
833445AD1,SNOW,SNOWFLAKE INC,71470000,58850000,126.37M,104.05M,+466.3%,<.01%
27579R104,EWBC,EAST WEST BANCORP INC,8485968,801062,1.1B,103.41M,+10.4%,0.05%
G8060N102,ST,SENSATA TECHNOLOGIES HLDG PL,3133057,2162541,149.57M,103.24M,+222.8%,<.01%
50216C108,LYTS,LSI INDS INC OHIO,3986196,3777681,105.95M,100.41M,+1811.7%,<.01%
889478103,TOL,TOLL BROTHERS INC,4111225,606187,677.32M,99.87M,+17.3%,0.03%
19240Q201,COGT,COGENT BIOSCIENCES INC,25681174,2558426,993.86M,99.01M,+11.1%,0.04%
52490G102,LEGN,LEGEND BIOTECH CORP,29093899,3397159,840.23M,98.11M,+13.2%,0.04%
23248VAD7,,CYBERARK SOFTWARE LTD,58528000,58528000,97.27M,97.27M,NEW,<.01%
67613T104,ODTX,ODYSSEY THERAPEUTICS INC,5179262,5179262,96.9M,96.9M,NEW,<.01%
74834L100,DGX,QUEST DIAGNOSTICS INC,1398735,456517,296.46M,96.76M,+48.5%,0.01%
00971T101,AKAM,AKAMAI TECHNOLOGIES INC,2359623,812887,278.93M,96.09M,+52.6%,0.01%
Y7542C130,STNG,SCORPIO TANKERS INC,1553865,1382500,107.62M,95.75M,+806.8%,<.01%
74340W103,PLD,PROLOGIS INC.,17258306,703871,2.34B,95.35M,+4.3%,0.1%
09175A206,BMNR,BITMINE IMMERSION TECHS INC,7702080,7144272,102.51M,95.09M,+1280.8%,<.01%
23834J201,DAVE,DAVE INC,479746,248711,178.75M,92.67M,+107.7%,<.01%
G0176J109,ALLE,ALLEGION PLC,1342197,657559,188.57M,92.38M,+96%,<.01%
675222400,OGC.TO,OCEANAGOLD CORP,3677898,3677898,92.19M,92.19M,NEW,<.01%
049560105,ATO,ATMOS ENERGY CORP,660432,534938,113.77M,92.15M,+426.3%,<.01%
296315104,ESE,ESCO TECHNOLOGIES INC,305227,262829,106.84M,92M,+619.9%,<.01%
14154A102,CDNL,CARDINAL INFRASTRUCTURE GROU,2957660,971368,278.61M,91.5M,+48.9%,0.01%
464288414,MUB,ISHARES TR,22787508,843798,2.45B,90.81M,+3.8%,0.11%
745867101,PHM,PULTE GROUP INC,6037176,659729,828.36M,90.52M,+12.3%,0.04%
69344A107,PULS,PGIM ETF TR,6276578,1820354,311M,90.2M,+40.8%,0.01%
03969F109,RCUS,ARCUS BIOSCIENCES INC,4049757,2884505,124.85M,88.93M,+247.5%,<.01%
28658R106,CLYM,CLIMB BIO INC,6790364,6783967,88.55M,88.46M,+106049.2%,<.01%
53626N102,LION,LIONSGATE STUDIOS CORP,10347895,5763397,158.43M,88.24M,+125.7%,<.01%
336433107,FSLR,FIRST SOLAR INC,2179215,370782,514.21M,87.49M,+20.5%,0.02%
482931102,KLRA,KAILERA THERAPEUTICS INC,3970865,3970865,87.48M,87.48M,NEW,<.01%
45867G101,IDCC,INTERDIGITAL INC,537593,307352,152.21M,87.02M,+133.5%,<.01%
M6191J100,FROG,JFROG LTD,3187653,951692,289.69M,86.49M,+42.6%,0.01%
816851109,SRE,SEMPRA,19497023,931921,1.81B,86.4M,+5%,0.08%
N52A8C105,INIO,INNIO NV,2184445,2184445,86.39M,86.39M,NEW,<.01%
G16910120,BLSH,BULLISH,10456240,3659864,244.99M,85.75M,+53.9%,0.01%
79589L106,IOT,SAMSARA INC,26406588,2632480,856.37M,85.37M,+11.1%,0.04%
00676P107,ADEA,ADEIA INC,5996066,2586837,197.45M,85.18M,+75.9%,<.01%
89532M101,TRVI,TREVI THERAPEUTICS INC,12562839,4524778,234.3M,84.39M,+56.3%,0.01%
533714101,LCLN,LINCOLN INTL INC,3503328,3503328,83.62M,83.62M,NEW,<.01%
03990B309,ARESB,ARES MANAGEMENT CORPORATION,4568529,2220200,171.91M,83.55M,+94.5%,<.01%
039483102,ADM,ARCHER DANIELS MIDLAND CO,3674099,1086623,280.7M,83.02M,+42%,0.01%
G0260P102,AS,AMER SPORTS INC,27503726,2448010,930.73M,82.84M,+9.8%,0.04%
H42097107,UBS,UBS GROUP AG,55541141,1657409,2.75B,82.17M,+3.1%,0.12%
446150104,HBAN,HUNTINGTON BANCSHARES INC,50629671,4622393,897.66M,81.96M,+10%,0.04%
493267108,KEY,KEYCORP,50275640,3540696,1.16B,81.61M,+7.6%,0.05%
077347300,BELFB,BEL FUSE INC,876104,244797,291.78M,81.53M,+38.8%,0.01%
96208T104,WEX,WEX INC,1801385,576081,254.16M,81.28M,+47%,0.01%
04010E109,AGX,ARGAN INC,111906,101730,89.36M,81.24M,+999.7%,<.01%
907818108,UNP,UNION PAC CORP,2225248,298070,605.27M,81.08M,+15.5%,0.03%
42824C109,HPE,HEWLETT PACKARD ENTERPRISE C,6237618,1788388,281.38M,80.67M,+40.2%,0.01%
29355A107,ENPH,ENPHASE ENERGY INC,1670145,1631912,82.24M,80.36M,+4268.3%,<.01%
628778102,NBTB,NBT BANCORP INC,1737937,1607445,85.8M,79.36M,+1231.8%,<.01%
87256C101,TKO,TKO GROUP HOLDINGS INC,821839,391698,165.44M,78.85M,+91.1%,<.01%
989207105,ZBRA,ZEBRA TECHNOLOGIES CORPORATI,792836,297422,208.72M,78.3M,+60%,<.01%
G3265R107,APTV,APTIV PLC,4207790,1273058,258.27M,78.14M,+43.4%,0.01%
388689101,GPK,GRAPHIC PACKAGING HLDG CO,17365837,7367065,183.56M,77.87M,+73.7%,<.01%
15135B101,CNC,CENTENE CORP DEL,2628727,1206989,168.74M,77.48M,+84.9%,<.01%
45780R101,IBP,INSTALLED BLDG PRODS INC,689947,336681,158.58M,77.38M,+95.3%,<.01%
46432F396,MTUM,ISHARES TR,5705939,222475,1.96B,76.27M,+4.1%,0.08%
87583X109,TNGX,TANGO THERAPEUTICS INC,12333339,2427420,385.54M,75.88M,+24.5%,0.02%
781154109,RBRK,RUBRIK INC.,9202121,940730,738.75M,75.52M,+11.4%,0.03%
133131102,CPT,CAMDEN PPTY TR,7725471,658251,884.49M,75.36M,+9.3%,0.04%
98423F109,XMTR,XOMETRY INC,3918177,780652,378.18M,75.35M,+24.9%,0.02%
501575104,KYMR,KYMERA THERAPEUTICS INC,12349256,649306,1.42B,74.46M,+5.5%,0.06%
98585X104,YETI,YETI HLDGS INC,3994852,1495583,197.98M,74.12M,+59.8%,<.01%
477839104,JBTM,JBT MAREL CORPORATION,1059060,508190,153.56M,73.69M,+92.3%,<.01%
02376R102,AAL,AMERICAN AIRLINES GROUP INC,4250201,4033781,76.8M,72.89M,+1863.9%,<.01%
09061G101,BMRN,BIOMARIN PHARMACEUTICAL INC,4822893,1255862,275.97M,71.86M,+35.2%,0.01%
92204A702,VGT,VANGUARD WORLD FD,679952,599792,81.27M,71.69M,+748.2%,<.01%
535219109,LIND,LINDBLAD EXPEDITIONS HLDGS I,6636712,2519362,187.42M,71.15M,+61.2%,<.01%
30225T102,EXR,EXTRA SPACE STORAGE INC,5088487,487024,739.36M,70.76M,+10.6%,0.03%
86800U302,SMCI,SUPER MICRO COMPUTER INC,2756523,2399454,80.85M,70.38M,+672%,<.01%
00737L103,CVSA,COVISTA INC,3218203,563959,401.18M,70.3M,+21.2%,0.02%
05466C109,AYA.TO,AYA GOLD & SILVER INC,3711934,3711934,70.3M,70.3M,NEW,<.01%
767292AB1,RIOT,RIOT PLATFORMS INC,148636000,34767000,298.31M,69.78M,+30.5%,0.01%
46434V878,ICSH,ISHARES TR,4814831,1374321,243.53M,69.51M,+39.9%,0.01%
09940T100,BRUN,BOOST RUN INC,1782250,1782250,69.17M,69.17M,NEW,<.01%
21873S108,CRWV,COREWEAVE INC,3938289,693950,392.02M,69.08M,+21.4%,0.02%
464287648,IWO,ISHARES TR,531617,173847,209.44M,68.49M,+48.6%,<.01%
201723103,CMC,COMMERCIAL METALS CO,6059791,1088896,380.25M,68.33M,+21.9%,0.02%
717081103,PFE,PFIZER INC,15397294,2829936,370.77M,68.14M,+22.5%,0.02%
861012102,STM,STMICROELECTRONICS N V,1734640,909407,129.91M,68.11M,+110.2%,<.01%
513272104,LW,LAMB WESTON HLDGS INC,3822123,1575145,165.04M,68.01M,+70.1%,<.01%
44925C103,ICFI,ICF INTL INC,1157354,930085,84.32M,67.77M,+409.2%,<.01%
31556C106,FRVO,FERVO ENERGY CO,2315797,2315797,67.69M,67.69M,NEW,<.01%
380237107,GDDY,GODADDY INC,4791034,775804,406.66M,65.85M,+19.3%,0.02%
18467V109,YOU,CLEAR SECURE INC,2367330,1179154,131.93M,65.71M,+99.2%,<.01%
703343103,PATK,PATRICK INDS INC,4312882,731555,387.21M,65.68M,+20.4%,0.02%
405552100,HLN,HALEON PLC,120991250,7022091,1.13B,65.52M,+6.2%,0.05%
464288661,IEI,ISHARES TR,3691423,544449,433.56M,63.95M,+17.3%,0.02%
18915MAF4,,CLOUDFLARE INC,50527000,50527000,63.92M,63.92M,NEW,<.01%
29357K103,ENVA,ENOVA INTL INC,868413,264859,209.05M,63.76M,+43.9%,<.01%
78467J100,SSNC,SS&C TECH HLDGS,12049021,1027206,747.64M,63.74M,+9.3%,0.03%
26875P101,EOG,EOG RES INC,2358733,488684,306M,63.4M,+26.1%,0.01%
639057207,NWG,NATWEST GROUP PLC,18156932,3587732,320.11M,63.25M,+24.6%,0.01%
04280A100,ARWR,ARROWHEAD PHARMACEUTICALS IN,8039804,773152,655.32M,63.02M,+10.6%,0.03%
595017104,MCHP,MICROCHIP TECHNOLOGY INC.,1328875,690269,121.19M,62.95M,+108.1%,<.01%
502431109,LHX,L3HARRIS TECHNOLOGIES INC,1365824,215765,396.89M,62.7M,+18.8%,0.02%
46435G516,ESGD,ISHARES TR,4581349,607885,471.01M,62.5M,+15.3%,0.02%
929033207,VOR,VOR BIOPHARMA INC,4932149,3392479,90.8M,62.46M,+220.3%,<.01%
57638P104,MBC,MASTERBRAND INC,10370825,6030575,106.72M,62.05M,+138.9%,<.01%
020398707,ALMTF,ALMONTY INDS INC,22031640,3746137,364.84M,62.04M,+20.5%,0.02%
464288513,HYG,ISHARES TR,792376,772565,63.37M,61.78M,+3899.7%,<.01%
55955D100,MGNI,MAGNITE INC,7759426,3252007,147.27M,61.72M,+72.1%,<.01%
46435U853,USHY,ISHARES TR,9683034,1638841,358.47M,60.67M,+20.4%,0.02%
751212101,RL,RALPH LAUREN CORP,1869070,150939,750.26M,60.59M,+8.8%,0.03%
759916109,RGEN,REPLIGEN CORP,3326690,439904,453.89M,60.02M,+15.2%,0.02%
04339D105,ARXS,ARXIS INC,1296283,1296283,59.81M,59.81M,NEW,<.01%
31188V100,FSLY,FASTLY INC,11892230,3255441,218.34M,59.77M,+37.7%,<.01%
G7S00T104,PNR,PENTAIR PLC,6757657,778974,518.04M,59.72M,+13%,0.02%
G5960L103,MDT,MEDTRONIC PLC,3313777,762301,259.24M,59.63M,+29.9%,0.01%
835495102,SON,SONOCO PRODS CO,2001317,1050983,112.77M,59.22M,+110.6%,<.01%
892331307,TM,TOYOTA MOTOR CORP,1382580,349421,232.85M,58.85M,+33.8%,0.01%
704326107,PAYX,PAYCHEX INC,1655897,596074,162.82M,58.61M,+56.2%,<.01%
29444U700,EQIX,EQUINIX INC,2874355,55781,3B,58.15M,+2%,0.13%
922908363,VOO,VANGUARD INDEX FDS,716941,84072,492.4M,57.74M,+13.3%,0.02%
78410G104,SBAC,SBA COMMUNICATIONS CORP,1033501,327040,182.37M,57.71M,+46.3%,<.01%
875465106,SKT,TANGER INC,16435246,1454342,648.7M,57.4M,+9.7%,0.03%
934550203,WMG,WARNER MUSIC GROUP CORP,2515422,2112678,68.09M,57.19M,+524.6%,<.01%
66987V109,NVS,NOVARTIS AG,2057404,364411,322.44M,57.11M,+21.5%,0.01%
63845R107,EYE,NATIONAL VISION HLDGS INC,4070392,2979948,77.38M,56.65M,+273.3%,<.01%
78464A284,HYMB,SPDR SERIES TRUST,6665742,2215087,169.58M,56.35M,+49.8%,<.01%
448579102,H,HYATT HOTELS CORP,368659,287824,71.46M,55.79M,+356.1%,<.01%
37637Q105,GBCI,GLACIER BANCORP INC NEW,2243244,1075214,115.71M,55.46M,+92.1%,<.01%
75700L108,RRR,RED ROCK RESORTS INC,2733008,851405,177.81M,55.39M,+45.2%,<.01%
72201R718,LDUR,PIMCO ETF TR,2500609,575120,239.08M,54.99M,+29.9%,0.01%
855244109,SBUX,STARBUCKS CORP,26301027,536502,2.69B,54.83M,+2.1%,0.12%
126600105,CVBF,CVB FINL CORP,9834715,2393864,221.77M,53.98M,+32.2%,<.01%
615394202,MOGA,MOOG INC,287126,126743,121.7M,53.72M,+79%,<.01%
15102K100,CELC,CELCUITY INC,548983,512623,57.43M,53.63M,+1409.9%,<.01%
69343T107,PJT,PJT PARTNERS INC,1057881,354555,159.68M,53.52M,+50.4%,<.01%
302520101,FNB,F N B CORP,26757771,2799991,510.54M,53.42M,+11.7%,0.02%
640268306,NKTR,NEKTAR THERAPEUTICS,5067920,764732,353.79M,53.39M,+17.8%,0.02%
N62509109,NAMS,NEWAMSTERDAM PHARMA COMPANY,10339663,1573852,350.41M,53.34M,+18%,0.02%
302301106,EZPW,EZCORP INC,8283627,1541317,286.36M,53.28M,+22.9%,0.01%
46641Q118,JMEE,J P MORGAN EXCHANGE TRADED F,3088420,682786,240.99M,53.28M,+28.4%,0.01%
464288273,SCZ,ISHARES TR,5321287,647545,437.78M,53.27M,+13.9%,0.02%
404280406,HSBC,HSBC HLDGS PLC,4336546,559850,412.36M,53.24M,+14.8%,0.02%
922907746,VTEB,VANGUARD MUN BD FDS,21371891,1052382,1.08B,53.23M,+5.2%,0.05%
420201105,HAWK,HAWKEYE 360 INC,2625250,2625250,53.08M,53.08M,NEW,<.01%
151290889,CX,CEMEX SA EURO MTN BE 144A,38339310,4418732,460.07M,53.02M,+13%,0.02%
81617J301,WTTR,SELECT WATER SOLUTIONS INC,2721945,2648538,54.38M,52.92M,+3608%,<.01%
224408104,CR,CRANE COMPANY,2326456,237196,518.96M,52.91M,+11.4%,0.02%
53220K504,LGND,LIGAND PHARMACEUTICALS INC,762827,166700,241.12M,52.69M,+28%,0.01%
88032L605,TENX,TENAX THERAPEUTICS INC,3942373,3619773,57.36M,52.67M,+1122.1%,<.01%
74768A104,QNT,QUANTINUUM INC,642800,642800,52.54M,52.54M,NEW,<.01%
002121101,ATEN,A10 NETWORKS INC,1433878,1405772,53.57M,52.52M,+5001.7%,<.01%
74006W207,PRAX,PRAXIS PRECISION MEDICINES I,2316907,155964,775.68M,52.22M,+7.2%,0.03%
G6375R107,NESR,NATIONAL ENERGY SERVICES REU,10918231,1741189,326.78M,52.11M,+19%,0.01%
38013D106,GMRS,GMR SOLUTIONS INC,3361000,3361000,51.96M,51.96M,NEW,<.01%
05465C100,AX,AXOS FINANCIAL INC,2969246,531572,289.17M,51.77M,+21.8%,0.01%
64110W102,NTES,NETEASE COM INC,2516761,399738,322.5M,51.22M,+18.9%,0.01%
601137102,MRP,MILLROSE PPTYS INC,8229447,1702571,247.29M,51.16M,+26.1%,0.01%
26818M108,DYN,DYNE THERAPEUTICS INC,11207000,2298020,248.91M,51.04M,+25.8%,0.01%
03589W102,ANNX,ANNEXON INC,19518496,8882848,111.45M,50.72M,+83.5%,<.01%
20459V105,GPGI,GPGI INC,42747045,3195112,677.54M,50.64M,+8.1%,0.03%
258278100,DORM,DORMAN PRODS INC,374084,370377,51.04M,50.54M,+9991.3%,<.01%
05603J108,BKV,BKV CORP,1844033,1842193,50.45M,50.4M,+100119.2%,<.01%
92242T101,VVX,V2X INC,4414201,671935,329.12M,50.1M,+18%,0.01%
36467WAG4,,GAMESTOP CORP,49456000,49456000,50.1M,50.1M,NEW,<.01%
888787108,TOST,TOAST INC,33528155,1796951,932.75M,49.99M,+5.7%,0.04%
031652100,AMKR,AMKOR TECHNOLOGY INC,836386,578922,72.12M,49.92M,+224.9%,<.01%
92552V100,VSAT,VIASAT INC,618617,554842,55.56M,49.83M,+870%,<.01%
546347105,LPX,LOUISIANA PAC CORP,3318773,626591,261.05M,49.29M,+23.3%,0.01%
29355X107,NPO,ENPRO INC,1274844,130306,480.53M,49.12M,+11.4%,0.02%
46284V101,IRM,IRON MTN INC DEL,7872365,387967,994.36M,49M,+5.2%,0.04%
854231107,SXI,STANDEX INTL CORP,150325,135882,53.77M,48.6M,+940.8%,<.01%
G0896C103,TBBB,BBB FOODS INC,7370057,1165247,307.11M,48.56M,+18.8%,0.01%
253868103,DLR,DIGITAL RLTY TR INC,4938978,270290,886.94M,48.54M,+5.8%,0.04%
25243Q205,DEO,DIAGEO PLC,7584890,599836,609.67M,48.21M,+8.6%,0.03%
578605107,MEC,MAYVILLE ENGR CO INC,1280170,1275909,47.96M,47.8M,+29943.9%,<.01%
607828100,MOD,MODINE MFG CO,1053778,178614,281.38M,47.69M,+20.4%,0.01%
03524A108,BUD,ANHEUSER BUSCH INBEV SA NV,3264513,578450,269M,47.66M,+21.5%,0.01%
91529Y106,UNM,UNUM GROUP,7737197,527956,691.71M,47.2M,+7.3%,0.03%
315616102,FFIV,F5 INC,292659,112973,121.73M,46.99M,+62.9%,<.01%
518613203,LAUR,LAUREATE ED INC,20356392,1278249,739.34M,46.43M,+6.7%,0.03%
020002101,ALL,ALLSTATE CORP,1596620,194511,379.9M,46.28M,+13.9%,0.02%
45826J105,NTLA,INTELLIA THERAPEUTICS INC,4773034,2705812,80.76M,45.78M,+130.9%,<.01%
670100205,NVO,NOVO-NORDISK A S,2306393,953773,110.57M,45.72M,+70.5%,<.01%
008064206,JBIO,JADE BIOSCIENCES INC,9126877,2041454,202.8M,45.36M,+28.8%,<.01%
65473P105,NI,NISOURCE INC,10170078,945925,483.59M,44.98M,+10.3%,0.02%
03064D108,COLD,AMERICOLD REALTY TRUST INC,17974552,2853277,282.56M,44.85M,+18.9%,0.01%
G00894108,ARX,ACCELERANT HOLDINGS,5628679,3816472,65.97M,44.73M,+210.6%,<.01%
512807306,LRCX,LAM RESEARCH CORP,33677858,103016,14.59B,44.64M,+0.3%,0.63%
109194100,BFAM,BRIGHT HORIZONS FAM SOL IN D,638901,629713,45.29M,44.63M,+6853.6%,<.01%
G39108108,GTES,GATES INDL CORP PLC,19596691,1582824,548.12M,44.27M,+8.8%,0.02%
756109104,O,REALTY INCOME CORP,9614803,713086,595.73M,44.18M,+8%,0.03%
203607106,CBU,COMMUNITY FINANCIAL SYSTEM I,3678108,651736,246.87M,43.74M,+21.5%,0.01%
651639106,NEM,NEWMONT CORP,19964283,467416,1.86B,43.66M,+2.4%,0.08%
31609A404,FENI,FIDELITY COVINGTON TRUST,28217093,1086562,1.13B,43.6M,+4%,0.05%
398905109,GPI,GROUP 1 AUTOMOTIVE INC,562368,149514,163.74M,43.53M,+36.2%,<.01%
922908769,VTI,VANGUARD INDEX FDS,1601947,115904,592.78M,42.89M,+7.8%,0.03%
562750109,MANH,MANHATTAN ASSOCIATES INC,3611292,307895,502.87M,42.87M,+9.3%,0.02%
456788108,INFY,INFOSYS LTD,7114899,4086472,74.64M,42.87M,+134.9%,<.01%
G2R11M108,DPC,DPC HOLDINGS PLC,870500,870500,42.71M,42.71M,NEW,<.01%
65336K103,NXST,NEXSTAR MEDIA GROUP INC,935092,237018,167M,42.33M,+34%,<.01%
60687Y109,MFG,MIZUHO FINANCIAL GROUP INC,28048752,4417852,268.71M,42.32M,+18.7%,0.01%
537008104,LFUS,LITTELFUSE INC,128721,92875,58.61M,42.29M,+259.1%,<.01%
252828108,DNTH,DIANTHUS THERAPEUTICS INC,8199893,432207,799.33M,42.13M,+5.6%,0.03%
373737105,GGB,GERDAU SA,10392607,10381651,41.99M,41.94M,+94757.7%,<.01%
86800U500,SMCIP,SUPER MICRO COMPUTER INC,817948,817948,41.85M,41.85M,NEW,<.01%
34965K107,FTRE,FORTREA HLDGS INC,3646931,2402794,63.46M,41.81M,+193.1%,<.01%
31620M106,FIS,FIDELITY NATL INFORMATION SV,4086167,1071744,158.87M,41.67M,+35.6%,<.01%
784730103,SSRM,SSR MINING IN,6221257,1472502,175.94M,41.64M,+31%,<.01%
464287226,AGG,ISHARES TR,9503943,418610,940.7M,41.43M,+4.6%,0.04%
80706P103,SRRK,SCHOLAR ROCK HLDG CORP,17995241,752089,989.74M,41.36M,+4.4%,0.04%
337185102,TRAX,FIRST TRACKS BIOTHERAPEUTICS,2054127,2054127,41.33M,41.33M,NEW,<.01%
05338F306,AVTX,AVALO THERAPEUTICS INC,5100216,2220735,94.25M,41.04M,+77.1%,<.01%
69380Q107,PACS,PACS GROUP INC,6207375,959483,264.68M,40.91M,+18.3%,0.01%
46429B663,HDV,ISHARES TR,2050948,1483611,56.22M,40.67M,+261.5%,<.01%
13057Q305,CRC,CALIFORNIA RES CORP,2378033,768190,125.73M,40.61M,+47.7%,<.01%
88322Q108,TGTX,TG THERAPEUTICS INC,1018814,738368,55.97M,40.57M,+263.3%,<.01%
316092295,FFSM,FIDELITY COVINGTON TRUST,26681830,1058279,1.02B,40.44M,+4.1%,0.04%
44107P104,HST,HOST HOTELS & RESORTS INC,2504436,1705117,59.38M,40.43M,+213.3%,<.01%
453204109,PI,IMPINJ INC,4562799,282246,653.53M,40.43M,+6.6%,0.03%
874060205,TAK,TAKEDA PHARMACEUTICAL CO LTD,9599302,2481816,153.88M,39.78M,+34.9%,<.01%
25809KAB1,,DOORDASH INC,40281000,40281000,39.68M,39.68M,NEW,<.01%
G5509L101,LIVN,LIVANOVA PLC,3147068,480394,258.78M,39.5M,+18%,0.01%
628464109,MYE,MYERS INDS INC,1283023,1110567,45.3M,39.21M,+644%,<.01%
82452J109,FOUR,SHIFT4 PMTS INC,1693517,805905,82.37M,39.2M,+90.8%,<.01%
29452E101,EQH,EQUITABLE HLDGS INC,3041533,891668,133.46M,39.13M,+41.5%,<.01%
29358P101,ENSG,ENSIGN GROUP INC,2540352,243887,407.22M,39.1M,+10.6%,0.02%
03675P102,AVR,ANTERIS TECHNOLOGIES GLOBAL,6868086,3966736,67.65M,39.07M,+136.7%,<.01%
88146M101,TRNO,TERRENO RLTY CORP,12091627,602980,783.17M,39.06M,+5.2%,0.03%
741511109,PSMT,PRICESMART INC,1921443,199417,375.33M,38.95M,+11.6%,0.02%
37959E102,GL,GLOBE LIFE INC,1266887,216923,226.37M,38.76M,+20.7%,<.01%
668771108,GEN,GEN DIGITAL INC,46348313,1550335,1.15B,38.59M,+3.5%,0.05%
44812J104,HUT,HUT 8 CORP,354647,334244,40.94M,38.59M,+1638.2%,<.01%
231561101,CW,CURTISS WRIGHT CORP,467076,50738,353.93M,38.45M,+12.2%,0.02%
053015103,ADP,AUTOMATIC DATA PROCESSING IN,1204869,171635,269.83M,38.44M,+16.6%,0.01%
650111107,NYT,NEW YORK TIMES CO MTN BE,1274959,545789,89.22M,38.19M,+74.9%,<.01%
631103108,NDAQ,NASDAQ INC,4593229,483759,362.04M,38.13M,+11.8%,0.02%
874054109,TTWO,TAKE-TWO INTERACTIVE SOFTWAR,1403288,152487,350.79M,38.12M,+12.2%,0.02%
403949100,DINO,HF SINCLAIR CORP,2057756,545502,143.32M,37.99M,+36.1%,<.01%
87157DAJ8,SYNA,SYNAPTICS INC,38053000,25440000,56.48M,37.76M,+201.7%,<.01%
87157D109,SYNA,SYNAPTICS INC,1829931,303818,227.33M,37.74M,+19.9%,<.01%
005098108,GOLF,ACUSHNET HLDGS CORP,776963,318248,92.09M,37.72M,+69.4%,<.01%
124155102,BFLY,BUTTERFLY NETWORK INC,4910388,4470379,41.35M,37.64M,+1016%,<.01%
36262G101,GXO,GXO LOGISTICS INCORPORATED,4148859,742413,210.35M,37.64M,+21.8%,<.01%
095306106,BLBD,BLUE BIRD CORP,3017353,475970,238.25M,37.58M,+18.7%,0.01%
316188309,FBND,FIDELITY MERRIMACK STR TR,15305769,825916,696.26M,37.57M,+5.7%,0.03%
90240B106,TYRA,TYRA BIOSCIENCES INC,8920513,1172865,284.92M,37.46M,+15.1%,0.01%
72703H101,PLNT,PLANET FITNESS MASTER ISSUER,1405185,715567,73.31M,37.33M,+103.8%,<.01%
092528819,SECU,BLACKROCK ETF TRUST II,744112,744112,37.1M,37.1M,NEW,<.01%
225310101,CACC,CREDIT ACCEP CORP MICH,162447,58190,103.44M,37.05M,+55.8%,<.01%
40145W101,GRDN,GUARDIAN PHARMACY SVCS INC,3241612,882255,135.73M,36.94M,+37.4%,<.01%
844895102,SWX,SOUTHWEST GAS HLDGS INC,5575126,413169,494.4M,36.64M,+8%,0.02%
784117103,SEIC,SEI INVTS CO,2510218,417719,220.17M,36.64M,+20%,<.01%
253798102,DGII,DIGI INTL INC,2403235,487041,180.12M,36.5M,+25.4%,<.01%
42226A107,HQY,HEALTHEQUITY INC,1538387,403454,138.95M,36.44M,+35.5%,<.01%
09681N106,BOBS,BOBS DISC FURNITURE INC,7462590,2302748,118.06M,36.43M,+44.6%,<.01%
12514G108,CDW,CDW CORP,1551646,258006,218.22M,36.29M,+19.9%,<.01%
580589109,MGRC,MCGRATH RENTCORP,631856,299361,76.47M,36.23M,+90%,<.01%
902788108,UMBF,UMB FINL CORP,2671666,249231,381.41M,35.58M,+10.3%,0.02%
92552R406,PRSU,PURSUIT ATTRACTIONS AND HOSP,2364557,635223,132.34M,35.55M,+36.7%,<.01%
92837L109,VIST,VISTA ENERGY S.A.B. DE C.V.,556364,555601,35.5M,35.45M,+72818%,<.01%
91913Y100,VLO,VALERO ENERGY CORP,8504389,134624,2.21B,35.06M,+1.6%,0.1%
45166A102,IDYA,IDEAYA BIOSCIENCES INC,14109431,937328,525.86M,34.93M,+7.1%,0.02%
514952100,LB,LANDBRIDGE COMPANY LLC,1775450,440622,140.69M,34.91M,+33%,<.01%
861896108,SNEX,STONEX GROUP INC,676015,294294,80.11M,34.87M,+77.1%,<.01%
74736K101,QRVO,QORVO INC,1294231,371934,120.71M,34.69M,+40.3%,<.01%
84472E102,SSB,SOUTHSTATE BK CORP,2084342,345500,208.23M,34.52M,+19.9%,<.01%
55354G100,MSCI,MSCI INC,371835,60720,208.24M,34.01M,+19.5%,<.01%
343412102,FLR,FLUOR CORP,1754103,646195,91.9M,33.85M,+58.3%,<.01%
345370860,F,FORD MTR CO,18691634,2431653,259.81M,33.8M,+15%,0.01%
42226B501,NHP,NATIONAL HEALTHCARE PPTYS IN,2291947,2291947,33.58M,33.58M,NEW,<.01%
464288877,EFV,ISHARES TR,17424650,436945,1.33B,33.45M,+2.6%,0.06%
N3168P101,FER,FERROVIAL NV,7540795,487694,516.79M,33.42M,+6.9%,0.02%
20602D101,CNXC,CONCENTRIX CORP,5712934,1489652,128M,33.38M,+35.3%,<.01%
706327103,PBA,PEMBINA PIPELINE CORP,2440189,716631,112.9M,33.16M,+41.6%,<.01%
00091E109,ABSI,ABSCI CORPORATION,25410048,2859051,294.5M,33.14M,+12.7%,0.01%
05964H105,SAN,BANCO SANTANDER SA,41372881,2396224,570.95M,33.07M,+6.1%,0.02%
260557103,DOW,DOW HLDGS INC,9383872,1199188,256.74M,32.81M,+14.7%,0.01%
83422E204,SLDB,SOLID BIOSCIENCES INC,6875957,3269553,68.69M,32.66M,+90.7%,<.01%
86562M209,SMFG,SUMITOMO MITSUI FIN GRP INC,13937223,1367852,328.64M,32.25M,+10.9%,0.01%
48581R205,KSPI,KASPI KZ JSC,1983010,371088,171.81M,32.15M,+23%,<.01%
216648501,COO,COOPER COS INC,933197,445710,66.92M,31.96M,+91.4%,<.01%
G6683N103,NU,NU HLDGS LTD,75611219,2391731,1.01B,31.95M,+3.3%,0.04%
918204108,VFC,V F CORP,10641936,1902325,177.51M,31.73M,+21.8%,<.01%
444859102,HUM,HUMANA INC,2913763,79461,1.16B,31.56M,+2.8%,0.05%
55336V100,MPLX,MPLX LP,3920887,560024,220.86M,31.55M,+16.7%,<.01%
00971TAQ4,,AKAMAI TECHNOLOGIES INC,21555000,21555000,31.43M,31.43M,NEW,<.01%
342909108,FLOC,FLOWCO HLDGS INC,5966779,1457696,127.33M,31.11M,+32.3%,<.01%
71742Q106,PAHC,PHIBRO ANIMAL HEALTH CORP,3160281,987155,99.23M,31M,+45.4%,<.01%
61174X109,MNST,MONSTER BEVERAGE CORP NEW,9689025,321066,931.31M,30.86M,+3.4%,0.04%
25659T107,DLB,DOLBY LABORATORIES INC,1585579,573059,83.37M,30.13M,+56.6%,<.01%
862945300,ASST,STRIVE INC,9887332,2742535,107.87M,29.92M,+38.4%,<.01%
92556W104,VIA,VIA TRANSN INC,1993827,1648599,36.17M,29.91M,+477.5%,<.01%
256163106,DOCU,DOCUSIGN INC,3070318,671453,136.38M,29.83M,+28%,<.01%
46434V761,UAE,ISHARES TR,1641895,1567238,31.21M,29.79M,+2099.3%,<.01%
55405W104,MYRG,MYR GROUP INC,108649,59324,54.37M,29.69M,+120.3%,<.01%
45167R104,IEX,IDEX CORP,320087,130591,72.64M,29.64M,+68.9%,<.01%
G5279N105,KLAR,KLARNA GROUP PLC,1550852,1462782,31.39M,29.61M,+1660.9%,<.01%
29605J106,ESAB,ESAB CORPORATION,1539732,299670,151.86M,29.56M,+24.2%,<.01%
237194105,DRI,DARDEN RESTAURANTS INC,309420,143361,63.74M,29.53M,+86.3%,<.01%
98887Q104,ZLAB,ZAI LAB LTD,2815214,1552823,53.49M,29.5M,+123%,<.01%
489170100,KMT,KENNAMETAL INC,2563847,841206,89.86M,29.48M,+48.8%,<.01%
911312106,UPS,UNITED PARCEL SVCS INC,32848561,273716,3.53B,29.42M,+0.8%,0.15%
88224Q107,TCBI,TEXAS CAP BANCSHARES INC,349629,284273,36.1M,29.35M,+435%,<.01%
70014A104,PKE,PARK AEROSPACE CORP,1354939,763138,51.7M,29.12M,+129%,<.01%
00827BAD8,AFRM,AFFIRM HLDGS INC,35166000,24440000,41M,28.5M,+227.9%,<.01%
83417M104,SEDG,SOLAREDGE TECHNOLOGIES INC,498014,484142,29.1M,28.29M,+3490.1%,<.01%
52736R102,LEVI,LEVI STRAUSS & CO NEW,1207646,1137009,29.99M,28.23M,+1609.7%,<.01%
156944100,CGON,CG ONCOLOGY INC,4161493,396649,295.67M,28.18M,+10.5%,0.01%
431636109,HLMN,HILLMAN SOLUTIONS CORP,17710532,3311777,149.48M,27.95M,+23%,<.01%
N6596X109,NXPI,NXP SEMICONDUCTORS N V,25240381,98963,7.09B,27.81M,+0.4%,0.31%
860630102,SF,STIFEL FINL CORP,8534782,398571,595.47M,27.81M,+4.9%,0.03%
98311A105,WH,WYNDHAM HOTELS & RESORTS INC,1647824,330079,138.76M,27.8M,+25%,<.01%
71377A103,PFGC,PERFORMANCE FOOD GROUP CO,11999042,247998,1.34B,27.72M,+2.1%,0.06%
989701107,ZION,ZIONS BANCORPORATION NATL AS,1341623,400041,92.83M,27.68M,+42.5%,<.01%
603158106,MTX,MINERALS TECHNOLOGIES INC,4637632,373174,343.05M,27.6M,+8.8%,0.01%
172755100,CRUS,CIRRUS LOGIC INC,819375,185672,121.7M,27.58M,+29.3%,<.01%
59001A102,MTH,MERITAGE HOMES CORP,3916619,328569,328.41M,27.55M,+9.2%,0.01%
14316J108,CG,CARLYLE GROUP INC,4358455,653865,183.53M,27.53M,+17.7%,<.01%
27627N105,EBC,EASTERN BANKSHARES INC,16055159,1237659,357.07M,27.53M,+8.4%,0.02%
46090E103,QQQ,INVESCO QQQ TR,866750,37018,638.28M,27.26M,+4.5%,0.03%
42250P103,DOC,HEALTHPEAK PROPERTIES INC,10515612,1254605,225.03M,26.85M,+13.5%,<.01%
64125C109,NBIX,NEUROCRINE BIOSCIENCES INC,314022,159155,52.92M,26.82M,+102.8%,<.01%
532206AC3,,LIFE360 INC,25967000,25967000,26.75M,26.75M,NEW,<.01%
099406100,BOOT,BOOT BARN HLDGS INC,1601125,161565,263.02M,26.54M,+11.2%,0.01%
690742101,OC,OWENS CORNING NEW,584425,166783,92.9M,26.51M,+39.9%,<.01%
63942X106,NVTS,NAVITAS SEMICONDUCTOR CORP,1557283,1475433,27.91M,26.44M,+1802.6%,<.01%
103310108,BGSI,BOYD GROUP SERVICES INC,1143022,277743,108.23M,26.3M,+32.1%,<.01%
57686G105,MATX,MATSON INC,461027,136749,88.62M,26.29M,+42.2%,<.01%
224441105,CXT,CRANE NXT CO,7593196,511605,388.47M,26.17M,+7.2%,0.02%
422704106,HL,HECLA MINING COMPANY,4878040,1678972,75.27M,25.91M,+52.5%,<.01%
639193101,NAVN,NAVAN INC,1131318,1129016,25.87M,25.82M,+49045%,<.01%
000361105,AIR,AAR CORP,391950,180487,56.02M,25.8M,+85.4%,<.01%
81221K108,SPTX,SEAPORT THERAPEUTICS INC,1185100,1185100,25.74M,25.74M,NEW,<.01%
880345103,TNC,TENNANT CO,982418,293705,86M,25.71M,+42.6%,<.01%
09180C106,BJRI,BJS RESTAURANTS INC,424684,420352,25.79M,25.53M,+9703.4%,<.01%
29479A108,ERAS,ERASCA INC,2883417,1393337,52.82M,25.53M,+93.5%,<.01%
G0692U109,AXS,AXIS CAP HLDGS LTD,1131090,236933,121.52M,25.46M,+26.5%,<.01%
045487105,ASB,ASSOCIATED BANC-CORP,2892071,825675,88.99M,25.41M,+40%,<.01%
98138H101,WDAY,WORKDAY INC,991605,207443,121.39M,25.4M,+26.5%,<.01%
70438V106,PCTY,PAYLOCITY HLDG CORP,325832,238835,34.06M,24.97M,+274.5%,<.01%
91680M107,UPST,UPSTART HLDGS INC,706548,691812,25.03M,24.51M,+4694.7%,<.01%
488445206,ZVRA,ZEVRA THERAPEUTICS INC,4915717,1703840,70.49M,24.43M,+53%,<.01%
72352L106,PINS,PINTEREST INC,2026518,1160081,42.62M,24.4M,+133.9%,<.01%
P5626F128,IFS,INTERCORP FINL SVCS INC,2312795,427662,131.74M,24.36M,+22.7%,<.01%
36266G107,GEHC,GE HEALTHCARE TECHNOLOGIES I,3155095,379982,201.96M,24.32M,+13.7%,<.01%
343498101,FLO,FLOWERS FOODS INC,3720124,3065518,29.39M,24.22M,+468.3%,<.01%
03676C100,ATEX,ANTERIX INC,370400,235105,38.13M,24.2M,+173.8%,<.01%
608190104,MHK,MOHAWK INDS INC,2523461,199423,306.17M,24.2M,+8.6%,0.01%
464288281,EMB,ISHARES TR,354865,250379,34.22M,24.15M,+239.6%,<.01%
38046YAD3,,GOLAR LNG LTD,20819000,20819000,23.7M,23.7M,NEW,<.01%
45337C102,INCY,INCYTE CORP,1381773,208883,156.64M,23.68M,+17.8%,<.01%
758849103,REG,REGENCY CTRS CORP,2734908,295827,218.08M,23.59M,+12.1%,<.01%
00827B106,AFRM,AFFIRM HLDGS INC,17581656,287275,1.43B,23.43M,+1.7%,0.06%
194693107,CIGI,COLLIERS INTL GROUP INC,909018,247227,85.3M,23.2M,+37.4%,<.01%
74624M102,P,EVERPURE INC,49860715,291576,3.93B,22.97M,+0.6%,0.17%
686688102,ORA,ORMAT TECHNOLOGIES INC,344557,210900,37.52M,22.97M,+157.8%,<.01%
03820C105,AIT,APPLIED INDL TECHNOLOGIES IN,574402,67860,194.23M,22.95M,+13.4%,<.01%
71424F105,PR,PERMIAN RESOURCES CORP,14132975,1239775,260.19M,22.82M,+9.6%,0.01%
498894104,KNF,KNIFE RIVER CORP,636185,272724,53.22M,22.81M,+75%,<.01%
86800UAF1,,SUPER MICRO COMPUTER INC,25732000,25732000,22.81M,22.81M,NEW,<.01%
52110M109,LAZ,LAZARD INC,11152391,540481,467.73M,22.67M,+5.1%,0.02%
G3855L106,GHRS,GH RESEARCH PLC,5977045,841000,160.66M,22.61M,+16.4%,<.01%
917047102,URBN,URBAN OUTFITTERS INC,4688302,318309,332.21M,22.56M,+7.3%,0.01%
23804LAD5,DDOG,DATADOG INC,33390000,15840000,47.46M,22.52M,+90.3%,<.01%
92790C104,VRDN,VIRIDIAN THERAPEUTICS INC,16604740,1225363,305.03M,22.51M,+8%,0.01%
010911105,ALMR,ALAMAR BIOSCIENCES INC,829424,829424,22.47M,22.47M,NEW,<.01%
456837103,ING,ING GROEP N.V.,7839849,712220,246.01M,22.35M,+10%,0.01%
46434G863,ESGE,ISHARES INC,3292738,406708,180.08M,22.24M,+14.1%,<.01%
303075105,FDS,FACTSET RESH SYS INC,207400,96477,47.72M,22.2M,+87%,<.01%
56565P103,MPLT,MAPLIGHT THERAPEUTICS INC,823556,619055,29.52M,22.19M,+302.7%,<.01%
70202L102,PSN,PARSONS CORP DEL,1410243,421626,73.88M,22.09M,+42.6%,<.01%
68062P106,OLMA,OLEMA PHARMACEUTICALS INC,12143062,1756217,151.91M,21.97M,+16.9%,<.01%
42328H109,HLIO,HELIOS TECHNOLOGIES INC,269417,244060,24.05M,21.78M,+962.5%,<.01%
019770106,ALLO,ALLOGENE THERAPEUTICS INC,12009043,10419213,24.98M,21.67M,+655.4%,<.01%
29275Y102,ENS,ENERSYS,347767,92393,81.31M,21.6M,+36.2%,<.01%
71880K101,PHIN,PHINIA INC,2276933,261893,187.55M,21.57M,+13%,<.01%
56146T103,MAMA,MAMAS CREATIONS INC,1208534,1202623,21.57M,21.47M,+20345.5%,<.01%
74743L100,Q,QNITY ELECTRONICS INC,865600,130736,141.36M,21.35M,+17.8%,<.01%
929328102,WSFS,WSFS FINL CORP,345298,277278,26.49M,21.28M,+407.6%,<.01%
02913V103,APEI,AMERICAN PUB ED INC,1183609,395254,63.56M,21.23M,+50.1%,<.01%
05589G102,BWIN,THE BALDWIN INSURANCE GRP IN,14752216,798154,392.11M,21.21M,+5.7%,0.02%
37247D106,GNW,GENWORTH FINL INC,9907039,2233722,93.82M,21.15M,+29.1%,<.01%
88025T102,TENB,TENABLE HLDGS INC,4138168,567589,152.62M,20.93M,+15.9%,<.01%
088929104,BGC,BGC GROUP INC,10600823,1954237,113.32M,20.89M,+22.6%,<.01%
34964C106,FBIN,FORTUNE BRANDS INNOVATIONS I,425326,377244,23.35M,20.71M,+784.6%,<.01%
33829M101,FIVE,FIVE BELOW INC,1153792,115180,207.44M,20.71M,+11.1%,<.01%
47215P106,JD,JD.COM INC,1646370,811644,41.95M,20.68M,+97.2%,<.01%
683344105,ONTO,ONTO INNOVATION INC,883298,54321,334.28M,20.56M,+6.6%,0.01%
03213A104,AMPL,AMPLITUDE INC,5979436,2668152,45.74M,20.41M,+80.6%,<.01%
55825T103,MSGS,MADISON SQUARE GRDN SPRT COR,54468,50212,21.89M,20.18M,+1179.8%,<.01%
98983L108,ZWS,ZURN ELKAY WATER SOLNS CORP,1069447,398244,54.04M,20.12M,+59.3%,<.01%
71385M107,PRM,PERIMETER SOLUTIONS INC,9602473,563363,342.33M,20.08M,+6.2%,0.01%
31609A107,FELV,FIDELITY COVINGTON TRUST,16663093,498728,668.02M,19.99M,+3.1%,0.03%
443628102,HBM,HUDBAY MINERALS INC,7460795,844547,176.17M,19.94M,+12.8%,<.01%
03815J107,AADX,APPLIED AEROSPACE & DEFENSE,874314,874314,19.92M,19.92M,NEW,<.01%
25401T603,DBRG,DIGITALBRIDGE GROUP INC,2092318,1261807,33.02M,19.91M,+151.9%,<.01%
57164Y107,VAC,MARRIOTT VACATIONS WORLDWIDE,228570,195180,23.29M,19.88M,+584.5%,<.01%
921932505,VOOG,VANGUARD ADMIRAL FDS INC,282925,238790,23.38M,19.73M,+541%,<.01%
03783C100,APPF,APPFOLIO INC,251067,122639,40.26M,19.67M,+95.5%,<.01%
928881101,VNT,VONTIER CORPORATION,14831706,673641,430.12M,19.54M,+4.8%,0.02%
04956D107,ATMU,ATMUS FILTRATION TECHNOLOGIE,5316383,378606,271.08M,19.31M,+7.7%,0.01%
31609A503,FMDE,FIDELITY COVINGTON TRUST,10273201,474642,416.89M,19.26M,+4.8%,0.02%
501242101,KLIC,KULICKE & SOFFA INDS INC,574501,143576,76.85M,19.2M,+33.3%,<.01%
95082P105,WCC,WESCO INTL INC,562884,55064,194.44M,19.02M,+10.8%,<.01%
14174T107,CTRE,CARETRUST REIT INC,10513145,466289,424.21M,18.81M,+4.6%,0.02%
576690101,MTRN,MATERION CORP,75705,63196,22.51M,18.79M,+505.2%,<.01%
112463104,BKD,BROOKDALE SR LIVING INC,5764800,1166184,92.76M,18.76M,+25.4%,<.01%
002121AB7,,A10 NETWORKS INC,11000000,11000000,18.66M,18.66M,NEW,<.01%
141788109,CARG,CARGURUS INC,575621,540908,19.62M,18.44M,+1558.2%,<.01%
452308109,ITW,ILLINOIS TOOL WKS INC,1068097,68086,288.89M,18.42M,+6.8%,0.01%
830940102,SKWD,SKYWARD SPECIALTY INS GROUP,461957,314124,26.96M,18.33M,+212.5%,<.01%
N44821101,IFRX,INFLARX NV,8163341,8163341,18.29M,18.29M,NEW,<.01%
438128308,HMC,HONDA MOTOR CO LTD,1891618,672503,51.28M,18.23M,+55.2%,<.01%
00217Y104,ATS,ATS CORPORATION,2905456,627984,83.75M,18.1M,+27.6%,<.01%
78475V103,MWH,SOLV ENERGY INC,528625,528625,18M,18M,NEW,<.01%
91912E105,VALE,VALE S A,55345652,1192172,832.4M,17.93M,+2.2%,0.04%
127055101,CBT,CABOT CORP,1560741,197316,141.75M,17.92M,+14.5%,<.01%
26210V102,DRVN,DRIVEN BRANDS HLDGS INC,9515536,1280248,132.65M,17.85M,+15.5%,<.01%
152006102,CGAU,CENTERRA GOLD INC,3833100,1118500,60.78M,17.74M,+41.2%,<.01%
83088M102,SWKS,SKYWORKS SOLUTIONS INC,1098418,261555,74.47M,17.73M,+31.3%,<.01%
615111101,ONT,ONTERRIS INC,1443390,875017,29.17M,17.68M,+154%,<.01%
370334104,GIS,GENERAL MILLS INC,1660029,507377,57.77M,17.66M,+44%,<.01%
86771W105,RUN,SUNRUN INC,1858281,1311191,24.86M,17.54M,+239.7%,<.01%
733245104,PRCH,PORCH GROUP INC,1184434,1165825,17.81M,17.53M,+6264.8%,<.01%
194014502,ENOV,ENOVIS CORPORATION,2208811,846214,45.72M,17.52M,+62.1%,<.01%
093671105,HRB,BLOCK H & R INC,15744303,456900,599.54M,17.4M,+3%,0.03%
09260D107,BX,BLACKSTONE INC,1485154,147710,174.76M,17.38M,+11%,<.01%
23918K108,DVA,DAVITA INC,114507,77802,25.48M,17.31M,+212%,<.01%
124805102,CBZ,CBIZ INC,8047282,536239,258.16M,17.2M,+7.1%,0.01%
370920100,GENB,GENERATE BIOMEDICINES INC,5221599,1004075,88.09M,16.94M,+23.8%,<.01%
497266106,KEX,KIRBY CORP,917664,123111,124.77M,16.74M,+15.5%,<.01%
45827U109,INTA,INTAPP INC,5054981,663151,127.44M,16.72M,+15.1%,<.01%
501147102,KRYS,KRYSTAL BIOTECH INC,4418197,44210,1.64B,16.43M,+1%,0.07%
117043109,BC,BRUNSWICK CORP,945744,194234,79.67M,16.36M,+25.8%,<.01%
15678C102,CBLL,CERIBELL INC,5691393,840962,110.7M,16.36M,+17.3%,<.01%
92645B103,VCTR,VICTORY CAP HLDGS INC DEL,1008893,193489,84.81M,16.26M,+23.7%,<.01%
G96629103,WTW,WILLIS TOWERS WATSON PLC LTD,2215896,62168,579.17M,16.25M,+2.9%,0.03%
46641Q134,JIRE,J P MORGAN EXCHANGE TRADED F,3725312,196912,307.3M,16.24M,+5.6%,0.01%
573075108,MRTN,MARTEN TRANS LTD,2702378,933232,46.89M,16.19M,+52.8%,<.01%
606822104,MUFG,MITSUBISHI UFJ FINANCIAL GRO,9187104,813931,182.73M,16.19M,+9.7%,<.01%
528872302,LXRX,LEXICON PHARMACEUTICALS INC,51782045,6725707,124.28M,16.14M,+14.9%,<.01%
83444M101,SOLV,SOLVENTUM CORP,2079141,209105,160.41M,16.13M,+11.2%,<.01%
477143101,JBLU,JETBLUE AIRWAYS CORP,7205861,2810834,41.29M,16.11M,+64%,<.01%
06738E204,BCS,BARCLAYS PLC,9748660,593558,261.85M,15.94M,+6.5%,0.01%
053611109,AVY,AVERY DENNISON CORP,497315,98057,80.74M,15.92M,+24.6%,<.01%
62886HBT7,,NCL CORP LTD,13931000,13931000,15.52M,15.52M,NEW,<.01%
337932AT4,,FIRSTENERGY CORP,14214000,14214000,15.51M,15.51M,NEW,<.01%
90278Q108,UFPI,UFP INDUSTRIES INC,1505294,170037,136.59M,15.43M,+12.7%,<.01%
358039105,FRPT,FRESHPET INC,690975,260891,40.85M,15.42M,+60.7%,<.01%
902653104,UDR,UDR INC,14085967,384026,562.31M,15.33M,+2.8%,0.02%
15643U104,LEU,CENTRUS ENERGY CORP,156937,91189,26.35M,15.31M,+138.7%,<.01%
29476L107,EQR,EQUITY RESIDENTIAL,6955754,223513,472.5M,15.18M,+3.3%,0.02%
913903100,UHS,UNIVERSAL HLTH SVCS INC,1416755,102099,210.66M,15.18M,+7.8%,<.01%
413197104,HRMY,HARMONY BIOSCIENCES HLDGS IN,3574115,416476,130.13M,15.16M,+13.2%,<.01%
282564103,EIKN,EIKON THERAPEUTICS INC,4993906,1157076,65.17M,15.1M,+30.2%,<.01%
90353TAS9,,UBER TECHNOLOGIES INC,13075000,13075000,15.09M,15.09M,NEW,<.01%
921910816,MGK,VANGUARD WORLD FD,210114,169112,18.47M,14.87M,+412.4%,<.01%
252131107,DXCM,DEXCOM INC,1893246,220210,127.51M,14.83M,+13.2%,<.01%
G6700G107,NVT,NVENT ELEC PLC,3588009,87306,608.56M,14.81M,+2.5%,0.03%
60871R209,TAP,MOLSON COORS BEVERAGE CO,1183494,376440,46.11M,14.67M,+46.6%,<.01%
515098101,LSTR,LANDSTAR SYS INC,236682,70815,48.95M,14.65M,+42.7%,<.01%
192422103,CGNX,COGNEX CORP,298062,202152,21.59M,14.64M,+210.8%,<.01%
077454106,BDC,BELDEN INC,4046029,122035,485.16M,14.63M,+3.1%,0.02%
539439109,LYG,LLOYDS BANKING GROUP PLC,51014992,2495732,297.42M,14.55M,+5.1%,0.01%
92047W101,VVV,VALVOLINE INC,1414140,367519,55.92M,14.53M,+35.1%,<.01%
74340E103,PGNY,PROGYNY INC,7004280,503461,201.93M,14.51M,+7.7%,<.01%
92338C103,VLTO,VERALTO CORP,2516643,163608,223.18M,14.51M,+7%,<.01%
163072101,CAKE,CHEESECAKE FACTORY INC,6097542,181260,485M,14.42M,+3.1%,0.02%
97717P104,WT,WISDOMTREE INC,13565042,842143,229.79M,14.27M,+6.6%,<.01%
68235P108,OGS,ONE GAS INC,291441,183852,22.46M,14.17M,+170.9%,<.01%
60471A101,MIR,MIRION TECHNOLOGIES INC,7329386,777694,131.42M,13.94M,+11.9%,<.01%
816850101,SMTC,SEMTECH CORP,182797,86124,29.59M,13.94M,+89.1%,<.01%
337932AV9,,FIRSTENERGY CORP,12445000,12445000,13.82M,13.82M,NEW,<.01%
37890B100,GBTG,GLOBAL BUSINESS TRAVEL GROUP,2008863,1467788,18.86M,13.78M,+271.3%,<.01%
46435U663,ESML,ISHARES TR,3485042,246254,194.92M,13.77M,+7.6%,<.01%
05329W102,AN,AUTONATION INC,461705,73845,85.78M,13.72M,+19%,<.01%
192446102,CTSH,COGNIZANT TECHNOLOGY SOLUTIO,1068275,351911,41.37M,13.63M,+49.1%,<.01%
985817105,YELP,YELP INC,1256697,554457,30.81M,13.6M,+79%,<.01%
219798105,QDEL,QUIDELORTHO CORP,7363696,772544,128.98M,13.53M,+11.7%,<.01%
29664W105,ESPR,ESPERION THERAPEUTICS INC NE,4612705,4238224,14.58M,13.39M,+1131.8%,<.01%
46432F388,VLUE,ISHARES TR,788426,66933,157.54M,13.37M,+9.3%,<.01%
379577208,GMED,GLOBUS MED INC,768051,167595,60.68M,13.24M,+27.9%,<.01%
921937835,BND,VANGUARD BD INDEX FDS,638053,180000,46.84M,13.21M,+39.3%,<.01%
35952H700,FCEL,FUELCELL ENERGY INC,370614,363933,13.35M,13.11M,+5447.3%,<.01%
853606101,SLI,STANDARD LITHIUM CORP,4780887,4780887,13.08M,13.08M,NEW,<.01%
46435G268,SMMD,ISHARES TR,1082560,142171,99.2M,13.03M,+15.1%,<.01%
918284100,VSEC,VSE CORP,517857,56777,118.33M,12.97M,+12.3%,<.01%
714046109,RVTY,REVVITY INC,465642,116252,51.81M,12.93M,+33.3%,<.01%
767204100,RIO,RIO TINTO PLC,2316374,136188,219.89M,12.93M,+6.2%,<.01%
781154AD1,,RUBRIK INC.,12653000,12653000,12.92M,12.92M,NEW,<.01%
670837103,OGE,OGE ENERGY CORP,731706,264438,35.6M,12.87M,+56.6%,<.01%
98419J206,XOMA,XOMA ROYALTY CORPORATION,1605532,302558,68.24M,12.86M,+23.2%,<.01%
218352102,CORT,CORCEPT THERAPEUTICS INC,3337618,147426,290.21M,12.82M,+4.6%,0.01%
03763A207,ASTH,ASTRANA HEALTH INC,685922,269797,31.83M,12.52M,+64.8%,<.01%
85472N109,STN,STANTEC INC,2084397,181415,143.77M,12.51M,+9.5%,<.01%
34986A104,FWRD,FORWARD AIR CORP,2008264,921615,27.13M,12.45M,+84.8%,<.01%
21874A106,CORZ,CORE SCIENTIFIC INC NEW,505774,484957,12.94M,12.41M,+2329.6%,<.01%
73757R102,PSTL,POSTAL REALTY TRUST INC,3152456,503477,77.68M,12.41M,+19%,<.01%
302081104,EXLS,EXLSERVICE HLDGS INC,13885274,479560,359.07M,12.4M,+3.6%,0.02%
464289180,EUFN,ISHARES TR,406958,316949,15.87M,12.36M,+352.1%,<.01%
866796105,SLF,SUN LIFE FINANCIAL INC.,6004087,157188,471.39M,12.34M,+2.7%,0.02%
921909768,VXUS,VANGUARD STAR FDS,883797,144324,75.56M,12.34M,+19.5%,<.01%
025072349,AVLV,AMERICAN CENTY ETF TR,1397539,134765,127.47M,12.29M,+10.7%,<.01%
962166104,WY,WEYERHAEUSER CO,6359981,511043,152.26M,12.23M,+8.7%,<.01%
460146103,IP,INTERNATIONAL PAPER CO,1100140,320447,41.92M,12.21M,+41.1%,<.01%
92686J106,VKTX,VIKING THERAPEUTICS INC,6335756,311003,247.16M,12.13M,+5.2%,0.01%
24665A103,DK,DELEK US HLDGS INC NEW,2021441,231987,102.71M,11.79M,+13%,<.01%
H2927K103,AMRZ,AMRIZE LTD,3797502,220914,201.29M,11.71M,+6.2%,<.01%
G6331P104,AOSL,ALPHA & OMEGA SEMICONDUCTOR,791715,247006,37.47M,11.69M,+45.3%,<.01%
02665T306,AMH,AMERICAN HOMES 4 RENT,9639014,348389,323.1M,11.68M,+3.7%,0.01%
64115T104,NTCT,NETSCOUT SYS INC,590593,267223,25.72M,11.64M,+82.6%,<.01%
617700109,MORN,MORNINGSTAR INC,180968,74263,28.23M,11.59M,+69.6%,<.01%
200525103,CBSH,COMMERCE BANCSHARES INC,254704,200578,14.71M,11.58M,+370.6%,<.01%
76131D103,QSR,RESTAURANT BRANDS INTL INC,8417025,159170,610.49M,11.54M,+1.9%,0.03%
98386P102,XE,X-ENERGY INC,627400,627400,11.52M,11.52M,NEW,<.01%
04302A104,AIP,ARTERIS INC,262023,235934,12.73M,11.46M,+904.3%,<.01%
15189T107,CNP,CENTERPOINT ENERGY INC,13700549,257474,603.37M,11.34M,+1.9%,0.03%
540424108,L,LOEWS CORP,647899,99555,73.35M,11.27M,+18.2%,<.01%
891092108,TTC,TORO CO,1886235,114100,183.76M,11.12M,+6.4%,<.01%
21676P103,CPS,COOPER-STANDARD HOLDINGS INC,661486,410732,17.89M,11.11M,+163.8%,<.01%
N14506104,ESTC,ELASTIC N V,736840,194085,42.01M,11.07M,+35.8%,<.01%
770323103,RHI,ROBERT HALF INC.,856612,359037,26.3M,11.02M,+72.2%,<.01%
842587ED5,,SOUTHERN CO,10894000,10894000,11.01M,11.01M,NEW,<.01%
G8726X106,TNK,TEEKAY TANKERS LTD,1825491,168193,118.42M,10.91M,+10.1%,<.01%
351858105,FNV,FRANCO NEV CORP,21649301,52204,4.52B,10.89M,+0.2%,0.2%
82982T106,SITM,SITIME CORP,3969485,14550,2.96B,10.85M,+0.4%,0.13%
84857L101,SR,SPIRE INC,227994,138194,17.8M,10.79M,+153.9%,<.01%
27923Q109,ECVT,ECOVYST INC,5333701,866276,66.4M,10.79M,+19.4%,<.01%
G51502105,JCI,JOHNSON CONTROLS INTERNATION,6162386,73805,900.39M,10.78M,+1.2%,0.04%
98937L105,ZBIO,ZENAS BIOPHARMA INC,9506701,424701,241.28M,10.78M,+4.7%,0.01%
40445M100,HMH,HMH HLDG INC,563624,563624,10.56M,10.56M,NEW,<.01%
15118V207,CELH,CELSIUS HLDGS INC,6615598,360365,193.7M,10.55M,+5.8%,<.01%
882508104,TXN,TEXAS INSTRS INC,2685415,34994,800.44M,10.43M,+1.3%,0.03%
80689H102,SNDR,SCHNEIDER NATIONAL INC,562380,284163,20.54M,10.38M,+102.1%,<.01%
377322102,GKOS,GLAUKOS CORP,377485,74219,52.76M,10.37M,+24.5%,<.01%
34379V103,FLNC,FLUENCE ENERGY INC,2147505,519723,42.69M,10.33M,+31.9%,<.01%
457730109,INSP,INSPIRE MED SYS INC,267871,229887,11.95M,10.26M,+605.2%,<.01%
902494103,TSN,TYSON FOODS INC,916656,178884,52.48M,10.24M,+24.2%,<.01%
24906P109,XRAY,DENTSPLY SIRONA INC,1568128,964788,16.64M,10.24M,+159.9%,<.01%
96145W103,WEST,WESTROCK COFFEE CO,4046466,1249328,32.82M,10.13M,+44.7%,<.01%
92939UAT3,,WEC ENERGY GROUP INC,9758000,9758000,10.13M,10.13M,NEW,<.01%
70451X104,PAYO,PAYONEER GLOBAL INC,4426754,1416449,31.52M,10.09M,+47.1%,<.01%
05356F105,AVAH,AVEANNA HEALTHCARE HLDGS INC,1537259,1171515,13.17M,10.04M,+320.3%,<.01%
053484101,AVB,AVALONBAY CMNTYS INC,1231619,52330,232.39M,9.87M,+4.4%,0.01%
25862V105,DV,DOUBLEVERIFY HLDGS INC,1294427,910821,14.03M,9.87M,+237.4%,<.01%
501812AD3,,LCI INDS,39214000,8812000,43.82M,9.85M,+29%,<.01%
22890A302,ORBS,EIGHTCO HOLDINGS INC,14067700,14067700,9.78M,9.78M,NEW,<.01%
887389104,TKR,TIMKEN CO,1986664,66905,288.7M,9.72M,+3.5%,0.01%
03027X100,AMT,AMERICAN TOWER CORP,11376427,59379,1.86B,9.71M,+0.5%,0.08%
N69605108,PHVS,PHARVARIS N V,6565272,280800,227.03M,9.71M,+4.5%,<.01%
90400D108,RARE,ULTRAGENYX PHARMACEUTICAL IN,576849,289533,19.26M,9.67M,+100.8%,<.01%
393222104,GPRE,GREEN PLAINS INC,636535,626894,9.79M,9.64M,+6502.4%,<.01%
526057104,LEN,LENNAR CORP,1526107,106460,138.1M,9.63M,+7.5%,<.01%
754907103,RYN,RAYONIER INC,721471,448158,15.35M,9.54M,+164%,<.01%
464286533,EEMV,ISHARES INC,3068371,126307,230.99M,9.51M,+4.3%,0.01%
G52694109,KNSA,KINIKSA PHARMACEUTICALS INTL,6971361,147661,445.82M,9.44M,+2.2%,0.02%
750236101,RDN,RADIAN GROUP INC,874490,249636,32.94M,9.4M,+40%,<.01%
G0403H108,AON,AON PLC,551367,28183,182.88M,9.35M,+5.4%,<.01%
29670G102,WTRG,ESSENTIAL UTILS INC,968932,243960,37.12M,9.35M,+33.7%,<.01%
11271J107,BN,BROOKFIELD CORP,11765054,218244,501.62M,9.31M,+1.9%,0.02%
65345N106,NN,NEXTNAV INC,632701,520880,11.28M,9.29M,+465.8%,<.01%
163086101,CHEF,CHEFS WHSE INC,948054,96639,91.11M,9.29M,+11.4%,<.01%
48238T109,OPLN,OPENLANE INC,1839340,224803,75.85M,9.27M,+13.9%,<.01%
257651109,DCI,DONALDSON INC,3932243,103238,353M,9.27M,+2.7%,0.02%
73278L105,POOL,POOL CORP,164980,42651,35.45M,9.17M,+34.9%,<.01%
40416E103,HCI,HCI GROUP INC,150281,52183,26.34M,9.15M,+53.2%,<.01%
729132100,PLXS,PLEXUS CORP,163203,30333,49.07M,9.12M,+22.8%,<.01%
05722G100,BKR,BAKER HUGHES COMPANY,11283226,163461,626.22M,9.07M,+1.5%,0.03%
91823B109,UWMC,UWM HOLDINGS CORPORATION,30457810,3949548,69.75M,9.04M,+14.9%,<.01%
G1110E107,BHVN,BIOHAVEN LTD,2964630,605583,44.11M,9.01M,+25.7%,<.01%
70614W100,PTON,PELOTON INTERACTIVE INC,3403028,1523244,20.11M,9M,+81%,<.01%
191098102,COKE,COCA COLA CONS INC,363829,47008,69.46M,8.97M,+14.8%,<.01%
950810101,WSBC,WESBANCO INC,1611191,228534,62.88M,8.92M,+16.5%,<.01%
595017BG8,MCHP,MICROCHIP TECHNOLOGY INC.,20544000,8110000,22.59M,8.92M,+65.2%,<.01%
29786AAQ9,,ETSY INC,7669000,7669000,8.89M,8.89M,NEW,<.01%
78473E103,SPXC,SPX TECHNOLOGIES INC,1019010,36227,249.83M,8.88M,+3.7%,0.01%
29362U104,ENTG,ENTEGRIS INC,2283805,49293,410.77M,8.87M,+2.2%,0.02%
05946K101,BBVA,BANCO BILBAO VIZCAYA ARGENTA,8870426,353240,222.29M,8.85M,+4.1%,<.01%
589889AB0,,MERIT MED SYS INC,8226000,8226000,8.83M,8.83M,NEW,<.01%
14070B309,CAPR,CAPRICOR THERAPEUTICS INC,1137730,365081,27.4M,8.79M,+47.3%,<.01%
05990K106,BANC,BANC OF CALIFORNIA INC,1004842,428147,20.53M,8.75M,+74.2%,<.01%
829401108,SION,SIONNA THERAPEUTICS INC,278292,196897,12.24M,8.66M,+241.9%,<.01%
901109108,TPC,TUTOR PERINI CORP,726970,103993,60.32M,8.63M,+16.7%,<.01%
14448C104,CARR,CARRIER GLOBAL CORPORATION,1401686,114321,102.81M,8.39M,+8.9%,<.01%
00183L201,ANGI,ANGI INC,1537367,1408956,9.15M,8.38M,+1097.2%,<.01%
531229AP7,FWONA,LIBERTY MEDIA CORP DEL,7300000,7300000,8.35M,8.35M,NEW,<.01%
59064R109,MLAB,MESA LABS INC,88857,82387,8.85M,8.2M,+1273.4%,<.01%
42226K105,HR,HEALTHCARE RLTY TR,451213,405137,9.1M,8.17M,+879.3%,<.01%
03769M304,APOPA,APOLLO GLOBAL MGMT INC,641546,133992,39M,8.15M,+26.4%,<.01%
69331C108,PCG,PG&E CORP,119559243,484144,2.01B,8.14M,+0.4%,0.09%
655663102,NDSN,NORDSON CORP,840395,26979,253.54M,8.14M,+3.3%,0.01%
02209S103,MO,ALTRIA GROUP INC,6010922,113016,432.49M,8.13M,+1.9%,0.02%
421906108,HCSG,HEALTHCARE SVCS GROUP INC,2296772,329978,56.41M,8.1M,+16.8%,<.01%
23703Q203,DQ,DAQO NEW ENERGY CORP,602818,602758,8.07M,8.07M,+1004596.7%,<.01%
H50430232,LOGI,LOGITECH INTL S A,171220,85988,16.05M,8.06M,+100.9%,<.01%
89214P109,TOWN,TOWNEBANK PORTSMOUTH VA,237360,219974,8.6M,7.97M,+1265.2%,<.01%
90364P105,PATH,UIPATH INC,788625,701310,8.57M,7.62M,+803.2%,<.01%
20464U100,COMP,COMPASS INC,108165933,611331,1.33B,7.54M,+0.6%,0.06%
46125A100,LUNR,INTUITIVE MACHINES INC,366149,350962,7.83M,7.51M,+2310.9%,<.01%
003261104,BCI,ABRDN ETFS,333550,332704,7.45M,7.43M,+39326.7%,<.01%
91347P105,OLED,UNIVERSAL DISPLAY CORP,89865,85538,7.78M,7.41M,+1976.8%,<.01%
05501U601,AZUL,AZUL S A,811746,811746,7.3M,7.3M,NEW,<.01%
896215209,TRS,TRIMAS CORP,166973,161354,7.52M,7.27M,+2871.6%,<.01%
675234108,OCFC,OCEANFIRST FINL CORP,592910,367908,11.58M,7.19M,+163.5%,<.01%
36472T109,TDAY,USA TODAY CO INC,1876767,830479,16.05M,7.1M,+79.4%,<.01%
464286392,URTH,ISHARES INC,42307,34785,8.57M,7.05M,+462.4%,<.01%
922280102,VRNS,VARONIS SYS INC,1280816,167428,53.74M,7.03M,+15%,<.01%
594972AS0,MSTR,STRATEGY INC,56460000,8114000,48.66M,6.99M,+16.8%,<.01%
249906108,DSGX,DESCARTES SYS GROUP INC,1141446,100634,79.04M,6.97M,+9.7%,<.01%
654106103,NKE,NIKE INC,21166666,168836,868.89M,6.93M,+0.8%,0.04%
48666K109,KBH,KB HOME,5190537,110144,324.88M,6.89M,+2.2%,0.01%
88642R109,TDW,TIDEWATER INC NEW,366390,102476,24.41M,6.83M,+38.8%,<.01%
G2717C106,CWK,CUSHMAN AND WAKEFIELD LTD,8891394,508608,119.06M,6.81M,+6.1%,<.01%
09228F103,BB,BLACKBERRY LTD,614200,538000,7.76M,6.79M,+706%,<.01%
39854F101,GRND,GRINDR INC,597257,470192,8.58M,6.76M,+370%,<.01%
826919102,SLAB,SILICON LABORATORIES INC,80925,30566,17.69M,6.68M,+60.7%,<.01%
464287150,ITOT,ISHARES TR,1091601,40621,179.32M,6.67M,+3.9%,<.01%
92538J106,VERX,VERTEX INC,913732,580017,10.49M,6.66M,+173.8%,<.01%
G65163100,JOBY,JOBY AVIATION INC,1842419,745675,16.43M,6.65M,+68%,<.01%
668074305,NWE,NORTHWESTERN ENERGY GROUP IN,861126,92498,61.67M,6.62M,+12%,<.01%
35834FAC8,,T1 ENERGY INC,3801000,3801000,6.59M,6.59M,NEW,<.01%
74967X103,RH,RH,2835135,39537,467.03M,6.51M,+1.4%,0.02%
921908844,VIG,VANGUARD SPECIALIZED FUNDS,527214,27401,124.75M,6.48M,+5.5%,<.01%
018802AE8,,ALLIANT ENERGY CORP,5888000,5888000,6.48M,6.48M,NEW,<.01%
67059NAK4,NTNX,NUTANIX INC,7057000,6535000,6.94M,6.43M,+1251.9%,<.01%
76155XAA8,,REVOLUTION MEDICINES INC,5069000,5069000,6.33M,6.33M,NEW,<.01%
03823UAF9,,APPLIED OPTOELECTRONICS INC,1770000,1770000,6.27M,6.27M,NEW,<.01%
98419M100,XYL,XYLEM INC,337614,52953,39.91M,6.26M,+18.6%,<.01%
18915MAC1,NET,CLOUDFLARE INC,19378000,4870000,24.9M,6.26M,+33.6%,<.01%
921937819,BIV,VANGUARD BD INDEX FDS,1515708,81048,116.25M,6.22M,+5.6%,<.01%
966084204,WSR,WHITESTONE REIT,587118,327715,11.13M,6.21M,+126.3%,<.01%
19247A100,CNS,COHEN & STEERS INC,202550,81428,15.42M,6.2M,+67.2%,<.01%
87918A105,TDOC,TELADOC HEALTH INC,760504,730381,6.45M,6.19M,+2424.7%,<.01%
004239109,AKR,ACADIA RLTY TR,19902453,294647,416.16M,6.16M,+1.5%,0.02%
922417100,VECO,VEECO INSTRS INC DEL,9060918,79878,686.82M,6.05M,+0.9%,0.03%
30226D106,EXTR,EXTREME NETWORKS INC,3510085,186125,113.62M,6.02M,+5.6%,<.01%
384109104,GGG,GRACO INC,141084,79432,10.67M,6.01M,+128.8%,<.01%
03676B102,AM,ANTERO MIDSTREAM CORP,1875073,262568,42.66M,5.97M,+16.3%,<.01%
462222100,IONS,IONIS PHARMACEUTICALS INC,24631956,75319,1.95B,5.97M,+0.3%,0.08%
808524870,SCHP,SCHWAB STRATEGIC TR,1713651,224107,45.41M,5.94M,+15%,<.01%
98423FAD1,,XOMETRY INC,2648000,2648000,5.88M,5.88M,NEW,<.01%
29414B104,EPAM,EPAM SYS INC,461192,73849,36.6M,5.86M,+19.1%,<.01%
637870106,NSA,NATIONAL STORAGE AFFILIATES,159207,131674,7.08M,5.86M,+478.2%,<.01%
98585N106,YEXT,YEXT INC,2069411,1243279,9.66M,5.81M,+150.5%,<.01%
947002101,WLTH,WEALTHFRONT CORP,3767445,648525,33.68M,5.8M,+20.8%,<.01%
00246W103,AXTI,AXT INC,81394,80268,5.87M,5.79M,+7128.6%,<.01%
578784100,MAZE,MAZE THERAPEUTICS INC,1056959,192745,31.54M,5.75M,+22.3%,<.01%
038336103,ATR,APTARGROUP INC,1073810,45659,134.44M,5.72M,+4.4%,<.01%
81369Y803,XLK,SELECT SECTOR SPDR TR,458324,29952,87.32M,5.71M,+7%,<.01%
G7496G103,RNR,RENAISSANCERE HLDGS LTD,77383,17863,24.52M,5.66M,+30%,<.01%
87305R109,TTMI,TTM TECHNOLOGIES INC,2537491,30231,474.56M,5.65M,+1.2%,0.02%
74112D101,PBH,PRESTIGE CONSMR HEALTHCARE I,210518,118726,9.95M,5.61M,+129.3%,<.01%
56170L695,VGSR,MANAGER DIRECTED PORTFOLIOS,2001215,492777,22.78M,5.61M,+32.7%,<.01%
85571B105,STWD,STARWOOD PPTY TR INC,387858,337977,6.35M,5.54M,+677.6%,<.01%
02081G201,ATEC,ALPHATEC HLDGS INC,925732,638286,8.01M,5.52M,+222.1%,<.01%
00486H105,ADTN,ADTRAN HOLDINGS INC,1011195,395759,14.06M,5.5M,+64.3%,<.01%
78463X541,GNR,SPDR INDEX SHS FDS,695842,81445,46.84M,5.48M,+13.3%,<.01%
00108J109,ACMR,ACM RESH INC,672184,42940,85.29M,5.45M,+6.8%,<.01%
833445AB5,SNOW,SNOWFLAKE INC,15945000,3275000,26.52M,5.45M,+25.8%,<.01%
462260100,IOVA,IOVANCE BIOTHERAPEUTICS INC,1355378,1306077,5.64M,5.43M,+2649.2%,<.01%
07373V105,BEAM,BEAM THERAPEUTICS INC,12609002,156803,432.74M,5.38M,+1.3%,0.02%
392709101,GRBK,GREEN BRICK PARTNERS INC,1723767,66709,137.97M,5.34M,+4%,<.01%
316773100,FITB,FIFTH THIRD BANCORP,2141294,94576,120.7M,5.33M,+4.6%,<.01%
464287242,LQD,ISHARES TR,65275,48869,7.12M,5.33M,+297.9%,<.01%
302130109,EXPD,EXPEDITORS INTL WASH INC,1547327,32604,252.18M,5.31M,+2.2%,0.01%
867892101,SHO,SUNSTONE HOTEL INVS INC NEW,824603,461266,9.44M,5.28M,+127%,<.01%
783754104,RYZ,RYERSON HLDG CORP,406590,212520,10.01M,5.23M,+109.5%,<.01%
501270102,KRUS,KURA SUSHI USA INC,818917,90802,47.14M,5.23M,+12.5%,<.01%
29390K102,NVRI,ENVIRI CORP,237688,237688,5.22M,5.22M,NEW,<.01%
171340102,CHD,CHURCH & DWIGHT CO INC,1683653,53663,163.11M,5.2M,+3.3%,<.01%
922908595,VBK,VANGUARD INDEX FDS,113480,14046,41.5M,5.14M,+14.1%,<.01%
70932M107,PFSI,PENNYMAC FINL SVCS INC NEW,807585,58244,70.34M,5.07M,+7.8%,<.01%
31609A842,FEMG,FIDELITY COVINGTON TRUST,189500,189500,5.07M,5.07M,NEW,<.01%
665531AJ8,NOG,NORTHERN OIL & GAS INC,13359000,5305000,12.77M,5.07M,+65.9%,<.01%
31609A818,FSEV,FIDELITY COVINGTON TRUST,189500,189500,5.07M,5.07M,NEW,<.01%
146103106,CARE,CARTER BANKSHARES INC,154054,147493,5.24M,5.02M,+2248%,<.01%
482497104,BEKE,KE HLDGS INC,765764,342396,11.13M,4.98M,+80.9%,<.01%
292765104,EPAC,ENERPAC TOOL GROUP CORP,188178,138478,6.75M,4.97M,+278.6%,<.01%
G81569108,SIND,SINDA LTD,412900,412900,4.95M,4.95M,NEW,<.01%
M22465104,CHKP,CHECK POINT SOFTWARE TECH LT,67299,37606,8.85M,4.94M,+126.6%,<.01%
85208T107,CXM,SPRINKLR INC,1041261,952009,5.37M,4.91M,+1066.7%,<.01%
36322Q206,DMRA,DAMORA THERAPEUTICS INC,9232979,187498,240.15M,4.88M,+2.1%,0.01%
05637B105,BLZE,BACKBLAZE INC,354493,307350,5.62M,4.87M,+652%,<.01%
M3760D101,ESLT,ELBIT SYS LTD,44208,6417,33.57M,4.87M,+17%,<.01%
67098H104,OI,O-I GLASS INC,1217398,505604,11.72M,4.87M,+71%,<.01%
384747101,GRAL,GRAIL INC,126726,70429,8.65M,4.81M,+125.1%,<.01%
629209305,NMIH,NMI HLDGS INC,1275890,116993,52.43M,4.81M,+10.1%,<.01%
G0084W101,ADNT,ADIENT PLC,600861,261463,11.04M,4.81M,+77%,<.01%
13100M509,CALX,CALIX INC,263002,128494,9.82M,4.8M,+95.5%,<.01%
31609A834,FEMV,FIDELITY COVINGTON TRUST,179500,179500,4.76M,4.76M,NEW,<.01%
04963C209,ATRC,ATRICURE INC,506357,169543,14.17M,4.74M,+50.3%,<.01%
31609A826,FSEG,FIDELITY COVINGTON TRUST,164500,164500,4.7M,4.7M,NEW,<.01%
046224101,ASTE,ASTEC INDS INC,137396,75973,8.41M,4.65M,+123.7%,<.01%
868459108,SUPN,SUPERNUS PHARMACEUTICALS,309091,99721,14.38M,4.64M,+47.6%,<.01%
G6674U108,NVCR,NOVOCURE LTD,17373078,303929,263.2M,4.6M,+1.8%,0.01%
80401C100,SATL,SATELLOGIC INC,833209,793854,4.77M,4.54M,+2017.2%,<.01%
32020R109,FFIN,FIRST FINL BANKSHARES INC,537169,131170,18.59M,4.54M,+32.3%,<.01%
229663109,CUBE,CUBESMART,7515446,112088,298.89M,4.46M,+1.5%,0.01%
02156V109,OKLO,OKLO INC,283221,83548,14.82M,4.37M,+41.8%,<.01%
963320205,WHR-PA,WHIRLPOOL CORP,978918,127051,33.61M,4.36M,+14.9%,<.01%
34984V209,FET,FORUM ENERGY TECHNOLOGIES IN,133756,86674,6.72M,4.35M,+184.1%,<.01%
26603R106,DUOL,DUOLINGO INC,1131136,37797,130.1M,4.35M,+3.5%,<.01%
314211103,FHI,FEDERATED HERMES INC,4663900,78435,257.54M,4.33M,+1.7%,0.01%
20451N101,CMP,COMPASS MINERALS INTL INC,153129,137760,4.77M,4.29M,+896.3%,<.01%
230031106,CGEM,CULLINAN THERAPEUTICS INC,240115,232883,4.37M,4.24M,+3220.2%,<.01%
22410JAD8,,CRACKER BARREL OLD CTRY STOR,4140000,4140000,4.22M,4.22M,NEW,<.01%
46434V423,KSA,ISHARES TR,1219402,113138,45.5M,4.22M,+10.2%,<.01%
92337R101,VERA,VERA THERAPEUTICS INC,2774070,97648,119.04M,4.19M,+3.6%,<.01%
904708104,UNF,UNIFIRST CORP MASS,25048,15815,6.62M,4.18M,+171.3%,<.01%
78464A854,SPYM,SPDR SERIES TRUST,274669,47563,24.14M,4.18M,+20.9%,<.01%
808524102,SCHB,SCHWAB STRATEGIC TR,1210918,143457,35.07M,4.15M,+13.4%,<.01%
22002T108,CDP,COPT DEFENSE PROPERTIES,336986,114164,12.26M,4.15M,+51.2%,<.01%
819047101,SHAK,SHAKE SHACK INC,516204,73949,28.92M,4.14M,+16.7%,<.01%
00090Q103,ADT,ADT INC DEL,5626638,632884,36.57M,4.11M,+12.7%,<.01%
518415104,LSCC,LATTICE SEMICONDUCTOR CORP,49979,26793,7.64M,4.1M,+115.6%,<.01%
74623VAD5,,PURECYCLE TECHNOLOGIES INC,4000000,4000000,4.05M,4.05M,NEW,<.01%
084423102,WRB,BERKLEY W R CORP,1446808,57446,102.04M,4.05M,+4.1%,<.01%
174610105,CFG,CITIZENS FINL GROUP INC,2569665,57601,180.06M,4.04M,+2.3%,<.01%
46982L108,J,JACOBS SOLUTIONS INC,148865,32005,18.76M,4.03M,+27.4%,<.01%
26210C104,DBX,DROPBOX INC,989860,146689,27.19M,4.03M,+17.4%,<.01%
387328AF4,GVA,GRANITE CONSTR INC,11264000,1920000,23.56M,4.02M,+20.5%,<.01%
803607100,SRPT,SAREPTA THERAPEUTICS INC,237042,222497,4.26M,4M,+1529.7%,<.01%
488401100,KMPR,KEMPER CORP,478955,148249,12.91M,4M,+44.8%,<.01%
46435U218,SUSL,ISHARES TR,485256,29990,64.42M,3.98M,+6.6%,<.01%
142339100,CSL,CARLISLE COS INC,390008,10943,141.48M,3.97M,+2.9%,<.01%
922042858,VWO,VANGUARD INTL EQUITY INDEX F,1983265,66375,118.38M,3.96M,+3.5%,<.01%
875372203,TNDM,TANDEM DIABETES CARE INC,976432,262421,14.73M,3.96M,+36.8%,<.01%
185899101,CLF,CLEVELAND-CLIFFS INC NEW,1474168,418508,13.84M,3.93M,+39.6%,<.01%
04271TAD2,,ARRAY TECHNOLOGIES INC,3150000,3150000,3.92M,3.92M,NEW,<.01%
928298AR9,VSH,VISHAY INTERTECHNOLOGY INC,8166000,1975000,16.2M,3.92M,+31.9%,<.01%
88023B103,TEM,TEMPUS AI INC,71312,67614,4.13M,3.92M,+1828.4%,<.01%
023193105,AMBQ,AMBIQ MICRO INC,44634,43871,3.94M,3.87M,+5749.8%,<.01%
G97822103,PRGO,PERRIGO CO PLC,394034,368138,4.09M,3.82M,+1421.6%,<.01%
204166102,CVLT,COMMVAULT SYS INC,242776,26419,34.41M,3.74M,+12.2%,<.01%
12621E103,CNO,CNO FINL GROUP INC,1057157,73401,53.89M,3.74M,+7.5%,<.01%
068463108,BBSI,BARRETT BUSINESS SVCS INC,260390,105268,9.25M,3.74M,+67.9%,<.01%
513847103,MZTI,MARZETTI COMPANY,39755,32668,4.54M,3.73M,+461%,<.01%
318910106,FBNC,FIRST BANCORP N C,3698447,58311,236.44M,3.73M,+1.6%,0.01%
21217B100,CTNM,CONTINEUM THERAPEUTICS INC,1040130,225259,17.05M,3.69M,+27.6%,<.01%
921946406,VYM,VANGUARD WHITEHALL FDS,368755,23345,58.27M,3.69M,+6.8%,<.01%
464287234,EEM,ISHARES TR,1205822,53904,82.49M,3.69M,+4.7%,<.01%
71844V201,PECO,PHILLIPS EDISON & CO INC,4220531,87939,175.66M,3.66M,+2.1%,<.01%
892356106,TSCO,TRACTOR SUPPLY CO,1215631,115145,38.43M,3.64M,+10.5%,<.01%
464287879,IJS,ISHARES TR,1658864,26605,226.73M,3.64M,+1.6%,<.01%
50015M109,KOD,KODIAK SCIENCES INC,276984,93065,10.79M,3.63M,+50.6%,<.01%
46434V613,IUSB,ISHARES TR,1465036,77871,67.61M,3.59M,+5.6%,<.01%
808524797,SCHD,SCHWAB STRATEGIC TR,877326,113317,27.82M,3.59M,+14.8%,<.01%
070830104,BBWI,BATH & BODY WORKS INC,21043777,154978,486.74M,3.58M,+0.7%,0.02%
86800UAB0,SMCI,SUPER MICRO COMPUTER INC,22405000,3835000,20.66M,3.54M,+20.7%,<.01%
46137V357,RSP,INVESCO EXCHANGE TRADED FD T,176301,16606,37.51M,3.53M,+10.4%,<.01%
46654Q815,JMSI,J P MORGAN EXCHANGE TRADED F,156354,69947,7.89M,3.53M,+81%,<.01%
896288107,TNET,TRINET GROUP INC,206844,71074,10.24M,3.52M,+52.3%,<.01%
25402D102,DOCN,DIGITALOCEAN HLDGS INC,1583016,22325,248.58M,3.51M,+1.4%,0.01%
74348A467,NOBL,PROSHARES TR,118733,62163,6.67M,3.49M,+109.9%,<.01%
65345M108,NXDR,NEXTDOOR HOLDINGS INC,1903888,1528362,4.32M,3.47M,+407%,<.01%
92828Q109,VRTS,VIRTUS INVT PARTNERS INC,38268,24151,5.49M,3.47M,+171.1%,<.01%
34962G208,FBRX,FORTE BIOSCIENCES INC,502826,162131,10.69M,3.45M,+47.6%,<.01%
686330101,IX,ORIX CORP,6033914,89911,229.53M,3.42M,+1.5%,<.01%
40434L105,HPQ,HP INC,1646403,155756,36.12M,3.42M,+10.4%,<.01%
502175102,LTC,LTC PPTYS INC,141945,88415,5.46M,3.4M,+165.2%,<.01%
806037107,SCSC,SCANSOURCE INC,166531,64428,8.67M,3.36M,+63.1%,<.01%
85209W109,SPT,SPROUT SOCIAL INC,1029015,442873,7.77M,3.34M,+75.6%,<.01%
209115104,ED,CONSOLIDATED EDISON INC,1749513,30054,193.55M,3.32M,+1.7%,<.01%
919794107,VLY,VALLEY NATL BANCORP,289403,226581,4.24M,3.32M,+360.7%,<.01%
808524805,SCHF,SCHWAB STRATEGIC TR,5495563,119641,152.23M,3.31M,+2.2%,<.01%
G1466R173,BORR,BORR DRILLING LTD,849413,799173,3.51M,3.3M,+1590.7%,<.01%
68571X301,ORC,ORCHID IS CAP INC,488636,472825,3.41M,3.3M,+2990.5%,<.01%
92206C680,VONG,VANGUARD SCOTTSDALE FDS,131359,25733,16.79M,3.29M,+24.4%,<.01%
G38644103,GCT,GIGACLOUD TECHNOLOGY INC,4443854,103568,140.43M,3.27M,+2.4%,<.01%
83570H108,SONO,SONOS INC,2144032,240927,29.01M,3.26M,+12.7%,<.01%
74017N105,PGEN,PRECIGEN INC,2570183,571587,14.65M,3.26M,+28.6%,<.01%
880779103,TEX,TEREX CORP NEW,17098462,44982,1.24B,3.26M,+0.3%,0.05%
68287N100,OSPN,ONESPAN INC,451544,226112,6.48M,3.24M,+100.3%,<.01%
40637H109,HALO,HALOZYME THERAPEUTICS INC,63112,41405,4.94M,3.24M,+190.7%,<.01%
21044C107,ROAD,CONSTRUCTION PARTNERS INC,7145671,27102,848.69M,3.22M,+0.4%,0.04%
682680103,OKE,ONEOK INC NEW,862763,37014,75.01M,3.22M,+4.5%,<.01%
464288885,EFG,ISHARES TR,1015901,25819,126.4M,3.21M,+2.6%,<.01%
10948C107,BV,BRIGHTVIEW HLDGS INC,2433288,223794,34.48M,3.17M,+10.1%,<.01%
131193104,CALY,CALLAWAY GOLF CO,1707162,168671,32.08M,3.17M,+11%,<.01%
030420103,AWK,AMERICAN WTR WKS CO INC NEW,595528,24029,78.36M,3.16M,+4.2%,<.01%
46434V449,IMTM,ISHARES TR,755702,58993,40.3M,3.15M,+8.5%,<.01%
695127100,PCRX,PACIRA BIOSCIENCES INC,217001,123520,5.51M,3.13M,+132.1%,<.01%
037598109,APOG,APOGEE ENTERPRISES INC,331762,67312,15.17M,3.08M,+25.5%,<.01%
87427V103,TALK,TALKSPACE INC,957732,591697,4.98M,3.08M,+161.7%,<.01%
309627107,FMNB,FARMERS NATIONAL BANC CORP,213864,210332,3.12M,3.07M,+5955%,<.01%
56418H100,MAN,MANPOWERGROUP INC WIS,141742,90870,4.79M,3.07M,+178.6%,<.01%
893830BW8,RIG,TRANSOCEAN INC,4424000,1975000,6.86M,3.06M,+80.6%,<.01%
46654Q609,JGRO,J P MORGAN EXCHANGE TRADED F,420635,31030,41.47M,3.06M,+8%,<.01%
00650F109,ADPT,ADAPTIVE BIOTECHNOLOGIES COR,709534,142502,15.22M,3.06M,+25.1%,<.01%
928298108,VSH,VISHAY INTERTECHNOLOGY INC,69177,56699,3.72M,3.05M,+454.4%,<.01%
87043Q108,SG,SWEETGREEN INC,3379698,345189,29.78M,3.04M,+11.4%,<.01%
024061103,DCH,DAUCH CORP,10718122,556656,58.09M,3.02M,+5.5%,<.01%
26817Q886,DX,DYNEX CAP INC,1436183,230077,18.83M,3.02M,+19.1%,<.01%
22663K107,CRNX,CRINETICS PHARMACEUTICALS IN,15840219,80420,592.74M,3.01M,+0.5%,0.03%
320209109,FFBC,1ST FINL BANCORP,127043,88689,4.3M,3M,+231.2%,<.01%
78467X109,DIA,STATE STR SPDR DOW JONES IND,108031,5741,56.43M,3M,+5.6%,<.01%
405024AD2,HAE,HAEMONETICS CORP MASS,10622000,2945000,10.74M,2.98M,+38.4%,<.01%
739128106,POWL,POWELL INDS INC,15105,10338,4.33M,2.96M,+216.9%,<.01%
59156R108,MET,METLIFE INC,1968325,34968,166.54M,2.96M,+1.8%,<.01%
70805E109,PNTG,PENNANT GROUP INC,1182138,79514,43.68M,2.94M,+7.2%,<.01%
500754106,KHC,KRAFT HEINZ CO,918298,123833,21.69M,2.92M,+15.6%,<.01%
55318A108,MNTN,MNTN INC,3142100,317176,28.91M,2.92M,+11.2%,<.01%
12529R107,CCCC,C4 THERAPEUTICS INC,894054,621686,4.18M,2.9M,+228.3%,<.01%
457187102,INGR,INGREDION INC,1555906,30621,147.36M,2.9M,+2%,<.01%
413160102,HLIT,HARMONIC INC,479851,177074,7.84M,2.89M,+58.5%,<.01%
58463J304,MPT,MEDICAL PROPERTIES TRUST INC,967041,624338,4.47M,2.88M,+182.2%,<.01%
464287721,IYW,ISHARES TR,97559,11432,24.61M,2.88M,+13.3%,<.01%
16119P108,CHTR,CHARTER COMMUNICATIONS INC,218492,20272,31.07M,2.88M,+10.2%,<.01%
G9723Y105,WISE.L,WISE GROUP PLC,240528,240528,2.87M,2.87M,NEW,<.01%
360271100,FULT,FULTON FINL CORP PA,159878,118525,3.87M,2.87M,+286.6%,<.01%
23284F105,CTMX,CYTOMX THERAPEUTICS INC.,32714937,759300,122.68M,2.85M,+2.4%,<.01%
483007704,KALU,KAISER ALUMINIUM CORPORATION,27158,14163,5.31M,2.77M,+109%,<.01%
911684108,AD,ARRAY DIGITAL INFRASTRUCTURE,148736,76023,5.39M,2.76M,+104.6%,<.01%
05368V106,AVNT,AVIENT CORPORATION,1743817,74428,64.45M,2.75M,+4.5%,<.01%
682189AU9,ON,ON SEMICONDUCTOR CORP,20892000,2262000,25.17M,2.73M,+12.1%,<.01%
922042742,VT,VANGUARD INTL EQUITY INDEX F,165587,17332,25.99M,2.72M,+11.7%,<.01%
426281101,JKHY,HENRY JACK & ASSOC INC,45155,19713,6.22M,2.72M,+77.5%,<.01%
646025106,NJR,NEW JERSEY RES CORP,846227,47696,47.42M,2.67M,+6%,<.01%
517125100,LRMR,LARIMAR THERAPEUTICS INC,937368,873798,2.86M,2.67M,+1374.5%,<.01%
56400P706,MNKD,MANNKIND CORP,4101046,620082,17.47M,2.64M,+17.8%,<.01%
Q4982L109,IREN,IREN LIMITED,58078,57563,2.66M,2.63M,+11177.3%,<.01%
14888U101,CPRX,CATALYST PHARMACEUTICALS INC,360468,83690,11.33M,2.63M,+30.2%,<.01%
319829107,FCF,FIRST COMWLTH FINL CORP PA,714621,128009,14.53M,2.6M,+21.8%,<.01%
922042718,VSS,VANGUARD INTL EQUITY INDEX F,66974,16846,10.33M,2.6M,+33.6%,<.01%
46432F834,IXUS,ISHARES TR,172370,27182,16.45M,2.59M,+18.7%,<.01%
46124U107,IVA,INVENTIVA SA,685400,685400,2.59M,2.59M,NEW,<.01%
53263P105,LMB,LIMBACH HLDGS INC,735521,33603,56.64M,2.59M,+4.8%,<.01%
17243V102,CNK,CINEMARK HLDGS INC,2091579,80186,66.37M,2.54M,+4%,<.01%
31609A305,FELG,FIDELITY COVINGTON TRUST,549118,57998,24.02M,2.54M,+11.8%,<.01%
30260D103,FIGS,FIGS INC,665375,247346,6.81M,2.53M,+59.2%,<.01%
086921103,BETA,BETA TECHNOLOGIES INC,33338140,150750,558.41M,2.53M,+0.5%,0.02%
45768S105,IOSP,INNOSPEC INC,82759,30954,6.74M,2.52M,+59.8%,<.01%
92764N102,VIR,VIR BIOTECHNOLOGY INC,2318294,246446,23.62M,2.51M,+11.9%,<.01%
086516101,BBY,BEST BUY INC,168630,33018,12.8M,2.51M,+24.3%,<.01%
G2143T103,CMPR,CIMPRESS PLC,214818,24326,21.85M,2.47M,+12.8%,<.01%
142152107,CAI,CARIS LIFE SCIENCES INC,30923878,138293,551.06M,2.46M,+0.4%,0.02%
89377M109,TMDX,TRANSMEDICS GROUP INC,5133328,37085,340.96M,2.46M,+0.7%,0.01%
297602104,ETD,ETHAN ALLEN INTERIORS INC,365853,108238,8.17M,2.42M,+42%,<.01%
419870100,HE,HAWAIIAN ELEC INDS INC MTN B,208282,178455,2.82M,2.41M,+598.3%,<.01%
292554102,ECPG,ENCORE CAP GROUP INC,338749,25827,31.6M,2.41M,+8.3%,<.01%
G4474Y214,JHG,JANUS HENDERSON GROUP PLC,83663,46348,4.35M,2.41M,+124.2%,<.01%
427866108,HSY,HERSHEY CO,3004051,13631,527.06M,2.39M,+0.5%,0.02%
001084102,AGCO,AGCO CORP,213503,19942,25.56M,2.39M,+10.3%,<.01%
038923108,ABR,ARBOR REALTY TRUST INC,451669,438475,2.45M,2.38M,+3323.3%,<.01%
31638A748,FREI,FIDELITY SECS FD,95000,95000,2.38M,2.38M,NEW,<.01%
46435G326,IDEV,ISHARES TR,515938,26637,45.92M,2.37M,+5.4%,<.01%
808524201,SCHX,SCHWAB STRATEGIC TR,1557230,80247,45.83M,2.36M,+5.4%,<.01%
749685103,RPM,RPM INTL INC,306005,21036,34.01M,2.34M,+7.4%,<.01%
678026105,OIS,OIL STS INTL INC,558454,291851,4.47M,2.34M,+109.5%,<.01%
285512109,EA,ELECTRONIC ARTS INC,1388341,11380,284.67M,2.33M,+0.8%,0.01%
05352A100,AVTR,AVANTOR INC,7845462,235144,77.67M,2.33M,+3.1%,<.01%
G6564A105,NOMD,NOMAD FOODS LTD,2557723,212300,28.01M,2.32M,+9.1%,<.01%
302492103,FLYW,FLYWIRE CORPORATION,879661,132236,15.46M,2.32M,+17.7%,<.01%
04335A105,ARVN,ARVINAS INC,365206,276974,3.03M,2.3M,+313.9%,<.01%
353514102,FELE,FRANKLIN ELEC INC,169216,21397,18.14M,2.29M,+14.5%,<.01%
00091G104,ACVA,ACV AUCTIONS INC,930361,318925,6.69M,2.29M,+52.2%,<.01%
53803X105,LOB,LIVE OAK BANCSHARES INC,85379,55650,3.49M,2.27M,+187.2%,<.01%
157210105,CEVA,CEVA INC,61099,48139,2.88M,2.27M,+371.4%,<.01%
83089J108,SKYT,SKYWATER TECHNOLOGY INC,71343,64780,2.48M,2.26M,+987%,<.01%
922908652,VXF,VANGUARD INDEX FDS,99176,9111,24.42M,2.24M,+10.1%,<.01%
500688106,KOS,KOSMOS ENERGY LTD,1116134,1061620,2.36M,2.24M,+1947.4%,<.01%
04342Y104,ASAN,ASANA INC,1302571,319985,9.12M,2.24M,+32.6%,<.01%
667340103,NWBI,NORTHWEST BANCSHARES INC,1579211,147268,23.94M,2.23M,+10.3%,<.01%
911163103,UNFI,UNITED NAT FOODS INC,524676,48482,23.96M,2.21M,+10.2%,<.01%
55616P104,M,MACYS INC,271510,93530,6.39M,2.2M,+52.6%,<.01%
G0750C108,AXTA,AXALTA COATING SYS LTD,6060704,64163,207.4M,2.2M,+1.1%,<.01%
320817109,FRME,FIRST MERCHANTS CORP,420996,50061,18.39M,2.19M,+13.5%,<.01%
23255M204,CYCN,CYCLERION THERAPEUTICS INC,649547,644807,2.2M,2.19M,+13603.5%,<.01%
68622P109,ORIC,ORIC PHARMACEUTICALS INC,2635475,201395,28.54M,2.18M,+8.3%,<.01%
294268107,PLUS,EPLUS INC,791462,26165,65.87M,2.18M,+3.4%,<.01%
45867GAD3,IDCC,INTERDIGITAL INC,5201000,595000,19.03M,2.18M,+12.9%,<.01%
82982L103,SITE,SITEONE LANDSCAPE SUPPLY INC,32714,18475,3.74M,2.11M,+129.7%,<.01%
69331CAL2,PCG,PG&E CORP,55767000,2047000,56.99M,2.09M,+3.8%,<.01%
023939101,AMTM,AMENTUM HOLDINGS INC,5679175,100789,117.39M,2.08M,+1.8%,<.01%
91332UAH4,,UNITY SOFTWARE INC,9276000,1840000,10.48M,2.08M,+24.7%,<.01%
653656108,NICE,NICE LTD,178593,22662,16.23M,2.06M,+14.5%,<.01%
42806J700,HTZ,HERTZ GLOBAL HLDGS INC,971932,903831,2.2M,2.05M,+1327.2%,<.01%
393657101,GBX,GREENBRIER COS INC,47224,41340,2.31M,2.03M,+702.6%,<.01%
11133T103,BR,BROADRIDGE FINL SOLUTIONS IN,175015,14698,23.97M,2.01M,+9.2%,<.01%
G4388N106,HELE,HELEN OF TROY LTD,73420,69179,2.13M,2.01M,+1631.2%,<.01%
89422GAB3,,TRAVERE THERAPEUTICS INC,1710000,1710000,2.01M,2.01M,NEW,<.01%
226718104,CRTO,CRITEO S A,198733,109857,3.63M,2.01M,+123.6%,<.01%
968223206,WLY,WILEY JOHN & SONS INC,448795,41268,21.77M,2M,+10.1%,<.01%
G69451105,PAX,PATRIA INVESTMENTS LIMITED,6832652,180886,75.02M,1.99M,+2.7%,<.01%
94845U105,WBTN,WEBTOON ENTMT INC,15284401,173309,174.55M,1.98M,+1.1%,<.01%
758075402,RWT,REDWOOD TRUST INC,445006,415247,2.11M,1.97M,+1395.4%,<.01%
25525P107,DHC,DIVERSIFIED HEALTHCARE TR,693127,210223,6.45M,1.96M,+43.5%,<.01%
G7738W106,SFL,SFL CORPORATION LTD,509598,191215,5.2M,1.95M,+60.1%,<.01%
71654V101,PBRA,PETROLEO BRASILEIRO S A,5098439,132870,74.64M,1.95M,+2.7%,<.01%
78435P105,SEZL,SEZZLE INC,15107,11255,2.59M,1.93M,+292.2%,<.01%
042744102,AROW,ARROW FINL CORP,65192,47060,2.67M,1.93M,+259.5%,<.01%
48241A105,KB,KB FINL GROUP INC,53880,18359,5.66M,1.93M,+51.7%,<.01%
M96088105,URGN,UROGEN PHARMA LTD,197098,52137,7.25M,1.92M,+36%,<.01%
867866105,SSMR,SUNSHINE SILVER MNG & REFNG,145000,145000,1.92M,1.92M,NEW,<.01%
31635W404,FSTB,FIDELITY SALEM STREET TRUST,95000,95000,1.9M,1.9M,NEW,<.01%
971378104,WSC,WILLSCOT HLDGS CORP,27149179,65750,783.53M,1.9M,+0.2%,0.03%
03762U105,ARI,APOLLO COML REAL ESTATE FIN,195543,177447,2.09M,1.9M,+980.6%,<.01%
25787G100,DFIN,DONNELLEY FINL SOLUTIONS INC,53024,44849,2.22M,1.88M,+548.6%,<.01%
464287630,IWN,ISHARES TR,185568,8495,41.05M,1.88M,+4.8%,<.01%
67576A100,OCUL,OCULAR THERAPEUTIX INC,32844043,190279,322.53M,1.87M,+0.6%,0.01%
440327104,HMN,HORACE MANN EDUCATORS CORP N,306168,35928,15.81M,1.86M,+13.3%,<.01%
316092790,FQAL,FIDELITY COVINGTON TRUST,7086560,22626,576.57M,1.84M,+0.3%,0.03%
517834107,LVS,LAS VEGAS SANDS CORP,807781,39810,37.31M,1.84M,+5.2%,<.01%
26874R108,E,ENI SPA,711304,39057,33.33M,1.83M,+5.8%,<.01%
83419XAB4,SEI,SOLARIS ENERGY INFRAS INC,8169000,1125000,13.28M,1.83M,+16%,<.01%
64082B102,NRDS,NERDWALLET INC,665591,197564,6.16M,1.83M,+42.2%,<.01%
866966104,SUNB,SUNBELT RENTALS HOLDINGS INC,509719,23982,38.11M,1.79M,+4.9%,<.01%
05153U107,AURA,AURA BIOSCIENCES INC,255331,252437,1.81M,1.79M,+8722.8%,<.01%
G0585R106,AGO,ASSURED GUARANTY LTD,96567,22341,7.74M,1.79M,+30.1%,<.01%
025072604,AVEM,AMERICAN CENTY ETF TR,683105,18510,65.91M,1.79M,+2.8%,<.01%
67103X102,OFG,OFG BANCORP,43527,36375,2.14M,1.78M,+508.6%,<.01%
30212W100,AGNT,AGNT INC,1070426,329247,5.79M,1.78M,+44.4%,<.01%
464287523,SOXX,ISHARES TR,16506,2773,10.58M,1.78M,+20.2%,<.01%
29415F104,NVST,ENVISTA HOLDINGS CORPORATION,1311903,67314,34.57M,1.77M,+5.4%,<.01%
980228308,WDS,WOODSIDE ENERGY GROUP LTD,694480,91438,13.42M,1.77M,+15.2%,<.01%
922908611,VBR,VANGUARD INDEX FDS,167237,7257,40.64M,1.76M,+4.5%,<.01%
09058V103,BCRX,BIOCRYST PHARMACEUTICALS INC,808903,175771,8.09M,1.76M,+27.8%,<.01%
18453H106,CCO,CLEAR CHANNEL OUTDOOR HLDGS,822357,725912,1.99M,1.76M,+752.7%,<.01%
03237H101,AMLX,AMYLYX PHARMACEUTICALS INC,16727909,97368,300.43M,1.75M,+0.6%,0.01%
526107107,LII,LENNOX INTL INC,14199,3029,8.14M,1.74M,+27.1%,<.01%
74933W460,XBIL,RBB FD INC,34604,34337,1.73M,1.72M,+12860.3%,<.01%
466032109,JJSF,J & J SNACK FOODS CORP,27409,23243,2.01M,1.71M,+557.9%,<.01%
946784105,WAY,WAYSTAR HLDG CORP,15045567,83148,308.89M,1.71M,+0.6%,0.01%
31638R659,FIMU,FIDELITY SCH STR TR,85000,85000,1.71M,1.71M,NEW,<.01%
P31076105,CPA,COPA HOLDINGS SA,1223838,10934,190.39M,1.7M,+0.9%,<.01%
G48833118,WFRD,WEATHERFORD INTL PLC,3588433,20761,292.46M,1.69M,+0.6%,0.01%
913259107,UTL,UNITIL CORP,42841,32107,2.26M,1.69M,+299.1%,<.01%
25434V708,DFAC,DIMENSIONAL ETF TRUST,470062,37994,20.85M,1.69M,+8.8%,<.01%
978097103,WWW,WOLVERINE WORLD WIDE INC,12298377,101050,203.29M,1.67M,+0.8%,<.01%
963320106,WHR,WHIRLPOOL CORP,5057078,42358,199.35M,1.67M,+0.8%,<.01%
827048109,SLGN,SILGAN HLDGS INC,15851963,35731,735.37M,1.66M,+0.2%,0.03%
743713109,PRLB,PROTO LABS INC,442659,20303,36.08M,1.65M,+4.8%,<.01%
G27907107,DOLE,DOLE PLC,122794,119778,1.68M,1.64M,+3971.4%,<.01%
606710200,MITK,MITEK SYS INC,114791,81394,2.31M,1.64M,+243.7%,<.01%
55305B101,MHO,M/I HOMES INC,1230136,10087,197.79M,1.62M,+0.8%,<.01%
46436E718,SGOV,ISHARES TR,25039,15915,2.52M,1.6M,+174.4%,<.01%
09661T107,BKLC,BNY MELLON ETF TRUST,22180,11088,3.18M,1.59M,+100%,<.01%
128030202,CALM,CAL MAINE FOODS INC,28026,19564,2.26M,1.58M,+231.2%,<.01%
68752M108,OFIX,ORTHOFIX MED INC,265477,170725,2.43M,1.56M,+180.2%,<.01%
22948Q101,CTO,CTO RLTY GROWTH INC NEW,95487,72270,2.05M,1.55M,+311.3%,<.01%
93403J106,WRBY,WARBY PARKER INC,15577440,51068,472.62M,1.55M,+0.3%,0.02%
316092840,FDVV,FIDELITY COVINGTON TRUST,233218,25142,14.06M,1.52M,+12.1%,<.01%
338307101,FIVN,FIVE9 INC,252372,70191,5.38M,1.5M,+38.5%,<.01%
00182C103,ANIP,ANI PHARMACEUTICALS INC,36848,18071,3.05M,1.5M,+96.2%,<.01%
500631106,KEP,KOREA ELEC PWR CORP,249578,123461,3.02M,1.49M,+97.9%,<.01%
92189F676,SMH,VANECK ETF TRUST,79278,2258,52M,1.48M,+2.9%,<.01%
649604840,ADAM,ADAMAS TRUST INC.,210553,157180,1.97M,1.47M,+294.5%,<.01%
78463X509,SPEM,SPDR INDEX SHS FDS,130979,28314,6.78M,1.47M,+27.6%,<.01%
913915104,UTI,UNIVERSAL TECHNICAL INST INC,568137,34226,24.3M,1.46M,+6.4%,<.01%
79546E104,SBH,SALLY BEAUTY HLDGS INC,3735366,103344,52.82M,1.46M,+2.8%,<.01%
533900106,LECO,LINCOLN ELEC HLDGS INC,13594,5430,3.61M,1.44M,+66.5%,<.01%
29250N105,ENB,ENBRIDGE INC,252417,26546,13.69M,1.44M,+11.8%,<.01%
G6359F137,NBR,NABORS INDUSTRIES LTD,52872,17093,4.44M,1.44M,+47.8%,<.01%
511656100,LKFN,LAKELAND FINL CORP,252764,22737,15.6M,1.4M,+9.9%,<.01%
81369Y704,XLI,SELECT SECTOR SPDR TR,167937,7572,31.11M,1.4M,+4.7%,<.01%
05587G203,BKTI,BK TECHNOLOGIES CORPORATION,16368,16286,1.41M,1.4M,+19861%,<.01%
15102KAB6,,CELCUITY INC,1230000,1230000,1.4M,1.4M,NEW,<.01%
Y0207T100,ASC,ARDMORE SHIPPING CORP,144338,99693,2.02M,1.4M,+223.3%,<.01%
922908512,VOE,VANGUARD INDEX FDS,1115744,7067,220.47M,1.4M,+0.6%,<.01%
808524607,SCHA,SCHWAB STRATEGIC TR,415333,38413,15.01M,1.39M,+10.2%,<.01%
146280508,SILA,SILA REALTY TRUST INC,48080,45657,1.46M,1.39M,+1884.3%,<.01%
55272X607,MFA,MFA FINL INC,1314262,142510,12.74M,1.38M,+12.2%,<.01%
358054104,FRSH,FRESHWORKS INC,1138933,136054,11.53M,1.38M,+13.6%,<.01%
464287168,DVY,ISHARES TR,202534,8783,31.66M,1.37M,+4.5%,<.01%
67080N101,NUVB,NUVATION BIO INC,52230295,240702,296.67M,1.37M,+0.5%,0.01%
N72482156,QGEN,QIAGEN NV,708743,35224,27.47M,1.37M,+5.2%,<.01%
001744101,AMN,AMN HEALTHCARE SVCS INC,337878,42023,10.94M,1.36M,+14.2%,<.01%
775109200,RCI,ROGERS COMMUNICATIONS INC,416508,41680,13.55M,1.36M,+11.1%,<.01%
025072299,AVSD,AMERICAN CENTY ETF TR,176440,16716,14.09M,1.34M,+10.5%,<.01%
981811102,WOR,WORTHINGTON ENTERPRISES INC,226319,24752,12.17M,1.33M,+12.3%,<.01%
09227Q100,BLKB,BLACKBAUD INC,268879,44855,7.96M,1.33M,+20%,<.01%
78464A763,SDY,SPDR SERIES TRUST,136072,8660,20.71M,1.32M,+6.8%,<.01%
531229771,FWONA,LIBERTY MEDIA CORP DEL,386714,14937,33.85M,1.31M,+4%,<.01%
10922N103,BHF,BRIGHTHOUSE FINL INC,28678,20648,1.82M,1.31M,+257.1%,<.01%
10948W103,AAMI,ACADIAN ASSET MANAGEMENT INC,231204,18200,16.54M,1.3M,+8.5%,<.01%
981064108,WF,WOORI FINL GROUP INC,59601,22652,3.42M,1.3M,+61.3%,<.01%
00130H105,AES,AES CORP,892243,88023,13.08M,1.29M,+10.9%,<.01%
921910725,VSGX,VANGUARD WORLD FD,36506,15602,3.01M,1.28M,+74.6%,<.01%
29415C101,EOSE,EOS ENERGY ENTERPRISES INC,787444,217763,4.63M,1.28M,+38.2%,<.01%
05988J103,BAND,BANDWIDTH INC,544221,20133,34.45M,1.27M,+3.8%,<.01%
70509V605,PEBPE,PEBBLEBROOK HOTEL TR,491886,65000,9.59M,1.27M,+15.2%,<.01%
381430503,GSLC,GOLDMAN SACHS ETF TR,113690,8930,16.13M,1.27M,+8.5%,<.01%
63945M107,NBBK,NB BANCORP INC,497305,59580,10.51M,1.26M,+13.6%,<.01%
78467Y107,MDY,STATE STR SPDR S&P MIDCAP 40,41042,1789,28.87M,1.26M,+4.6%,<.01%
76029L100,RPAY,REPAY HLDGS CORP,505856,299274,2.12M,1.26M,+144.9%,<.01%
G4124C109,GRAB,GRAB HOLDINGS LIMITED,591573,332281,2.23M,1.25M,+128.1%,<.01%
74366E102,PTGX,PROTAGONIST THERAPEUTICS INC,672186,10189,82.4M,1.25M,+1.5%,<.01%
922042775,VEU,VANGUARD INTL EQUITY INDEX F,395161,14831,33.09M,1.24M,+3.9%,<.01%
808524771,FNDX,SCHWAB STRATEGIC TR,555274,39059,17.27M,1.21M,+7.6%,<.01%
124765108,CAE,CAE INC,334915,48419,8.39M,1.21M,+16.9%,<.01%
65339KCY4,NEEPRI,NEXTERA ENERGY CAP HLDGS INC,12855000,920000,16.89M,1.21M,+7.7%,<.01%
65158N102,NMRK,NEWMARK GROUP INC,996834,79665,15.06M,1.2M,+8.7%,<.01%
N3167Y103,RACE,FERRARI N V,90307,3206,33.62M,1.19M,+3.7%,<.01%
92852X103,VTS,VITESSE ENERGY INC,89027,75300,1.4M,1.19M,+548.6%,<.01%
87266M107,TRTX,TPG RE FIN TR INC,861520,141690,7.21M,1.19M,+19.7%,<.01%
74316P579,AKRE,PROFESIONALLY MANAGED PORTFO,252243,22135,13.42M,1.18M,+9.6%,<.01%
G037AX101,AMBA,AMBARELLA INC,316013,13676,27.11M,1.17M,+4.5%,<.01%
029899101,AWR,AMER STATES WTR CO,21566,14185,1.78M,1.17M,+192.2%,<.01%
890260839,TNXP,TONIX PHARMACEUTICALS HLDG C,93551,91813,1.19M,1.17M,+5282.7%,<.01%
505336107,LZB,LA Z BOY INC,103242,28984,4.14M,1.16M,+39%,<.01%
26740W109,QBTS,D-WAVE QUANTUM INC,881996,47780,21.16M,1.15M,+5.7%,<.01%
19623P101,CBAN,COLONY BANKCORP INC,59615,56613,1.2M,1.14M,+1885.8%,<.01%
679369108,OLPX,OLAPLEX HLDGS INC,594766,549395,1.22M,1.13M,+1210.9%,<.01%
74736L109,QTWO,Q2 HLDGS INC,272417,23286,13.1M,1.12M,+9.3%,<.01%
00847X104,AGIO,AGIOS PHARMACEUTICALS INC,39072,29951,1.45M,1.11M,+328.4%,<.01%
316092709,FIDU,FIDELITY COVINGTON TRUST,92107,11158,9.17M,1.11M,+13.8%,<.01%
71944F106,PHR,PHREESIA INC,463002,107319,4.76M,1.1M,+30.2%,<.01%
74933W601,TMFC,RBB FD INC,36496,14465,2.78M,1.1M,+65.7%,<.01%
46434G764,EMXC,ISHARES INC,51938,10723,5.31M,1.1M,+26%,<.01%
898402102,TRMK,TRUSTMARK CORP,42322,23528,1.95M,1.08M,+125.2%,<.01%
70959W103,PAG,PENSKE AUTOMOTIVE GRP INC,152615,6010,27.31M,1.08M,+4.1%,<.01%
53635D202,LQDA,LIQUIDIA CORPORATION,595629,13429,47.49M,1.07M,+2.3%,<.01%
39813G109,GDYN,GRID DYNAMICS HLDGS INC,199340,188046,1.13M,1.07M,+1665%,<.01%
62855J104,MYGN,MYRIAD GENETICS INC,772217,186940,4.41M,1.07M,+31.9%,<.01%
020764106,AMR,ALPHA METALLURGICAL RESOUR I,44369,6448,7.32M,1.06M,+17%,<.01%
78468R853,SPSM,SPDR SERIES TRUST,79364,18430,4.58M,1.06M,+30.2%,<.01%
882681109,TXRH,TEXAS ROADHOUSE INC,1647430,5490,318.33M,1.06M,+0.3%,0.01%
693506107,PPG,PPG INDS INC,489879,8726,59.42M,1.06M,+1.8%,<.01%
464288323,NYF,ISHARES TR,486133,19619,26.2M,1.06M,+4.2%,<.01%
909907107,UBSI,UNITED BANKSHARES INC WEST V,231417,22993,10.61M,1.05M,+11%,<.01%
81369Y407,XLY,SELECT SECTOR SPDR TR,217260,8947,25.48M,1.05M,+4.3%,<.01%
921946810,VIGI,VANGUARD WHITEHALL FDS,39901,11131,3.73M,1.04M,+38.7%,<.01%
46435G193,SUSC,ISHARES TR,1106589,44889,25.62M,1.04M,+4.2%,<.01%
98422E103,XERS,XERIS BIOPHARMA HOLDINGS INC,644057,130981,5.1M,1.04M,+25.5%,<.01%
72815L107,PLTK,PLAYTIKA HLDG CORP,1636344,278618,6.09M,1.04M,+20.5%,<.01%
824889109,SCVL,SHOE STA GROUP INC,80647,69812,1.2M,1.04M,+644.3%,<.01%
753422104,RPD,RAPID7 INC,318911,127711,2.58M,1.03M,+66.8%,<.01%
464287432,TLT,ISHARES TR,25863,11861,2.24M,1.03M,+84.7%,<.01%
98420X202,XFOR,X4 PHARMACEUTICALS INC,8321657,218257,38.86M,1.02M,+2.7%,<.01%
670002401,NVAX,NOVAVAX INC,608904,108087,5.74M,1.02M,+21.6%,<.01%
11040G103,VTOL,BRISTOW GROUP INC,103078,24389,4.26M,1.01M,+31%,<.01%
500688AH9,KOS,KOSMOS ENERGY LTD,47488000,1343000,35.45M,1M,+2.9%,<.01%
294821608,ERIC,TELEFONAKTIEBOLAGET LM ERICS,5051269,89762,56.32M,1M,+1.8%,<.01%
459506101,IFF,INTERNATIONAL FLAVORS&FRAGRA,464447,12621,36.79M,999.84K,+2.8%,<.01%
00773T101,ASIX,ADVANSIX INC,658319,50030,13.09M,994.6K,+8.2%,<.01%
400501102,OMAB,GRUPO AEROPORTUARIO DEL CENT,35643,8753,4.03M,989.87K,+32.6%,<.01%
46434V282,LRGF,ISHARES TR,137881,13086,10.43M,989.7K,+10.5%,<.01%
59356Q108,MIAX,MIAMI INTL HLDGS INC,27236,26585,1.01M,987.9K,+4083.7%,<.01%
00971TAN1,AKAM,AKAMAI TECHNOLOGIES INC,17530000,830000,20.85M,987.15K,+5%,<.01%
25434V401,DFUS,DIMENSIONAL ETF TRUST,100128,11963,8.2M,980.25K,+13.6%,<.01%
23285D109,CTKB,CYTEK BIOSCIENCES INC,504385,220999,2.23M,979.03K,+78%,<.01%
46434V456,IQLT,ISHARES TR,1369264,19690,67.85M,975.64K,+1.5%,<.01%
08160H101,BHE,BENCHMARK ELECTRS INC,372907,9851,36.79M,972K,+2.7%,<.01%
70509V704,PEBPF,PEBBLEBROOK HOTEL TR,380072,50200,7.34M,969.86K,+15.2%,<.01%
154760409,CPF,CENTRAL PAC FINL CORP,291644,25042,11.14M,956.6K,+9.4%,<.01%
G8726T105,TK,TEEKAY CORPORATION LTD,447812,94537,4.48M,945.37K,+26.8%,<.01%
749660106,RES,RPC INC,181839,161960,1.06M,944.23K,+814.7%,<.01%
46435U713,IFRA,ISHARES TR,39565,14960,2.49M,943.08K,+60.8%,<.01%
922042874,VGK,VANGUARD INTL EQUITY INDEX F,122459,10553,10.84M,934.36K,+9.4%,<.01%
20441A102,SBS,COMPANHIA DE SANEAMENTO BASI,339956,161583,1.96M,933.95K,+90.6%,<.01%
234264109,DAKT,DAKTRONICS INC,280694,47394,5.49M,927.03K,+20.3%,<.01%
035710839,NLY,ANNALY CAPITAL MANAGEMENT IN,14288182,41442,319.48M,926.64K,+0.3%,0.01%
98985Y108,ZYME,ZYMEWORKS INC,702568,35415,18.37M,925.75K,+5.3%,<.01%
74758T303,QLYS,QUALYS INC,16271,6722,2.24M,924.24K,+70.4%,<.01%
91359V107,UVE,UNIVERSAL INS HLDGS INC,102857,22047,4.25M,911.87K,+27.3%,<.01%
05156V102,AUPH,AURINIA PHARMACEUTICALS INC,372481,53703,6.32M,911.34K,+16.8%,<.01%
59124U605,MTA,METALLA RTY & STREAMING LTD,2758194,118694,20.99M,903.26K,+4.5%,<.01%
705015105,PSO,PEARSON PLC,490355,56170,7.79M,892.54K,+12.9%,<.01%
204149108,CTBI,COMMUNITY TR BANCORP INC,159279,12329,11.53M,892.13K,+8.4%,<.01%
74144T108,TROW,PRICE T ROWE GROUP INC,332405,7845,37.79M,891.9K,+2.4%,<.01%
693483109,PKX,POSCO HOLDINGS INC,64417,17242,3.31M,885.89K,+36.5%,<.01%
464288588,MBB,ISHARES TR,365720,9368,34.57M,885.46K,+2.6%,<.01%
458665304,TILE,INTERFACE INC,275348,24690,9.87M,884.89K,+9.9%,<.01%
97717W208,DHS,WISDOMTREE TR,15263,7753,1.74M,881.4K,+103.2%,<.01%
46435G425,ESGU,ISHARES TR,281229,5377,46.03M,880.05K,+1.9%,<.01%
222070203,COTY,COTY INC,922382,406145,1.99M,877.27K,+78.7%,<.01%
704699107,PGC,PEAPACK-GLADSTONE FINL CORP,75723,18526,3.58M,876.83K,+32.4%,<.01%
146229109,CRI,CARTERS INC,29661,21242,1.22M,874.32K,+252.3%,<.01%
65341D102,NXRT,NEXPOINT RESIDENTIAL TR INC,38936,31191,1.09M,870.86K,+402.7%,<.01%
37637K108,GTLB,GITLAB INC,39728,28306,1.21M,864.19K,+247.8%,<.01%
92204A306,VDE,VANGUARD WORLD FD,29713,5735,4.46M,860.98K,+23.9%,<.01%
122017106,BURL,BURLINGTON STORES INC,1203303,2714,381.21M,859.8K,+0.2%,0.02%
L02235106,AMBP,ARDAGH METAL PACKAGING S A,205883,178605,975.88K,846.59K,+654.8%,<.01%
316092360,FFLC,FIDELITY COVINGTON TRUST,41226,14206,2.43M,836.88K,+52.6%,<.01%
03782L101,APPN,APPIAN CORP,417242,36545,9.55M,836.88K,+9.6%,<.01%
632347100,NATH,NATHANS FAMOUS INC,8479,8222,861.51K,835.39K,+3199.2%,<.01%
09290C103,DYNF,BLACKROCK ETF TRUST,23268,12263,1.58M,834K,+111.4%,<.01%
051774107,AUR,AURORA INNOVATION INC,4668783,121926,31.84M,831.54K,+2.7%,<.01%
52603B107,TREE,LENDINGTREE INC,201748,18718,8.94M,829.02K,+10.2%,<.01%
76200L309,RZLT,REZOLUTE INC,216117,158751,1.12M,825.5K,+276.7%,<.01%
440452100,HRL,HORMEL FOODS CORP,76825,33253,1.91M,825.34K,+76.3%,<.01%
G4863A108,BRSL,BRIGHTSTAR LOTTERY PLC,2522018,76947,27.04M,824.87K,+3.1%,<.01%
45826HAD1,ITGR,INTEGER HLDGS CORP,11352000,850000,10.97M,821.31K,+8.1%,<.01%
63001N106,NATL,NCR ATLEOS CORPORATION,184202,18919,8M,821.27K,+11.4%,<.01%
81369Y308,XLP,SELECT SECTOR SPDR TR,82875,9855,6.88M,818.66K,+13.5%,<.01%
35922N100,FVR,FRONTVIEW REIT INC,3387054,40123,68.52M,811.69K,+1.2%,<.01%
921910873,MGC,VANGUARD WORLD FD,34171,2957,9.35M,809.13K,+9.5%,<.01%
501976104,KYTX,KYVERNA THERAPEUTICS INC,96051,89240,855.81K,795.13K,+1310.2%,<.01%
680277100,OSBC,OLD SECOND BANCORP INC DEL,39922,34080,930.98K,794.75K,+583.4%,<.01%
566324109,MMI,MARCUS & MILLICHAP INC,33584,25414,1.05M,792.15K,+311.1%,<.01%
911922102,USLM,UNITED STS LIME & MINERALS I,81685,7564,8.55M,791.73K,+10.2%,<.01%
10949T109,BRSP,BRIGHTSPIRE CAPITAL INC,214766,145224,1.17M,791.47K,+208.8%,<.01%
78463X889,SPDW,SPDR INDEX SHS FDS,301296,15650,15.18M,788.6K,+5.5%,<.01%
709789101,PEBO,PEOPLES BANCORP INC,23548,20432,904.48K,784.79K,+655.7%,<.01%
78464A631,XAR,SPDR SERIES TRUST,11648,2759,3.31M,783.01K,+31%,<.01%
197641103,CLBK,COLUMBIA FINL INC,45482,36676,965.14K,778.27K,+416.5%,<.01%
374689107,ROCK,GIBRALTAR INDS INC,4449287,17228,200.66M,776.98K,+0.4%,<.01%
35104E100,FDMT,4D MOLECULAR THERAPEUTICS IN,128316,58219,1.71M,774.31K,+83.1%,<.01%
047649108,ATKR,ATKORE INC,20117,10087,1.53M,767.03K,+100.6%,<.01%
84863T106,SPOK,SPOK HLDGS INC,89161,74132,913K,759.11K,+493.3%,<.01%
19459J104,COLL,COLLEGIUM PHARMACEUTICAL INC,87289,20835,3.16M,754.23K,+31.4%,<.01%
124830878,CBL,CBL & ASSOC PPTYS INC,42010,14180,2.23M,752.81K,+51%,<.01%
68628V308,ORN,ORION GROUP HLDGS INC,115799,43470,1.95M,731.16K,+60.1%,<.01%
00461U105,ACRS,ACLARIS THERAPEUTICS INC,313850,137497,1.66M,727.36K,+78%,<.01%
46435U549,EAGG,ISHARES TR,298887,15243,14.17M,722.67K,+5.4%,<.01%
389375106,GTN,GRAY MEDIA INC,479191,181660,1.9M,721.19K,+61.1%,<.01%
20112C106,CBK,COMMERCIAL BANCGROUP INC,22334,22316,721.16K,720.58K,+123977.8%,<.01%
G22845104,OCTV,OCTAVE INTELLIGENCE PLC,43863,43863,714.96K,714.96K,NEW,<.01%
464286681,EUSA,ISHARES INC,26764,6255,3.06M,714.26K,+30.5%,<.01%
03969K108,ARQT,ARCUTIS BIOTHERAPEUTICS INC,305969,27233,8.02M,714.05K,+9.8%,<.01%
G1757E113,CMCL,CALEDONIA MNG CORP,69990,37216,1.34M,710.82K,+113.6%,<.01%
83190L208,SMBK,SMARTFINANCIAL INC,20891,15070,980.22K,707.09K,+258.9%,<.01%
205306103,TBRG,TRUBRIDGE INC,36552,26946,958.03K,706.25K,+280.5%,<.01%
39304D102,GDOT,GREEN DOT CORP,55734,52117,752.96K,704.09K,+1440.9%,<.01%
69318J100,CNXN,PC CONNECTION INC,115042,9591,8.4M,700.05K,+9.1%,<.01%
25434V724,DFUV,DIMENSIONAL ETF TRUST,136233,12707,7.49M,699.01K,+10.3%,<.01%
773121108,RKLB,ROCKET LAB CORP,3701770,6836,376.28M,694.88K,+0.2%,0.02%
633707104,NBHC,NATIONAL BK HLDGS CORP,72001,15536,3.2M,690.26K,+27.5%,<.01%
808524508,SCHM,SCHWAB STRATEGIC TR,185468,18707,6.84M,689.73K,+11.2%,<.01%
37253A103,THRM,GENTHERM INC,32558,20110,1.11M,685.95K,+161.6%,<.01%
858586100,SCL,STEPAN CO,14648,12283,816.2K,684.42K,+519.4%,<.01%
25434V807,DFIV,DIMENSIONAL ETF TRUST,104030,12556,5.62M,678.28K,+13.7%,<.01%
26884U109,EPR,EPR PPTYS,122655,11616,7.12M,673.85K,+10.5%,<.01%
46138E339,SPMO,INVESCO EXCH TRADED FD TR II,16522,4147,2.67M,669.89K,+33.5%,<.01%
78464A847,SPMD,SPDR SERIES TRUST,52255,9889,3.53M,668.1K,+23.3%,<.01%
156727109,CRNC,CERENCE INC,65918,58703,746.19K,664.52K,+813.6%,<.01%
92204A876,VPU,VANGUARD WORLD FD,22076,3395,4.32M,664.51K,+18.2%,<.01%
23355L106,DXC,DXC TECHNOLOGY CO,388662,74985,3.44M,663.62K,+23.9%,<.01%
26929N102,EVI,EVI INDS INC,188316,44783,2.78M,661.89K,+31.2%,<.01%
376536108,GOOD,GLADSTONE COMMERCIAL CORP,109958,53325,1.35M,655.9K,+94.2%,<.01%
14057J101,CFFN,CAPITOL FED FINL INC,98833,76913,841.07K,654.53K,+350.9%,<.01%
805111101,SVRA,SAVARA INC,174738,105707,1.08M,651.16K,+153.1%,<.01%
92206C664,VTWO,VANGUARD SCOTTSDALE FDS,51361,5346,6.24M,649.11K,+11.6%,<.01%
921946794,VYMI,VANGUARD WHITEHALL FDS,44706,6512,4.39M,639.49K,+17%,<.01%
46641Q191,BBEU,J P MORGAN EXCHANGE TRADED F,29213,8216,2.27M,638.95K,+39.1%,<.01%
19046P209,CCB,COASTAL FINL CORP WA,378992,8236,29.38M,638.37K,+2.2%,<.01%
30292L107,FRPH,FRP HLDGS INC,25974,25439,649.09K,635.72K,+4755%,<.01%
464288448,IDV,ISHARES TR,96563,15265,4M,632.43K,+18.8%,<.01%
766559702,RIGL,RIGEL PHARMACEUTICALS INC,96112,16139,3.76M,631.36K,+20.2%,<.01%
316092501,FNCL,FIDELITY COVINGTON TRUST,106746,8230,8.17M,630.09K,+8.4%,<.01%
14167L103,CDNA,CAREDX INC,253314,22009,7.22M,627.26K,+9.5%,<.01%
37954Y673,PAVE,GLOBAL X FDS,92965,10544,5.48M,621.25K,+12.8%,<.01%
78463X855,GII,SPDR INDEX SHS FDS,53745,8199,4.07M,620.75K,+18%,<.01%
25434V831,DUHP,DIMENSIONAL ETF TRUST,29913,14867,1.25M,620.39K,+98.8%,<.01%
46137V217,RFG,INVESCO EXCHANGE TRADED FD T,23873,9605,1.54M,619.81K,+67.3%,<.01%
683416101,OOMA,OOMA INC,38623,32211,742.34K,619.1K,+502.4%,<.01%
320866106,FMBH,FIRST MID BANCSHARES INC,16825,12848,809.14K,617.88K,+323.1%,<.01%
14020W106,CGDV,CAPITAL GROUP DIVIDEND VALUE,35171,12464,1.73M,614.23K,+54.9%,<.01%
526057302,LENB,LENNAR CORP,94812,6897,8.41M,611.84K,+7.8%,<.01%
00972D105,AKBA,AKEBIA THREAPEUTICS INC,1871059,535731,2.13M,610.73K,+40.1%,<.01%
97717W836,DFJ,WISDOMTREE TR,392360,5775,41.32M,608.14K,+1.5%,<.01%
353525108,FRAF,FRANKLIN FINL SVCS CORP,9984,9701,625.02K,607.3K,+3427.9%,<.01%
464288158,SUB,ISHARES TR,29100,5683,3.1M,605.07K,+24.3%,<.01%
157085101,CERS,CERUS CORP,1412678,206941,4.13M,604.27K,+17.2%,<.01%
921937827,BSV,VANGUARD BD INDEX FDS,27413,7726,2.14M,601.93K,+39.2%,<.01%
404609109,HCKT,HACKETT GROUP INC,67905,55694,731.33K,599.82K,+456.1%,<.01%
69932A204,PSKY,PARAMOUNT SKYDANCE CORP,1329502,60430,13.11M,595.84K,+4.8%,<.01%
831349105,SLDE,SLIDE INS HLDGS INC,33697,30739,652.71K,595.41K,+1039.2%,<.01%
464288257,ACWI,ISHARES TR,69100,3785,10.85M,594.13K,+5.8%,<.01%
Y41053102,INSW,INTERNATIONAL SEAWAYS INC,4945517,7717,378.78M,591.05K,+0.2%,0.02%
639027101,NATR,NATURES SUNSHINE PRODS INC,46209,27053,1.01M,589.76K,+141.2%,<.01%
651229106,NWL,NEWELL BRANDS INC,414049,95693,2.54M,587.55K,+30.1%,<.01%
03879J100,ABUS,ARBUTUS BIOPHARMA CORP,267188,122062,1.28M,585.9K,+84.1%,<.01%
92337C203,VSTM,VERASTEM INC,626298,152641,2.39M,583.09K,+32.2%,<.01%
92204A207,VDC,VANGUARD WORLD FD,22324,2584,5.03M,582.67K,+13.1%,<.01%
70931T103,PMT,PENNYMAC MTG INVT TR,55937,51407,630.96K,579.86K,+1134.8%,<.01%
921932703,VOOV,VANGUARD ADMIRAL FDS INC,36545,2644,8.01M,579.6K,+7.8%,<.01%
693282105,PDFS,PDF SOLUTIONS INC,310389,8180,21.97M,579.06K,+2.7%,<.01%
92204A504,VHT,VANGUARD WORLD FD,47916,1929,14.33M,576.79K,+4.2%,<.01%
G9470A102,VTEX,VTEX,220350,144154,881.4K,576.62K,+189.2%,<.01%
03168L105,AMRX,AMNEAL PHARMACEUTICALS INC,825120,33110,14.28M,573.13K,+4.2%,<.01%
50186V102,LPL,LG DISPLAY CO LTD,430740,146154,1.68M,568.54K,+51.4%,<.01%
16411Q101,CQP,CHENIERE ENERGY PARTNERS L P,17420,9300,1.06M,566.84K,+114.5%,<.01%
78648T100,SAFT,SAFETY INS GROUP INC,8667,7553,648.83K,565.43K,+678%,<.01%
316092832,FDRR,FIDELITY COVINGTON TRUST,87200,8703,5.66M,564.65K,+11.1%,<.01%
207410101,CNMD,CONMED CORP,27444,17149,898.25K,561.29K,+166.6%,<.01%
863111100,STRT,STRATTEC SEC CORP,7432,6887,605.3K,560.91K,+1263.7%,<.01%
78464A797,KBE,SPDR SERIES TRUST,18552,8221,1.27M,560.84K,+79.6%,<.01%
03209R103,AMPH,AMPHASTAR PHARMACEUTICALS IN,28958,27664,584.36K,558.25K,+2137.9%,<.01%
833635105,SQM,SOCIEDAD QUIMICA Y MINERA DE,10778,7510,797.99K,556.03K,+229.8%,<.01%
829933100,SIRI,SIRIUSXM HOLDINGS INC,122330,18522,3.61M,547.14K,+17.8%,<.01%
589889104,MMSI,MERIT MED SYS INC,1012810,7872,70.23M,545.84K,+0.8%,<.01%
464287663,IUSV,ISHARES TR,482741,4940,53.17M,544.14K,+1%,<.01%
78464A300,SLYV,SPDR SERIES TRUST,25100,4986,2.74M,544.03K,+24.8%,<.01%
52886X107,LXEO,LEXEO THERAPEUTICS INC,141146,116758,657.03K,543.51K,+478.8%,<.01%
886364173,SFY,TIDAL TRUST I,7619,3610,1.13M,537.41K,+90%,<.01%
25434V799,DFIC,DIMENSIONAL ETF TRUST,31763,14403,1.18M,536.66K,+83%,<.01%
09075A108,BVS,BIOVENTUS INC,452850,56617,4.27M,534.46K,+14.3%,<.01%
90290N109,USAC,USA COMPRESSION PARTNERS LP,20240,20240,534.13K,534.13K,NEW,<.01%
025072703,AVDE,AMERICAN CENTY ETF TR,23793,5970,2.12M,532.52K,+33.5%,<.01%
221006109,CRVL,CORVEL CORP,41701,8481,2.61M,530.23K,+25.5%,<.01%
06652V208,BANR,BANNER CORP,267815,7961,17.79M,528.93K,+3.1%,<.01%
76156B107,RVLV,REVOLVE GROUP INC,6210901,22938,142.17M,525.05K,+0.4%,<.01%
00215F107,ATNI,ATN INTL INC,126805,19792,3.36M,524.29K,+18.5%,<.01%
Y2990R101,HAFN,HAFNIA LTD,256520,80058,1.68M,523.3K,+45.4%,<.01%
720190206,PDM,PIEDMONT REALTY TRUST INC,85184,56852,779.43K,520.19K,+200.7%,<.01%
10240L102,BOW,BOWHEAD SPECIALTY HLDGS INC,24660,17360,738.06K,519.58K,+237.8%,<.01%
29287L106,VOTE,TCW ETF TRUST,6724,5874,592.83K,517.89K,+691.1%,<.01%
78463X871,GWX,SPDR INDEX SHS FDS,175443,11805,7.68M,516.59K,+7.2%,<.01%
921910733,ESGV,VANGUARD WORLD FD,29290,3902,3.87M,516.01K,+15.4%,<.01%
87484T108,TALO,TALOS ENERGY INC,66288,39732,855.78K,512.94K,+149.6%,<.01%
29089Q105,EBS,EMERGENT BIOSOLUTIONS INC,214169,60281,1.79M,505.15K,+39.2%,<.01%
46333X108,IRWD,IRONWOOD PHARMACEUTICALS INC,909488,119102,3.83M,501.42K,+15.1%,<.01%
50127T109,KURA,KURA ONCOLOGY INC,363342,45690,3.99M,501.22K,+14.4%,<.01%
78464A805,SPTM,SPDR SERIES TRUST,123080,5490,11.17M,498.44K,+4.7%,<.01%
M4056D110,ENLT,ENLIGHT RENEWABLE ENERGY LTD,196938,5637,17.41M,498.19K,+2.9%,<.01%
464287762,IYH,ISHARES TR,53041,7413,3.55M,496.74K,+16.2%,<.01%
10919W405,DRUG,BRIGHT MINDS BIOSCIENCES INC,7851,7032,551.16K,493.66K,+858.6%,<.01%
46429B655,FLOT,ISHARES TR,11337,9664,578.77K,493.36K,+577.6%,<.01%
33741X102,SDVY,FIRST TR EXCHANGE TRADED FD,36150,11341,1.56M,489.25K,+45.7%,<.01%
91733P107,USAR,USA RARE EARTH INC,941643,22611,20.32M,487.95K,+2.5%,<.01%
316092857,FREL,FIDELITY COVINGTON TRUST,31876,16565,933.98K,485.36K,+108.2%,<.01%
126128107,CCNE,CNB FINL CORP PA,16960,14340,571.74K,483.42K,+547.3%,<.01%
97717W505,DON,WISDOMTREE TR,46409,8547,2.62M,483.08K,+22.6%,<.01%
645827205,IDR,IDAHO STRATEGIC RESOURCES,15589,14718,510.54K,482.02K,+1689.8%,<.01%
00214Q104,ARKK,ARK ETF TR,6843,5935,553.02K,479.64K,+653.6%,<.01%
87807B107,TRP,TC ENERGY CORP,59485,7229,3.94M,478.83K,+13.8%,<.01%
07782B104,BLTE,BELITE BIO INC,3100,3100,477.35K,477.35K,NEW,<.01%
878972108,TECX,TECTONIC THERAPEUTIC INC,2830378,13884,97.29M,477.26K,+0.5%,<.01%
87969B101,TLS,TELOS CORP MD,115275,103406,530.26K,475.67K,+871.2%,<.01%
62955J103,NOV,NOV INC,72733,25559,1.35M,474.12K,+54.2%,<.01%
595017302,MCHPP,MICROCHIP TECHNOLOGY INC.,334467,6167,25.71M,474.06K,+1.9%,<.01%
46641Q670,JCPB,J P MORGAN EXCHANGE TRADED F,10648,10086,499.8K,473.42K,+1794.7%,<.01%
46138E727,PXH,INVESCO EXCH TRADED FD TR II,3296679,16928,91.91M,471.95K,+0.5%,<.01%
412822108,HOG,HARLEY DAVIDSON INC,70286,19272,1.72M,471.39K,+37.8%,<.01%
464287119,ILCG,ISHARES TR,42400,4017,4.96M,470.07K,+10.5%,<.01%
92214X106,VREX,VAREX IMAGING CORP,459904,44490,4.8M,464.03K,+10.7%,<.01%
464289446,IWL,ISHARES TR,15984,2507,2.96M,463.68K,+18.6%,<.01%
464289875,AOM,ISHARES TR,13975,9262,697.21K,462.08K,+196.5%,<.01%
82982TAA4,,SITIME CORP,416000,416000,460.31K,460.31K,NEW,<.01%
464287549,IGM,ISHARES TR,44353,2805,7.26M,458.84K,+6.8%,<.01%
76665T102,REPX,RILEY EXPLORATION PERMIAN IN,143785,13887,4.74M,457.71K,+10.7%,<.01%
97717X669,DGRW,WISDOMTREE TR,74953,4729,7.17M,452.19K,+6.7%,<.01%
46137V464,XMMO,INVESCO EXCHANGE TRADED FD T,18975,2638,3.23M,448.83K,+16.1%,<.01%
910873405,UMC,UNITED MICROELECTRONICS CORP,136613,16465,3.72M,448.01K,+13.7%,<.01%
46266A109,IRMD,IRADIMED CORP,71720,4651,6.85M,444.45K,+6.9%,<.01%
09261X102,BXSL,BLACKSTONE SECD LENDING FD,588115,18735,13.94M,444.21K,+3.3%,<.01%
46138E206,PWZ,INVESCO EXCH TRADED FD TR II,110870,18108,2.72M,443.83K,+19.5%,<.01%
25434V880,DFAX,DIMENSIONAL ETF TRUST,100297,12005,3.69M,442.26K,+13.6%,<.01%
464288604,ISCG,ISHARES TR,19230,6743,1.26M,441.94K,+54%,<.01%
75585H206,REAX,THE REAL BROKERAGE INC,464893,241766,846.11K,440.01K,+108.4%,<.01%
46431W606,HYGH,ISHARES U S ETF TR,5128,5028,444.16K,435.5K,+5028%,<.01%
502160104,LXU,LSB INDS INC,43272,40257,467.77K,435.18K,+1335.2%,<.01%
74319R101,PRG,PROG HOLDINGS INC,1166595,9277,54.37M,432.4K,+0.8%,<.01%
33939L795,NFRA,FLEXSHARES TR,9665,6720,619.75K,430.9K,+228.2%,<.01%
91851C201,EGY,VAALCO ENERGY INC,1271685,84778,6.46M,430.67K,+7.1%,<.01%
33734X846,CIBR,FIRST TR EXCHANGE-TRADED FD,40248,4727,3.62M,424.72K,+13.3%,<.01%
91678A107,UPB,UPSTREAM BIO INC,8162897,61334,56.49M,424.43K,+0.8%,<.01%
000899104,ADMA,ADMA BIOLOGICS INC,389516,50577,3.26M,423.33K,+14.9%,<.01%
97651M109,WIT,WIPRO LTD,440390,186923,990.88K,420.58K,+73.7%,<.01%
023586100,UHAL,U HAUL HOLDING COMPANY,11200,6425,732.92K,420.45K,+134.6%,<.01%
371901109,GNTX,GENTEX CORP,160495,16587,4.06M,419.15K,+11.5%,<.01%
74158E104,PNRG,PRIMEENERGY RESOURCES CORP,2713,2506,452.77K,418.23K,+1210.6%,<.01%
98459U103,YALA,YALLA GROUP LTD,152077,76095,834.9K,417.76K,+100.1%,<.01%
01446U103,ALRS,ALERUS FINL CORP,21768,13296,676.99K,413.51K,+156.9%,<.01%
316092600,FHLC,FIDELITY COVINGTON TRUST,113518,5291,8.77M,408.73K,+4.9%,<.01%
98423J101,XPER,XPERI INC,688262,49363,5.66M,406.26K,+7.7%,<.01%
76680R206,RNG,RINGCENTRAL INC,316000,10410,12.32M,405.78K,+3.4%,<.01%
04523Y105,ASPN,ASPEN AEROGELS INC,68476,63997,434.13K,405.74K,+1428.8%,<.01%
97717W307,DLN,WISDOMTREE TR,41899,4186,4.04M,403.19K,+11.1%,<.01%
14020G101,CGGR,CAPITAL GROUP GROWTH ETF,16671,8542,786.87K,403.18K,+105.1%,<.01%
42727J102,HRTG,HERITAGE INSURANCE HLDGS INC,140517,15388,3.66M,401.32K,+12.3%,<.01%
75282U104,RNGR,RANGER ENERGY SVCS INC,27056,25044,433.17K,400.95K,+1244.7%,<.01%
46138E628,KBWB,INVESCO EXCH TRADED FD TR II,11535,4303,1.07M,400.9K,+59.5%,<.01%
78433H303,SPYI,NEOS ETF TRUST,7518,7518,399.15K,399.15K,NEW,<.01%
26154D100,DFH,DREAM FINDERS HOMES INC,30259,23058,522.27K,397.98K,+320.2%,<.01%
464287846,IYY,ISHARES TR,38171,2177,6.96M,396.82K,+6%,<.01%
78440X887,SLG,SL GREEN RLTY CORP,42443,7645,2.2M,395.78K,+22%,<.01%
03071H100,AMSF,AMERISAFE INC,58123,11673,1.97M,394.9K,+25.1%,<.01%
292218104,EIG,EMPLOYERS HLDGS INC,15731,7637,794.09K,385.51K,+94.4%,<.01%
G9460G101,VAL,VALARIS LTD,71823,5305,5.21M,385.14K,+8%,<.01%
30049H102,EVLV,EVOLV TECHNOLOGIES HLDNGS IN,727519,66188,4.22M,383.89K,+10%,<.01%
226552107,CXDO,CREXENDO INC,53622,51332,400.56K,383.45K,+2241.6%,<.01%
204448104,BVN,COMPANIA DE MINAS BUENAVENTU,25459,13055,745.68K,382.37K,+105.2%,<.01%
44267T102,HHH,HOWARD HUGHES HOLDINGS INC,10415,5315,744.58K,379.97K,+104.2%,<.01%
316092345,FBCV,FIDELITY COVINGTON TRUST,28846,9540,1.15M,379.89K,+49.4%,<.01%
651718504,NPKI,NPK INTERNATIONAL INC,37981,23872,604.28K,379.81K,+169.2%,<.01%
81369Y852,XLC,SELECT SECTOR SPDR TR,79252,3543,8.49M,379.56K,+4.7%,<.01%
75901B107,RGNX,REGENXBIO INC,342858,31590,4.11M,378.45K,+10.1%,<.01%
33737A108,GRID,FIRST TR EXCHANGE-TRADED FD,7844,1973,1.5M,378.3K,+33.6%,<.01%
126327105,LAW,CS DISCO INC,118893,100054,449.41K,378.2K,+531.1%,<.01%
45257U108,IMNM,IMMUNOME INC,16987553,17599,359.97M,372.92K,+0.1%,0.02%
92511U102,VRRM,VERRA MOBILITY CORP,100113,87647,425.48K,372.5K,+703.1%,<.01%
46005L101,IMXI,INTERNATIONAL MONEY EXPRESS,33449,25723,483.33K,371.69K,+332.9%,<.01%
452521107,IMMR,IMMERSION CORP,552716,54749,3.74M,370.65K,+11%,<.01%
602496101,MDXG,MIMEDX GROUP INC,152006,96233,585.23K,370.5K,+172.5%,<.01%
387432107,GRNT,GRANITE RIDGE RESOURCES INC,87731,83585,386.9K,368.61K,+2016%,<.01%
04206A101,ARLO,ARLO TECHNOLOGIES INC,533799,27296,7.2M,367.95K,+5.4%,<.01%
46641Q217,BBJP,J P MORGAN EXCHANGE TRADED F,32364,4864,2.44M,366.31K,+17.7%,<.01%
458334109,IPAR,INTERPARFUMS INC,10159,3246,1.14M,363.12K,+47%,<.01%
33738R506,RDVY,FIRST TR EXCHANGE TRADED FD,61431,4464,4.98M,361.85K,+7.8%,<.01%
29082K105,EMBC,EMBECTA CORP,113955,110853,371.49K,361.38K,+3573.6%,<.01%
296013105,EROC,EROCK INC,24849,24849,360.31K,360.31K,NEW,<.01%
043436104,ABG,ASBURY AUTOMOTIVE GROUP INC,5668,1788,1.14M,359.53K,+46.1%,<.01%
025072323,AVSC,AMERICAN CENTY ETF TR,6170,4896,452.5K,359.07K,+384.3%,<.01%
78464A508,SPYV,SPDR SERIES TRUST,1054676,5867,64.11M,356.65K,+0.6%,<.01%
09661T404,BKIE,BNY MELLON ETF TRUST,6305,3532,634.33K,355.35K,+127.4%,<.01%
825107105,SHBI,SHORE BANCSHARES INC,31506,15436,723.07K,354.26K,+96.1%,<.01%
29530P102,ERIE,ERIE INDTY CO,4903,1474,1.18M,353.42K,+43%,<.01%
7591EP100,RF,REGIONS FINANCIAL CORP NEW,3342035,11557,100.93M,349.02K,+0.3%,<.01%
75524W108,RMAX,RE/MAX HLDGS INC,51083,34825,503.68K,343.38K,+214.2%,<.01%
464288620,USIG,ISHARES TR,21487,6657,1.1M,341.43K,+44.9%,<.01%
449172105,HY,HYSTER-YALE INC,100807,9718,3.53M,340.71K,+10.7%,<.01%
576485205,MTDR,MATADOR RES CO,68272,6817,3.4M,339.35K,+11.1%,<.01%
00326A104,SGOL,ETFS GOLD TR,19128,8864,731.27K,338.87K,+86.4%,<.01%
87357P100,TCMD,TACTILE SYS TECHNOLOGY INC,136755,11375,4.07M,338.75K,+9.1%,<.01%
464287176,TIP,ISHARES TR,4396041,3058,481.06M,334.64K,+0.1%,0.02%
46654Q781,JPEF,J P MORGAN EXCHANGE TRADED F,4601,4165,369.6K,334.58K,+955.3%,<.01%
46137V233,XLG,INVESCO EXCHANGE TRADED FD T,62294,5426,3.81M,332.23K,+9.5%,<.01%
438333106,HNST,HONEST CO INC,956776,90525,3.5M,331.32K,+10.5%,<.01%
808524649,SCMB,SCHWAB STRATEGIC TR,33578,12831,866.98K,331.3K,+61.8%,<.01%
46434G822,EWJ,ISHARES INC,50621,3544,4.72M,330.55K,+7.5%,<.01%
97717Y527,USFR,WISDOMTREE TR,8262,6562,416.01K,330.41K,+386%,<.01%
808524763,FNDA,SCHWAB STRATEGIC TR,151447,8624,5.76M,328.23K,+6%,<.01%
81784E101,SEVN,SEVEN HILLS REALTY TRUST,39765,38508,335.22K,324.62K,+3063.5%,<.01%
464288802,SUSA,ISHARES TR,18205,2098,2.81M,323.73K,+13%,<.01%
947913109,IVES,WEDBUSH SER TR,8413,8413,320.54K,320.54K,NEW,<.01%
316092865,FUTY,FIDELITY COVINGTON TRUST,59818,5478,3.49M,320.03K,+10.1%,<.01%
811707801,SBCF,SEACOAST BKG CORP FLA,203849,9464,6.78M,314.68K,+4.9%,<.01%
464289867,AOR,ISHARES TR,19847,4491,1.38M,312.12K,+29.2%,<.01%
78464A359,CWB,SPDR SERIES TRUST,17724,2883,1.91M,310.85K,+19.4%,<.01%
09290C806,THRO,BLACKROCK ETF TRUST,10914,7178,470.48K,309.43K,+192.1%,<.01%
08975P108,CMRC,COMMERCE.COM INC,353627,104187,1.05M,308.39K,+41.8%,<.01%
440407104,HBNC,HORIZON BANCORP IND,29732,15373,594.04K,307.15K,+107.1%,<.01%
37892E102,GIC,GLOBAL INDUSTRIAL COMPANY,3198682,9143,107.03M,305.92K,+0.3%,<.01%
824596100,SHG,SHINHAN FINANCIAL GROUP CO L,148339,4778,9.38M,302.21K,+3.3%,<.01%
464287291,IXN,ISHARES TR,33481,2087,4.84M,301.53K,+6.6%,<.01%
55303J106,MGPI,MGP INGREDIENTS INC NEW,42857,17169,750.86K,300.8K,+66.8%,<.01%
320517105,FHN,FIRST HORIZON CORPORATION,6428624,11727,164.83M,300.68K,+0.2%,<.01%
33939L696,ESG,FLEXSHARES TR,3531,1697,620.8K,298.35K,+92.5%,<.01%
00857U206,AGL,AGILON HEALTH INC,6817,2780,730.62K,297.95K,+68.9%,<.01%
78464A870,XBI,SPDR SERIES TRUST,11674,1876,1.85M,296.89K,+19.1%,<.01%
97717X651,DGRS,WISDOMTREE TR,7128,5000,423.06K,296.76K,+235%,<.01%
81369Y100,XLB,SELECT SECTOR SPDR TR,84534,5820,4.3M,295.83K,+7.4%,<.01%
336917109,FDL,FIRST TR EXCHANGE-TRADED FD,36256,6073,1.76M,295.51K,+20.1%,<.01%
G65773106,NAT,NORDIC AMERICAN TANKERS LIMI,206796,53063,1.15M,293.97K,+34.5%,<.01%
05379B107,AVA,AVISTA CORP,537811,7138,22M,292.02K,+1.3%,<.01%
67092P300,NULV,NUSHARES ETF TR,132674,5826,6.63M,291.24K,+4.6%,<.01%
47804J206,JHMM,JOHN HANCOCK EXCHANGE TRADED,19389,3866,1.45M,289.79K,+24.9%,<.01%
282914100,EGHT,8X8 INC NEW,1817754,169320,3.11M,289.54K,+10.3%,<.01%
464286608,EZU,ISHARES INC,13927403,4154,967.95M,288.7K,+0%,0.04%
92204A603,VIS,VANGUARD WORLD FD,23421,800,8.44M,288.31K,+3.5%,<.01%
55405YAD2,,MACOM TECH SOLUTIONS HLDGS I,6063000,125000,13.96M,287.75K,+2.1%,<.01%
74933W452,TBIL,RBB FD INC,6787,5738,338.39K,286.08K,+547%,<.01%
46435G219,IGEB,ISHARES TR,7479,6333,337.4K,285.7K,+552.6%,<.01%
92206C870,VCIT,VANGUARD SCOTTSDALE FDS,82159,3416,6.79M,282.33K,+4.3%,<.01%
46137V266,RPG,INVESCO EXCHANGE TRADED FD T,63262,4363,4.04M,278.58K,+7.4%,<.01%
92790A504,JOET,VIRTUS ETF TR II,10642,6000,492.58K,277.72K,+129.3%,<.01%
316092329,FMAG,FIDELITY COVINGTON TRUST,16913,7500,621.92K,275.79K,+79.7%,<.01%
78464A201,SLYG,SPDR SERIES TRUST,23430,2305,2.79M,274.59K,+10.9%,<.01%
316092303,FSTA,FIDELITY COVINGTON TRUST,81631,5224,4.29M,274.47K,+6.8%,<.01%
25434V765,DIHP,DIMENSIONAL ETF TRUST,21906,8042,747.56K,274.44K,+58%,<.01%
09290C780,BAI,BLACKROCK ETF TRUST,9791,5083,516.18K,267.98K,+108%,<.01%
316092402,FENY,FIDELITY COVINGTON TRUST,115710,8956,3.42M,264.74K,+8.4%,<.01%
86800UAD6,,SUPER MICRO COMPUTER INC,7489000,270000,7.32M,264.09K,+3.7%,<.01%
982104101,WS,WORTHINGTON STL INC,178798,7813,6M,262.36K,+4.6%,<.01%
349553107,FTS,FORTIS INC,73429,4563,4.21M,261.41K,+6.6%,<.01%
25434V203,DFAI,DIMENSIONAL ETF TRUST,6329,6329,261.06K,261.06K,NEW,<.01%
81369Y209,XLV,SELECT SECTOR SPDR TR,200648,1641,31.83M,260.36K,+0.8%,<.01%
46641Q225,BBCA,J P MORGAN EXCHANGE TRADED F,31083,2616,3.09M,260.03K,+9.2%,<.01%
33735B108,FNX,FIRST TR EXCHANGE-TRADED ALP,7178,1751,1.05M,256.25K,+32.3%,<.01%
922040845,VBIL,VANGUARD INSTL INDEX FD,3380,3380,255.81K,255.81K,NEW,<.01%
381430107,GSIE,GOLDMAN SACHS ETF TR,60391,5554,2.76M,253.82K,+10.1%,<.01%
92206C771,VMBS,VANGUARD SCOTTSDALE FDS,26842,5388,1.26M,252.21K,+25.1%,<.01%
72201R585,PYLD,PIMCO ETF TR,12241,9480,324.62K,251.4K,+343.4%,<.01%
33733E104,FTCS,FIRST TR EXCHANGE-TRADED FD,41776,2674,3.92M,251.14K,+6.8%,<.01%
55277P104,MGEE,MGE ENERGY INC,9506,3078,775.11K,250.98K,+47.9%,<.01%
46641Q761,JQUA,J P MORGAN EXCHANGE TRADED F,41239,3470,2.98M,250.81K,+9.2%,<.01%
025072877,AVUV,AMERICAN CENTY ETF TR,19788,2005,2.47M,250.15K,+11.3%,<.01%
316092386,FCPI,FIDELITY COVINGTON TRUST,29805,4554,1.63M,248.74K,+18%,<.01%
04683R106,AVIR,ATEA PHARMACEUTICALS INC,12004064,53292,55.82M,247.81K,+0.4%,<.01%
101044105,BOC,BOSTON OMAHA CORP,20069,18124,273.74K,247.21K,+931.8%,<.01%
808524748,FNDC,SCHWAB STRATEGIC TR,29548,5070,1.43M,246.2K,+20.7%,<.01%
87283Q867,TCAF,T ROWE PRICE EXCHANGE-TRADED,9788,5928,402.29K,243.64K,+153.6%,<.01%
464288570,DSI,ISHARES TR,30371,1654,4.32M,235.51K,+5.8%,<.01%
46435G250,HYDB,ISHARES TR,5233,5026,244.73K,235.05K,+2428%,<.01%
879433829,TDS,TELEPHONE & DATA SYS INC,280597,6348,10.38M,234.94K,+2.3%,<.01%
153527205,CENTA,CENTRAL GARDEN & PET CO,76761,6047,2.98M,234.44K,+8.6%,<.01%
30257X104,FBK,FB FINL CORP,507699,4220,28.1M,233.58K,+0.8%,<.01%
12653C108,CNX,CNX RES CORP,33056,6805,1.12M,230.9K,+25.9%,<.01%
37954Y632,AIQ,GLOBAL X FDS,40611,3519,2.66M,230.88K,+9.5%,<.01%
33738R605,FV,FIRST TR EXCHANGE TRADED FD,25066,3032,1.9M,230.07K,+13.8%,<.01%
464287697,IDU,ISHARES TR,10225,2001,1.17M,229.33K,+24.3%,<.01%
316092204,FDIS,FIDELITY COVINGTON TRUST,58365,2228,6M,229.13K,+4%,<.01%
105368203,BDN,BRANDYWINE RLTY TR,86822,71943,275.23K,228.06K,+483.5%,<.01%
02155H200,ALT,ALTIMMUNE INC,748974,75010,2.28M,228.03K,+11.1%,<.01%
78468R812,QUS,SPDR SERIES TRUST,4211,1215,786.84K,227.03K,+40.6%,<.01%
46436E189,ICOP,ISHARES TR,4610,4610,226.93K,226.93K,NEW,<.01%
97717W851,DXJ,WISDOMTREE TR,478042,1306,82.95M,226.62K,+0.3%,<.01%
594972AU5,,STRATEGY INC,34218000,255000,30.24M,225.32K,+0.8%,<.01%
464288307,IMCG,ISHARES TR,20653,2285,2.03M,224.62K,+12.4%,<.01%
700517105,PK,PARK HOTELS & RESORTS INC,138007,15574,1.97M,221.93K,+12.7%,<.01%
294375209,EPSN,EPSILON ENERGY LTD,42808,40749,231.59K,220.45K,+1979.1%,<.01%
316092535,FDEV,FIDELITY COVINGTON TRUST,40165,6184,1.43M,219.53K,+18.2%,<.01%
46434V738,IEUR,ISHARES TR,33231,2910,2.5M,218.74K,+9.6%,<.01%
858927106,STEL,STELLAR BANCORP INC,60480,5553,2.38M,218.35K,+10.1%,<.01%
41653L859,ACVU,HARTFORD FDS EXCHANGE TRADED,7197,6979,224.63K,217.82K,+3201.4%,<.01%
464287572,IOO,ISHARES TR,31316,1593,4.28M,217.61K,+5.4%,<.01%
13765N107,CNNE,CANNAE HLDGS INC,28763,15111,414.19K,217.6K,+110.7%,<.01%
43940T109,HOPE,HOPE BANCORP INC,487687,15871,6.67M,217.12K,+3.4%,<.01%
25434V773,DFIS,DIMENSIONAL ETF TRUST,12657,6194,443.38K,216.98K,+95.8%,<.01%
33734H106,FVD,FIRST TR EXCHANGE-TRADED FD,86704,4466,4.18M,215.17K,+5.4%,<.01%
46137V282,RSPT,INVESCO EXCHANGE TRADED FD T,63969,3310,4.13M,213.49K,+5.5%,<.01%
464286525,ACWV,ISHARES INC,15425,1761,1.85M,211.72K,+12.9%,<.01%
37954Y715,BOTZ,GLOBAL X FDS,23090,5564,876.05K,211.1K,+31.7%,<.01%
922042866,VPL,VANGUARD INTL EQUITY INDEX F,30411,1817,3.52M,210.21K,+6.4%,<.01%
78464A128,VLU,SPDR SERIES TRUST,1811,882,431.39K,210.1K,+94.9%,<.01%
46138G698,RWL,INVESCO EXCH TRADED FD TR II,17096,1626,2.18M,207.74K,+10.5%,<.01%
830879102,SKYW,SKYWEST INC,1756056,2085,174.43M,207.1K,+0.1%,<.01%
78468R663,BIL,SPDR SERIES TRUST,5850,2258,536.14K,206.94K,+62.9%,<.01%
940610108,WASH,WASHINGTON TR BANCORP INC,1000649,5667,36.5M,206.73K,+0.6%,<.01%
78468R721,TFI,SPDR SERIES TRUST,35298,4483,1.62M,205.32K,+14.5%,<.01%
46138E222,IDMO,INVESCO EXCH TRADED FD TR II,5684,3354,342.68K,202.21K,+143.9%,<.01%
33737J174,FDT,FIRST TR EXCH TRD ALPHDX FD,5445,2133,515.53K,201.95K,+64.4%,<.01%
78468R739,SHM,SPDR SERIES TRUST,30947,4191,1.48M,201.02K,+15.7%,<.01%
97717W109,DTD,WISDOMTREE TR,20757,2145,1.94M,200.01K,+11.5%,<.01%
316092543,FDEM,FIDELITY COVINGTON TRUST,23886,5477,867.78K,198.98K,+29.8%,<.01%
464289438,IWY,ISHARES TR,32686,683,9.5M,198.49K,+2.1%,<.01%
464288869,IWC,ISHARES TR,5349,992,1.07M,198.44K,+22.8%,<.01%
78468R648,KOMP,SPDR SERIES TRUST,13572,2768,970.41K,197.91K,+25.6%,<.01%
28852N109,EFC,ELLINGTON FINANCIAL INC,196980,14530,2.68M,197.75K,+8%,<.01%
26922A420,QTUM,ETF SER SOLUTIONS,7091,1194,1.17M,197.45K,+20.2%,<.01%
92204A801,VAW,VANGUARD WORLD FD,7666,863,1.75M,197.44K,+12.7%,<.01%
06654A103,BWFG,BANKWELL FINL GROUP INC,7597,3337,446.32K,196.05K,+78.3%,<.01%
46138E420,EQAL,INVESCO EXCH TRADED FD TR II,10534,3303,624.2K,195.72K,+45.7%,<.01%
025072885,AVUS,AMERICAN CENTY ETF TR,10734,1524,1.37M,195.19K,+16.5%,<.01%
448947507,IDT,IDT CORP,130657,3339,7.6M,194.2K,+2.6%,<.01%
05686D200,BGGG,BAILLIE GIFFORD ETF TR,5498,5498,193.86K,193.86K,NEW,<.01%
90291C201,USAU,U S GOLD CORP,17765,12522,272.33K,191.96K,+238.8%,<.01%
683797104,OPY,OPPENHEIMER HLDGS INC,20165,1809,2.13M,190.92K,+9.9%,<.01%
46654Q732,JTEK,J P MORGAN EXCHANGE TRADED F,2085,1697,232.56K,189.29K,+437.4%,<.01%
92189F114,ESPO,VANECK ETF TRUST,3054,2106,274.11K,189.02K,+222.2%,<.01%
33734X192,SKYY,FIRST TR EXCHANGE-TRADED FD,17125,1403,2.3M,188.79K,+8.9%,<.01%
46138J791,BSCQ,INVESCO EXCH TRD SLF IDX FD,10392,9658,202.9K,188.57K,+1315.8%,<.01%
233051200,DBEF,DBX ETF TR,69087,3445,3.77M,188.2K,+5.2%,<.01%
46138G631,QQQJ,INVESCO EXCH TRADED FD TR II,8031,4106,364.92K,186.57K,+104.6%,<.01%
46641Q159,JPIE,J P MORGAN EXCHANGE TRADED F,4256,4027,195.97K,185.42K,+1758.5%,<.01%
G8807B106,TBPH,THERAVANCE BIOPHARMA INC,133866,10900,2.28M,185.3K,+8.9%,<.01%
09661T206,BKMC,BNY MELLON ETF TRUST,3165,1479,392.09K,183.22K,+87.7%,<.01%
46434V381,XT,ISHARES TR,47832,2209,3.95M,182.53K,+4.8%,<.01%
053604104,AVPT,AVEPOINT INC,91214,16279,1.02M,182.49K,+21.7%,<.01%
M53213100,ICL,ICL GROUP LTD,198067,36180,994.35K,181.63K,+22.3%,<.01%
205768302,CRK,COMSTOCK RES INC,39406,12098,587.94K,180.5K,+44.3%,<.01%
464287671,IUSG,ISHARES TR,697287,959,131.15M,180.38K,+0.1%,<.01%
66538H591,SECT,NORTHERN LTS FD TR IV,2491,2491,179.48K,179.48K,NEW,<.01%
78464A821,MDYG,SPDR SERIES TRUST,13124,1598,1.47M,179.12K,+13.9%,<.01%
46138E198,XMLV,INVESCO EXCH TRADED FD TR II,11116,2700,737.36K,179.1K,+32.1%,<.01%
33939L837,IQDF,FLEXSHARES TR,11003,5179,380.25K,178.98K,+88.9%,<.01%
01625VAB0,ALHC,ALIGNMENT HEALTHCARE INC,3812000,105000,6.49M,178.86K,+2.8%,<.01%
488152208,KELYA,KELLY SVCS INC,100954,14461,1.24M,177.58K,+16.7%,<.01%
565788106,MARA,MARA HOLDINGS INC,69002,12734,958.43K,176.87K,+22.6%,<.01%
257554105,DOMO,DOMO INC,582607,56290,1.82M,176.19K,+10.7%,<.01%
887432359,TPLC,TIMOTHY PLAN,3796,3479,191.12K,175.16K,+1097.5%,<.01%
33738R704,AIRR,FIRST TR EXCHANGE TRADED FD,9218,1301,1.23M,173.37K,+16.4%,<.01%
437872104,HTB,HOMETRUST BANCSHARES INC,5008,3439,249.85K,171.57K,+219.2%,<.01%
14020V108,CGUS,CAPITAL GROUP CORE EQUITY ET,9087,3846,404.19K,171.07K,+73.4%,<.01%
26884L109,EQT,EQT CORP,2768471,3204,147.2M,170.36K,+0.1%,<.01%
00215W100,ASX,ASE TECHNOLOGY HLDG CO LTD,160831,3764,7.26M,169.83K,+2.4%,<.01%
33939L860,QDF,FLEXSHARES TR,12564,1882,1.13M,169.23K,+17.6%,<.01%
301505707,ROBO,EXCHANGE TRADED CONCEPTS TRU,13001,1952,1.11M,167.21K,+17.7%,<.01%
78781J109,SAIL,SAILPOINT INC,29531,11325,432.33K,165.8K,+62.2%,<.01%
75704L104,RDVT,RED VIOLET INC,4853,2599,309.24K,165.61K,+115.3%,<.01%
389637109,GBTC,GRAYSCALE BITCOIN TRUST ETF,9642,3638,438.91K,165.6K,+60.6%,<.01%
75383L102,RAPP,RAPPORT THERAPEUTICS INC,7172894,3955,298.89M,164.8K,+0.1%,0.01%
45675Y104,III,INFORMATION SVCS GROUP INC,61534,39916,252.91K,164.06K,+184.6%,<.01%
743606105,PB,PROSPERITY BANCSHARES INC,13329,2238,973.43K,163.44K,+20.2%,<.01%
46641Q233,BBAX,J P MORGAN EXCHANGE TRADED F,13601,2722,814.29K,162.96K,+25%,<.01%
97717W604,DES,WISDOMTREE TR,23290,3995,947.42K,162.51K,+20.7%,<.01%
948849104,WMK,WEIS MKTS INC,4349,2074,340.58K,162.42K,+91.2%,<.01%
89377MAB5,TMDX,TRANSMEDICS GROUP INC,5581000,150000,6.03M,162.18K,+2.8%,<.01%
12510Q100,CCC,CCC INTELLIGENT SOLUTIONS HL,130711,31319,674.47K,161.61K,+31.5%,<.01%
97717Y477,QGRW,WISDOMTREE TR,8209,2443,542.05K,161.31K,+42.4%,<.01%
G6891L105,PANL,PANGAEA LOGISTICS SOLUTION L,30759,24744,199.93K,160.83K,+411.4%,<.01%
292671708,UUUU,ENERGY FUELS INC,250581,11080,3.64M,160.75K,+4.6%,<.01%
G61188101,LBTYA,LIBERTY GLOBAL LTD,278889,14038,3.17M,159.61K,+5.3%,<.01%
419596101,HVT,HAVERTY FURNITURE COS INC,9984,6251,254.89K,159.59K,+167.5%,<.01%
74587V107,PBYI,PUMA BIOTECHNOLOGY INC,211444,19611,1.71M,159.05K,+10.2%,<.01%
563571405,MTW,MANITOWOC CO INC,37949,11437,527.12K,158.86K,+43.1%,<.01%
75970E107,RNST,RENASANT CORP,62105,3723,2.64M,158.38K,+6.4%,<.01%
46641Q399,BBUS,J P MORGAN EXCHANGE TRADED F,11530,1168,1.55M,157.35K,+11.3%,<.01%
464287390,ILF,ISHARES TR,11201,4659,378.02K,157.24K,+71.2%,<.01%
52468L505,LVHI,LEGG MASON ETF INVT,15898,3856,645.22K,156.5K,+32%,<.01%
M8T80P204,NEXN,NEXXEN INTL LTD,37689,17237,340.33K,155.65K,+84.3%,<.01%
681936100,OHI,OMEGA HEALTHCARE INVS INC,131936,3256,6.29M,155.25K,+2.5%,<.01%
68236X100,TOI,THE ONCOLOGY INSTITUTE INC,78107,28576,424.12K,155.17K,+57.7%,<.01%
092113109,BKH,BLACK HILLS CORP,21640,2080,1.61M,154.75K,+10.6%,<.01%
337345102,QTEC,FIRST TR EXCHANGE-TRADED FD,7759,462,2.6M,154.62K,+6.3%,<.01%
675232102,OII,OCEANEERING INTL INC,349342,3810,14.16M,154.38K,+1.1%,<.01%
46434G848,PICK,ISHARES INC,7511,2654,436.75K,154.33K,+54.6%,<.01%
30049A107,EPM,EVOLUTION PETE CORP,48366,41582,177.99K,153.02K,+612.9%,<.01%
L44385109,GLOB,GLOBANT S A,10037,5252,290.46K,151.99K,+109.8%,<.01%
46137V738,PWV,INVESCO EXCHANGE TRADED FD T,21631,1997,1.64M,151.32K,+10.2%,<.01%
69374H857,CALF,PACER FDS TR,9543,2984,482.96K,151.02K,+45.5%,<.01%
700885106,PKBK,PARKE BANCORP INC,6647,4552,220.42K,150.95K,+217.3%,<.01%
74291D104,PROK,PROKIDNEY CORP,84206,73952,171.78K,150.86K,+721.2%,<.01%
86384P109,STUB,STUBHUB HLDGS INC,11771,11721,151.5K,150.86K,+23442%,<.01%
22113B103,CSAN,COSAN S A,59247,52250,170.63K,150.48K,+746.7%,<.01%
46138E743,PXF,INVESCO EXCH TRADED FD TR II,38093,1983,2.88M,150K,+5.5%,<.01%
316092618,FDHY,FIDELITY COVINGTON TRUST,4817,3052,236.17K,149.63K,+172.9%,<.01%
192005106,CDXS,CODEXIS INC,478483,65886,1.08M,148.9K,+16%,<.01%
67018T105,NUS,NU SKIN ENTERPRISES INC,32918,28134,173.81K,148.55K,+588.1%,<.01%
464287754,IYJ,ISHARES TR,26540,889,4.42M,148.15K,+3.5%,<.01%
381430438,GSEW,GOLDMAN SACHS ETF TR,5046,1561,476.49K,147.4K,+44.8%,<.01%
81642T209,SLS,SELLAS LIFE SCIENCES GROUP I,25533,9972,376.87K,147.19K,+64.1%,<.01%
01626W101,ALIT,ALIGHT INC,352260,261595,197.27K,146.49K,+288.5%,<.01%
45778Q107,NSP,INSPERITY INC,36149,3501,1.49M,144.62K,+10.7%,<.01%
33734K109,FEX,FIRST TR EXCHANGE-TRADED ALP,10419,1027,1.46M,143.65K,+10.9%,<.01%
92189F684,RTH,VANECK ETF TRUST,2133,561,545.54K,143.48K,+35.7%,<.01%
700215304,TRAK,REPOSITRAK INC,22009,15874,198.08K,142.86K,+258.7%,<.01%
92204A884,VOX,VANGUARD WORLD FD,13871,776,2.55M,142.74K,+5.9%,<.01%
381430206,GEM,GOLDMAN SACHS ETF TR,7913,2727,411.46K,141.8K,+52.6%,<.01%
921935508,VFMO,VANGUARD WELLINGTON FD,568,568,141.65K,141.65K,NEW,<.01%
81369Y860,XLRE,SELECT SECTOR SPDR TR,20405,3217,898.41K,141.64K,+18.7%,<.01%
40637HAF6,HALO,HALOZYME THERAPEUTICS INC,6751000,97000,9.85M,141.59K,+1.5%,<.01%
001055102,AFL,AFLAC INC,1437756,1201,168.58M,140.82K,+0.1%,<.01%
52466B103,LZ,LEGALZOOM COM INC,27358,22930,167.71K,140.56K,+517.8%,<.01%
03945R102,ACHR,ARCHER AVIATION INC,710238,29539,3.36M,139.72K,+4.3%,<.01%
69374H105,PTLC,PACER FDS TR,12059,2396,702.58K,139.6K,+24.8%,<.01%
464287325,IXJ,ISHARES TR,16116,1412,1.59M,139.34K,+9.6%,<.01%
464288687,PFF,ISHARES TR,18773,4555,572.4K,138.89K,+32%,<.01%
46138E537,PZA,INVESCO EXCH TRADED FD TR II,17442,5890,410.24K,138.53K,+51%,<.01%
47103U852,JMBS,JANUS DETROIT STR TR,3079,3079,138.51K,138.51K,NEW,<.01%
46137V597,PRFZ,INVESCO EXCHANGE TRADED FD T,58058,2470,3.24M,137.75K,+4.4%,<.01%
08975B109,BBAI,BIGBEAR AI HLDGS INC,56924,37480,208.91K,137.55K,+192.8%,<.01%
33734X135,FXO,FIRST TR EXCHANGE-TRADED FD,7007,2196,437.66K,137.16K,+45.6%,<.01%
92189F643,MOAT,VANECK ETF TRUST,47904,1312,4.98M,136.39K,+2.8%,<.01%
530307107,LBRDA,LIBERTY BROADBAND CORP,16692,4087,555.51K,136.02K,+32.4%,<.01%
165303108,CPK,CHESAPEAKE UTILS CORP,8420,1109,1.03M,135.84K,+15.2%,<.01%
879080109,TRC,TEJON RANCH CO,8098,7233,151.43K,135.26K,+836.2%,<.01%
87283Q503,TSPA,T ROWE PRICE EXCHANGE-TRADED,2867,2834,136.27K,134.7K,+8587.9%,<.01%
532746104,LMNR,LIMONEIRA CO,14469,10258,189.98K,134.69K,+243.6%,<.01%
921932885,IVOO,VANGUARD ADMIRAL FDS INC,11182,1025,1.46M,133.65K,+10.1%,<.01%
17133Q502,CHT,CHUNGHWA TELECOM CO LTD,114650,3018,5.07M,133.58K,+2.7%,<.01%
25434V500,DFAS,DIMENSIONAL ETF TRUST,18350,1621,1.51M,133.47K,+9.7%,<.01%
032797300,AVXL,ANAVEX LIFE SCIENCES CORP,60024,51529,155.46K,133.46K,+606.6%,<.01%
19761L607,MUST,COLUMBIA ETF TR I,9727,6370,202.32K,132.49K,+189.8%,<.01%
23204X103,CTOS,CUSTOM TRUCK ONE SOURCE INC,117428,11166,1.39M,131.87K,+10.5%,<.01%
350060109,FSTR,FOSTER L B CO,30155,2912,1.36M,131.54K,+10.7%,<.01%
464288109,ILCV,ISHARES TR,12709,1297,1.29M,131.31K,+11.4%,<.01%
14843C105,CSTL,CASTLE BIOSCIENCES INC,55871,5459,1.33M,130.2K,+10.8%,<.01%
46435U325,IBMQ,ISHARES TR,6378,5065,163.15K,129.56K,+385.8%,<.01%
361008105,FNKO,FUNKO INC,280847,21980,1.65M,129.24K,+8.5%,<.01%
043113208,ARTNA,ARTESIAN RES CORP,7147,3802,242.93K,129.23K,+113.7%,<.01%
826917106,SIGA,SIGA TECHNOLOGIES INC,58858,35456,214.24K,129.06K,+151.5%,<.01%
46137V498,XSMO,INVESCO EXCHANGE TRADED FD T,8292,1376,776.38K,128.83K,+19.9%,<.01%
46138J742,IUS,INVESCO EXCH TRD SLF IDX FD,8518,1961,558.59K,128.6K,+29.9%,<.01%
98943L107,ZNTL,ZENTALIS PHARMACEUTICALS INC,310264,26347,1.5M,127.78K,+9.3%,<.01%
46138J619,OMFL,INVESCO EXCH TRD SLF IDX FD,12978,1858,889.53K,127.35K,+16.7%,<.01%
03475V101,ANGO,ANGIODYNAMICS INC,104516,9768,1.36M,127.08K,+10.3%,<.01%
75902K106,RM,REGIONAL MGMT CORP,65657,3070,2.71M,126.48K,+4.9%,<.01%
98401F105,XNCR,XENCOR INC,119745,7854,1.93M,126.45K,+7%,<.01%
00162Q395,OUSM,ALPS ETF TR,6953,2652,330.42K,126.03K,+61.7%,<.01%
46436E767,USXF,ISHARES TR,5631,1811,391.05K,125.77K,+47.4%,<.01%
67092P888,NUEM,NUSHARES ETF TR,6853,2956,290.81K,125.44K,+75.9%,<.01%
464287341,IXC,ISHARES TR,12052,2545,592.13K,125.04K,+26.8%,<.01%
459044103,IBOC,INTERNATIONAL BANCSHARES COR,7672,1629,582.65K,123.72K,+27%,<.01%
094235108,BLMN,BLOOMIN BRANDS INC,45868,13530,419.24K,123.67K,+41.8%,<.01%
464289420,IWX,ISHARES TR,16794,1173,1.77M,123.35K,+7.5%,<.01%
339382103,FLXS,FLEXSTEEL INDS INC,40232,1643,3M,122.37K,+4.3%,<.01%
46435U259,IBMO,ISHARES TR,5214,4773,133.68K,122.37K,+1082.3%,<.01%
33738R118,TDIV,FIRST TR EXCHANGE TRADED FD,16162,1064,1.86M,122.23K,+7%,<.01%
46654Q575,JMTG,J P MORGAN EXCHANGE TRADED F,4836,2408,245.08K,122.03K,+99.2%,<.01%
74347B680,REGL,PROSHARES TR,10031,1332,918.58K,121.98K,+15.3%,<.01%
56501R106,MFC,MANULIFE FINL CORP,409170,3001,16.59M,121.71K,+0.7%,<.01%
04316A108,APAM,ARTISAN PARTNERS ASSET MGMT,18887,3522,652.17K,121.61K,+22.9%,<.01%
00835Q202,AEVA,AEVA TECHNOLOGIES INC,341263,4219,9.8M,121.17K,+1.3%,<.01%
91359E105,UHT,UNIVERSAL HEALTH RLTY INCOME,29660,2758,1.3M,120.97K,+10.3%,<.01%
45781M101,INVA,INNOVIVA INC,74055,5325,1.68M,120.93K,+7.7%,<.01%
184499101,CLNE,CLEAN ENERGY FUELS CORP,75590,58724,154.96K,120.39K,+348.2%,<.01%
46641Q373,BBIN,J P MORGAN EXCHANGE TRADED F,4693,1534,366.4K,119.76K,+48.6%,<.01%
74934Q108,RICK,RCI HOSPITALITY HLDGS INC,5680,4343,155.16K,118.64K,+324.8%,<.01%
74766Q101,QTRX,QUANTERIX CORP,210634,27278,909.94K,117.84K,+14.9%,<.01%
46435G334,EWU,ISHARES TR,15805,2551,729.25K,117.7K,+19.2%,<.01%
025072364,AVIV,AMERICAN CENTY ETF TR,1974,1514,152.81K,117.2K,+329.1%,<.01%
746729763,FTNY,PUTNAM ETF TRUST,18118,14642,144.4K,116.7K,+421.2%,<.01%
37954Y343,MLPA,GLOBAL X FDS,5483,2192,291.02K,116.35K,+66.6%,<.01%
46435U283,IBMP,ISHARES TR,4823,4576,122.6K,116.32K,+1852.6%,<.01%
359616109,FULC,FULCRUM THERAPEUTICS INC,92327,31286,337.92K,114.51K,+51.3%,<.01%
64049M209,NEO,NEOGENOMICS INC,234150,7837,3.42M,114.34K,+3.5%,<.01%
464288406,IMCV,ISHARES TR,4952,1245,452.51K,113.77K,+33.6%,<.01%
G63755105,NIQ,NIQ GLOBAL INTELLIGENCE PLC,16744,12011,156.55K,112.3K,+253.8%,<.01%
464286814,EWN,ISHARES INC,2587,1577,181.96K,110.92K,+156.1%,<.01%
37954Y491,DAX,GLOBAL X FDS,3539,2509,156.3K,110.81K,+243.6%,<.01%
04649U102,ASUR,ASURE SOFTWARE INC,15814,13893,125.56K,110.31K,+723.2%,<.01%
532275104,LWLG,LIGHTWAVE LOGIC INC,34901,11602,330.17K,109.76K,+49.8%,<.01%
22410J106,CBRL,CRACKER BARREL OLD CTRY STOR,4411,2058,235.13K,109.7K,+87.5%,<.01%
589400100,MCY,MERCURY GENL CORP NEW,28201,1027,3.01M,109.5K,+3.8%,<.01%
860897107,SFIX,STITCH FIX INC,842641,26579,3.46M,109.24K,+3.3%,<.01%
09290C855,BLCR,BLACKROCK ETF TRUST,2835,2165,142.78K,109.04K,+323.1%,<.01%
35834F104,TE,T1 ENERGY INC,104406,11475,989.77K,108.78K,+12.3%,<.01%
83012A109,TSLX,SIXTH STREET SPECIALTY LENDI,6366,6331,109.3K,108.7K,+18088.6%,<.01%
163092109,CHGG,CHEGG INC,1285061,107464,1.3M,108.54K,+9.1%,<.01%
464288729,EXI,ISHARES TR,2568,539,514.9K,108.07K,+26.6%,<.01%
37954Y293,MLPX,GLOBAL X FDS,11070,1465,815.45K,107.92K,+15.3%,<.01%
12685J105,CABO,CABLE ONE INC,26114,2026,1.39M,107.6K,+8.4%,<.01%
132061201,SYLD,CAMBRIA ETF TR,2271,1350,179.58K,106.75K,+146.6%,<.01%
44980X109,IPGP,IPG PHOTONICS CORP,5398,906,633.28K,106.29K,+20.2%,<.01%
556099109,MGNX,MACROGENICS INC,83618,22870,386.31K,105.66K,+37.6%,<.01%
428291108,HXL,HEXCEL CORP NEW,13993,1055,1.4M,105.56K,+8.2%,<.01%
47100L301,DFDV,DEFI DEVELOPMENT CORP,35648,35648,104.81K,104.81K,NEW,<.01%
597742105,MSBI,MIDLAND STATES BANCORP INC,37607,3365,1.17M,104.79K,+9.8%,<.01%
559663109,MGY,MAGNOLIA OIL & GAS CORP,25878,4093,661.98K,104.7K,+18.8%,<.01%
50181P100,LCNB,LCNB CORP,15838,5940,278.58K,104.48K,+60%,<.01%
46436E163,IBMR,ISHARES TR,4240,4111,107.66K,104.38K,+3186.8%,<.01%
25434V625,DCOR,DIMENSIONAL ETF TRUST,1272,1272,104.29K,104.29K,NEW,<.01%
46438G570,TOPT,ISHARES TR,3226,3146,106.19K,103.55K,+3932.5%,<.01%
33733E302,FDN,FIRST TR EXCHANGE-TRADED FD,12728,391,3.37M,103.5K,+3.2%,<.01%
33734X176,FXL,FIRST TR EXCHANGE-TRADED FD,5551,475,1.21M,103.19K,+9.4%,<.01%
703481101,PTEN,PATTERSON-UTI ENERGY INC,103809,11189,952.97K,102.72K,+12.1%,<.01%
M9T951109,ZIM,ZIM INTEGRATED SHIPPING SERV,89042,3913,2.32M,101.74K,+4.6%,<.01%
78470E106,EFAX,SPDR INDEX SHS FDS,3660,1870,198.08K,101.21K,+104.5%,<.01%
46137V142,PHO,INVESCO EXCHANGE TRADED FD T,34127,1454,2.36M,100.44K,+4.5%,<.01%
89679E300,TFIN,TRIUMPH FINANCIAL INC,4886,1314,372.87K,100.28K,+36.8%,<.01%
03969T109,ARCT,ARCTURUS THERAPEUTICS HLDGS,19542,14921,131.32K,100.27K,+322.9%,<.01%
69374H436,QDPL,PACER FDS TR,3824,2203,172.33K,99.28K,+135.9%,<.01%
464288752,ITB,ISHARES TR,16338,949,1.71M,99.15K,+6.2%,<.01%
761624105,REX,REX AMERICAN RES CORP,18582,2193,839K,99.02K,+13.4%,<.01%
94724R108,WEAV,WEAVE COMMUNICATIONS INC,177718,16506,1.06M,98.87K,+10.2%,<.01%
25434V781,DISV,DIMENSIONAL ETF TRUST,12044,2453,483.31K,98.43K,+25.6%,<.01%
02072L607,FRDM,EA SERIES TRUST,5037,1350,367.2K,98.41K,+36.6%,<.01%
313148306,AGM,FEDERAL AGRIC MTG CORP,2099,493,418.26K,98.24K,+30.7%,<.01%
921935870,VTES,VANGUARD WELLINGTON FD,1451,969,146.98K,98.15K,+201%,<.01%
78463X848,CWI,SPDR INDEX SHS FDS,15817,2393,643.28K,97.32K,+17.8%,<.01%
94188P101,WSBF,WATERSTONE FINL INC MD,88871,4657,1.84M,96.54K,+5.5%,<.01%
29103W104,EEX,EMERALD HOLDING INC,47599,19133,239.9K,96.43K,+67.2%,<.01%
808524300,SCHG,SCHWAB STRATEGIC TR,597020,2845,20.2M,96.27K,+0.5%,<.01%
45826H109,ITGR,INTEGER HLDGS CORP,7667,1030,716.46K,96.25K,+15.5%,<.01%
82312B106,SHEN,SHENANDOAH TELECOMMUNICATION,75442,6382,1.14M,96.24K,+9.2%,<.01%
464287127,ILCB,ISHARES TR,25628,925,2.66M,95.88K,+3.7%,<.01%
464287564,ICF,ISHARES TR,9720,1408,657.37K,95.22K,+16.9%,<.01%
37960A669,SDIV,GLOBAL X FDS,8783,3889,214.67K,95.05K,+79.5%,<.01%
784305104,HTO,H2O AMERICA,10231,1564,621.75K,95.05K,+18%,<.01%
04911A107,AUB,ATLANTIC UN BANKSHARES CORP,51114,2240,2.16M,94.77K,+4.6%,<.01%
46436E403,GARP,ISHARES TR,3372,1147,278.34K,94.68K,+51.6%,<.01%
78464A102,XNTK,SPDR SERIES TRUST,2465,242,963.03K,94.54K,+10.9%,<.01%
78468R523,BILS,SPDR SERIES TRUST,1024,951,101.74K,94.49K,+1302.7%,<.01%
78349D107,RXST,RXSIGHT INC,28921,19574,139.4K,94.35K,+209.4%,<.01%
09661T602,BKAG,BNY MELLON ETF TRUST,6453,2249,270.69K,94.34K,+53.5%,<.01%
78464A862,XSD,SPDR SERIES TRUST,1553,151,968.39K,94.16K,+10.8%,<.01%
G61188127,LBTYK,LIBERTY GLOBAL LTD,279958,8559,3.08M,94.15K,+3.2%,<.01%
19761L706,RECS,COLUMBIA ETF TR I,14490,2174,627.14K,94.09K,+17.7%,<.01%
25382K100,DMRC,DIGIMARC CORP,11440,11440,94.04K,94.04K,NEW,<.01%
92189F692,PPH,VANECK ETF TRUST,3341,857,365.37K,93.72K,+34.5%,<.01%
74280R205,UFO,PROCURE ETF TRUST II,2073,1846,105.05K,93.55K,+813.2%,<.01%
86280R506,HNDL,STRATEGY SHS,5108,4060,116.69K,92.75K,+387.4%,<.01%
464287309,IVW,ISHARES TR,2047686,670,281.62M,92.15K,+0%,0.01%
464289859,AOA,ISHARES TR,10888,942,1.06M,91.94K,+9.5%,<.01%
33767U107,FSUN,FIRSTSUN CAP BANCORP,4527,2367,175.56K,91.79K,+109.6%,<.01%
46435U556,ARTY,ISHARES TR,8040,1205,612.34K,91.77K,+17.6%,<.01%
90328M107,USNA,USANA HEALTH SCIENCES INC,5828,4292,124.43K,91.63K,+279.4%,<.01%
33939L506,TDTT,FLEXSHARES TR,4020,3832,96.11K,91.61K,+2038.3%,<.01%
25459Y207,QQQE,DIREXION SHARES ETF TRUST,4487,748,547.51K,91.27K,+20%,<.01%
97717W281,DGS,WISDOMTREE TR,10558,1407,683.22K,91.05K,+15.4%,<.01%
02083X103,PINE,ALPINE INCOME PPTY TR INC,37738,4375,783.44K,90.82K,+13.1%,<.01%
46137V605,DJD,INVESCO EXCHANGE TRADED FD T,4142,1429,262.51K,90.57K,+52.7%,<.01%
78463X103,SPEU,SPDR INDEX SHS FDS,10802,1650,592.81K,90.55K,+18%,<.01%
83946P107,SPFI,SOUTH PLAINS FINANCIAL INC,2659,2102,114.54K,90.55K,+377.4%,<.01%
G35947202,FLNG,FLEX LNG LTD,9821,3215,275.58K,90.21K,+48.7%,<.01%
004816104,ACU,ACME UTD CORP,2574,1890,122.86K,90.21K,+276.3%,<.01%
566330106,MCS,MARCUS CORP DEL,68052,3842,1.6M,90.13K,+6%,<.01%
33939L407,GUNR,FLEXSHARES TR,24849,1829,1.22M,90.13K,+7.9%,<.01%
37954Y236,DTCR,GLOBAL X FDS,4385,2955,133.16K,89.73K,+206.6%,<.01%
464288562,REZ,ISHARES TR,1877,945,177.76K,89.5K,+101.4%,<.01%
464288208,IMCB,ISHARES TR,16739,925,1.62M,89.32K,+5.8%,<.01%
46137V167,RZV,INVESCO EXCHANGE TRADED FD T,984,598,146.69K,89.15K,+154.9%,<.01%
85237B101,TRON,TRON INC,55325,55325,89.07K,89.07K,NEW,<.01%
025072810,FDG,AMERICAN CENTY ETF TR,905,668,120.45K,88.91K,+281.9%,<.01%
233051630,HDEF,DBX ETF TR,32428,2750,1.04M,88.38K,+9.3%,<.01%
Y62132108,NVGS,NAVIGATOR HLDGS LTD,682775,4721,12.72M,87.95K,+0.7%,<.01%
77313F106,RCKT,ROCKET PHARMACEUTICALS INC,488299,25669,1.67M,87.79K,+5.5%,<.01%
55939A107,MAGN,MAGNERA CORP,74250,7443,872.44K,87.46K,+11.1%,<.01%
97717X131,IQDG,WISDOMTREE TR,12286,2029,529.27K,87.41K,+19.8%,<.01%
46137V175,RZG,INVESCO EXCHANGE TRADED FD T,2711,1200,197.11K,87.25K,+79.4%,<.01%
025072307,QGRO,AMERICAN CENTY ETF TR,1780,739,210.1K,87.23K,+71%,<.01%
14427M206,PRTS,CARPARTS COM INC,13428,13428,86.48K,86.48K,NEW,<.01%
Y2685T131,GNK,GENCO SHIPPING & TRADING LTD,53194,3469,1.32M,85.96K,+7%,<.01%
42225T107,HCAT,HEALTH CATALYST INC,410637,43164,817.17K,85.9K,+11.7%,<.01%
35473P884,FLQM,FRANKLIN TEMPLETON ETF TR,7267,1481,420.63K,85.72K,+25.6%,<.01%
26922A289,UFOX,ETF SER SOLUTIONS,8146,902,774.14K,85.72K,+12.5%,<.01%
92204A108,VCR,VANGUARD WORLD FD,12820,216,5.08M,85.67K,+1.7%,<.01%
316188606,FIGB,FIDELITY MERRIMACK STR TR,13283,1986,568.92K,85.06K,+17.6%,<.01%
46131B704,IVR,INVESCO MORTGAGE CAPITAL INC,24162,10676,190.88K,84.34K,+79.2%,<.01%
15234Q207,AXIA,AXIA ENERGIA SA,98820,7936,1.04M,83.8K,+8.7%,<.01%
47103U209,JSMD,JANUS DETROIT STR TR,2730,827,276.41K,83.73K,+43.5%,<.01%
81619Q105,SEM,SELECT MED HLDGS CORP,29775,5071,491.58K,83.72K,+20.5%,<.01%
003264108,SIVR,ABRDN SILVER ETF TRUST,2068,1483,116.25K,83.36K,+253.5%,<.01%
78464A698,KRE,SPDR SERIES TRUST,7886,1106,590.3K,82.79K,+16.3%,<.01%
46137V845,PRN,INVESCO EXCHANGE TRADED FD T,893,317,232.68K,82.6K,+55%,<.01%
69374H709,GCOW,PACER FDS TR,9131,1902,395.38K,82.36K,+26.3%,<.01%
381430602,GSSC,GOLDMAN SACHS ETF TR,3264,901,297.85K,82.22K,+38.1%,<.01%
855919106,STRZ,STARZ ENTERTAINMENT CORP.,6134,2833,177.03K,81.76K,+85.8%,<.01%
025072794,FLV,AMERICAN CENTY ETF TR,1287,1005,104.67K,81.73K,+356.4%,<.01%
92259N302,VELO,VELO3D INC,4631,4631,81.27K,81.27K,NEW,<.01%
74765K105,QSI,QUANTUM SI INC,123767,91799,109.53K,81.24K,+287.2%,<.01%
48576U205,KPTI,KARYOPHARM THERAPEUTICS INC,8936,8271,87.31K,80.81K,+1243.8%,<.01%
29271Q103,ESOA,ENERGY SERVICES OF AMER CORP,4335,4170,83.84K,80.65K,+2527.3%,<.01%
921932778,VIOV,VANGUARD ADMIRAL FDS INC,5596,687,656.59K,80.61K,+14%,<.01%
746729300,PVAL,PUTNAM ETF TRUST,7777,1573,396.26K,80.15K,+25.4%,<.01%
724479100,PBI,PITNEY BOWES INC,34017,4568,595.98K,80.03K,+15.5%,<.01%
285409108,ELMD,ELECTROMED INC,2046,1890,86.55K,79.95K,+1211.5%,<.01%
46138E214,IDHQ,INVESCO EXCH TRADED FD TR II,7329,1829,320.36K,79.95K,+33.3%,<.01%
126501105,CTS,CTS CORP,30997,1219,2.02M,79.47K,+4.1%,<.01%
28225C806,EGAN,EGAIN CORP,14241,12598,89.72K,79.37K,+766.8%,<.01%
683712103,OPEN,OPENDOOR TECHNOLOGIES INC,50189,17139,231.87K,79.18K,+51.9%,<.01%
46138E115,PSCT,INVESCO EXCH TRADED FD TR II,6648,856,614.39K,79.11K,+14.8%,<.01%
493732101,KFRC,KFORCE INC,40774,1675,1.91M,78.59K,+4.3%,<.01%
464288786,IAK,ISHARES TR,3130,559,439.89K,78.56K,+21.7%,<.01%
25434V609,DFAT,DIMENSIONAL ETF TRUST,41422,1114,2.9M,77.87K,+2.8%,<.01%
41151J729,EFFI,HARBOR ETF TRUST,28365,3064,719.28K,77.7K,+12.1%,<.01%
898697206,TCX,TUCOWS INC,7701,5749,103.74K,77.44K,+294.5%,<.01%
004468500,ACHV,ACHIEVE LIFE SCIENCE INC,17707,11812,115.63K,77.13K,+200.4%,<.01%
65443P102,MASS,908 DEVICES INC,19399,8856,168.77K,77.05K,+84%,<.01%
06738C778,DJP,BARCLAYS BANK PLC,1761,1761,76.98K,76.98K,NEW,<.01%
40171VAC4,GWRE,GUIDEWIRE SOFTWARE INC,7864000,80000,7.55M,76.8K,+1%,<.01%
68622E203,BARK,BARK INC,7693,7693,76.78K,76.78K,NEW,<.01%
092528504,CLOA,BLACKROCK ETF TRUST II,1479,1479,76.75K,76.75K,NEW,<.01%
66611T108,NFBK,NORTHFIELD BANCORP INC DEL,356070,5206,5.24M,76.68K,+1.5%,<.01%
46434V803,HEFA,ISHARES TR,65925,1634,3.09M,76.67K,+2.5%,<.01%
192576106,COHU,COHU INC,48586,1027,3.59M,75.9K,+2.2%,<.01%
87283Q107,TCHP,T ROWE PRICE EXCHANGE-TRADED,2178,1511,109.09K,75.68K,+226.5%,<.01%
21833P301,CRBP,CORBUS PHARMACEUTICALS HLDGS,8651,7963,81.15K,74.69K,+1157.4%,<.01%
19762B202,XCEM,COLUMBIA ETF TR II,21795,1411,1.15M,74.61K,+6.9%,<.01%
78463X459,WDIV,SPDR INDEX SHS FDS,1832,927,146.38K,74.07K,+102.4%,<.01%
25520W107,DEC,DIVERSIFIED ENERGY CO,11189,5279,155.07K,73.16K,+89.3%,<.01%
37954Y855,LIT,GLOBAL X FDS,5325,934,416.84K,73.11K,+21.3%,<.01%
97717W588,EPS,WISDOMTREE TR,19928,938,1.55M,72.97K,+4.9%,<.01%
464286517,LEMB,ISHARES INC,31874,1710,1.35M,72.55K,+5.7%,<.01%
427746102,HRTX,HERON THERAPEUTICS INC,226803,168608,96.8K,71.96K,+289.7%,<.01%
206787103,CNDT,CONDUENT INC,94972,49212,138.66K,71.85K,+107.5%,<.01%
32076V103,AG,FIRST MAJESTIC SILVER CORP,12750,4224,216.24K,71.64K,+49.5%,<.01%
457030104,IMKTA,INGLES MKTS INC,6541,805,579.39K,71.31K,+14%,<.01%
46434G772,EWT,ISHARES INC,9886,655,1.07M,71.14K,+7.1%,<.01%
320218100,THFF,FIRST FINANCIAL CORPORATION,18489,918,1.43M,71.09K,+5.2%,<.01%
035255108,ANIK,ANIKA THERAPEUTICS INC,52980,4859,775.1K,71.09K,+10.1%,<.01%
464288679,SHV,ISHARES TR,1613,643,177.99K,70.95K,+66.3%,<.01%
464288737,KXI,ISHARES TR,10098,1047,681.89K,70.7K,+11.6%,<.01%
98149E303,GLDM,WORLD GOLD TR,14927,889,1.19M,70.6K,+6.3%,<.01%
78463X434,QEFA,SPDR INDEX SHS FDS,6252,733,600.31K,70.38K,+13.3%,<.01%
22658D100,CRCT,CRICUT INC,66470,15965,291.8K,70.09K,+31.6%,<.01%
69374H634,USAI,PACER FDS TR,1829,1540,83.22K,70.07K,+532.9%,<.01%
60784B101,MDV,MODIV INDUSTRIAL INC,4394,4009,76.46K,69.76K,+1041.3%,<.01%
33738R688,FID,FIRST TR EXCHANGE TRADED FD,9024,3250,193.65K,69.74K,+56.3%,<.01%
025072752,ACLC,AMERICAN CENTY ETF TR,3518,828,295.88K,69.64K,+30.8%,<.01%
46438G885,IBIG,ISHARES TR,2628,2628,69K,69K,NEW,<.01%
29446M102,EQNR,EQUINOR ASA,1666602,2195,52.33M,68.92K,+0.1%,<.01%
78463X202,FEZ,SPDR INDEX SHS FDS,18653,1003,1.28M,68.89K,+5.7%,<.01%
136069101,CM,CANADIAN IMPERIAL BANK OF CO,152655,598,17.58M,68.85K,+0.4%,<.01%
78464A755,XME,SPDR SERIES TRUST,5026,642,537.43K,68.65K,+14.6%,<.01%
316092253,FRNW,FIDELITY COVINGTON TRUST,3103,2806,75.64K,68.4K,+944.8%,<.01%
09661T826,BKGI,BNY MELLON ETF TRUST,1518,1518,68.26K,68.26K,NEW,<.01%
030371108,AVD,AMERICAN VANGUARD CORP,294900,24342,825.72K,68.16K,+9%,<.01%
78464A649,SPAB,SPDR SERIES TRUST,13329,2670,340.15K,68.14K,+25%,<.01%
33738R811,FTXL,FIRST TR EXCHANGE TRADED FD,513,239,146.06K,68.05K,+87.2%,<.01%
78464A391,EBND,SPDR SERIES TRUST,14445,3221,302.19K,67.38K,+28.7%,<.01%
74255Y870,USMC,PRINCIPAL EXCHANGE TRADED FD,1155,906,85.63K,67.17K,+363.9%,<.01%
044186104,ASH,ASHLAND INC,8570,1019,564.69K,67.14K,+13.5%,<.01%
29287L700,FLXR,TCW ETF TRUST,1700,1700,66.66K,66.66K,NEW,<.01%
92647X830,VFLO,VICTORY PORTFOLIOS II,9724,1451,444.87K,66.38K,+17.5%,<.01%
G23773107,CWCO,CONSOLIDATED WATER CO INC,32902,2246,970.6K,66.26K,+7.3%,<.01%
549498202,LCID,LUCID GROUP INC,32812,9895,219.51K,66.2K,+43.2%,<.01%
46138E370,SPHB,INVESCO EXCH TRADED FD TR II,3181,425,494.87K,66.12K,+15.4%,<.01%
149150104,CATY,CATHAY GEN BANCORP,17764,1066,1.1M,66.08K,+6.4%,<.01%
46591M109,JOYY,JOYY INC,9302,1000,613.84K,65.99K,+12%,<.01%
46137V506,PFM,INVESCO EXCHANGE TRADED FD T,22982,1188,1.27M,65.88K,+5.5%,<.01%
64031N108,NNI,NELNET INC,2245,493,299.35K,65.74K,+28.1%,<.01%
83066P309,SKIL,SKILLSOFT CORP,30816,12684,159.63K,65.7K,+70%,<.01%
46434V860,TFLO,ISHARES TR,1487,1290,75.31K,65.33K,+654.8%,<.01%
143905107,CSV,CARRIAGE SVCS INC,2380839,1693,91.28M,64.91K,+0.1%,<.01%
664121100,NECB,NORTHEAST CMNTY BANCORP INC,3273,2336,90.81K,64.81K,+249.3%,<.01%
67079U306,NUTX,NUTEX HEALTH INC,573,378,97.92K,64.6K,+193.8%,<.01%
45719W205,IKT,INHIBIKASE THERAPEUTICS INC,103727,31764,210.57K,64.48K,+44.1%,<.01%
921932828,VIOO,VANGUARD ADMIRAL FDS INC,9995,466,1.37M,64.1K,+4.9%,<.01%
46436F103,IAUM,ISHARES GOLD TRUST MICRO,4658,1600,186.37K,64.02K,+52.3%,<.01%
228895108,CCEL,CRYO-CELL INTL INC,20000,20000,63.8K,63.8K,NEW,<.01%
415858109,HROW,HARROW INC,5201,1502,220.89K,63.79K,+40.6%,<.01%
65340P106,NXE,NEXGEN ENERGY LTD,6813,6791,63.98K,63.78K,+30868.2%,<.01%
003022266,ASCI,ABRDN FDS,1948,1737,71.39K,63.66K,+823.2%,<.01%
687380105,ORRF,ORRSTOWN FINL SVCS INC,6549,1546,267.39K,63.12K,+30.9%,<.01%
78464A656,SPIP,SPDR SERIES TRUST,5975,2458,153.43K,63.12K,+69.9%,<.01%
46654Q583,LVDS,J P MORGAN EXCHANGE TRADED F,1467,1102,83.9K,63.02K,+301.9%,<.01%
316092378,FLRG,FIDELITY COVINGTON TRUST,23017,1528,944.25K,62.68K,+7.1%,<.01%
09789C879,XEMD,BONDBLOXX ETF TRUST,1585,1394,71.19K,62.61K,+729.8%,<.01%
301505475,NUKZ,EXCHANGE TRADED CONCEPTS TRU,1663,918,113.33K,62.56K,+123.2%,<.01%
46436E296,IBTM,ISHARES TR,2750,2750,62.41K,62.41K,NEW,<.01%
67059NAH1,NTNX,NUTANIX INC,7509000,55000,8.46M,61.98K,+0.7%,<.01%
518416201,ROAM,LATTICE STRATEGIES TR,1731,1731,61.92K,61.92K,NEW,<.01%
464286103,EWA,ISHARES INC,5166939,2186,145.5M,61.56K,+0%,<.01%
14021T102,CGIC,CAPITAL GROUP INTERNATIONAL,1690,1690,61.5K,61.5K,NEW,<.01%
62886E108,VYX,NCR VOYIX CORPORATION,17989,7519,146.97K,61.43K,+71.8%,<.01%
97717W521,OPPJ,WISDOMTREE TR,1179,1064,67.97K,61.34K,+925.2%,<.01%
0076CA104,AEG,AEGON LTD,392369,7265,3.31M,61.32K,+1.9%,<.01%
372284208,GNE,GENIE ENERGY LTD,4887,4234,70.62K,61.18K,+648.4%,<.01%
464286400,EWZ,ISHARES INC,5364,1770,185.06K,61.06K,+49.2%,<.01%
46139W825,BSCX,INVESCO EXCH TRD SLF IDX FD,3015,2887,63.48K,60.78K,+2255.5%,<.01%
92647N766,CFA,VICTORY PORTFOLIOS II,3751,613,370.63K,60.57K,+19.5%,<.01%
19762B707,INCO,COLUMBIA ETF TR II,1015,1015,60.54K,60.54K,NEW,<.01%
78433H675,QQQI,NEOS ETF TRUST,1055,1055,59.9K,59.9K,NEW,<.01%
921946885,VWOB,VANGUARD WHITEHALL FDS,4227,889,284.24K,59.78K,+26.6%,<.01%
31609A800,FEMR,FIDELITY COVINGTON TRUST,1446,1398,61.58K,59.53K,+2912.5%,<.01%
68375NAG8,OPK,OPKO HEALTH INC,1415000,40000,2.1M,59.32K,+2.9%,<.01%
374396406,GEVO,GEVO INC,63962,39470,95.94K,59.2K,+161.2%,<.01%
46138E263,CGW,INVESCO EXCH TRADED FD TR II,13241,899,870.34K,59.09K,+7.3%,<.01%
97717Y543,WTAI,WISDOMTREE TR,1814,1241,86.13K,58.92K,+216.6%,<.01%
464287861,IEV,ISHARES TR,20880,808,1.52M,58.86K,+4%,<.01%
233051846,HAUZ,DBX ETF TR,8382,2607,187.92K,58.45K,+45.1%,<.01%
97717X263,DDWM,WISDOMTREE TR,2066,1263,95.42K,58.33K,+157.3%,<.01%
746729789,FTMH,PUTNAM ETF TRUST,6460,4893,76.74K,58.13K,+312.3%,<.01%
53566V106,LINE,LINEAGE INC,11285,1341,488.09K,58K,+13.5%,<.01%
464286285,EMHY,ISHARES INC,2775,1424,112.85K,57.91K,+105.4%,<.01%
97717Y857,USMF,WISDOMTREE TR,1749,1066,94.87K,57.82K,+156.1%,<.01%
97717W703,DWM,WISDOMTREE TR,2966,789,217.18K,57.77K,+36.2%,<.01%
36831E108,GCMG,GCM GROSVENOR INC,8270,4685,101.72K,57.62K,+130.7%,<.01%
002942100,AARD,AARDVARK THERAPEUTICS INC,18904,9946,108.89K,57.29K,+111%,<.01%
69374H873,ICOW,PACER FDS TR,4722,1373,196.57K,57.16K,+41%,<.01%
82835W108,SPRY,ARS PHARMACEUTICALS INC,349164,7122,2.8M,57.05K,+2.1%,<.01%
04965N104,RNA,ATRIUM THERAPEUTICS INC,33532,4240,451K,57.03K,+14.5%,<.01%
51817R205,LTM,LATAM AIRLINES GROUP SA,7176,978,418.14K,56.99K,+15.8%,<.01%
50043K406,KGEI,KOLIBRI GLOBAL ENERGY INC,14661,11367,73.01K,56.61K,+345.1%,<.01%
92189F841,HAP,VANECK ETF TRUST,883,820,60.57K,56.25K,+1301.6%,<.01%
92189H805,REMX,VANECK ETF TRUST,749,633,66.32K,56.05K,+545.7%,<.01%
33718M105,FDM,FIRST TR EXCHANGE-TRADED FD,1281,599,119.26K,55.76K,+87.8%,<.01%
35473P108,DIVI,FRANKLIN TEMPLETON ETF TR,12548,1305,536.05K,55.75K,+11.6%,<.01%
003262102,PALL,ABRDN PALLADIUM ETF TRUST,2552,2519,56.36K,55.63K,+7633.3%,<.01%
74347B557,SPXT,PROSHARES TR,606,513,65.57K,55.51K,+551.6%,<.01%
749360400,RCMT,RCM TECHNOLOGIES INC,3279,1958,92.55K,55.27K,+148.2%,<.01%
Y46717107,KEN,KENON HLDGS LTD,812,812,54.93K,54.93K,NEW,<.01%
87240R107,TFSL,TFS FINL CORP,21135,3092,374.53K,54.79K,+17.1%,<.01%
464288521,USRT,ISHARES TR,14411,823,957.6K,54.69K,+6.1%,<.01%
808524888,SCHC,SCHWAB STRATEGIC TR,141176,1133,6.79M,54.52K,+0.8%,<.01%
808524672,SCHY,SCHWAB STRATEGIC TR,12977,1713,411.76K,54.35K,+15.2%,<.01%
921937793,BLV,VANGUARD BD INDEX FDS,2949,786,203.29K,54.18K,+36.3%,<.01%
804395101,BFS,SAUL CTRS INC,8904,1424,332.94K,53.25K,+19%,<.01%
483467106,KLTR,KALTURA INC,50067,40955,65.09K,53.24K,+449.5%,<.01%
74767V109,QS,QUANTUMSCAPE CORP,42708,7039,322.87K,53.21K,+19.7%,<.01%
05534B760,BCE,BCE INC,221440,2466,4.77M,53.12K,+1.1%,<.01%
37950E416,SOCL,GLOBAL X FDS,2703,1211,118.4K,53.04K,+81.2%,<.01%
74766W108,QUBT,QUANTUM COMPUTING INC,14285,5460,138.57K,52.96K,+61.9%,<.01%
45780L104,INGN,INOGEN INC,17383,8186,112.12K,52.8K,+89%,<.01%
76674Q107,RMNI,RIMINI STR INC DEL,18175,12352,77.42K,52.62K,+212.1%,<.01%
00162Q205,EQL,ALPS ETF TR,4458,1039,224.91K,52.42K,+30.4%,<.01%
26923G400,PFFR,ETFIS SER TR I,3015,3001,52.45K,52.21K,+21435.7%,<.01%
00039J772,CAM,AB ACTIVE ETFS INC,7430,2068,186.95K,52.03K,+38.6%,<.01%
336920103,FPX,FIRST TR EXCHANGE-TRADED FD,4192,252,864.34K,51.96K,+6.4%,<.01%
50202M102,LI,LI AUTO INC,8907,4418,104.57K,51.87K,+98.4%,<.01%
46138G102,XSLV,INVESCO EXCH TRADED FD TR II,1147,989,60.1K,51.82K,+625.9%,<.01%
612160101,AIRJ,AIRJOULE TECHNOLOGIES CORP,20141,9301,111.58K,51.53K,+85.8%,<.01%
913456109,UVV,UNIVERSAL CORP VA MTNS BK EN,3008,979,156.94K,51.08K,+48.3%,<.01%
36164V800,GLIBK,LIBERTY CAP CORP,136014,2356,2.93M,50.8K,+1.8%,<.01%
53700T827,DBMF,LITMAN GREGORY FDS TR,2258,1647,69.11K,50.41K,+269.6%,<.01%
682406103,OLP,ONE LIBERTY PPTYS INC,11497,2055,280.75K,50.18K,+21.8%,<.01%
G4660A103,HSHP,HIMALAYA SHIPPING LTD,2038193,3735,27.18M,49.8K,+0.2%,<.01%
19240QAA0,COGT,COGENT BIOSCIENCES INC,1535000,40000,1.9M,49.45K,+2.7%,<.01%
46434V407,SHYG,ISHARES TR,4398,1165,186.54K,49.41K,+36%,<.01%
78464A599,XSW,SPDR SERIES TRUST,767,287,131.78K,49.31K,+59.8%,<.01%
97717X578,XSOE,WISDOMTREE TR,6895,1000,339.11K,49.18K,+17%,<.01%
37611X209,DNA,GINKGO BIOWORKS HOLDINGS INC,6951,4939,68.88K,48.95K,+245.5%,<.01%
464287515,IGV,ISHARES TR,44672,540,4.05M,48.92K,+1.2%,<.01%
00162Q726,BFOR,ALPS ETF TR,6014,508,575.08K,48.58K,+9.2%,<.01%
25434V658,DFGR,DIMENSIONAL ETF TRUST,3653,1671,105.84K,48.41K,+84.3%,<.01%
464286749,EWL,ISHARES INC,15823,769,994.48K,48.33K,+5.1%,<.01%
048592109,ATLN,ATLANTIC INTL CORP,59869,52467,55.08K,48.27K,+708.8%,<.01%
74623VAB9,PCT,PURECYCLE TECHNOLOGIES INC,1653000,45000,1.77M,48.08K,+2.8%,<.01%
008940108,AISP,AIRSHIP AI HLDGS INC,275943,20052,659.5K,47.92K,+7.8%,<.01%
78468R804,LGLV,SPDR SERIES TRUST,3458,264,627.5K,47.91K,+8.3%,<.01%
46654Q716,JBND,J P MORGAN EXCHANGE TRADED F,539886,895,28.88M,47.88K,+0.2%,<.01%
902673102,UFPT,UFP TECHNOLOGIES INC,1302,180,345.16K,47.72K,+16%,<.01%
72201R833,MINT,PIMCO ETF TR,8087,473,815.26K,47.68K,+6.2%,<.01%
08205P209,BNTC,BENITEC BIOPHARMA INC,5216,3562,69.79K,47.66K,+215.4%,<.01%
33734X184,FXU,FIRST TR EXCHANGE-TRADED FD,4232,962,208.81K,47.47K,+29.4%,<.01%
25434V732,DFEM,DIMENSIONAL ETF TRUST,18548,1167,753.79K,47.43K,+6.7%,<.01%
78464A383,SPMB,SPDR SERIES TRUST,19803,2122,441.8K,47.34K,+12%,<.01%
464289511,IGLB,ISHARES TR,1153,945,57.7K,47.29K,+454.3%,<.01%
92206C599,VTHR,VANGUARD SCOTTSDALE FDS,4815,142,1.6M,47.06K,+3%,<.01%
381430123,GSUS,GOLDMAN SACHS ETF TR,6254,456,644.79K,47.01K,+7.9%,<.01%
33737J182,FEM,FIRST TR EXCH TRD ALPHDX FD,2209,1469,70.67K,47K,+198.5%,<.01%
901476101,TWIN,TWIN DISC INC,4764,2023,110.52K,46.93K,+73.8%,<.01%
500600101,KOPN,KOPIN CORP,222414,10457,996.41K,46.85K,+4.9%,<.01%
46137V647,PSI,INVESCO EXCHANGE TRADED FD T,2955,249,555K,46.77K,+9.2%,<.01%
83001C108,FUN,SIX FLAGS ENTERTAINMENT CORP,12270,2189,261.34K,46.62K,+21.7%,<.01%
52110K400,IDEQ,LAZARD ACTIVE ETF TR,1325,1325,46.47K,46.47K,NEW,<.01%
46489V302,CATX,PERSPECTIVE THERAPEUTICS INC,327253,13595,1.12M,46.36K,+4.3%,<.01%
37954Y384,BUG,GLOBAL X FDS,2850,1209,108.85K,46.17K,+73.7%,<.01%
G3934V109,GENI,GENIUS SPORTS LIMITED,13837,7597,83.85K,46.04K,+121.7%,<.01%
46137V639,IGPT,INVESCO EXCHANGE TRADED FD T,4463,434,464.59K,45.18K,+10.8%,<.01%
055645303,BRT,BRT APARTMENTS CORP,8189,2937,125.86K,45.14K,+55.9%,<.01%
316092725,FIDI,FIDELITY COVINGTON TRUST,21488,1644,588.12K,45K,+8.3%,<.01%
070203104,BSET,BASSETT FURNITURE INDS INC,3543,2539,62.78K,44.99K,+252.9%,<.01%
37954Y830,COPX,GLOBAL X FDS,1967,583,151.44K,44.88K,+42.1%,<.01%
92839U206,VC,VISTEON CORP,11966,452,1.19M,44.84K,+3.9%,<.01%
023139884,OSG,OCTAVE SPECIALTY GROUP INC,8156,7162,50.89K,44.69K,+720.5%,<.01%
00214Q203,ARKQ,ARK ETF TR,337,337,44.56K,44.56K,NEW,<.01%
33733E203,FBT,FIRST TR EXCHANGE-TRADED FD,2470,179,612.31K,44.37K,+7.8%,<.01%
18538R103,CLW,CLEARWATER PAPER CORP,3628,2747,56.89K,43.07K,+311.8%,<.01%
30041R108,EVER,EVERQUOTE INC,29851,1808,710.16K,43.01K,+6.4%,<.01%
92347M100,VERI,VERITONE INC,33524,31390,45.93K,43K,+1470.9%,<.01%
37950E291,DIV,GLOBAL X FDS,4797,2254,91.38K,42.94K,+88.6%,<.01%
64110Y108,NLOP,NET LEASE OFFICE PROPERTIES,31751,3857,353.38K,42.93K,+13.8%,<.01%
92915B106,VYGR,VOYAGER THERAPEUTICS INC,175868,12186,615.54K,42.65K,+7.4%,<.01%
74365U107,TARA,PROTARA THERAPEUTICS INC,68200,11105,260.52K,42.42K,+19.5%,<.01%
06652K103,BKU,BANKUNITED INC,33741,874,1.63M,42.35K,+2.7%,<.01%
03214Q108,AMPX,AMPRIUS TECHNOLOGIES INC,15403,3053,213.49K,42.32K,+24.7%,<.01%
46641Q852,JPIB,J P MORGAN EXCHANGE TRADED F,875,875,42.31K,42.31K,NEW,<.01%
00165C302,AMC,AMC ENTMT HLDGS INC,58441,22251,111.04K,42.28K,+61.5%,<.01%
00162Q676,ENFR,ALPS ETF TR,2993,1106,114.05K,42.14K,+58.6%,<.01%
92189F601,NLR,VANECK ETF TRUST,1521,362,176.43K,41.99K,+31.2%,<.01%
37954Y624,DRIV,GLOBAL X FDS,2920,1084,112.62K,41.81K,+59%,<.01%
84470P109,SBSI,SOUTHSIDE BANCSHARES INC,3563,1184,125.38K,41.66K,+49.8%,<.01%
37954Y483,QYLD,GLOBAL X FDS,12773,2256,235.41K,41.58K,+21.5%,<.01%
92189H607,OIH,VANECK ETF TRUST,287,111,107.4K,41.54K,+63.1%,<.01%
114340102,AZTA,AZENTA INC,5153,1624,131.5K,41.44K,+46%,<.01%
514766104,LFCR,LIFECORE BIOMEDICAL INC,10101,7880,53.03K,41.37K,+354.8%,<.01%
14020Y805,CGHM,CAPITAL GRP FIXED INCM ETF T,1594,1594,41.2K,41.2K,NEW,<.01%
233051432,HYLB,DBX ETF TR,5183,1125,189.28K,41.09K,+27.7%,<.01%
02072Q812,MAVF,EA SERIES TRUST,438,299,59.3K,40.48K,+215.1%,<.01%
02072L714,BBLU,EA SERIES TRUST,6630,2452,109.4K,40.46K,+58.7%,<.01%
78468R705,MMTM,SPDR SERIES TRUST,129,129,40.37K,40.37K,NEW,<.01%
46434G780,EWS,ISHARES INC,13010,1363,385.23K,40.36K,+11.7%,<.01%
464286426,EEMA,ISHARES INC,2912,345,340.64K,40.36K,+13.4%,<.01%
698884AH6,,PAR TECHNOLOGY CORP,1753000,50000,1.41M,40.2K,+2.9%,<.01%
46138J460,BSCU,INVESCO EXCH TRD SLF IDX FD,7192,2408,119.71K,40.08K,+50.3%,<.01%
62914V106,NIO,NIO INC,362063,7884,1.83M,39.89K,+2.2%,<.01%
042315705,ARR,ARMOUR RESIDENTIAL REIT INC,13240,2285,231.04K,39.87K,+20.9%,<.01%
35243J101,FBRT,FRANKLIN BSP RLTY TR INC,9539,4885,77.64K,39.76K,+105%,<.01%
464287556,IBB,ISHARES TR,18641,206,3.56M,39.3K,+1.1%,<.01%
649445400,FLG,FLAGSTAR BANK NATIONAL ASSOC,30566,2626,456.65K,39.23K,+9.4%,<.01%
78463X749,RWO,SPDR INDEX SHS FDS,2743,787,136.38K,39.13K,+40.2%,<.01%
739276103,POWI,POWER INTEGRATIONS INC,11504,466,963.57K,39.03K,+4.2%,<.01%
921659108,VNDA,VANDA PHARMACEUTICALS INC,87459,6373,535.25K,39K,+7.9%,<.01%
65342K105,NEXT,NEXTDECADE CORP,11724,5161,88.4K,38.91K,+78.6%,<.01%
732344106,PDLB,PONCE FINANCIAL GROUP INC,2901,1949,57.85K,38.87K,+204.7%,<.01%
444097406,HPP,HUDSON PACIFIC PROPERTIES IN,861728,2558,13.09M,38.86K,+0.3%,<.01%
68236H204,ONDS,ONDAS INC,8423,4688,69.41K,38.63K,+125.5%,<.01%
26922B527,BGIG,ETF SER SOLUTIONS,9786,1074,351.23K,38.55K,+12.3%,<.01%
74623V103,PCT,PURECYCLE TECHNOLOGIES INC,9304,4743,75.46K,38.47K,+104%,<.01%
293712105,EFSC,ENTERPRISE FINL SVCS CORP,8373,580,551.58K,38.21K,+7.4%,<.01%
97717X594,IHDG,WISDOMTREE TR,10591,726,554.77K,38.03K,+7.4%,<.01%
025072802,AVDV,AMERICAN CENTY ETF TR,11607,368,1.2M,37.92K,+3.3%,<.01%
803607AD2,SRPT,SAREPTA THERAPEUTICS INC,1494000,40000,1.41M,37.73K,+2.8%,<.01%
407497106,HLNE,HAMILTON LANE INC,5337,476,420.72K,37.52K,+9.8%,<.01%
11777Q209,BTG,B2GOLD CORP,9976,9976,37.42K,37.42K,NEW,<.01%
48716P108,KRNY,KEARNY FINL CORP MD,62496,3954,591.22K,37.41K,+6.8%,<.01%
92333E104,VENU,VENU HLDG CORP,16436,16436,37.31K,37.31K,NEW,<.01%
02319V103,ABEV,AMBEV SA,490734,11844,1.54M,37.19K,+2.5%,<.01%
76119X105,RSVR,RESERVOIR MEDIA INC,7001,3749,69.24K,37.08K,+115.3%,<.01%
126117100,CNA,CNA FINL CORP,10921,761,530.87K,36.99K,+7.5%,<.01%
36164V602,GLIBA,LIBERTY CAP CORP,15233,1689,333.59K,36.99K,+12.5%,<.01%
35473P686,FLTW,FRANKLIN TEMPLETON ETF TR,360,350,37.99K,36.94K,+3500%,<.01%
169905106,CHH,CHOICE HOTELS INTL INC,5922,333,653.01K,36.72K,+6%,<.01%
09203E105,BDTX,BLACK DIAMOND THERAPEUTICS I,643668,19841,1.19M,36.71K,+3.2%,<.01%
68347P103,OPAL,OPAL FUELS INC,16661,16657,36.65K,36.65K,+416425%,<.01%
003260106,PPLT,ABRDN PLATINUM ETF TRUST,2892,2593,40.87K,36.64K,+867.2%,<.01%
808524714,SCHJ,SCHWAB STRATEGIC TR,6470,1474,159.55K,36.35K,+29.5%,<.01%
137404109,CADL,CANDEL THERAPEUTICS INC,10990535,3518,113.2M,36.24K,+0%,<.01%
46138G870,VRP,INVESCO EXCH TRADED FD TR II,2166,1489,52.67K,36.21K,+219.9%,<.01%
46641Q886,JPME,J P MORGAN EXCHANGE TRADED F,1576,291,195.8K,36.15K,+22.6%,<.01%
008492100,ADC,AGREE RLTY CORP,28757,477,2.18M,36.13K,+1.7%,<.01%
447324104,HURC,HURCO CO,21172,1570,484.73K,35.95K,+8%,<.01%
464287739,IYR,ISHARES TR,22834,350,2.33M,35.79K,+1.6%,<.01%
38149W101,GCOR,GOLDMAN SACHS ETF TR,1609,869,66.23K,35.77K,+117.4%,<.01%
368736104,GNRC,GENERAC HLDGS INC,28627,122,8.38M,35.72K,+0.4%,<.01%
594972AQ4,MSTR,STRATEGY INC,20017000,35000,20.42M,35.7K,+0.2%,<.01%
33733B100,FIW,FIRST TR EXCHANGE-TRADED FD,12013,325,1.32M,35.6K,+2.8%,<.01%
26922A842,JETS,ETF SER SOLUTIONS,10368,1070,344.43K,35.55K,+11.5%,<.01%
00162Q858,SDOG,ALPS ETF TR,14309,521,976.17K,35.54K,+3.8%,<.01%
46438G430,WSML,ISHARES TR,1007,1007,35.52K,35.52K,NEW,<.01%
G2662B103,CRML,CRITICAL METALS CORP,16028,3465,164.29K,35.52K,+27.6%,<.01%
74930B105,RBB,RBB BANCORP,3797,1291,104.08K,35.39K,+51.5%,<.01%
464288836,IHE,ISHARES TR,20171,357,2M,35.35K,+1.8%,<.01%
379463102,GWRS,GLOBAL WTR RES INC,9137,4868,66.15K,35.24K,+114%,<.01%
68386H103,OPFI,OPPFI INC,7179,3522,71.29K,34.98K,+96.3%,<.01%
33735T109,FDD,FIRST TR EXCHANGE-TRADED FD,6318,1881,117.2K,34.89K,+42.4%,<.01%
25434V815,DFSV,DIMENSIONAL ETF TRUST,893,893,34.64K,34.64K,NEW,<.01%
78468R796,SPYX,SPDR SERIES TRUST,35258,565,2.15M,34.52K,+1.6%,<.01%
33739E108,FPE,FIRST TR EXCH TRADED FD III,2109,1916,37.72K,34.27K,+992.7%,<.01%
76010Y202,RENT,RENT THE RUNWAY INC,10804,10804,34.03K,34.03K,NEW,<.01%
301505731,THNQ,EXCHANGE TRADED CONCEPTS TRU,511,372,46.6K,33.93K,+267.6%,<.01%
046433108,ATRO,ASTRONICS CORP,5415,417,440K,33.88K,+8.3%,<.01%
78464A532,XTN,SPDR SERIES TRUST,1953,292,225.82K,33.76K,+17.6%,<.01%
397624107,GEF,GREIF INC,12488,452,930.24K,33.67K,+3.8%,<.01%
92189F536,MLN,VANECK ETF TRUST,4232,1887,75.24K,33.55K,+80.5%,<.01%
46435G409,IVLU,ISHARES TR,6983481,799,292.05M,33.41K,+0%,0.01%
G4690M101,IBEX,IBEX LTD,5299,1100,160.92K,33.4K,+26.2%,<.01%
80810D103,SDGR,SCHRODINGER INC,12306,2055,199.98K,33.39K,+20%,<.01%
85220G109,SGP,SPYGLASS PHARMA INC,1497,1497,33.32K,33.32K,NEW,<.01%
384556106,GHM,GRAHAM CORP,1495,269,185.13K,33.31K,+21.9%,<.01%
45254E107,IMRX,IMMUNEERING CORP,9704610,6672,48.43M,33.29K,+0.1%,<.01%
890110109,TMP,TOMPKINS FINL CORP,3464,351,327.41K,33.18K,+11.3%,<.01%
78464A714,XRT,SPDR SERIES TRUST,2276,378,199.7K,33.17K,+19.9%,<.01%
381430479,GIGB,GOLDMAN SACHS ETF TR,978,719,44.92K,33.02K,+277.6%,<.01%
80303D305,SNWV,SANUWAVE HEALTH INC,4454,3294,44.54K,32.94K,+284%,<.01%
G4740B105,ICHR,ICHOR HOLDINGS,2537,293,284.84K,32.9K,+13.1%,<.01%
171077407,NAGE,NIAGEN BIOSCIENCE INC,31799,10270,101.44K,32.76K,+47.7%,<.01%
45782T105,INMB,INMUNE BIO INC,33689,20099,54.91K,32.76K,+147.9%,<.01%
46434G830,EWI,ISHARES INC,2811,553,166.53K,32.76K,+24.5%,<.01%
29251M106,ENTA,ENANTA PHARMACEUTICALS INC,29505,2233,430.19K,32.56K,+8.2%,<.01%
17166A101,CBUS,CIBUS INC,11449660,23731,15.69M,32.51K,+0.2%,<.01%
86614G101,SMC,SUMMIT MIDSTREAM CORPORATION,2027,1139,57.73K,32.44K,+128.3%,<.01%
909214306,UIS,UNISYS CORP,31292,8816,114.53K,32.27K,+39.2%,<.01%
034164103,ANDE,ANDERSONS INC,3045,470,208.26K,32.15K,+18.3%,<.01%
G9572D103,BULL,WEBULL CORP,12135,4898,79.12K,31.93K,+67.7%,<.01%
46138E735,PDN,INVESCO EXCH TRADED FD TR II,12343,708,555.23K,31.85K,+6.1%,<.01%
09257W100,BXMT,BLACKSTONE MORTGAGE TRUST IN,26973,1877,457.19K,31.81K,+7.5%,<.01%
432705309,CNTN,CANTON STRATEGIC HOLDINGS IN,11199,11199,31.58K,31.58K,NEW,<.01%
090572207,BIO,BIO RAD LABS INC,4305,107,1.26M,31.42K,+2.5%,<.01%
78464A151,IBND,SPDR SERIES TRUST,2247,1006,70.06K,31.37K,+81.1%,<.01%
14019W109,CGXU,CAPITAL GROUP INTL FOCUS EQT,5331,904,184.56K,31.3K,+20.4%,<.01%
316188846,FMUN,FIDELITY MERRIMACK STR TR,1080,617,54.45K,31.11K,+133.3%,<.01%
025072406,QINT,AMERICAN CENTY ETF TR,9331,448,647.83K,31.1K,+5%,<.01%
46137V134,PBW,INVESCO EXCHANGE TRADED FD T,1408,797,54.92K,31.09K,+130.4%,<.01%
177835105,CHCO,CITY HLDG CO,3686,234,488.86K,31.03K,+6.8%,<.01%
711040105,PFIS,PEOPLES FINL SVCS CORP,715,467,47.44K,30.98K,+188.3%,<.01%
46641Q647,JMUB,J P MORGAN EXCHANGE TRADED F,5214,610,264.13K,30.9K,+13.2%,<.01%
78464A607,RWR,SPDR SERIES TRUST,3567,273,403.03K,30.85K,+8.3%,<.01%
69374H386,TRFK,PACER FDS TR,376,289,40.12K,30.84K,+332.2%,<.01%
01862Q107,ALH,ALLIANCE LAUNDRY HLDGS INC,1914,1159,50.76K,30.74K,+153.5%,<.01%
98421M106,XRX,XEROX HOLDINGS CORP,24339,9810,76.18K,30.71K,+67.5%,<.01%
46138E511,PGX,INVESCO EXCH TRADED FD TR II,3950,2832,42.82K,30.7K,+253.3%,<.01%
381430404,GSJY,GOLDMAN SACHS ETF TR,1988,586,103.95K,30.64K,+41.8%,<.01%
02156K103,OPTU,OPTIMUM COMMUNICATIONS INC,29757,21081,43.15K,30.57K,+243%,<.01%
464288117,IGOV,ISHARES TR,969,739,39.77K,30.33K,+321.3%,<.01%
45783Y814,BUFF,INNOVATOR ETFS TRUST,664,576,34.95K,30.32K,+654.5%,<.01%
381430305,GSEU,GOLDMAN SACHS ETF TR,2903,624,141K,30.31K,+27.4%,<.01%
33734X150,FXR,FIRST TR EXCHANGE-TRADED FD,6263,330,570.65K,30.07K,+5.6%,<.01%
46435G342,REM,ISHARES TR,1951,1360,43.02K,29.99K,+230.1%,<.01%
689648103,OTTR,OTTER TAIL CORP,8298,333,746.7K,29.97K,+4.2%,<.01%
56087FAD6,,MAKEMYTRIP LIMITED MAURITIUS,33000,33000,29.93K,29.93K,NEW,<.01%
46990A102,JRVR,JAMES RIV GROUP HOLDINGS INC,18004,6753,79.22K,29.71K,+60%,<.01%
746729748,FTPA,PUTNAM ETF TRUST,3397,3387,29.76K,29.67K,+33870%,<.01%
92189H839,BUZZ,VANECK ETF TRUST,1103,800,40.76K,29.56K,+264%,<.01%
015857105,AQN,ALGONQUIN POWER & UTILITIES,8970,5024,52.75K,29.54K,+127.3%,<.01%
74347G606,TDV,PROSHARES TR,3724,278,387.15K,28.9K,+8.1%,<.01%
00770K202,AMTX,AEMETIS INC,18864,17524,30.94K,28.74K,+1307.8%,<.01%
46138G615,SOXQ,INVESCO EXCH TRADED FD TR II,3134,256,351.31K,28.7K,+8.9%,<.01%
886364801,SPUS,TIDAL TRUST I,807,498,46.43K,28.65K,+161.2%,<.01%
23204G100,CUBI,CUSTOMERS BANCORP INC,8903,362,704.22K,28.63K,+4.2%,<.01%
829242106,SBGI,SINCLAIR INC,5865,2009,83.58K,28.63K,+52.1%,<.01%
233051879,ASHR,DBX ETF TR,1310,778,48.03K,28.53K,+146.2%,<.01%
92647X822,SFLO,VICTORY PORTFOLIOS II,834,834,28.51K,28.51K,NEW,<.01%
492327101,KROS,KEROS THERAPEUTICS INC,35328,2654,378.01K,28.4K,+8.1%,<.01%
83205YAE4,PENG,PENGUIN SOLUTIONS INC,2830000,10000,8.01M,28.31K,+0.4%,<.01%
81282V100,PRKS,UNITED PARKS & RESORTS INC,7715,592,368.33K,28.26K,+8.3%,<.01%
580907103,MH,MCGRAW HILL INC,3972,2979,37.62K,28.21K,+300%,<.01%
M7S64L123,PGY,PAGAYA TECHNOLOGIES LTD,9154,1535,167.06K,28.01K,+20.1%,<.01%
92835K103,VPG,VISHAY PRECISION GROUP INC,12997,186,1.95M,27.88K,+1.5%,<.01%
43114Q105,HPK,HIGHPEAK ENERGY INC,8942,3986,62.51K,27.86K,+80.4%,<.01%
04271TAB6,ARRY,ARRAY TECHNOLOGIES INC,1181000,30000,1.09M,27.8K,+2.6%,<.01%
N30577105,ZGN,ERMENEGILDO ZEGNA N V,7949,2130,103.5K,27.73K,+36.6%,<.01%
33738R845,FTXN,FIRST TR EXCHANGE TRADED FD,2065,827,69.05K,27.65K,+66.8%,<.01%
92189F486,FLTR,VANECK ETF TRUST,1892,1072,48.47K,27.46K,+130.7%,<.01%
45685K102,INFU,INFUSYSTEM HLDGS INC,28968,2843,279.54K,27.43K,+10.9%,<.01%
97717W406,AIVL,WISDOMTREE TR,1033,209,135.41K,27.4K,+25.4%,<.01%
23130Q107,CURI,CURIOSITYSTREAM INC,11497,10236,30.58K,27.23K,+811.7%,<.01%
97717W802,DTH,WISDOMTREE TR,3359,503,181.76K,27.22K,+17.6%,<.01%
66661N886,NPB,NORTHPOINTE BANCSHARES INC.,1470,1411,28.19K,27.06K,+2391.5%,<.01%
46137V779,PKB,INVESCO EXCHANGE TRADED FD T,6162,241,690.53K,27.01K,+4.1%,<.01%
72814P109,PLBY,PLAYBOY INC,22131,22087,27K,26.95K,+50197.7%,<.01%
46138J635,BSJQ,INVESCO EXCH TRD SLF IDX FD,1185,1173,27.2K,26.93K,+9775%,<.01%
33737M201,FNK,FIRST TR EXCHANGE-TRADED ALP,442,439,27.08K,26.89K,+14633.3%,<.01%
78463X418,QWLD,SPDR INDEX SHS FDS,677,177,102.84K,26.89K,+35.4%,<.01%
49926D109,KN,KNOWLES CORP,109415,648,4.54M,26.88K,+0.6%,<.01%
464286764,EWP,ISHARES INC,756,452,44.92K,26.86K,+148.7%,<.01%
861025104,SYBT,STOCK YDS BANCORP INC,2765,348,211.47K,26.61K,+14.4%,<.01%
338307AF8,FIVN,FIVE9 INC,914000,30000,809.71K,26.58K,+3.4%,<.01%
887432334,TPIF,TIMOTHY PLAN,5250,711,195.88K,26.53K,+15.7%,<.01%
25861R402,DMBS,DOUBLELINE ETF TRUST,700,540,34.35K,26.5K,+337.5%,<.01%
46137V621,PGF,INVESCO EXCHANGE TRADED FD T,2072,1925,28.41K,26.39K,+1309.5%,<.01%
83192D402,SMA,SMARTSTOP SELF STORAG REIT I,5114,800,166.22K,26K,+18.5%,<.01%
44916Y106,PURR,HYPERLIQUID STRATEGIES INC,3300,3300,25.97K,25.97K,NEW,<.01%
G96115103,WYFI,WHITEFIBER INC,1607,666,62.44K,25.88K,+70.8%,<.01%
21871N101,CXW,CORECIVIC INC,19256,851,585.01K,25.85K,+4.6%,<.01%
938824109,WAFD,WAFD INC,24909,671,955.78K,25.75K,+2.8%,<.01%
464288745,RXI,ISHARES TR,332,133,64.02K,25.65K,+66.8%,<.01%
53838J105,LVWR,LIVEWIRE GROUP INC,34707,22880,38.87K,25.63K,+193.5%,<.01%
19761L854,EQIN,COLUMBIA ETF TR I,500,499,25.65K,25.6K,+49900%,<.01%
77664L207,ROOT,ROOT INC,1712,454,95.73K,25.39K,+36.1%,<.01%
68218J103,OABI,OMNIAB INC,199818,10282,491.55K,25.29K,+5.4%,<.01%
896945201,TRIP,TRIPADVISOR INC,7550,1840,103.51K,25.23K,+32.2%,<.01%
929042109,VNO,VORNADO RLTY TR,43482,641,1.71M,25.19K,+1.5%,<.01%
07556Q881,BZH,BEAZER HOMES USA INC,6908,892,193.77K,25.02K,+14.8%,<.01%
523768406,LEE,LEE ENTERPRISES INC,3560,2782,31.9K,24.93K,+357.6%,<.01%
68243Q106,FLWS,1 800 FLOWERS COM INC,8415,7155,29.28K,24.9K,+567.9%,<.01%
464286202,EWO,ISHARES INC,672,587,28.44K,24.84K,+690.6%,<.01%
30050B101,EVH,EVOLENT HEALTH INC,30449,4578,165.03K,24.81K,+17.7%,<.01%
35473P744,FLJP,FRANKLIN TEMPLETON ETF TR,5749,624,228.54K,24.81K,+12.2%,<.01%
17253J106,CIFR,CIPHER DIGITAL INC,35099,1005,859.91K,24.62K,+2.9%,<.01%
38046C109,GOGO,GOGO INC,14837,7919,45.99K,24.55K,+114.5%,<.01%
92203J407,BNDX,VANGUARD CHARLOTTE FDS,33729,505,1.63M,24.46K,+1.5%,<.01%
38267D109,GSHD,GOOSEHEAD INS INC,2469,504,119.76K,24.45K,+25.6%,<.01%
46435G441,HYXF,ISHARES TR,7642,523,357.01K,24.43K,+7.3%,<.01%
464286665,EPP,ISHARES INC,8497,458,452.56K,24.39K,+5.7%,<.01%
89421Q205,TZOO,TRAVELZOO,15630,2070,182.56K,24.18K,+15.3%,<.01%
00847G804,AGEN,AGENUS INC,13282,7877,40.64K,24.1K,+145.7%,<.01%
014752109,ALX,ALEXANDERS INC,921,87,253.83K,23.98K,+10.4%,<.01%
46641Q126,JPRE,J P MORGAN EXCHANGE TRADED F,457,457,23.86K,23.86K,NEW,<.01%
04650F101,ATAI,ATAIBECKLEY INC,4502,4502,23.73K,23.73K,NEW,<.01%
18507C103,CLPT,CLEARPOINT NEURO INC,9501,1329,169.5K,23.71K,+16.3%,<.01%
025072208,VALQ,AMERICAN CENTY ETF TR,1311,340,91.37K,23.7K,+35%,<.01%
740367404,PFBC,PREFERRED BK LOS ANGELES CA,73380,222,7.8M,23.59K,+0.3%,<.01%
71953R108,PMI,PICARD MEDICAL INC,151010,143994,24.69K,23.54K,+2052.4%,<.01%
74347B391,EQRR,PROSHARES TR,288,288,23.53K,23.53K,NEW,<.01%
38149W630,GPIQ,GOLDMAN SACHS ETF TR,396,396,23.46K,23.46K,NEW,<.01%
70509V100,PEB,PEBBLEBROOK HOTEL TR,41886,1203,813.01K,23.35K,+3%,<.01%
462222AF7,IONS,IONIS PHARMACEUTICALS INC,7004000,15000,10.89M,23.32K,+0.2%,<.01%
33736G106,FAN,FIRST TR EXCHANGE-TRADED FD,2855,931,71.32K,23.26K,+48.4%,<.01%
464287713,IYZ,ISHARES TR,4527,549,191.56K,23.23K,+13.8%,<.01%
140935107,CV,CAPSOVISION INC,4200,3039,31.84K,23.04K,+261.8%,<.01%
46429B366,CMBS,ISHARES TR,1593,471,77.5K,22.91K,+42%,<.01%
33734X143,FXH,FIRST TR EXCHANGE-TRADED FD,3097,187,379.04K,22.89K,+6.4%,<.01%
73245B107,SBC,SBC MED GROUP HLDGS INC,10779,7391,33.2K,22.76K,+218.2%,<.01%
670699107,QQQX,NUVEEN NASDAQ 100 DYNAMIC OV,753,753,22.7K,22.7K,NEW,<.01%
78468R671,FITE,SPDR SERIES TRUST,200,200,22.48K,22.48K,NEW,<.01%
30219Q106,EXFY,EXPENSIFY INC,45752,12559,81.9K,22.48K,+37.8%,<.01%
004397105,ARAY,ACCURAY INC DEL,1375746,86958,354.67K,22.42K,+6.7%,<.01%
78573M104,SABR,SABRE CORP,839577,10708,1.75M,22.38K,+1.3%,<.01%
37954Y814,FINX,GLOBAL X FDS,1518,904,37.48K,22.32K,+147.2%,<.01%
46137V613,PRF,INVESCO EXCHANGE TRADED FD T,237118,413,12.81M,22.31K,+0.2%,<.01%
40637HAD1,HALO,HALOZYME THERAPEUTICS INC,2363000,20000,2.63M,22.22K,+0.9%,<.01%
26443V101,DLTH,DULUTH HLDGS INC,4956,4956,22.2K,22.2K,NEW,<.01%
066849100,BHB,BAR HBR BANKSHARES,16695,582,630.39K,21.98K,+3.6%,<.01%
29772L108,ETON,ETON PHARMACEUTICALS INC,2125,606,76.91K,21.93K,+39.9%,<.01%
G9108L173,TEN,TSAKOS ENERGY NAVIGATION LTD,620,620,21.93K,21.93K,NEW,<.01%
26922A297,VEGN,ETF SER SOLUTIONS,893,266,73.5K,21.89K,+42.4%,<.01%
890930209,TNGY,TORTOISE CAPITAL SERIES TRUS,9344,2247,90.73K,21.82K,+31.7%,<.01%
46436E569,XVV,ISHARES TR,3026,382,171.87K,21.7K,+14.4%,<.01%
71363P106,PRDO,PERDOCEO ED CORP,10974,678,351.16K,21.7K,+6.6%,<.01%
87874R308,TTGT,TECHTARGET INC,38411,6013,138.28K,21.65K,+18.6%,<.01%
00218A105,ASPI,ASP ISOTOPES INC,17825,3467,110.87K,21.56K,+24.1%,<.01%
53635B107,LQDT,LIQUIDITY SVCS INC,2064,551,80.74K,21.55K,+36.4%,<.01%
46434V316,GLOF,ISHARES TR,744,365,43.78K,21.48K,+96.3%,<.01%
09175C103,BITQ,BITWISE FUNDS TRUST,1154,872,28.27K,21.36K,+309.2%,<.01%
78464A722,XPH,SPDR SERIES TRUST,3798,321,251.7K,21.27K,+9.2%,<.01%
33939L787,GQRE,FLEXSHARES TR,584,332,37.36K,21.24K,+131.7%,<.01%
496904202,KFS,KINGSWAY CORP,9328,2038,97.19K,21.24K,+28%,<.01%
381430396,JUST,GOLDMAN SACHS ETF TR,2522,199,269.12K,21.23K,+8.6%,<.01%
00534A102,IVVD,INVIVYD INC,165609,24339,144.48K,21.23K,+17.2%,<.01%
78468R457,SPTB,SPDR SERIES TRUST,700,700,21.04K,21.04K,NEW,<.01%
46138E842,DWAS,INVESCO EXCH TRADED FD TR II,2134,164,271.72K,20.88K,+8.3%,<.01%
46436E221,EVUS,ISHARES TR,1210,593,42.48K,20.82K,+96.1%,<.01%
69888T207,PARR,PAR PAC HOLDINGS INC,14136,368,792.69K,20.64K,+2.7%,<.01%
46137Y401,CZA,INVESCO EXCHANGE TRADED FD T,2378,168,291.63K,20.6K,+7.6%,<.01%
09263B207,BKSY,BLACKSKY TECHNOLOGY INC,7849,736,219.15K,20.55K,+10.3%,<.01%
46434V514,CNYA,ISHARES TR,536,536,20.52K,20.52K,NEW,<.01%
26922A198,PFLD,ETF SER SOLUTIONS,1044,1044,20.42K,20.42K,NEW,<.01%
591520200,MEI,METHODE ELECTRS INC,204375,1073,3.88M,20.35K,+0.5%,<.01%
75120L209,RLYB,RALLYBIO CORP,794720,1269,12.72M,20.3K,+0.2%,<.01%
35473P678,FLGB,FRANKLIN TEMPLETON ETF TR,6245,575,220.38K,20.29K,+10.1%,<.01%
368678108,GENC,GENCOR INDS INC,1942,1359,28.98K,20.28K,+233.1%,<.01%
46429B333,GNMA,ISHARES TR,847,456,37.46K,20.17K,+116.6%,<.01%
02215L209,KNTK,KINETIK HOLDINGS INC,6385,417,308.63K,20.16K,+7%,<.01%
78463X756,EWX,SPDR INDEX SHS FDS,2915,271,216.58K,20.14K,+10.2%,<.01%
921910709,EDV,VANGUARD WORLD FD,327,309,21.28K,20.11K,+1716.7%,<.01%
70339W104,PTRN,PATTERN GROUP INC,797,797,20.08K,20.08K,NEW,<.01%
032108409,DIVO,AMPLIFY ETF TR,439,439,20.07K,20.07K,NEW,<.01%
50060P106,KOP,KOPPERS HOLDINGS INC,3071,446,137.88K,20.02K,+17%,<.01%
46431W812,IGBH,ISHARES U S ETF TR,906,811,22.27K,19.93K,+853.7%,<.01%
46137V191,RFV,INVESCO EXCHANGE TRADED FD T,1602,139,228.91K,19.86K,+9.5%,<.01%
92206C649,VTWV,VANGUARD SCOTTSDALE FDS,1326,101,259.2K,19.74K,+8.2%,<.01%
641288105,NPCE,NEUROPACE INC,554771,1242,8.82M,19.74K,+0.2%,<.01%
37954Y319,GREK,GLOBAL X FDS,1306,261,98.6K,19.71K,+25%,<.01%
922042676,VNQI,VANGUARD INTL EQUITY INDEX F,5969,437,267.69K,19.6K,+7.9%,<.01%
346563109,FORR,FORRESTER RESH INC,9591,2322,80.66K,19.53K,+31.9%,<.01%
49714P108,KNSL,KINSALE CAP GROUP INC,14891,59,4.91M,19.46K,+0.4%,<.01%
023576101,AMTB,AMERANT BANCORP INC,3262,762,83.25K,19.45K,+30.5%,<.01%
422347104,HTLD,HEARTLAND EXPRESS INC,12289,1277,187.04K,19.44K,+11.6%,<.01%
63938C108,NAVI,NAVIENT CORPORATION,92291,2264,785.4K,19.27K,+2.5%,<.01%
786700104,SGMT,SAGIMET BIOSCIENCES INC,2640,2492,20.41K,19.26K,+1683.8%,<.01%
09661T503,BKEM,BNY MELLON ETF TRUST,341,202,32.49K,19.25K,+145.3%,<.01%
464286327,SLVP,ISHARES INC,2762,622,85.14K,19.17K,+29.1%,<.01%
35909R108,ULCC,FRONTIER GROUP HLDGS INC,7854,2421,62.12K,19.15K,+44.6%,<.01%
52110K301,EMKT,LAZARD ACTIVE ETF TR,1279,590,41.2K,19K,+85.6%,<.01%
248019101,DLX,DELUXE CORP MEDIUM TERM NTS,7683,791,183.46K,18.89K,+11.5%,<.01%
21077F100,CTGO,CONTANGO SILVER & GOLD INC,2806,1194,44.31K,18.85K,+74.1%,<.01%
92204H400,MUNY,VANGUARD NY TAX FREE FDS,181,181,18.82K,18.82K,NEW,<.01%
675746606,ONIT,ONITY GROUP INC,1620,472,64.39K,18.76K,+41.1%,<.01%
19249U609,CSEN,COHEN & STEERS ETF TRUST,793,793,18.76K,18.76K,NEW,<.01%
85208P303,URNM,SPROTT FDS TR,843,356,44.33K,18.72K,+73.1%,<.01%
015564503,ALAI,THE ALGER ETF TRUST,408,408,18.62K,18.62K,NEW,<.01%
46137V423,SPVM,INVESCO EXCHANGE TRADED FD T,257,250,19.12K,18.6K,+3571.4%,<.01%
09290C848,BIDD,BLACKROCK ETF TRUST,4801,619,144.11K,18.58K,+14.8%,<.01%
319835104,FCCO,FIRST CMNTY CORP S C,827,568,27.04K,18.57K,+219.3%,<.01%
48563L101,KRT,KARAT PACKAGING INC,1361,554,45.54K,18.54K,+68.6%,<.01%
85209E208,SPRB,SPRUCE BIOSCIENCES INC,343,343,18.52K,18.52K,NEW,<.01%
00400R858,WBIY,ABSOLUTE SHS TR,1229,529,42.96K,18.49K,+75.6%,<.01%
97717W315,DEM,WISDOMTREE TR,50270,343,2.7M,18.45K,+0.7%,<.01%
78464A706,DGT,SPDR SERIES TRUST,635,99,117.28K,18.29K,+18.5%,<.01%
03062T105,CRMT,AMERICAS CAR-MART INC,7854,6542,21.91K,18.25K,+498.6%,<.01%
464288851,IEO,ISHARES TR,1275,166,140.07K,18.24K,+15%,<.01%
09624H208,BXC,BLUELINX HLDGS INC,1741,292,107.73K,18.07K,+20.2%,<.01%
46435G672,IAGG,ISHARES TR,3126,357,158.19K,18.07K,+12.9%,<.01%
825704109,SIBN,SI BONE INC,3173,1107,51.78K,18.06K,+53.6%,<.01%
98980B103,ZIP,ZIPRECRUITER INC,47711,4816,178.92K,18.06K,+11.2%,<.01%
92189F700,MOO,VANECK ETF TRUST,3511,228,278.1K,18.06K,+6.9%,<.01%
46438G505,IBIC,ISHARES TR,690,690,18K,18K,NEW,<.01%
319390100,FBIZ,FIRST BUSINESS FINL SVCS INC,1035,283,65.4K,17.88K,+37.6%,<.01%
G8192H106,SPNT,SIRIUSPOINT LTD,14490,743,347.76K,17.83K,+5.4%,<.01%
38341P102,GOSS,GOSSAMER BIO INC,130325,107809,21.45K,17.74K,+478.8%,<.01%
33830T103,FSBC,FIVE STAR BANCORP,3028,363,147.45K,17.68K,+13.6%,<.01%
46137V480,XSVM,INVESCO EXCHANGE TRADED FD T,2455,253,170.88K,17.61K,+11.5%,<.01%
46434V464,CRBN,ISHARES TR,3972,69,1M,17.45K,+1.8%,<.01%
600551204,MLR,MILLER INDS INC TENN,1327501,339,67.9M,17.34K,+0%,<.01%
92203C303,VUSB,VANGUARD BD INDEX FDS,1595,346,79.39K,17.22K,+27.7%,<.01%
381430545,GVIP,GOLDMAN SACHS ETF TR,239,91,45.13K,17.18K,+61.5%,<.01%
759419104,REKR,REKOR SYSTEMS INC,59542,24704,41.38K,17.17K,+70.9%,<.01%
921932869,IVOG,VANGUARD ADMIRAL FDS INC,4972,117,727.37K,17.12K,+2.4%,<.01%
15687V109,CERT,CERTARA INC,33103,2610,216.82K,17.1K,+8.6%,<.01%
68247W109,OSS,ONE STOP SYS INC,996,940,18.1K,17.08K,+1678.6%,<.01%
31425A109,FBLA,FB BANCORP INC,2344,1134,35.3K,17.08K,+93.7%,<.01%
032108565,AIEQ,AMPLIFY ETF TR,1160,345,57.33K,17.05K,+42.3%,<.01%
52468L406,LVHD,LEGG MASON ETF INVT,1964,383,86.43K,16.85K,+24.2%,<.01%
47580P103,JELD,JELD-WEN HLDG INC,14730,11184,22.1K,16.78K,+315.4%,<.01%
35473P769,FLIN,FRANKLIN TEMPLETON ETF TR,1413,471,50.24K,16.75K,+50%,<.01%
60510V108,AVO,MISSION PRODUCE INC,7129,1416,84.05K,16.69K,+24.8%,<.01%
33738R100,MDIV,FIRST TR EXCHANGE TRADED FD,1353,1010,22.35K,16.69K,+294.5%,<.01%
31447P100,FENC,FENNEC PHARMACEUTICALS INC,5793,1539,62.28K,16.55K,+36.2%,<.01%
974250102,WINA,WINMARK CORP,382,39,161.83K,16.52K,+11.4%,<.01%
72201R866,MUNI,PIMCO ETF TR,1745,314,91.79K,16.52K,+21.9%,<.01%
74347B573,SPXN,PROSHARES TR,211,200,17.34K,16.43K,+1818.2%,<.01%
46641Q878,BBHY,J P MORGAN EXCHANGE TRADED F,368,356,16.98K,16.42K,+2966.7%,<.01%
464288224,ICLN,ISHARES TR,15573,797,319.09K,16.33K,+5.4%,<.01%
337344105,QQEW,FIRST TR EXCHANGE-TRADED FD,3294,102,525.66K,16.28K,+3.2%,<.01%
46138E461,PBUS,INVESCO EXCH TRADED FD TR II,1861,217,139.26K,16.24K,+13.2%,<.01%
33734Y109,FYX,FIRST TR EXCHANGE-TRADED ALP,1522,112,219.6K,16.16K,+7.9%,<.01%
81768T108,SFBS,SERVISFIRST BANCSHARES INC,8810,186,764.28K,16.14K,+2.2%,<.01%
464286707,EWQ,ISHARES INC,806,354,36.59K,16.07K,+78.3%,<.01%
53656F417,METV,LISTED FDS TR,3456,870,63.77K,16.05K,+33.6%,<.01%
05380C102,RCEL,AVITA MEDICAL INC,32515,3879,134.29K,16.02K,+13.5%,<.01%
90290T809,SDCI,USCF ETF TR,605,605,16K,16K,NEW,<.01%
69374H865,ECOW,PACER FDS TR,603,603,15.99K,15.99K,NEW,<.01%
153527106,CENT,CENTRAL GARDEN & PET CO,5655,360,250.73K,15.96K,+6.8%,<.01%
00039J764,NYM,AB ACTIVE ETFS INC,876,634,22.01K,15.93K,+262%,<.01%
G9503X103,WALD,WALDENCAST PLC,11816,9020,20.8K,15.88K,+322.6%,<.01%
63633D104,NHI,NATIONAL HEALTH INVS INC,5646,208,430.58K,15.86K,+3.8%,<.01%
89269P202,COOK,TRAEGER INC,659,201,51.95K,15.85K,+43.9%,<.01%
464287374,IGE,ISHARES TR,6077,280,341.39K,15.73K,+4.8%,<.01%
87288V101,TSSI,TSS INC DEL,8360,1278,102.82K,15.72K,+18%,<.01%
46137V852,PTH,INVESCO EXCHANGE TRADED FD T,1342,263,80.17K,15.71K,+24.4%,<.01%
G3398L118,FIHL,PELAGOS INS CAP LTD,5991,640,145.87K,15.58K,+12%,<.01%
642045108,AESI,ATLAS ENERGY SOLUTIONS INC,13610,938,226.07K,15.58K,+7.4%,<.01%
178867107,CIVB,CIVISTA BANCSHARES INC,1888,548,53.27K,15.46K,+40.9%,<.01%
05614L209,BW,BABCOCK & WILCOX ENTERPRISES,1368,1088,19.29K,15.34K,+388.6%,<.01%
78464A573,XHS,SPDR SERIES TRUST,1497,116,197.73K,15.32K,+8.4%,<.01%
33738R795,FTXR,FIRST TR EXCHANGE TRADED FD,334,334,15.22K,15.22K,NEW,<.01%
12448X201,BYRN,BYRNA TECHNOLOGIES INC,3402809,2268,22.83M,15.22K,+0.1%,<.01%
464288778,IAT,ISHARES TR,2112,241,131.39K,14.99K,+12.9%,<.01%
567908108,HZO,MARINEMAX INC,5340,408,195.54K,14.94K,+8.3%,<.01%
890516107,TR,TOOTSIE ROLL INDS INC,1783,377,70.52K,14.91K,+26.8%,<.01%
538146309,LPSN,LIVEPERSON INC,78135,7840,148.46K,14.9K,+11.2%,<.01%
464288703,ISCV,ISHARES TR,5099,188,399.36K,14.72K,+3.8%,<.01%
33734X119,FXG,FIRST TR EXCHANGE-TRADED FD,2113,234,132.3K,14.65K,+12.5%,<.01%
G4095J109,GLRE,GREENLIGHT CAP RE LTD,6579,898,106.45K,14.53K,+15.8%,<.01%
46138G664,RWJ,INVESCO EXCH TRADED FD TR II,11537,244,686.44K,14.52K,+2.2%,<.01%
G17977110,BUR,BURFORD CAPITAL LIMITED,16803,3525,68.74K,14.42K,+26.5%,<.01%
532257805,LPTH,LIGHTPATH TECHNOLOGIES INC,1052,881,17.2K,14.41K,+515.2%,<.01%
46435G532,SDG,ISHARES TR,162,161,14.49K,14.4K,+16100%,<.01%
78463X475,SPGM,SPDR INDEX SHS FDS,2451,168,210.01K,14.39K,+7.4%,<.01%
59165J105,MCBS,METROCITY BANKSHARES INC,1095,401,39.3K,14.39K,+57.8%,<.01%
97717W869,DFE,WISDOMTREE TR,555,199,39.97K,14.33K,+55.9%,<.01%
35473P645,FLEU,FRANKLIN TEMPLETON ETF TR,400,400,14.32K,14.32K,NEW,<.01%
28106W103,EDIT,EDITAS MEDICINE INC,111198,4418,360.28K,14.31K,+4.1%,<.01%
12326C105,BFST,BUSINESS FIRST BANCSHARES IN,4562,465,140.18K,14.29K,+11.3%,<.01%
104932207,BNAI,BRAND ENGAGEMENT NETWORK INC,834,834,14.27K,14.27K,NEW,<.01%
887432326,TPHD,TIMOTHY PLAN,1545,335,65.31K,14.16K,+27.7%,<.01%
31813A109,FINW,FINWISE BANCORP,986,974,14.3K,14.12K,+8116.7%,<.01%
16934Q802,CIM,CHIMERA INVT CORP,5563,1056,74.21K,14.09K,+23.4%,<.01%
72201R304,LTPZ,PIMCO ETF TR,278,278,14.07K,14.07K,NEW,<.01%
46138E800,CQQQ,INVESCO EXCH TRADED FD TR II,377,245,21.49K,13.96K,+185.6%,<.01%
36866J105,GEMI,GEMINI SPACE STA INC,3262,3262,13.9K,13.9K,NEW,<.01%
90187B804,TWO,TWO HARBORS INVENTMENT CORPO,4995,1115,61.99K,13.84K,+28.7%,<.01%
760281204,RBCAA,REPUBLIC BANCORP INC KY,1395,153,126.13K,13.83K,+12.3%,<.01%
921932794,VIOG,VANGUARD ADMIRAL FDS INC,1335,90,204.78K,13.81K,+7.2%,<.01%
13462K109,CWH,CAMPING WORLD HLDGS INC,7277,1806,55.52K,13.78K,+33%,<.01%
739650109,PROP,PRAIRIE OPER CO,23209,19092,16.75K,13.77K,+463.7%,<.01%
45409B107,QAI,NEW YORK LIFE INVESTMENTS ET,693,375,25.38K,13.73K,+117.9%,<.01%
486917107,KEEL,KEEL INFRASTRUCTURE CORP,2377,2377,13.64K,13.64K,NEW,<.01%
46435G433,SMMV,ISHARES TR,4068,296,187.27K,13.63K,+7.8%,<.01%
09661T305,BKSE,BNY MELLON ETF TRUST,167,101,22.45K,13.58K,+153%,<.01%
33738D309,FTSL,FIRST TR EXCHANGE-TRADED FD,303,303,13.56K,13.56K,NEW,<.01%
97717Y691,WCLD,WISDOMTREE TR,875,421,28.05K,13.5K,+92.7%,<.01%
46431W598,CMDY,ISHARES U S ETF TR,249,244,13.75K,13.47K,+4880%,<.01%
97717W794,DOL,WISDOMTREE TR,3612,181,268.6K,13.46K,+5.3%,<.01%
35473P819,FLCH,FRANKLIN TEMPLETON ETF TR,1025,658,20.93K,13.44K,+179.3%,<.01%
46138E644,IPKW,INVESCO EXCH TRADED FD TR II,236,236,13.29K,13.29K,NEW,<.01%
816307300,SLQT,SELECTQUOTE INC,812648,15742,683.52K,13.24K,+2%,<.01%
31983A103,FCBC,FIRST CMNTY BANKSHARES INC V,2428,298,107.86K,13.24K,+14%,<.01%
781846308,RUSHB,RUSH ENTERPRISES INC,2800,173,214.22K,13.24K,+6.6%,<.01%
887399103,MTUS,METALLUS INC,3340,707,62.42K,13.21K,+26.9%,<.01%
G33856108,GSM,FERROGLOBE PLC,7805,4154,24.82K,13.21K,+113.8%,<.01%
464286715,TUR,ISHARES INC,615,337,23.91K,13.1K,+121.2%,<.01%
71722W107,PHAT,PHATHOM PHARMACEUTICALS INC,8230,1205,89.29K,13.07K,+17.2%,<.01%
852312305,STAA,STAAR SURGICAL CO,17624,455,505.62K,13.05K,+2.7%,<.01%
374297109,GTY,GETTY RLTY CORP NEW,7800,388,260.21K,12.94K,+5.2%,<.01%
64111Q104,NTGR,NETGEAR INC,50486,554,1.18M,12.94K,+1.1%,<.01%
91388P105,ULH,UNIVERSAL LOGISTICS HLDGS IN,3953379,871,58.51M,12.89K,+0%,<.01%
863182101,STRW,STRAWBERRY FIELDS REIT INC,1655,928,22.76K,12.76K,+127.6%,<.01%
46654Q807,BBEM,J P MORGAN EXCHANGE TRADED F,159,159,12.54K,12.54K,NEW,<.01%
736508847,POR,PORTLAND GEN ELEC CO,1047258,240,54.28M,12.44K,+0%,<.01%
78464A839,MDYV,SPDR SERIES TRUST,12586,131,1.19M,12.43K,+1.1%,<.01%
00162Q338,ELFY,ALPS ETF TR,276,276,12.42K,12.42K,NEW,<.01%
46429B606,EPOL,ISHARES TR,3298,320,127.34K,12.36K,+10.7%,<.01%
803866300,SSL,SASOL LTD,34505,1250,338.84K,12.27K,+3.8%,<.01%
759910102,KRMD,KORU MEDICAL SYSTEMS INC,5680,2914,23.86K,12.24K,+105.4%,<.01%
29278D105,ENIC,ENEL CHILE SA,36060,2718,162.27K,12.23K,+8.2%,<.01%
46137V373,RSPS,INVESCO EXCHANGE TRADED FD T,5179,406,155.27K,12.17K,+8.5%,<.01%
06211J100,BFC,BANK FIRST CORP,1085,82,160.97K,12.17K,+8.2%,<.01%
45769N105,ISSC,INNOVATIVE SOLUTIONS & SUPPO,704,671,12.68K,12.08K,+2033.3%,<.01%
46434V266,ISCF,ISHARES TR,2061,278,89.21K,12.03K,+15.6%,<.01%
46641Q290,BBSC,J P MORGAN EXCHANGE TRADED F,134,130,12.31K,11.95K,+3250%,<.01%
464286756,EWD,ISHARES INC,1179,239,58.91K,11.94K,+25.4%,<.01%
68376D104,OPRT,OPORTUN FINL CORP,15523,2087,88.64K,11.92K,+15.5%,<.01%
46137V308,PKW,INVESCO EXCHANGE TRADED FD T,43149,84,6.11M,11.9K,+0.2%,<.01%
56064Y100,MNSB,MAINSTREET BANCSHARES INC,953,481,23.53K,11.88K,+101.9%,<.01%
19762B509,ECON,COLUMBIA ETF TR II,1188,327,43.05K,11.85K,+38%,<.01%
03784Y200,APLE,APPLE HOSPITALITY REIT INC,42809,703,719.63K,11.82K,+1.7%,<.01%
893617209,TCI,TRANSCONTINENTAL RLTY INVS,739,256,33.99K,11.77K,+53%,<.01%
37960A420,HYDR,GLOBAL X FDS,243,220,12.88K,11.66K,+956.5%,<.01%
37954Y780,SNSR,GLOBAL X FDS,2214,232,110.62K,11.59K,+11.7%,<.01%
316092196,FDIG,FIDELITY COVINGTON TRUST,2566,271,109.66K,11.58K,+11.8%,<.01%
46139W858,BSCW,INVESCO EXCH TRD SLF IDX FD,1162,563,23.84K,11.55K,+94%,<.01%
45676K103,INFQ,INFLEQTION INC,862,862,11.48K,11.48K,NEW,<.01%
021513106,ALTO,ALTO INGREDIENTS INC,2821,2013,16.08K,11.47K,+249.1%,<.01%
371532102,GCO,GENESCO INC,769,339,25.95K,11.44K,+78.8%,<.01%
69344A834,PAAA,PGIM ETF TR,916,223,46.96K,11.43K,+32.2%,<.01%
92189Y402,IBOT,VANECK ETF TRUST,165,165,11.35K,11.35K,NEW,<.01%
20848V105,CCSI,CONSENSUS CLOUD SOLUTIONS IN,9961,297,380.03K,11.33K,+3.1%,<.01%
87936R205,VIV,TELEFONICA BRASIL SA,196641,855,2.59M,11.25K,+0.4%,<.01%
47248R103,JCAP,JEFFERSON CAPITAL INC,1064,578,20.71K,11.25K,+118.9%,<.01%
23306X860,CRTC,DBX ETF TR,288,288,11.22K,11.22K,NEW,<.01%
12135Y108,BHRB,BURKE HERBERT FINL SVCS CORP,1955,156,140.48K,11.21K,+8.7%,<.01%
61023L207,MNPR,MONOPAR THERAPEUTICS INC,530,121,49.07K,11.2K,+29.6%,<.01%
92663R105,VMD,VIEMED HEALTHCARE INC,11238,979,128.11K,11.16K,+9.5%,<.01%
817070501,SENEA,SENECA FOODS CORP NEW,1892,64,329.06K,11.13K,+3.5%,<.01%
33739P103,FTLS,FIRST TR EXCH TRADED FD III,150,150,11.11K,11.11K,NEW,<.01%
36170N107,GCTS,GCT SEMICONDUCTOR HLDG INC,3718,3718,11.04K,11.04K,NEW,<.01%
814785309,SNFCA,SECURITY NATL FINL CORP,5364,1129,51.98K,10.94K,+26.7%,<.01%
320557101,INBK,FIRST INTERNET BANCORP,2370,393,65.88K,10.92K,+19.9%,<.01%
46138G706,TAN,INVESCO EXCH TRADED FD TR II,1667,183,98.59K,10.82K,+12.3%,<.01%
293389102,EBF,ENNIS INC,3712,503,78.88K,10.69K,+15.7%,<.01%
78574H104,SOC,SABLE OFFSHORE CORP,19320,3469,59.51K,10.68K,+21.9%,<.01%
635309206,NCMI,NATIONAL CINEMEDIA INC,20101,2807,76.39K,10.67K,+16.2%,<.01%
97717W760,DLS,WISDOMTREE TR,5301,126,444.18K,10.56K,+2.4%,<.01%
09073N300,STEX,STREAMEX CORP,12418,12284,10.56K,10.45K,+9167.2%,<.01%
46436E510,ISVL,ISHARES TR,207,207,10.42K,10.42K,NEW,<.01%
29081P303,AKOB,EMBOTELLADORA ANDINA S A,2432,357,70.92K,10.41K,+17.2%,<.01%
68280L101,ONEW,ONEWATER MARINE INC,2964,921,33.4K,10.38K,+45.1%,<.01%
74349Y787,ITWO,PROSHARES TR,220,220,10.33K,10.33K,NEW,<.01%
984017103,XHR,XENIA HOTELS & RESORTS INC,12983,506,264.32K,10.3K,+4.1%,<.01%
78137L105,RUM,RUM GROUP INC,15138,1621,95.97K,10.28K,+12%,<.01%
46438G562,QTOP,ISHARES TR,266,266,10.27K,10.27K,NEW,<.01%
46429B614,SMIN,ISHARES TR,1982,145,140.19K,10.26K,+7.9%,<.01%
89142B107,CURV,TORRID HLDGS INC,41584,5450,77.76K,10.19K,+15.1%,<.01%
24477E103,DH,DEFINITIVE HEALTHCARE CORP,37666,12223,31.3K,10.16K,+48%,<.01%
33737J158,FJP,FIRST TR EXCH TRD ALPHDX FD,553,133,42.19K,10.15K,+31.7%,<.01%
35473P827,FLCA,FRANKLIN TEMPLETON ETF TR,2283,197,117.48K,10.14K,+9.4%,<.01%
461804106,ITIC,INVESTORS TITLE CO NC,226,37,61.72K,10.11K,+19.6%,<.01%
88636X732,MSTY,TIDAL TRUST II,987,823,12.07K,10.07K,+501.8%,<.01%
063425102,BMRC,BANK OF MARIN BANCORP,4247,363,117.65K,10.06K,+9.3%,<.01%
25434V104,DFAU,DIMENSIONAL ETF TRUST,21935,194,1.13M,10.03K,+0.9%,<.01%
69374H766,INDS,PACER FDS TR,513,249,20.61K,10K,+94.3%,<.01%
97717W570,EZM,WISDOMTREE TR,4124,132,312.5K,10K,+3.3%,<.01%
970646105,WLFC,WILLIS LEASE FIN CORP,2412,43,551.79K,9.84K,+1.8%,<.01%
33737J117,FEP,FIRST TR EXCH TRD ALPHDX FD,730,172,41.66K,9.82K,+30.8%,<.01%
464286632,EIS,ISHARES INC,1150,81,138.78K,9.77K,+7.6%,<.01%
405166109,HGTY,HAGERTY INC,838,819,9.99K,9.76K,+4310.5%,<.01%
464288182,AAXJ,ISHARES TR,4496,81,536.54K,9.67K,+1.8%,<.01%
869367201,STRO,SUTRO BIOPHARMA INC,1339,289,44.45K,9.59K,+27.5%,<.01%
00810F106,ASLE,AERSALE CORPORATION,12023,1497,75.98K,9.46K,+14.2%,<.01%
353469109,FC,FRANKLIN COVEY CO,11767,383,288.65K,9.4K,+3.4%,<.01%
82536T107,SSTI,SOUNDTHINKING INC,8791,1036,79.56K,9.38K,+13.4%,<.01%
46434V100,SLQD,ISHARES TR,997,184,50.24K,9.27K,+22.6%,<.01%
07272M107,BCML,BAYCOM CORP,3690,281,121.39K,9.24K,+8.2%,<.01%
921932844,IVOV,VANGUARD ADMIRAL FDS INC,3546,81,404.49K,9.24K,+2.3%,<.01%
881454102,IMSR,TERRESTRIAL ENERGY INC,1300,1300,9.2K,9.2K,NEW,<.01%
842873101,SFST,SOUTHERN FIRST BANCSHARES,1680,150,102.67K,9.17K,+9.8%,<.01%
12674W109,CABA,CABALETTA BIO INC,15928,2937,49.54K,9.13K,+22.6%,<.01%
46138E610,KBWD,INVESCO EXCH TRADED FD TR II,733,733,9.1K,9.1K,NEW,<.01%
464288166,AGZ,ISHARES TR,270,83,29.53K,9.08K,+44.4%,<.01%
67080T108,NVCT,NUVECTIS PHARMA INC,8061,493,148.24K,9.07K,+6.5%,<.01%
210502100,CPSS,CONSUMER PORTFOLIO SVCS INC,1936,942,18.58K,9.04K,+94.8%,<.01%
86889P208,SRZN,SURROZEN INC,348,348,9.03K,9.03K,NEW,<.01%
98212N107,WRAP,WRAP TECHNOLOGIES INC,7000,7000,9.03K,9.03K,NEW,<.01%
33939L746,QLC,FLEXSHARES TR,517,100,46.46K,8.99K,+24%,<.01%
43785V102,MCHB,MECHANICS BANCORP,11429,561,181.72K,8.92K,+5.2%,<.01%
28620K106,ELE,ELEMENTAL RTY CORP,508,508,8.9K,8.9K,NEW,<.01%
15961R303,CHPT,CHARGEPOINT HOLDINGS INC,3188,1494,18.84K,8.83K,+88.2%,<.01%
45782N108,INSE,INSPIRED ENTMT INC,2094,1066,17.28K,8.79K,+103.7%,<.01%
958669103,WES,WESTERN MIDSTREAM PARTNERS L,39236,200,1.72M,8.75K,+0.5%,<.01%
37954Y327,COLO,GLOBAL X FDS,522,210,21.74K,8.75K,+67.3%,<.01%
47804J842,JHSC,JOHN HANCOCK EXCHANGE TRADED,1450,180,70.4K,8.74K,+14.2%,<.01%
46436E486,IBDW,ISHARES TR,1406,419,29.3K,8.73K,+42.5%,<.01%
75134P501,METCB,RAMACO RES INC,1922,1016,16.43K,8.69K,+112.1%,<.01%
29460X109,EQBK,EQUITY BANCSHARES INC,1874,176,91.8K,8.62K,+10.4%,<.01%
46138G599,IBBQ,INVESCO EXCH TRADED FD TR II,263,263,8.59K,8.59K,NEW,<.01%
24661P807,DCTH,DELCATH SYS INC,5497,677,69.21K,8.52K,+14%,<.01%
02875D109,AOUT,AMERICAN OUTDOOR BRANDS INC,2560,719,30.05K,8.44K,+39.1%,<.01%
81589A874,LEND,SEI EXCHANGE TRADED FUNDS,334,334,8.41K,8.41K,NEW,<.01%
14021L109,CGDG,CAPITAL GROUP DIVIDEND GROWE,910,223,34.12K,8.36K,+32.5%,<.01%
33734X168,FXZ,FIRST TR EXCHANGE-TRADED FD,179,104,14.26K,8.28K,+138.7%,<.01%
012348108,AIN,ALBANY INTL CORP,3105,110,231.34K,8.2K,+3.7%,<.01%
316092246,FCLD,FIDELITY COVINGTON TRUST,6740,210,261.8K,8.16K,+3.2%,<.01%
64073B103,NP,NEPTUNE INS HLDGS INC,16716,258,526.55K,8.13K,+1.6%,<.01%
Y8162K204,SBLK,STAR BULK CARRIERS CORP.,1270,325,31.71K,8.12K,+34.4%,<.01%
410709109,HNVR,HANOVER BANCORP INC,615,347,14.34K,8.09K,+129.5%,<.01%
500081104,KDK,KODIAK AI INC.,1590,1590,8.08K,8.08K,NEW,<.01%
91544A208,UPLD,UPLAND SOFTWARE INC,1720,1720,8.03K,8.03K,NEW,<.01%
37954Y574,AUSF,GLOBAL X FDS,1281,164,62.61K,8.02K,+14.7%,<.01%
97717X271,DDLS,WISDOMTREE TR,673,182,29.64K,8.01K,+37.1%,<.01%
23306X829,XAIX,DBX ETF TR,625,139,35.96K,8K,+28.6%,<.01%
46137V407,ERTH,INVESCO EXCHANGE TRADED FD T,1671,169,79.06K,8K,+11.3%,<.01%
12634H200,PMTS,CPI CARD GROUP INC,3188,378,66.25K,7.85K,+13.5%,<.01%
63010H108,NNE,NANO NUCLEAR ENERGY INC,2845,369,60.14K,7.8K,+14.9%,<.01%
92189F411,BIZD,VANECK ETF TRUST,649,615,8.22K,7.79K,+1808.8%,<.01%
00081T108,ACCO,ACCO BRANDS CORP,13292,1866,55.29K,7.76K,+16.3%,<.01%
293594107,ENVX,ENOVIX CORPORATION,11819,1278,71.74K,7.76K,+12.1%,<.01%
894650100,TG,TREDEGAR CORP,5118,970,40.74K,7.72K,+23.4%,<.01%
31847R102,FAF,FIRST AMERN FINL CORP,9160791,112,628.34M,7.68K,+0%,0.03%
82728C102,SVCO,SILVACO GROUP INC,1195,557,16.48K,7.68K,+87.3%,<.01%
46641Q845,JPSE,J P MORGAN EXCHANGE TRADED F,2120,127,127.58K,7.64K,+6.4%,<.01%
778920306,SHAZ,SHARONAI HOLDINGS INC,90,90,7.62K,7.62K,NEW,<.01%
583928106,MFIN,MEDALLION FINANCIAL CORP,2153,746,21.98K,7.62K,+53%,<.01%
91688R108,URG,UR-ENERGY INC,86748,5583,117.98K,7.59K,+6.9%,<.01%
45174J509,IHRT,IHEARTMEDIA INC,21748,1769,93.3K,7.59K,+8.9%,<.01%
413216300,HMY,HARMONY GOLD MNG LTD,16505,497,251.04K,7.56K,+3.1%,<.01%
98585C100,YSWY,YESWAY INC,372,372,7.55K,7.55K,NEW,<.01%
33939L597,FEDM,FLEXSHARES TR,120,120,7.49K,7.49K,NEW,<.01%
04013V108,ACRE,ARES COML REAL ESTATE CORP,7816,1660,35.17K,7.47K,+27%,<.01%
464287531,IDGT,ISHARES TR,636,62,76.2K,7.43K,+10.8%,<.01%
30779N105,FMAO,FARMERS & MERCHANTS BANCORP,498,241,15.22K,7.37K,+93.8%,<.01%
464288430,AIA,ISHARES TR,1206,52,170.81K,7.37K,+4.5%,<.01%
46429B499,ENOR,ISHARES TR,233,233,7.32K,7.32K,NEW,<.01%
46138R108,FXF,INVESCO CURRENCYSHARES SWISS,116,67,12.6K,7.28K,+136.7%,<.01%
041242108,ARKO,ARKO CORP,5032,905,40.4K,7.27K,+21.9%,<.01%
78468R655,CNRG,SPDR SERIES TRUST,150,64,16.99K,7.25K,+74.4%,<.01%
38268T103,GPRO,GOPRO INC,46633,9303,36.28K,7.24K,+24.9%,<.01%
46641Q209,JPIN,J P MORGAN EXCHANGE TRADED F,1331,100,96.22K,7.23K,+8.1%,<.01%
92189H870,EINC,VANECK ETF TRUST,76,61,9K,7.23K,+406.7%,<.01%
76525P100,RMBI,RICHMOND MUT BANCORPORATION,951,453,15.1K,7.19K,+91%,<.01%
40701T104,HBB,HAMILTON BEACH BRANDS HLDG C,3420,311,78.76K,7.16K,+10%,<.01%
83607A100,SFBC,SOUND FINL BANCORP INC,334,165,14.4K,7.11K,+97.6%,<.01%
35969L108,YMM,FULL TRUCK ALLIANCE CO LTD,5638,874,45.78K,7.1K,+18.3%,<.01%
97717X552,OPPE,WISDOMTREE TR,2176,127,121.43K,7.09K,+6.2%,<.01%
827427105,SBMT,SILVER BOW MNG CORP,1046,1046,7.07K,7.07K,NEW,<.01%
464286475,EEMS,ISHARES INC,1236,93,93.77K,7.06K,+8.1%,<.01%
98379L100,XPEL,XPEL INC,1508,142,74.8K,7.04K,+10.4%,<.01%
53222K205,LFVN,LIFEVANTAGE CORP,7510,1122,46.86K,7K,+17.6%,<.01%
464287770,IYG,ISHARES TR,16695,77,1.51M,6.97K,+0.5%,<.01%
74347B698,SMDV,PROSHARES TR,2111,90,162.63K,6.93K,+4.5%,<.01%
29287L502,AIFD,TCW ETF TRUST,848,125,47.03K,6.93K,+17.3%,<.01%
98422X101,XPOF,XPONENTIAL FITNESS INC,1718,1001,11.89K,6.93K,+139.6%,<.01%
958892101,WNEB,WESTERN NEW ENG BANCORP INC,1649,483,23.58K,6.91K,+41.4%,<.01%
29970N104,EVEX,EVE HLDG INC,18782,2750,47.14K,6.9K,+17.2%,<.01%
47089W104,AIFC,AI FINL CORP,11703,11703,6.85K,6.85K,NEW,<.01%
629579103,NC,NACCO INDS INC,912,136,45.65K,6.81K,+17.5%,<.01%
83085C107,SKYH,SKY HARBOUR GROUP CORPORATIO,1957,686,19.26K,6.75K,+54%,<.01%
464288844,IEZ,ISHARES TR,1445,250,38.88K,6.73K,+20.9%,<.01%
96924N100,WLDN,WILLDAN GROUP INC,1143,85,90.38K,6.72K,+8%,<.01%
33734X200,FGD,FIRST TR EXCHANGE-TRADED FD,7581,210,242.53K,6.72K,+2.8%,<.01%
M68830112,MDWD,MEDIWOUND LTD,5154,454,75.76K,6.67K,+9.7%,<.01%
826165201,SIDU,SIDUS SPACE INC,2419,2367,6.8K,6.65K,+4551.9%,<.01%
374275105,GETY,GETTY IMAGES HOLDINGS INC,34138,7712,29.36K,6.63K,+29.2%,<.01%
46138J783,BSCR,INVESCO EXCH TRD SLF IDX FD,2254,338,44.22K,6.63K,+17.6%,<.01%
G5698W116,LXFR,LUXFER HLDGS PLC,2664403,367,48.07M,6.62K,+0%,<.01%
92206C623,VTWG,VANGUARD SCOTTSDALE FDS,1072,23,308.42K,6.62K,+2.2%,<.01%
21900C308,CRMD,CORMEDIX INC,6574,835,51.61K,6.56K,+14.5%,<.01%
00162Q718,IDOG,ALPS ETF TR,1757,157,72.35K,6.47K,+9.8%,<.01%
36165L108,GDS,GDS HLDGS LTD,279,215,8.38K,6.46K,+335.9%,<.01%
449109107,HYLN,HYLIION HOLDINGS CORP,41684,1231,217.17K,6.41K,+3%,<.01%
00835T107,AVEX,AEVEX CORP,307,307,6.41K,6.41K,NEW,<.01%
09661T800,BKHY,BNY MELLON ETF TRUST,135,135,6.41K,6.41K,NEW,<.01%
45782C862,LOUP,INNOVATOR ETFS TRUST,67,65,6.6K,6.41K,+3250%,<.01%
359664109,FLGT,FULGENT GENETICS INC,1100,310,22.57K,6.36K,+39.2%,<.01%
828359109,SAMG,SILVERCREST ASSET MGMT GROUP,809,624,8.18K,6.31K,+337.3%,<.01%
81589A809,QALT,SEI EXCHANGE TRADED FUNDS,237,237,6.29K,6.29K,NEW,<.01%
637215104,NPK,NATIONAL PRESTO INDS INC,920,50,114.99K,6.25K,+5.7%,<.01%
00258Y104,ABX,ABACUS GLOBAL MGMT INC,7505,582,80.38K,6.23K,+8.4%,<.01%
25432X102,DCOM,DIME COML BANCSHARES INC,5429,152,220.68K,6.18K,+2.9%,<.01%
33738R886,IFV,FIRST TR EXCHANGE TRADED FD,927,227,24.95K,6.11K,+32.4%,<.01%
45826HAB5,ITGR,INTEGER HLDGS CORP,1413000,5000,1.72M,6.09K,+0.4%,<.01%
032037103,AP,AMPCO-PITTSBURG CORP,700,700,6.05K,6.05K,NEW,<.01%
22542D225,SLVO,UBS AG,91,91,5.92K,5.92K,NEW,<.01%
05875B304,BALY,BALLYS CORPORATION,1124,430,15.41K,5.9K,+62%,<.01%
Y2065G121,DHT,DHT HOLDINGS INC,24156217,356,399.3M,5.88K,+0%,0.02%
69374H303,PTNQ,PACER FDS TR,3893,66,345.12K,5.85K,+1.7%,<.01%
464288612,GVI,ISHARES TR,980,55,103.97K,5.84K,+5.9%,<.01%
316092261,FPFD,FIDELITY COVINGTON TRUST,272,272,5.83K,5.83K,NEW,<.01%
78468R531,EFIV,SPDR SERIES TRUST,1063,80,77.5K,5.83K,+8.1%,<.01%
843380106,SMBC,SOUTHERN MO BANCORP INC,34553,76,2.63M,5.79K,+0.2%,<.01%
59516C106,MVST,MICROVAST HOLDINGS INC,11850,4903,13.87K,5.74K,+70.6%,<.01%
89680M101,TLSI,TRISALUS LIFE SCIENCES INC,2558,1242,11.64K,5.65K,+94.4%,<.01%
46138W107,FXY,INVESCO CURRENCYSHARES,100,100,5.64K,5.64K,NEW,<.01%
67092P508,NUMV,NUSHARES ETF TR,1424,129,61.94K,5.61K,+10%,<.01%
867981102,SUNS,SUNRISE RLTY TR INC,802,708,6.34K,5.59K,+753.2%,<.01%
866082100,INN,SUMMIT HOTEL PPTYS,12281,797,86.09K,5.59K,+6.9%,<.01%
70451A104,PAYS,PAYSIGN INC,8338,680,68.29K,5.57K,+8.9%,<.01%
92922P106,WTI,W & T OFFSHORE INC,13164,1766,41.47K,5.56K,+15.5%,<.01%
142038108,CRBU,CARIBOU BIOSCIENCES INC,727115,3156,1.28M,5.55K,+0.4%,<.01%
46137V381,RSPD,INVESCO EXCHANGE TRADED FD T,291,99,16.32K,5.55K,+51.6%,<.01%
79957L100,SMTI,SANARA MEDTECH INC,1127,235,26.59K,5.54K,+26.3%,<.01%
808524409,SCHV,SCHWAB STRATEGIC TR,263829,159,9.18M,5.53K,+0.1%,<.01%
78468R887,SMLV,SPDR SERIES TRUST,238,35,37.51K,5.52K,+17.2%,<.01%
82889N657,TUA,SIMPLIFY EXCHANGE TRADED FUN,270,270,5.51K,5.51K,NEW,<.01%
G06973112,AUGO,AURA MINERALS INC,87,87,5.48K,5.48K,NEW,<.01%
464289131,EWZS,ISHARES TR,418,418,5.43K,5.43K,NEW,<.01%
89785X101,TBI,TRUEBLUE INC,7973,775,55.57K,5.4K,+10.8%,<.01%
46435U366,IDRV,ISHARES TR,382,140,14.55K,5.33K,+57.9%,<.01%
922417AJ9,VECO,VEECO INSTRS INC DEL,2673000,2000,7.12M,5.33K,+0.1%,<.01%
690145206,OM,OUTSET MED INC,2742887,1214,11.85M,5.24K,+0%,<.01%
37954Y657,PFFD,GLOBAL X FDS,891,279,16.64K,5.21K,+45.6%,<.01%
74039M408,AGPU,AXE COMPUTE INC,687,687,5.21K,5.21K,NEW,<.01%
233051515,DEEF,DBX ETF TR,156,134,6.03K,5.18K,+609.1%,<.01%
02451V309,ABAT,AMERICAN BATTERY TECHNOLOGY,7346,1827,20.79K,5.17K,+33.1%,<.01%
139737100,CBNK,CAPITAL BANCORP INC MD,1228,147,43.12K,5.16K,+13.6%,<.01%
97717X511,AGGY,WISDOMTREE TR,447,117,19.41K,5.08K,+35.5%,<.01%
29280W109,NRGV,ENERGY VAULT HOLDINGS INC,10193,1075,48.01K,5.06K,+11.8%,<.01%
233051507,DBJP,DBX ETF TR,952,44,109.33K,5.05K,+4.8%,<.01%
55262C100,MBI,MBIA INC,11349,762,73.99K,4.97K,+7.2%,<.01%
04272H204,ARAI,ARRIVE AI INC,30690,11528,13.17K,4.95K,+60.2%,<.01%
47103U100,JSML,JANUS DETROIT STR TR,869,53,80.89K,4.93K,+6.5%,<.01%
33939L688,ESGG,FLEXSHARES TR,65,21,15.26K,4.93K,+47.7%,<.01%
75686R202,RRBI,RED RIVER BANCSHARES INC,264,54,24.09K,4.93K,+25.7%,<.01%
08659B102,BBNX,BETA BIONICS INC,3512,313,55.03K,4.9K,+9.8%,<.01%
38748G101,BAR,GRANITESHARES GOLD TR,3213,124,127.02K,4.9K,+4%,<.01%
045396207,ASMB,ASSEMBLY BIOSCIENCES INC,178,178,4.89K,4.89K,NEW,<.01%
46429B408,EPHE,ISHARES TR,202,202,4.88K,4.88K,NEW,<.01%
040044109,AREN,THE ARENA GROUP HOLDINGS INC,7795,5870,6.47K,4.87K,+304.9%,<.01%
66981J102,MNSO,MINISO GROUP HLDG LTD,2357,403,28.42K,4.86K,+20.6%,<.01%
33734X101,FXD,FIRST TR EXCHANGE-TRADED FD,1103,70,76.3K,4.84K,+6.8%,<.01%
690732102,ACH,ACCENDRA HEALTH INC,25912,1413,88.62K,4.83K,+5.8%,<.01%
381098409,MRDN,MERIDIAN HOLDINGS INC,6227,347,86.68K,4.83K,+5.9%,<.01%
65340G205,NXDT,NEXPOINT DIVERSIFIED REL ET,12886,922,66.88K,4.79K,+7.7%,<.01%
46139W783,BSCY,INVESCO EXCH TRD SLF IDX FD,231,231,4.77K,4.77K,NEW,<.01%
277461406,KODK,EASTMAN KODAK CO,7386,515,68.32K,4.76K,+7.5%,<.01%
55380K109,MPTI,M-TRON INDS INC,139,48,13.78K,4.76K,+52.7%,<.01%
457985208,IART,INTEGRA LIFESCIENCES HLDGS C,5141,265,92.33K,4.76K,+5.4%,<.01%
02072L680,STRV,EA SERIES TRUST,1387,98,66.99K,4.73K,+7.6%,<.01%
85512G106,STHO,STAR HLDGS,1839,518,16.79K,4.73K,+39.2%,<.01%
46139W759,BSCZ,INVESCO EXCH TRD SLF IDX FD,231,231,4.73K,4.73K,NEW,<.01%
66538H419,WWJD,NORTHERN LTS FD TR IV,959,124,36.55K,4.73K,+14.9%,<.01%
358010106,FEIM,FREQUENCY ELECTRS INC,1144,71,75.93K,4.71K,+6.6%,<.01%
981419104,WRLD,WORLD ACCEP CORPORATION,1275,21,285.35K,4.7K,+1.7%,<.01%
46436E551,XJH,ISHARES TR,999,90,52.1K,4.69K,+9.9%,<.01%
00774Q346,DEMZ,ADVISORS INNER CIRCLE FD III,1499,98,71.58K,4.68K,+7%,<.01%
68752L100,KIDS,ORTHOPEDIATRICS CORP,1629,243,31.16K,4.65K,+17.5%,<.01%
533535100,LINC,LINCOLN EDL SVCS CORP,4711,93,235.07K,4.64K,+2%,<.01%
55083R203,LYEL,LYELL IMMUNOPHARMA INC,2151,328,30.22K,4.61K,+18%,<.01%
652941105,NXXT,NEXTNRG INC,23987,13085,8.4K,4.58K,+120%,<.01%
90214Q774,LSAF,TWO RDS SHARED TR,2243,88,116.18K,4.56K,+4.1%,<.01%
46090A804,GTO,INVESCO ACTIVELY MANAGED EXC,1618,97,75.84K,4.55K,+6.4%,<.01%
G42706104,HG,HAMILTON INSURANCE GROUP LTD,3703,133,125.67K,4.51K,+3.7%,<.01%
78464A516,BWX,SPDR SERIES TRUST,1076,208,23.34K,4.51K,+24%,<.01%
20441B704,ELPC,COMPANHIA PARANAENSE DE ENER,14492,386,168.83K,4.5K,+2.7%,<.01%
464289123,ENZL,ISHARES TR,100,100,4.48K,4.48K,NEW,<.01%
38246G108,GDRX,GOODRX HLDGS INC,10030,1554,28.89K,4.48K,+18.3%,<.01%
78463X533,EDIV,SPDR INDEX SHS FDS,5497,109,225.15K,4.46K,+2%,<.01%
635906100,NHC,NATIONAL HEALTHCARE CORP,2380,21,503.03K,4.44K,+0.9%,<.01%
18270D106,CMTG,CLAROS MTG TR INC,7939,1874,18.66K,4.4K,+30.9%,<.01%
92189F866,AFK,VANECK ETF TRUST,221,171,5.68K,4.4K,+342%,<.01%
05967A107,BSBR,BANCO SANTANDER BRASIL S A,837,837,4.39K,4.39K,NEW,<.01%
89357L501,RNAZ,TRANSCODE THERAPEUTICS INC,706,706,4.38K,4.38K,NEW,<.01%
92647N873,CSB,VICTORY PORTFOLIOS II,165,66,10.79K,4.32K,+66.7%,<.01%
29402E102,ELA,ENVELA CORP,1730,149,49.96K,4.3K,+9.4%,<.01%
357023100,RAIL,FREIGHTCAR AMER INC,440,440,4.29K,4.29K,NEW,<.01%
16208T102,CLDT,CHATHAM LODGING TR,63743,323,843.32K,4.27K,+0.5%,<.01%
46138J593,OMFS,INVESCO EXCH TRD SLF IDX FD,283,79,15.12K,4.22K,+38.7%,<.01%
205750409,LODE,COMSTOCK INC,1025,1009,4.26K,4.2K,+6306.2%,<.01%
08986R408,BHA,BIGLARI HLDGS INC,95,2,199.26K,4.19K,+2.2%,<.01%
46438F101,IBIT,ISHARES BITCOIN TRUST ETF,200,125,6.66K,4.16K,+166.7%,<.01%
92557A101,DSP,VIANT TECHNOLOGY INC,5434,328,68.8K,4.15K,+6.4%,<.01%
09789C812,XTEN,BONDBLOXX ETF TRUST,230,91,10.49K,4.15K,+65.5%,<.01%
831754106,SWBI,SMITH & WESSON BRANDS INC,12667,274,190.52K,4.12K,+2.2%,<.01%
371927104,GEL,GENESIS ENERGY L P,53850,290,763.05K,4.11K,+0.5%,<.01%
75606V101,ALOY,REALLOYS INC,284,284,4.11K,4.11K,NEW,<.01%
464286871,EWH,ISHARES INC,6314,195,132.08K,4.08K,+3.2%,<.01%
78463X400,GXC,SPDR INDEX SHS FDS,176,47,15.21K,4.06K,+36.4%,<.01%
46137V118,PSP,INVESCO EXCHANGE TRADED FD T,84,73,4.66K,4.05K,+663.6%,<.01%
233051481,DEUS,DBX ETF TR,752,62,49.09K,4.05K,+9%,<.01%
60879E408,MNTS,MOMENTUS INC,600,600,4.03K,4.03K,NEW,<.01%
31189P102,FATE,FATE THERAPEUTICS INC,49076,1486,132.5K,4.01K,+3.1%,<.01%
464286319,DVYE,ISHARES INC,2518,124,81.15K,4K,+5.2%,<.01%
464286806,EWG,ISHARES INC,2583,96,106.85K,3.97K,+3.9%,<.01%
343389409,FTK,FLOTEK INDUSTRIES INC,2033,168,47.83K,3.95K,+9%,<.01%
29382R107,EVC,ENTRAVISION COMMUNICATIONS C,30939,303,403.45K,3.95K,+1%,<.01%
74727A104,QCRH,QCR HLDGS INC,915872,40,89.16M,3.89K,+0%,<.01%
74255Y607,PSC,PRINCIPAL EXCHANGE TRADED FD,328,55,23.05K,3.87K,+20.1%,<.01%
871565107,ACNT,ASCENT INDUSTRIES CO,1260,257,18.94K,3.86K,+25.6%,<.01%
M5216V106,GLBE,GLOBAL E ONLINE LTD,127516,111,4.43M,3.86K,+0.1%,<.01%
762544104,RBBN,RIBBON COMMUNICATIONS INC,6856,1635,16.04K,3.83K,+31.3%,<.01%
520776105,DSGR,DISTRIBUTION SOLUTIONS GRP I,1875,139,51.29K,3.8K,+8%,<.01%
92841M101,NIE,VIRTUS EQUITY & CONV INCM FD,141,141,3.79K,3.79K,NEW,<.01%
500767306,KWEB,KRANESHARES TRUST,2349,153,57.49K,3.74K,+7%,<.01%
25400W102,APPS,DIGITAL TURBINE INC,61499,289,793.34K,3.73K,+0.5%,<.01%
74933W627,TMFM,RBB FD INC,6527,172,141.14K,3.72K,+2.7%,<.01%
46134L105,ISTR,INVESTAR HOLDING CORP,794,124,23.78K,3.71K,+18.5%,<.01%
001228501,MITT,TPG MTG INVTS TR INC,20931,465,165.78K,3.68K,+2.3%,<.01%
373865104,GABC,GERMAN AMERN BANCORP INC,4832,77,229.34K,3.65K,+1.6%,<.01%
18270P109,CLAR,CLARUS CORP NEW,6541,1153,20.61K,3.63K,+21.4%,<.01%
43689E107,HBCP,HOMEBANCORP INC,3859,53,264.42K,3.63K,+1.4%,<.01%
98955K104,ZVIA,ZEVIA PBC,6083,2226,9.91K,3.63K,+57.7%,<.01%
464288505,ISCB,ISHARES TR,7776,48,587.14K,3.62K,+0.6%,<.01%
37960A370,ZAP,GLOBAL X FDS,104,104,3.59K,3.59K,NEW,<.01%
74933W643,TMFE,RBB FD INC,1438,121,42.47K,3.57K,+9.2%,<.01%
034948109,ANGX,ANGEL STUDIOS INC.,1201,972,4.41K,3.57K,+424.5%,<.01%
029174109,ARL,AMERICAN RLTY INVS INC,866,156,19.28K,3.47K,+22%,<.01%
33737M300,FYC,FIRST TR EXCHANGE-TRADED ALP,671,27,85.38K,3.44K,+4.2%,<.01%
20460L104,SPWR,SUNPOWER INC,6061,4970,4.17K,3.42K,+455.5%,<.01%
464288711,JXI,ISHARES TR,1268,40,107.74K,3.4K,+3.3%,<.01%
78464A292,PSK,SPDR SERIES TRUST,110,110,3.36K,3.36K,NEW,<.01%
46137V761,PXE,INVESCO EXCHANGE TRADED FD T,556,99,18.83K,3.35K,+21.7%,<.01%
531914109,LWAY,LIFEWAY FOODS INC,2877,112,85.86K,3.34K,+4.1%,<.01%
26922A719,GOAU,ETF SER SOLUTIONS,128,90,4.75K,3.34K,+236.8%,<.01%
38173M102,GBDC,GOLUB CAP BDC INC,293,256,3.77K,3.3K,+691.9%,<.01%
B9151N105,TTAM,TITAN AMER SA,2488,176,46.43K,3.28K,+7.6%,<.01%
00214Q500,PRNT,ARK ETF TR,567,133,13.93K,3.27K,+30.6%,<.01%
191241108,KOF,COCA-COLA FEMSA SAB DE CV,327538,30,34.8M,3.19K,+0%,<.01%
276317104,EML,EASTERN CO,211,112,5.88K,3.12K,+113.1%,<.01%
64051M709,NEON,NEONODE INC,4773,3277,4.49K,3.08K,+219.1%,<.01%
92189F627,CNXT,VANECK ETF TRUST,49,49,3.07K,3.07K,NEW,<.01%
26923G822,PFFA,ETFIS SER TR I,149,149,3.06K,3.06K,NEW,<.01%
63886Q109,NGS,NATURAL GAS SVCS GROUP INC,16011,71,690.72K,3.06K,+0.4%,<.01%
33738R860,FTXO,FIRST TR EXCHANGE TRADED FD,253,74,10.46K,3.06K,+41.3%,<.01%
461147100,INTT,INTEST CORP,217,168,3.94K,3.05K,+342.9%,<.01%
32043P106,FGBI,FIRST GTY BANCSHARES INC,300,300,3.02K,3.02K,NEW,<.01%
G5568L109,LZM,LIFEZONE METALS LIMITED,4745,777,18.41K,3.01K,+19.6%,<.01%
69374H741,SRVR,PACER FDS TR,368,95,11.68K,3.01K,+34.8%,<.01%
G3R239101,GAMB,GAMBLING COM GROUP LIMITED,5973,1574,11.35K,2.99K,+35.8%,<.01%
92189F130,RAAX,VANECK ETF TRUST,75,75,2.99K,2.99K,NEW,<.01%
76680V108,REI,RING ENERGY INC,87127,2754,94.1K,2.97K,+3.3%,<.01%
172406308,CNVS,CINEVERSE CORP,1000,1000,2.97K,2.97K,NEW,<.01%
01438T106,ALDX,ALDEYRA THERAPEUTICS INC,17889,1386,38.1K,2.95K,+8.4%,<.01%
04638F108,ALOT,ASTRONOVA INC,802,103,22.83K,2.93K,+14.7%,<.01%
97717Y659,WCBR,WISDOMTREE TR,295,81,10.68K,2.93K,+37.9%,<.01%
896712205,TRT,TRIO TECH INTL,278,234,3.43K,2.89K,+531.8%,<.01%
33737M102,FNY,FIRST TR EXCHANGE-TRADED ALP,174,26,19.28K,2.88K,+17.6%,<.01%
92262D101,VEL,VELOCITY FINL INC,7103,156,131.11K,2.88K,+2.2%,<.01%
98400U103,SAFX,XCF GLOBAL INC,55942,6492,24.69K,2.87K,+13.1%,<.01%
85529M104,FJET,STARFIGHTERS SPACE INC,535,535,2.85K,2.85K,NEW,<.01%
65342T106,NODK,NI HLDGS INC,990,181,15.55K,2.84K,+22.4%,<.01%
46137V456,XMVM,INVESCO EXCHANGE TRADED FD T,1634,40,115.87K,2.84K,+2.5%,<.01%
46138E784,PCY,INVESCO EXCH TRADED FD TR II,794,131,17.18K,2.83K,+19.8%,<.01%
88830R101,TITN,TITAN MACHY INC,5024,134,106.11K,2.83K,+2.7%,<.01%
45569U101,INDI,INDIE SEMICONDUCTOR INC,41439,622,186.06K,2.79K,+1.5%,<.01%
76134H101,RHLD,RESOLUTE HLDGS MGMT INC,352,19,50.83K,2.74K,+5.7%,<.01%
92189F817,VNM,VANECK ETF TRUST,1809,148,33.42K,2.73K,+8.9%,<.01%
759937204,IPO,RENAISSANCE CAP GREENWICH FD,492,46,29.24K,2.73K,+10.3%,<.01%
090683103,BTMD,BIOTE CORP,31076,1435,58.73K,2.71K,+4.8%,<.01%
893529107,TRNS,TRANSCAT INC,400,29,37.09K,2.69K,+7.8%,<.01%
170386106,COFS,CHOICEONE FINANCIA,511,79,17.37K,2.69K,+18.3%,<.01%
53946R106,LDI,LOANDEPOT INC,11415,2129,14.27K,2.66K,+22.9%,<.01%
67109R109,OPBK,OP BANCORP,808,175,12.11K,2.62K,+27.6%,<.01%
290876101,EMA,EMERA INC,24457,49,1.3M,2.6K,+0.2%,<.01%
59540G107,MPB,MID PENN BANCORP INC,1410,74,49.11K,2.58K,+5.5%,<.01%
36241U106,GSIT,GSI TECHNOLOGY INC,454,331,3.51K,2.56K,+269.1%,<.01%
218683100,CMT,CORE MOLDING TECHNOLOGIES IN,755,107,17.83K,2.53K,+16.5%,<.01%
576853105,MTRX,MATRIX SVC CO,892,184,12.22K,2.52K,+26%,<.01%
11161T207,BWEN,BROADWIND INC,558,521,2.7K,2.52K,+1408.1%,<.01%
05368J103,AVBH,AVIDBANK HLDGS INC,116,75,3.83K,2.47K,+182.9%,<.01%
23291C103,BOOM,DMC GLOBAL INC,1598,425,9.29K,2.47K,+36.2%,<.01%
46435G839,HSCZ,ISHARES TR,329,57,14.16K,2.45K,+21%,<.01%
92647N667,VSDA,VICTORY PORTFOLIOS II,126,42,7.35K,2.45K,+50%,<.01%
464286657,BKF,ISHARES INC,358,63,13.87K,2.44K,+21.4%,<.01%
28617K101,ELDN,ELEDON PHARMACEUTICALS INC,6235,615,24.57K,2.42K,+10.9%,<.01%
46137V548,PID,INVESCO EXCHANGE TRADED FD T,9307,109,206.61K,2.42K,+1.2%,<.01%
46641Q340,BBMC,J P MORGAN EXCHANGE TRADED F,19,19,2.42K,2.42K,NEW,<.01%
268603107,LOCO,EL POLLO LOCO HLDGS INC,2105,142,35.7K,2.41K,+7.2%,<.01%
136635109,CSIQ,CANADIAN SOLAR INC,149,149,2.39K,2.39K,NEW,<.01%
65487U108,NKTX,NKARTA INC,129942,843,367.74K,2.39K,+0.7%,<.01%
853666105,SMP,STANDARD MTR PRODS INC,1728,61,67.32K,2.38K,+3.7%,<.01%
500767694,KSTR,KRANESHARES TRUST,845,73,27.32K,2.36K,+9.5%,<.01%
09077A106,BMEA,BIOMEA FUSION INC,8814946,1587,12.96M,2.33K,+0%,<.01%
92647X764,GFLW,VICTORY PORTFOLIOS II,68,68,2.32K,2.32K,NEW,<.01%
52472M101,LEGH,LEGACY HOUSING CORP,2910,88,76.45K,2.31K,+3.1%,<.01%
032108805,BATT,AMPLIFY ETF TR,347,150,5.34K,2.31K,+76.1%,<.01%
74319N100,ACDC,PROFRAC HLDG CORP,2776,397,16.13K,2.31K,+16.7%,<.01%
769397100,RVSB,RIVERVIEW BANCORP INC,748,423,4.06K,2.3K,+130.2%,<.01%
74179A107,BPRN,PRINCETON BANCORP INC,484,60,18.35K,2.27K,+14.2%,<.01%
020772109,APT,ALPHA PRO TECH LTD,400,400,2.25K,2.25K,NEW,<.01%
229050307,CYRX,CRYOPORT INC,20887,142,327.93K,2.23K,+0.7%,<.01%
12520L109,CFBK,CF BANKSHARES INC,442,68,14.47K,2.23K,+18.2%,<.01%
04216R102,ARMP,ARMATA PHARMACEUTICALS INC,364,342,2.36K,2.22K,+1554.5%,<.01%
68417L107,OBT,ORANGE CNTY BANCORP INC,1455,60,53.51K,2.21K,+4.3%,<.01%
107924102,BBOT,BRIDGEBIO ONCOLOGY THERAPEUT,240587,287,1.83M,2.19K,+0.1%,<.01%
18914F103,CLOV,CLOVER HEALTH INVESTMENTS CO,14796,416,77.53K,2.18K,+2.9%,<.01%
74167B109,FRST,PRIMIS FINANCIAL CORP,2566,133,42K,2.18K,+5.5%,<.01%
66538H187,FDLS,NORTHERN LTS FD TR IV,105,51,4.44K,2.16K,+94.4%,<.01%
M8744T106,TBLA,TABOOLA.COM LTD,152631,431,763.15K,2.15K,+0.3%,<.01%
67577C105,OCGN,OCUGEN INC,150078,1404,229.62K,2.15K,+0.9%,<.01%
33734X838,FTRI,FIRST TR EXCHANGE-TRADED FD,135,135,2.14K,2.14K,NEW,<.01%
500767751,KOID,KRANESHARES TRUST,52,52,2.14K,2.14K,NEW,<.01%
09789C796,XTWY,BONDBLOXX ETF TRUST,57,57,2.14K,2.14K,NEW,<.01%
78468R549,XES,SPDR SERIES TRUST,296,19,33.14K,2.13K,+6.9%,<.01%
26922A594,SPDV,ETF SER SOLUTIONS,101,55,3.9K,2.12K,+119.6%,<.01%
09075X207,BDSX,BIODESIX INC,95,94,2.15K,2.12K,+9400%,<.01%
316500107,FDUS,FIDUS INVT CORP,163,110,3.11K,2.1K,+207.5%,<.01%
92189F452,MORT,VANECK ETF TRUST,3523,202,36.5K,2.09K,+6.1%,<.01%
74955L103,RGCO,RGC RES INC,624,87,14.92K,2.08K,+16.2%,<.01%
66538H641,ISMD,NORTHERN LTS FD TR IV,189,41,9.46K,2.05K,+27.7%,<.01%
33733E807,FCG,FIRST TR EXCHANGE-TRADED FD,832,77,22.14K,2.05K,+10.2%,<.01%
12619F104,CPSH,CPS TECHNOLOGIES CORP,369,369,2.04K,2.04K,NEW,<.01%
74275G107,PRTH,PRIORITY TECHNOLOGY HLDGS IN,1918,300,12.79K,2K,+18.5%,<.01%
36166F100,GBFH,GBANK FINL HLDGS INC,124,66,3.76K,2K,+113.8%,<.01%
86989Y109,SWMR,SWARMER INC,45,45,1.99K,1.99K,NEW,<.01%
4525EP200,IMUX,IMMUNIC INC,128,128,1.97K,1.97K,NEW,<.01%
630087302,NNVC,NANOVIRICIDES INC,1536,1424,2.12K,1.97K,+1271.4%,<.01%
296650104,ESP,ESPEY MFG & ELECTRS CORP,98,29,6.59K,1.95K,+42%,<.01%
46138G300,XSHQ,INVESCO EXCH TRADED FD TR II,301,40,14.54K,1.93K,+15.3%,<.01%
10482B101,BHR,BRAEMAR HOTELS & RESORTS INC,6411,888,13.85K,1.92K,+16.1%,<.01%
26942G100,EBMT,EAGLE BANCORP MONT INC,91,80,2.18K,1.91K,+727.3%,<.01%
61774R767,EVMO,MORGAN STANLEY ETF TRUST,38,38,1.91K,1.91K,NEW,<.01%
83191H107,SND,SMART SAND INC,2156,373,10.8K,1.87K,+20.9%,<.01%
749552105,RFIL,RF INDS LTD,267,88,5.66K,1.87K,+49.2%,<.01%
33738R720,ROBT,FIRST TR EXCHANGE TRADED FD,1063,33,59.8K,1.86K,+3.2%,<.01%
74933W213,RBIL,RBB FD INC,37,37,1.85K,1.85K,NEW,<.01%
74837P405,QUIK,QUICKLOGIC CORP,2403,91,47.99K,1.82K,+3.9%,<.01%
577345101,MLP,MAUI LD & PINEAPPLE INC,528,102,9.38K,1.81K,+23.9%,<.01%
58958P104,MRBK,MERIDIAN CORP,653,90,13.07K,1.8K,+16%,<.01%
500767678,KRBN,KRANESHARES TRUST,53,53,1.77K,1.77K,NEW,<.01%
92189F767,GLIN,VANECK ETF TRUST,45,38,2.1K,1.77K,+542.9%,<.01%
46429B515,EFNL,ISHARES TR,33,33,1.76K,1.76K,NEW,<.01%
G1472N125,WSHP,WESHOP HOLDINGS LTD,225,225,1.75K,1.75K,NEW,<.01%
885155200,THIR,THOR FINL TECHNOLOGIES TR,51,51,1.75K,1.75K,NEW,<.01%
224633206,CRDA,CRAWFORD & CO,4676,155,52.7K,1.75K,+3.4%,<.01%
46435G417,IMTB,ISHARES TR,131,40,5.71K,1.74K,+44%,<.01%
83207R107,SDHC,SMITH DOUGLAS HOMES CORP,413,112,6.42K,1.74K,+37.2%,<.01%
268948106,EGBN,EAGLE BANCORPORATION INC,5387,61,152.93K,1.73K,+1.1%,<.01%
G59665102,MGTX,MEIRAGTX HLDGS PLC,5949,128,80.37K,1.73K,+2.2%,<.01%
464286350,VEGI,ISHARES INC,886,39,39.08K,1.72K,+4.6%,<.01%
02072Q846,TOV,EA SERIES TRUST,54,54,1.71K,1.71K,NEW,<.01%
46137V274,RSPU,INVESCO EXCHANGE TRADED FD T,1640,21,133.08K,1.7K,+1.3%,<.01%
78464A144,SPBO,SPDR SERIES TRUST,1102,58,32K,1.68K,+5.6%,<.01%
92647N691,VSMV,VICTORY PORTFOLIOS II,203,28,12.16K,1.68K,+16%,<.01%
033853102,ANDG,ANDERSEN GROUP INC,44,44,1.66K,1.66K,NEW,<.01%
G5557R109,LPA,LOGISTIC PROPERTIES OF THE A,9546,489,32.08K,1.64K,+5.4%,<.01%
174740100,CIA,CITIZENS INC,560,285,3.21K,1.64K,+103.6%,<.01%
58470H101,MED,MEDIFAST INC,2730,152,28.97K,1.61K,+5.9%,<.01%
452525306,ICCC,IMMUCELL CORP,160,160,1.61K,1.61K,NEW,<.01%
02128L106,ALTG,ALTA EQUIPMENT GROUP INC,4099,247,26.52K,1.6K,+6.4%,<.01%
204409601,CIG,CIA ENERGETICA DE MINAS GERA,42581,760,89.42K,1.6K,+1.8%,<.01%
108621103,BWB,BRIDGEWATER BANCSHARES INC,5491,75,115.53K,1.58K,+1.4%,<.01%
38149W598,GGUS,GOLDMAN SACHS ETF TR,246,23,16.81K,1.57K,+10.3%,<.01%
02157E106,ALTI,ALTI GLOBAL INC,4827,433,17.43K,1.56K,+9.9%,<.01%
37950E333,SPFF,GLOBAL X FDS,1733,163,16.25K,1.53K,+10.4%,<.01%
78408D105,SBFG,SB FINL GROUP INC,83,60,2.1K,1.52K,+260.9%,<.01%
00791N201,ADV,ADVANTAGE SOLUTIONS INC,890,35,38.48K,1.51K,+4.1%,<.01%
961765104,WHG,WESTWOOD HLDGS GROUP INC,192,79,3.67K,1.51K,+69.9%,<.01%
46137V159,CSD,INVESCO EXCHANGE TRADED FD T,191,10,28.63K,1.5K,+5.5%,<.01%
64081V109,NRDY,NERDY INC,8480,1628,7.77K,1.49K,+23.8%,<.01%
46138E131,XSHD,INVESCO EXCH TRADED FD TR II,104,104,1.46K,1.46K,NEW,<.01%
800422107,JBSS,SANFILIPPO JOHN B & SON INC,3798,17,326.6K,1.46K,+0.4%,<.01%
640655106,NEOV,NEOVOLTA INC,527,460,1.66K,1.45K,+686.6%,<.01%
21077P108,CNTX,CONTEXT THERAPEUTICS INC,2594,2594,1.44K,1.44K,NEW,<.01%
451051106,IBTA,IBOTTA INC,2305,42,78.74K,1.43K,+1.9%,<.01%
898920103,HURA,TUHURA BIOSCIENCES INC,24704,611,57.81K,1.43K,+2.5%,<.01%
747324101,PYXS,PYXIS ONCOLOGY INC,12383,471,37.27K,1.42K,+4%,<.01%
92189F353,HYEM,VANECK ETF TRUST,1936,70,38.94K,1.41K,+3.8%,<.01%
464286343,POWR,ISHARES INC,219,50,6.12K,1.4K,+29.6%,<.01%
85227J106,SRBK,SR BANCORP INC,932,71,18.34K,1.4K,+8.2%,<.01%
03464Y108,AOMR,ANGEL OAK MORTGAGE REIT INC,15034,152,136.51K,1.38K,+1%,<.01%
00164V103,AMCX,AMC GLOBAL MEDIA INC,26343,137,262.9K,1.37K,+0.5%,<.01%
74255Y698,PIEQ,PRINCIPAL EXCHANGE TRADED FD,1362,38,48.88K,1.36K,+2.9%,<.01%
03843E104,AQST,AQUESTIVE THERAPEUTICS INC,5822,326,24.22K,1.36K,+5.9%,<.01%
74933W221,LFSC,RBB FD INC,30,30,1.36K,1.36K,NEW,<.01%
22041X102,CRSR,CORSAIR GAMING INC,4630,140,44.77K,1.35K,+3.1%,<.01%
26828M106,ECBK,ECB BANCORP INC,221,66,4.44K,1.33K,+42.6%,<.01%
652526203,NEWT,NEWTEKONE INC,5218,89,77.28K,1.32K,+1.7%,<.01%
603380205,NERV,MINERVA NEUROSCIENCES INC,237,237,1.31K,1.31K,NEW,<.01%
397624206,GEFB,GREIF INC,2152,14,201.33K,1.31K,+0.7%,<.01%
457152106,INGM,INGRAM MICRO HLDG CORP,6674,47,183.08K,1.29K,+0.7%,<.01%
44916E100,IPX,IPERIONX LTD,212,43,6.3K,1.28K,+25.4%,<.01%
25961D105,DOUG,DOUGLAS ELLIMAN INC,7757,718,13.73K,1.27K,+10.2%,<.01%
56155L108,TUSK,MAMMOTH ENERGY SVCS INC,12531,389,40.73K,1.26K,+3.2%,<.01%
887098101,TSBK,TIMBERLAND BANCORP INC,7711,28,345.51K,1.25K,+0.4%,<.01%
56117J100,MBUU,MALIBU BOATS INC,176414,45,4.84M,1.23K,+0%,<.01%
464214105,ISBA,ISABELLA BK CORP,31,31,1.23K,1.23K,NEW,<.01%
266042407,DUOT,DUOS TECHNOLOGIES GROUP INC,1601,101,19.21K,1.21K,+6.7%,<.01%
03980N107,ARDT,ARDENT HEALTH INC,10500,121,103.32K,1.19K,+1.2%,<.01%
905400107,UNB,UNION BANKSHARES INC,745,49,18.07K,1.19K,+7%,<.01%
747906600,QMCO,QUANTUM CORP,106,106,1.17K,1.17K,NEW,<.01%
696389402,PALI,PALISADE BIO INC,551,551,1.15K,1.15K,NEW,<.01%
05603E208,BVFL,BV FINL INC,442,54,9.36K,1.14K,+13.9%,<.01%
962149100,WEYS,WEYCO GROUP INC,474,29,18.64K,1.14K,+6.5%,<.01%
03615A108,ANVS,ANNOVIS BIO INC,610,610,1.14K,1.14K,NEW,<.01%
32106V107,FXNC,FIRST NATL CORP VA,415,37,12.46K,1.11K,+9.8%,<.01%
75955J402,RLMD,RELMADA THERAPEUTICS INC,160,160,1.11K,1.11K,NEW,<.01%
583543301,SLNH,SOLUNA HOLDINGS INC,819,819,1.11K,1.11K,NEW,<.01%
97717Y634,NTSI,WISDOMTREE TR,26,23,1.21K,1.07K,+766.7%,<.01%
33734X309,CARZ,FIRST TR EXCHANGE-TRADED FD,718,9,85.11K,1.07K,+1.3%,<.01%
33735J101,FTA,FIRST TR EXCHANGE-TRADED ALP,6478,11,627.06K,1.06K,+0.2%,<.01%
669549107,NWFL,NORWOOD FINANCIAL CORP,280,33,8.99K,1.06K,+13.4%,<.01%
66979P300,XWIN,XMAX INC,116,116,1.05K,1.05K,NEW,<.01%
46137V753,PBJ,INVESCO EXCHANGE TRADED FD T,851,22,40.1K,1.04K,+2.7%,<.01%
464288596,GBF,ISHARES TR,69,10,7.15K,1.04K,+16.9%,<.01%
92189H649,GPZ,VANECK ETF TRUST,48,48,1.03K,1.03K,NEW,<.01%
31609R100,FDBC,FIDELITY D & D BANCORP INC,1620,20,83.3K,1.03K,+1.2%,<.01%
26923G772,AMZA,ETFIS SER TR I,22,22,1.02K,1.02K,NEW,<.01%
969136100,WVVI,WILLAMETTE VALLEY VINEYARDS,400,400,1K,1K,NEW,<.01%
206704108,BBCP,CONCRETE PUMPING HLDGS INC,2961,83,35.68K,1K,+2.9%,<.01%
30263Y104,FSBW,FS BANCORP INC,563,23,24.44K,998.4,+4.3%,<.01%
316092881,FMAT,FIDELITY COVINGTON TRUST,14424,17,843.97K,994.7,+0.1%,<.01%
500946108,KRRO,KORRO BIO INC,38975,75,513.69K,988.5,+0.2%,<.01%
78464A490,WIP,SPDR SERIES TRUST,25,25,985,985,NEW,<.01%
868358102,SGC,SUPERIOR GROUP OF CO INC,7111,75,93.29K,983.95,+1.1%,<.01%
763165107,RELL,RICHARDSON ELECTRS LTD,1626,51,30.92K,969.72,+3.2%,<.01%
88675P103,TYGO,TIGO ENERGY INC,438,410,1.02K,955.73,+1464.3%,<.01%
29268T508,EFOI,ENERGY FOCUS INC,287,287,946,946,NEW,<.01%
714167103,PPIH,PERMA-PIPE INTL HLDGS INC,34,34,926,926,NEW,<.01%
37954Y376,PFFV,GLOBAL X FDS,42,42,925,925,NEW,<.01%
90466Y202,UNCY,UNICYCIVE THERAPEUTICS INC,197,197,925,925,NEW,<.01%
38983D854,RPT,RITHM PPTY TR INC,212723,64,3.06M,921.6,+0%,<.01%
46431W853,COMT,ISHARES U S ETF TR,241,30,7.33K,912.57,+14.2%,<.01%
77926X304,QDTE,ROUNDHILL ETF TRUST,63,29,1.96K,902.68,+85.3%,<.01%
84612A200,SPWO,SP FUNDS TRUST,26,26,901,901,NEW,<.01%
90355N101,USCB,USCB FINANCIAL HOLDINGS INC,228,44,4.67K,900.26,+23.9%,<.01%
00848K309,UAVS,AGEAGLE AERIAL SYS INC NEW,1000,1000,891,891,NEW,<.01%
174903104,CZWI,CITIZENS CMNTY BANCORP INC M,452,38,10.57K,888.8,+9.2%,<.01%
55286W504,MFSV,MFS ACTIVE EXCHANGE TRADED F,32,31,914,885.44,+3100%,<.01%
02927U208,AREC,AMERICAN RES CORP,408,408,877,877,NEW,<.01%
746729797,FTMU,PUTNAM ETF TRUST,1584,108,12.56K,856.36,+7.3%,<.01%
762093102,RBKB,RHINEBECK BANCORP INC,574,49,9.94K,848.2,+9.3%,<.01%
97717W547,WTV,WISDOMTREE TR,11,8,1.16K,842.18,+266.7%,<.01%
090168105,BLLN,BILLIONTOONE INC,7,7,840,840,NEW,<.01%
98936T208,ZENA,ZENATECH INC,558,558,837,837,NEW,<.01%
06417N103,OZK,BANK OZK LITTLE ROCK ARK,15555,16,810.27K,833.45,+0.1%,<.01%
92854T209,SEAT,VIVID SEATS INC,2423,127,15.8K,828.04,+5.5%,<.01%
61218C103,MNTK,MONTAUK RENEWABLES INC,1339,529,2.09K,825.3,+65.3%,<.01%
69320M109,PCB,PCB BANCORP,1173,29,33.28K,822.73,+2.5%,<.01%
35473P710,FLKR,FRANKLIN TEMPLETON ETF TR,12,12,821,821,NEW,<.01%
05580M108,RILY,BRC GROUP HOLDINGS INC,2392,102,19.23K,820.09,+4.5%,<.01%
74265M205,PDEX,PRO-DEX INC COLO,256,14,14.99K,819.71,+5.8%,<.01%
349932103,FWDI,FORWARD INDUSTRIES INC,440,192,1.86K,809.89,+77.4%,<.01%
Y7388L103,SB,SAFE BULKERS INC,26154,128,165.03K,807.69,+0.5%,<.01%
927926303,VGZ,VISTA GOLD CORP,421,421,804,804,NEW,<.01%
78646V107,SAFE,SAFEHOLD INC,28230,50,443.21K,784.99,+0.2%,<.01%
00032Q104,WHWK,WHITEHAWK THERAPEUTICS INC,170,170,779,779,NEW,<.01%
G8976D107,TOYO,TOYO CO LTD,110,110,765,765,NEW,<.01%
451033708,IBIO,IBIO INC,433,433,757,757,NEW,<.01%
335925103,FNRN,FIRST NORTHN CMNTY BANCORP,42,42,753,753,NEW,<.01%
464286301,EWK,ISHARES INC,28,28,750,750,NEW,<.01%
G23549101,CNTB,CONNECT BIOPHARMA HLDGS LTD,314,314,747,747,NEW,<.01%
126601103,CVV,CVD EQUIP CORP,100,100,743,743,NEW,<.01%
46138E149,PSCH,INVESCO EXCH TRADED FD TR II,1056,14,55.28K,732.84,+1.3%,<.01%
45259A209,NACP,TIDAL TRUST III,1843,12,112.09K,729.81,+0.7%,<.01%
96328L304,UP,WHEELS UP EXPERIENCE INC,81,81,727,727,NEW,<.01%
032108474,MJ,AMPLIFY ETF TR,28,28,721,721,NEW,<.01%
14167R100,CCLD,CARECLOUD INC,850,339,1.8K,718.68,+66.3%,<.01%
363225202,GALT,GALECTIN THERAPEUTICS INC,13141,154,60.97K,714.53,+1.2%,<.01%
88636X856,CONY,TIDAL TRUST II,58,37,1.1K,699.81,+176.2%,<.01%
46435G243,SUSB,ISHARES TR,199,28,4.97K,699.16,+16.4%,<.01%
74255Y300,PY,PRINCIPAL EXCHANGE TRADED FD,58,13,3.12K,698.86,+28.9%,<.01%
29259W700,EU,ENCORE ENERGY CORP,21933,528,28.73K,691.67,+2.5%,<.01%
Y2001C101,CMDB,COSTAMARE BULKERS HLDGS LTD,8629,39,151.52K,684.82,+0.5%,<.01%
629156407,NL,NLI HOLDINGS INC,4320,114,25.7K,678.3,+2.7%,<.01%
98423K405,XTIA,XTI AEROSPACE INC,1001,373,1.81K,675.2,+59.4%,<.01%
82024L103,STTK,SHATTUCK LABS INC,392596,96,2.72M,666.24,+0%,<.01%
928031103,VABK,VIRGINIA NATL BK CHRLOTSVLE,167,15,7.41K,665.66,+9.9%,<.01%
M51474118,GILT,GILAT SATELLITE NETWORKS LTD,50,50,664,664,NEW,<.01%
84833T103,SPRO,SPERO THERAPEUTICS INC,300,300,663,663,NEW,<.01%
00770C101,ARQ,ARQ INC,8571,257,21.86K,655.35,+3.1%,<.01%
97717Y790,NTSX,WISDOMTREE TR,18,11,1.06K,649.61,+157.1%,<.01%
44916K106,HYPR,HYPERFINE INC,477,477,644,644,NEW,<.01%
12466Q104,CFFI,C & F FINL CORP,429,8,34.29K,639.44,+1.9%,<.01%
70532Y402,PED,PEDEVCO CORP,47,47,633,633,NEW,<.01%
45258H106,IMMX,IMMIX BIOPHARMA INC,61,61,629,629,NEW,<.01%
8342EP107,XPL,SOLITARIO RESOURCES CORP,830,830,624,624,NEW,<.01%
59503A204,MBOT,MICROBOT MED INC,323,319,630,622.2,+7975%,<.01%
88706T108,TIMB,TIM S A,4354,29,93.26K,621.17,+0.7%,<.01%
553810102,MVBF,MVB FINL CORP,277,21,8.04K,609.23,+8.2%,<.01%
G31249108,ESTA,ESTABLISHMENT LABS HLDGS INC,28,7,2.4K,600.75,+33.3%,<.01%
37364X109,GEOS,GEOSPACE TECHNOLOGIES CORP,1194,85,8.08K,575.42,+7.7%,<.01%
57637H103,MCFT,MASTERCRAFT BOAT HLDGS INC,10502,22,271.17K,568.06,+0.2%,<.01%
19058X207,COSO,COASTALSOUTH BANCSHARES INC,23,21,618,564.26,+1050%,<.01%
02072L557,FTWO,EA SERIES TRUST,13,13,562,562,NEW,<.01%
37954Y194,ONOF,GLOBAL X FDS,6989,14,279.15K,559.18,+0.2%,<.01%
65342V101,NREF,NEXPOINT REAL ESTATE FIN INC,478,36,7.41K,558.15,+8.1%,<.01%
02072L615,STXG,EA SERIES TRUST,10,10,553,553,NEW,<.01%
67577R102,IRD,OPUS GENETICS INC,142,134,584,551.1,+1675%,<.01%
35473P637,FLJH,FRANKLIN TEMPLETON ETF TR,372,12,16.95K,546.94,+3.3%,<.01%
33939L605,TDTF,FLEXSHARES TR,992,23,23.59K,546.92,+2.4%,<.01%
92647N865,CDL,VICTORY PORTFOLIOS II,748,7,58K,542.79,+0.9%,<.01%
26922A321,DSTL,ETF SER SOLUTIONS,260,9,15.6K,540.07,+3.6%,<.01%
878155308,TISI,TEAM INC,31,31,536,536,NEW,<.01%
88634T774,NVDY,TIDAL TRUST II,99,43,1.23K,535.11,+76.8%,<.01%
00166B105,ALXO,ALX ONCOLOGY HLDGS INC,13242,256,27.41K,529.92,+2%,<.01%
15673T100,IPSC,CENTURY THERAPEUTICS INC,8994,215,22.04K,526.74,+2.4%,<.01%
677719106,OVBC,OHIO VY BANC CORP,39,12,1.69K,521.23,+44.4%,<.01%
92189F528,SMB,VANECK ETF TRUST,6918,30,120.02K,520.48,+0.4%,<.01%
31810T101,FINV,FINVOLUTION GROUP,310,104,1.49K,498.19,+50.5%,<.01%
51504L107,LARK,LANDMARK BANCORP INC,328,16,10.07K,491.37,+5.1%,<.01%
91705J303,UONE,URBAN ONE INC,90,90,486,486,NEW,<.01%
28657F103,ELTX,ELICIO THERAPEUTICS INC,124,124,485,485,NEW,<.01%
37960A651,SRET,GLOBAL X FDS,102,21,2.32K,476.82,+25.9%,<.01%
G7606H108,RDZN,ROADZEN INC,2558,323,3.73K,471.62,+14.5%,<.01%
394357107,GCBC,GREENE CNTY BANCORP INC,243,14,8.16K,470.24,+6.1%,<.01%
296056104,ESCA,ESCALADE INC,2222,25,41.73K,469.5,+1.1%,<.01%
20343A101,CMTV,COMMUNITY BANCORP INC VT,12,12,469,469,NEW,<.01%
30068X103,XGN,EXAGEN INC,100,100,465,465,NEW,<.01%
78463X772,DWX,SPDR INDEX SHS FDS,3211,10,147.55K,459.53,+0.3%,<.01%
913821302,UUU,UNIVERSAL SAFETY PRODS INC,100,100,459,459,NEW,<.01%
78397T202,SABS,SAB BIOTHERAPEUTICS INC,116,116,452,452,NEW,<.01%
63909J108,NAUT,NAUTILUS BIOTECHNOLOGY INC,3583,240,6.7K,448.79,+7.2%,<.01%
53222Q103,LCUT,LIFETIME BRANDS INC,2056,52,17.54K,443.57,+2.6%,<.01%
46436E833,IBTI,ISHARES TR,1130,20,25.02K,442.78,+1.8%,<.01%
500767827,KARS,KRANESHARES TRUST,174,14,5.5K,442.37,+8.8%,<.01%
032332504,ASYS,AMTECH SYS INC,261,19,6.02K,438.09,+7.9%,<.01%
320551104,DIBS,1STDIBS COM INC,1750,89,8.57K,436.1,+5.4%,<.01%
205684202,CHCI,COMSTOCK HLDG COS INC,327,27,5.22K,431.26,+9%,<.01%
15746L100,CBNA,CHAIN BRIDGE BANCORP INC,306,10,12.87K,420.49,+3.4%,<.01%
74019P207,DTIL,PRECISION BIOSCIENCES INC,53,53,417,417,NEW,<.01%
917488108,UTMD,UTAH MED PRODS INC,18068,6,1.25M,413.87,+0%,<.01%
87169M105,OPTX,SYNTEC OPTICS HLDGS INC,34,33,423,410.56,+3300%,<.01%
68277Q105,OKUR,ONKURE THERAPEUTICS INC,89,89,406,406,NEW,<.01%
51655R200,LNZA,LANZATECH GLOBAL INC,59,59,402,402,NEW,<.01%
04124A100,APC,ARKO PETE CORP,21,21,396,396,NEW,<.01%
38068T105,GORO,GOLD RESOURCE CORP,423,314,533,395.65,+288.1%,<.01%
92840R101,NFJ,VIRTUS DIVIDEND INTEREST & P,27,26,410,394.81,+2600%,<.01%
03212B103,AMPY,AMPLIFY ENERGY CORP NEW,21620,99,86.05K,394.02,+0.5%,<.01%
420476103,HWBK,HAWTHORN BANCSHARES INC,105,10,4.13K,393.05,+10.5%,<.01%
57064P206,MKTW,MARKETWISE INC,3267,22,58.28K,392.48,+0.7%,<.01%
M8740S227,TATT,TAT TECHNOLOGIES LTD,8,8,386,386,NEW,<.01%
16935C109,CHYM,CHIME FINL INC,65573,18,1.34M,368.64,+0%,<.01%
640979100,NMRA,NEUMORA THERAPEUTICS INC.,3498869,211,5.95M,358.7,+0%,<.01%
700666100,PKOH,PARK-OHIO HLDGS CORP,2211,9,85.01K,346.03,+0.4%,<.01%
97717Y212,WIMA,WISDOMTREE TR,8,8,337,337,NEW,<.01%
26923G806,UTES,ETFIS SER TR I,4,4,327,327,NEW,<.01%
433535101,HQI,HIREQUEST INC,2666,26,33.48K,326.56,+1%,<.01%
31942S104,FCAP,FIRST CAP INC,235,5,15.19K,323.26,+2.2%,<.01%
88636R800,PLTY,TIDAL TRUST II,13,11,369,312.23,+550%,<.01%
47805L101,JMSB,JOHN MARSHALL BANCORP INC,94,14,2.05K,305.17,+17.5%,<.01%
866264203,SSBI,SUMMIT ST BK SANTA ROSA CALI,22,22,299,299,NEW,<.01%
037326105,ANTX,AN2 THERAPEUTICS INC,61,61,295,295,NEW,<.01%
381430362,GTIP,GOLDMAN SACHS ETF TR,80,6,3.93K,294.45,+8.1%,<.01%
812215200,SEG,SEAPORT ENTMT GROUP INC,933,11,24.82K,292.67,+1.2%,<.01%
72201R817,CORP,PIMCO ETF TR,328,3,31.79K,290.76,+0.9%,<.01%
02157Q109,ANRO,ALTO NEUROSCIENCE INC,6325,11,166.91K,290.28,+0.2%,<.01%
04317A107,ARTV,ARTIVA BIOTHERAPEUTICS INC,3558,29,34.51K,281.3,+0.8%,<.01%
87876P201,TGEN,TECOGEN INC NEW,53,53,279,279,NEW,<.01%
45817G201,IDN,INTELLICHECK MOBILISA INC,152,68,623,278.71,+81%,<.01%
M6372Q113,KRNT,KORNIT DIGITAL LTD,17,17,276,276,NEW,<.01%
05453N100,AWRE,AWARE INC MASS,200,200,270,270,NEW,<.01%
055298103,BCBP,BCB BANCORP INC,2876,25,30.83K,268,+0.9%,<.01%
031001100,ATLO,AMES NATL CORP,1186,9,35.12K,266.49,+0.8%,<.01%
634865109,NKSH,NATIONAL BANKSHARES INC VA,347,7,12.61K,254.32,+2.1%,<.01%
921910691,VCEB,VANGUARD WORLD FD,1415,4,88.78K,250.98,+0.3%,<.01%
65540B303,NDLS,NOODLES & CO,16,16,239,239,NEW,<.01%
516548203,LTRX,LANTRONIX INC,929,40,5.46K,235.13,+4.5%,<.01%
482738101,KVHI,KVH INDS INC,45,23,446,227.96,+104.5%,<.01%
88636J154,QQQY,TIDAL TRUST II,23,9,553,216.39,+64.3%,<.01%
710577107,PEBK,PEOPLES BANCORP N C INC,4392,5,189.25K,215.45,+0.1%,<.01%
826598609,NTRP,NEXTTRIP INC,100,100,214,214,NEW,<.01%
97717Y220,WAMA,WISDOMTREE TR,8,8,209,209,NEW,<.01%
37954Y863,GOEX,GLOBAL X FDS,103,3,7.12K,207.38,+3%,<.01%
02462A104,ABTC,AMERICAN BITCOIN CORP.,300,299,204,203.32,+29900%,<.01%
98878K108,ZSQR,Z SQUARED INC,19,19,201,201,NEW,<.01%
74365A309,PLX,PROTALIX BIOTHERAPEUTICS INC,2989,84,6.96K,195.71,+2.9%,<.01%
740294400,POCI,PRECISION OPTICS CORP INC MA,37,37,189,189,NEW,<.01%
85210B102,SGDM,SPROTT ETF TRUST,511,3,32.13K,188.64,+0.6%,<.01%
97717X172,QHY,WISDOMTREE TR,92,4,4.21K,182.83,+4.5%,<.01%
50736T102,LSF,LAIRD SUPERFOOD INC,38,38,180,180,NEW,<.01%
33741H107,FUNC,FIRST UTD CORP,741,4,32.7K,176.5,+0.5%,<.01%
88636J378,USOY,TIDAL TRUST II,87,26,579,173.03,+42.6%,<.01%
047726104,BATRA,ATLANTA BRAVES HLDGS INC,20743,3,1.17M,168.93,+0%,<.01%
88636R867,SMCY,TIDAL TRUST II,36,33,182,166.83,+1100%,<.01%
25434V617,DFAW,DIMENSIONAL ETF TRUST,132,2,10.91K,165.29,+1.5%,<.01%
95123P106,WTBA,WEST BANCORPORATION INC,1443577,6,38.3M,159.18,+0%,<.01%
464286640,ECH,ISHARES INC,2193,4,87.05K,158.78,+0.2%,<.01%
656553104,NSYS,NORTECH SYS INC,105,10,1.65K,157.24,+10.5%,<.01%
92823T207,VHC,VIRNETX HLDG CORP,13,12,165,152.31,+1200%,<.01%
03044L204,AMWL,AMERICAN WELL CORP,16,16,146,146,NEW,<.01%
09061H406,BMRA,BIOMERICA INC,83,83,146,146,NEW,<.01%
29272C301,WATT,ENERGOUS CORP,6,6,144,144,NEW,<.01%
07373B109,BEEM,BEAM GLOBAL,109,109,142,142,NEW,<.01%
22542D233,GLDI,CREDIT SUISSE NASSAU BRANC,1,1,141,141,NEW,<.01%
97717W844,DNL,WISDOMTREE TR,7458,3,344.43K,138.55,+0%,<.01%
230770109,CPIX,CUMBERLAND PHARMACEUTICALS I,21,21,136,136,NEW,<.01%
52886N406,LEXX,LEXARIA BIOSCIENCE CORP,213,213,119,119,NEW,<.01%
05684B107,BCSF,BAIN CAP SPECIALTY FIN INC,13,9,163,112.85,+225%,<.01%
88634T436,JPO,TIDAL TRUST II,8,8,112,112,NEW,<.01%
88636J394,GLDY,TIDAL TRUST II,11,9,136,111.27,+450%,<.01%
46641Q738,BBRE,J P MORGAN EXCHANGE TRADED F,160,1,17.11K,106.97,+0.6%,<.01%
228309100,CRWS,CROWN CRAFTS INC,36,36,102,102,NEW,<.01%
89854M101,TCRX,TSCAN THERAPEUTICS INC,1400,100,1.37K,98,+7.7%,<.01%
69374H428,FLRT,PACER FDS TR,4,2,187,93.5,+100%,<.01%
33734X853,FPXI,FIRST TR EXCHANGE-TRADED FD,82,1,6.89K,84.07,+1.2%,<.01%
00768Y206,AADR,ADVISORSHARES TR,1,1,82,82,NEW,<.01%
85210B201,SGDJ,SPROTT ETF TRUST,190,1,14.36K,75.56,+0.5%,<.01%
301505723,HTEC,EXCHANGE TRADED CONCEPTS TRU,2,2,75,75,NEW,<.01%
37954Y392,HERO,GLOBAL X FDS,36,3,890,74.17,+9.1%,<.01%
46436E817,KWT,ISHARES TR,12,2,438,73,+20%,<.01%
64134X201,NRXS,NEURAXIS INC,10,10,73,73,NEW,<.01%
97717Y626,HYIN,WISDOMTREE TR,6,5,86,71.67,+500%,<.01%
381430164,GSEE,GOLDMAN SACHS ETF TR,1,1,71,71,NEW,<.01%
170924104,CHRN,CHRONOSCALE CORP,3,3,67,67,NEW,<.01%
784933103,SGRP,SPAR GROUP INC,81,81,67,67,NEW,<.01%
88636R602,MARO,TIDAL TRUST II,11,11,67,67,NEW,<.01%
97717X784,EMCB,WISDOMTREE TR,1,1,66,66,NEW,<.01%
78470P408,XLSR,SSGA ACTIVE TR,2,1,130,65,+100%,<.01%
518416839,HQGO,LATTICE STRATEGIES TR,1,1,65,65,NEW,<.01%
92189F635,ISRA,VANECK ETF TRUST,272,1,17.63K,64.81,+0.4%,<.01%
518416847,VMAX,LATTICE STRATEGIES TR,1,1,62,62,NEW,<.01%
88636R404,HOOY,TIDAL TRUST II,3,2,92,61.33,+200%,<.01%
52187K200,CYPH,CYPHERPUNK TECHNOLOGIES INC,100,100,61,61,NEW,<.01%
88636J725,INYY,TIDAL TRUST II,1,1,59,59,NEW,<.01%
01626L204,ALGS,ALIGOS THERAPEUTICS INC,10,10,58,58,NEW,<.01%
46431W705,LQDH,ISHARES U S ETF TR,1,1,58,58,NEW,<.01%
88636X203,MRNY,TIDAL TRUST II,3,3,58,58,NEW,<.01%
88636X880,TSLY,TIDAL TRUST II,24,2,685,57.08,+9.1%,<.01%
74319X207,PFSA,PROFUSA INC,500,487,58,56.49,+3746.2%,<.01%
518416508,ROSC,LATTICE STRATEGIES TR,1,1,56,56,NEW,<.01%
043635804,ASTI,ASCENT SOLAR TECHNOLOGIES IN,11,11,55,55,NEW,<.01%
74347B169,ONLN,PROSHARES TR,1175,1,63.91K,54.39,+0.1%,<.01%
46144X586,NXTE,INVESTMENT MANAGERS SER TR I,1,1,54,54,NEW,<.01%
88636R859,TSMY,TIDAL TRUST II,3,3,54,54,NEW,<.01%
81752T528,CLOZ,SERIES PORTFOLIOS TR,2,2,53,53,NEW,<.01%
007002207,ACET,ADICET BIO INC,6,6,52,52,NEW,<.01%
377130406,GLAS-A.NE,GLASS HOUSE BRANDS INC,4,4,52,52,NEW,<.01%
87283Q677,THYM,T ROWE PRICE EXCHANGE-TRADED,1,1,51,51,NEW,<.01%
88636R305,DRAY,TIDAL TRUST II,3,3,49,49,NEW,<.01%
97717Y642,NTSE,WISDOMTREE TR,1,1,49,49,NEW,<.01%
84612A101,SPTE,SP FUNDS TRUST,26,1,1.27K,48.81,+4%,<.01%
97717X156,QSIG,WISDOMTREE TR,1,1,48,48,NEW,<.01%
500767850,KGRN,KRANESHARES TRUST,2,2,47,47,NEW,<.01%
92189F585,CRAK,VANECK ETF TRUST,1,1,46,46,NEW,<.01%
88636X500,DIPS,TIDAL TRUST II,1,1,44,44,NEW,<.01%
87283Q602,TAGG,T ROWE PRICE EXCHANGE-TRADED,1,1,42,42,NEW,<.01%
88636V421,RDYY,TIDAL TRUST II,3,2,60,40,+200%,<.01%
57164YAF4,VAC,MARRIOTT VACATIONS WORLDWIDE,8000040,40,7.85M,39.24,+0%,<.01%
53656F268,UMMA,LISTED FDS TR,1,1,39,39,NEW,<.01%
66538H211,FMCX,NORTHERN LTS FD TR IV,1,1,37,37,NEW,<.01%
03836J201,APRE,APREA THERAPEUTICS INC,45,45,36,36,NEW,<.01%
17878Y207,CVEO,CIVEO CORP CDA,1,1,35,35,NEW,<.01%
97717Y352,WTIP,WISDOMTREE TR,1,1,35,35,NEW,<.01%
78467V103,RLY,SSGA ACTIVE ETF TR,2,1,69,34.5,+100%,<.01%
78467V202,INKM,SSGA ACTIVE ETF TR,1,1,34,34,NEW,<.01%
97717Y774,DWMF,WISDOMTREE TR,1,1,34,34,NEW,<.01%
26922B501,DSTX,ETF SER SOLUTIONS,1,1,33,33,NEW,<.01%
92790A702,VCLN,VIRTUS ETF TR II,1,1,31,31,NEW,<.01%
92790A827,VUS,VIRTUS ETF TR II,1,1,30,30,NEW,<.01%
55286W702,BRCE,MFS ACTIVE EXCHANGE TRADED F,1,1,29,29,NEW,<.01%
66537J788,FMCE,NORTHERN LTS FD TR IV,1,1,29,29,NEW,<.01%
92790A801,VEMY,VIRTUS ETF TR II,1,1,29,29,NEW,<.01%
53656F169,TUGN,LISTED FDS TR,1,1,28,28,NEW,<.01%
26923G780,VRAI,ETFIS SER TR I,23,1,636,27.65,+4.5%,<.01%
88636X872,XYZY,TIDAL TRUST II,1,1,26,26,NEW,<.01%
92790A751,DPRE,VIRTUS ETF TR II,1,1,26,26,NEW,<.01%
88636X864,AIYY,TIDAL TRUST II,3,3,25,25,NEW,<.01%
97717W331,WTRE,WISDOMTREE TR,1,1,25,25,NEW,<.01%
19423L417,PLGI,COLLABORATIVE INVESTMNT SER,1,1,24,24,NEW,<.01%
92790A603,VABS,VIRTUS ETF TR II,1,1,24,24,NEW,<.01%
82455M109,SHIM,SHIMMICK CORPORATION,5,5,23,23,NEW,<.01%
02115D208,AEI,ALSET INC,15,15,22,22,NEW,<.01%
640671400,NEPH,NEPHROS INC,6,6,22,22,NEW,<.01%
35473P835,FLBR,FRANKLIN TEMPLETON ETF TR,26,1,551,21.19,+4%,<.01%
189763204,CODX,CO-DIAGNOSTICS INC,7,7,21,21,NEW,<.01%
289395105,ELMT,ELMET GROUP CO (THE),1,1,20,20,NEW,<.01%
45784J303,VATE,INNOVATE CORP,1,1,19,19,NEW,<.01%
344057302,FLUX,FLUX PWR HLDGS INC,21,21,18,18,NEW,<.01%
886364702,SPSK,TIDAL TRUST I,1,1,18,18,NEW,<.01%
384313607,EAF,GRAFTECH INTL LTD SR NT,284,3,1.68K,17.73,+1.1%,<.01%
016744500,ALLR,ALLARITY THERAPEUTICS INC,13,13,17,17,NEW,<.01%
53656G282,WXET,LISTED FDS TR,1,1,17,17,NEW,<.01%
26923G798,VPC,ETFIS SER TR I,1,1,15,15,NEW,<.01%
53656G316,CXRN,LISTED FDS TR,1,1,15,15,NEW,<.01%
92835W107,ZTR,VIRTUS TOTAL RETURN FD INC,2,2,14,14,NEW,<.01%
49876K103,GRML,GREENLAND MINES LTD,55,55,14,14,NEW,<.01%
38747T542,TSYY,GRANITESHARES ETF TR,1,1,12,12,NEW,<.01%
38747T567,COYY,GRANITESHARES ETF TR,1,1,12,12,NEW,<.01%
08862L202,XAIR,BEYOND AIR INC,25,25,11,11,NEW,<.01%
03463K760,CARY,ANGEL OAK FUNDS TRUST,131,5,272,10.38,+4%,<.01%
53656G357,YFYA,LISTED FDS TR,1,1,10,10,NEW,<.01%
88634T782,NFLY,TIDAL TRUST II,3,1,24,8,+50%,<.01%
451100101,IEP,ICAHN ENTERPRISES LP,1,1,7,7,NEW,<.01%
88636R107,BABO,TIDAL TRUST II,1,1,7,7,NEW,<.01%
69344A206,PHYL,PGIM ETF TR,28,2,96,6.86,+7.7%,<.01%
03842K309,AQB,AQUABOUNTY TECHNOLOGIES INC,7,6,8,6.86,+600%,<.01%
03211Q200,AMPG,AMPLITECH GROUP INC,1,1,6,6,NEW,<.01%
248356107,DNN,DENISON MINES CORP,2,2,6,6,NEW,<.01%
15870P307,CSBR,CHAMPIONS ONCOLOGY INC,1,1,5,5,NEW,<.01%
26253C201,DSS,DSS INC,8,8,5,5,NEW,<.01%
758338404,REED,REEDS INC,3,3,4,4,NEW,<.01%
15130G865,CETX,CEMTREX INC,1,1,3,3,NEW,<.01%
03463K745,AOHY,ANGEL OAK FUNDS TRUST,145,2,160,2.21,+1.4%,<.01%
09074F504,BIVI,BIOVIE INC,1,1,2,2,NEW,<.01%
69012T305,OTLK,OUTLOOK THERAPEUTICS INC,1,1,2,2,NEW,<.01%
74255Y888,PREF,PRINCIPAL EXCHANGE TRADED FD,45,1,86,1.91,+2.3%,<.01%
63911H405,KITT,NAUTICUS ROBOTICS INC,1,1,1,1,NEW,<.01%
83086J200,SKYE,SKYE BIOSCIENCE INC,1,1,1,1,NEW,<.01%
45259L205,IBO,IMPACT BIOMEDICAL INC,292,2,134,0.92,+0.7%,<.01%
G2545C104,CBIO,CRESCENT BIOPHARMA INC.,4133514,0,74.4M,0,NO CHANGE,<.01%
529043309,LXPC,LXP INDUSTRIAL TRUST,508121,0,23.12M,0,NO CHANGE,<.01%
00110G408,BTAL,AGF INVTS TR,1944444,0,21.68M,0,NO CHANGE,<.01%
00860C102,AGMB,AGOMAB THERAPEUTICS NV,1458677,0,18.93M,0,NO CHANGE,<.01%
25402DAB8,DOCN,DIGITALOCEAN HLDGS INC,16000000,0,18.03M,0,NO CHANGE,<.01%
918385204,VTVT,VTV THERAPEUTICS INC,260391,0,9.8M,0,NO CHANGE,<.01%
29786AAN6,ETSY,ETSY INC,10000000,0,9.13M,0,NO CHANGE,<.01%
31641G104,FSOL,FIDELITY SOLANA FD,850000,0,7.36M,0,NO CHANGE,<.01%
86389T106,MSC,STUDIO CITY INTL HLDGS LTD,3808638,0,6.97M,0,NO CHANGE,<.01%
91332UAB7,U,UNITY SOFTWARE INC,5972000,0,5.86M,0,NO CHANGE,<.01%
44852D108,HUYA,HUYA INC,2391957,0,5.5M,0,NO CHANGE,<.01%
Y2188B108,DLNG,DYNAGAS LNG PARTNERS LP,1472115,0,4.98M,0,NO CHANGE,<.01%
816850AF8,SMTC,SEMTECH CORP,1146000,0,4.95M,0,NO CHANGE,<.01%
156431AQ1,CENX,CENTURY ALUM CO,1250000,0,3.08M,0,NO CHANGE,<.01%
61559X104,MLTX,MOONLAKE IMMUNOTHERAPEUTICS,143559,0,2.8M,0,NO CHANGE,<.01%
G65431135,NEWS,NOBLE CORP PLC,123305,0,2.24M,0,NO CHANGE,<.01%
29786AAL0,ETSY,ETSY INC,2000000,0,1.89M,0,NO CHANGE,<.01%
G65431150,NEWSA,NOBLE CORP PLC,123305,0,1.82M,0,NO CHANGE,<.01%
74965L200,RLJPA,RLJ LODGING TR,64035,0,1.56M,0,NO CHANGE,<.01%
22275C105,PODC,PODCASTONE INC,335350,0,1.5M,0,NO CHANGE,<.01%
94419LAP6,W,WAYFAIR INC,811000,0,1.22M,0,NO CHANGE,<.01%
37954Y889,CATH,GLOBAL X FDS,8282,0,732.99K,0,NO CHANGE,<.01%
74347R248,CSM,PROSHARES TR,7408,0,631.3K,0,NO CHANGE,<.01%
36467W117,GME,GAMESTOP CORP NEW,152589,0,425.72K,0,NO CHANGE,<.01%
596680108,MSEX,MIDDLESEX WTR CO,5782,0,324.73K,0,NO CHANGE,<.01%
33939L100,TILT,FLEXSHARES TR,829,0,228.86K,0,NO CHANGE,<.01%
02072L151,CHGX,EA SERIES TRUST,5911,0,196.27K,0,NO CHANGE,<.01%
046513206,ATRA,ATARA BIOTHERAPEUTICS INC,16238,0,186.41K,0,NO CHANGE,<.01%
72202L363,MFUS,PIMCO EQUITY SER,2735,0,183.73K,0,NO CHANGE,<.01%
53960E205,LOCL,LOCAL BOUNTI CORP,118993,0,153.5K,0,NO CHANGE,<.01%
46137V886,PSL,INVESCO EXCHANGE TRADED FD T,1274,0,142.7K,0,NO CHANGE,<.01%
42588P692,STNC,HENNESSY FDS TR,3694,0,142.27K,0,NO CHANGE,<.01%
09075P204,BTAI,BIOXCEL THERAPEUTICS INC,90300,0,127.32K,0,NO CHANGE,<.01%
46434V886,HEWJ,ISHARES TR,1821,0,117.5K,0,NO CHANGE,<.01%
69374H360,COWG,PACER FDS TR,2652,0,106.47K,0,NO CHANGE,<.01%
46137V522,UPGD,INVESCO EXCHANGE TRADED FD T,1265,0,103.61K,0,NO CHANGE,<.01%
02072L532,BSVO,EA SERIES TRUST,3535,0,103.18K,0,NO CHANGE,<.01%
46137V712,BMVP,INVESCO EXCHANGE TRADED FD T,1880,0,96.4K,0,NO CHANGE,<.01%
05613H803,BMOP,BNY MELLON ETF TRUST II,3281,0,82.72K,0,NO CHANGE,<.01%
33733C108,FAB,FIRST TR EXCHANGE-TRADED ALP,789,0,80.1K,0,NO CHANGE,<.01%
46137V316,RSPM,INVESCO EXCHANGE TRADED FD T,1980,0,76.51K,0,NO CHANGE,<.01%
33733F101,FAD,FIRST TR EXCHANGE-TRADED ALP,370,0,73.93K,0,NO CHANGE,<.01%
886885102,TLYS,TILLYS INC,17534,0,73.64K,0,NO CHANGE,<.01%
78468R754,ONEV,SPDR SERIES TRUST,510,0,73.03K,0,NO CHANGE,<.01%
78463X301,GMF,SPDR INDEX SHS FDS,449,0,70.48K,0,NO CHANGE,<.01%
72202L371,MFDX,PIMCO EQUITY SER,1664,0,69.3K,0,NO CHANGE,<.01%
30151E533,SSPY,EXCHANGE LISTED FDS TR,700,0,68.02K,0,NO CHANGE,<.01%
33737M409,FYT,FIRST TR EXCHANGE-TRADED ALP,867,0,60.52K,0,NO CHANGE,<.01%
33939L803,TLTD,FLEXSHARES TR,592,0,58.07K,0,NO CHANGE,<.01%
233051705,RVNU,DBX ETF TR,2202,0,55.74K,0,NO CHANGE,<.01%
92189F502,SMOG,VANECK ETF TRUST,365,0,53.26K,0,NO CHANGE,<.01%
38149W424,GUSE,GOLDMAN SACHS ETF TR,1058,0,47.75K,0,NO CHANGE,<.01%
46432F370,SIZE,ISHARES TR,265,0,47.32K,0,NO CHANGE,<.01%
46429B507,EIRL,ISHARES TR,604,0,47.29K,0,NO CHANGE,<.01%
69374H816,PALC,PACER FDS TR,781,0,46.67K,0,NO CHANGE,<.01%
67092P870,NUBD,NUSHARES ETF TR,2006,0,44.4K,0,NO CHANGE,<.01%
46137V795,PUI,INVESCO EXCHANGE TRADED FD T,831,0,39.52K,0,NO CHANGE,<.01%
69374H667,BUL,PACER FDS TR,576,0,33.97K,0,NO CHANGE,<.01%
482929106,KLRS,KALARIS THERAPEUTICS INC,7806,0,31.77K,0,NO CHANGE,<.01%
14020Y201,CGMU,CAPITAL GRP FIXED INCM ETF T,1100,0,30.22K,0,NO CHANGE,<.01%
78463X194,NZAC,SPDR INDEX SHS FDS,618,0,28.39K,0,NO CHANGE,<.01%
05613H704,BKMI,BNY MELLON ETF TRUST II,1050,0,27.76K,0,NO CHANGE,<.01%
33939L308,TLTE,FLEXSHARES TR,347,0,26.82K,0,NO CHANGE,<.01%
47804J834,JHEM,JOHN HANCOCK EXCHANGE TRADED,662,0,26.63K,0,NO CHANGE,<.01%
46137V290,RSPR,INVESCO EXCHANGE TRADED FD T,710,0,25.96K,0,NO CHANGE,<.01%
37954Y269,QYLG,GLOBAL X FDS,819,0,24.81K,0,NO CHANGE,<.01%
092528843,HIMU,BLACKROCK ETF TRUST II,481,0,23.98K,0,NO CHANGE,<.01%
829658301,LEAD,SIREN ETF TR,256,0,23.46K,0,NO CHANGE,<.01%
46138E396,QVMT,INVESCO EXCH TRADED FD TR II,334,0,23.32K,0,NO CHANGE,<.01%
N44445109,IMTX,IMMATICS N.V,2232,0,22.61K,0,NO CHANGE,<.01%
233051218,EASG,DBX ETF TR,550,0,21.11K,0,NO CHANGE,<.01%
46641Q308,JPEM,J P MORGAN EXCHANGE TRADED F,335,0,21.02K,0,NO CHANGE,<.01%
35473P876,FLQS,FRANKLIN TEMPLETON ETF TR,428,0,20.88K,0,NO CHANGE,<.01%
72201R775,BOND,PIMCO ETF TR,198,0,18.22K,0,NO CHANGE,<.01%
46138M109,FXB,INVESCO CURRENCYSHARES BRIT,128,0,16.34K,0,NO CHANGE,<.01%
233051820,DBAW,DBX ETF TR,334,0,16.2K,0,NO CHANGE,<.01%
00832E103,AFBI,AFFINITY BANCSHARES INC,707,0,15.98K,0,NO CHANGE,<.01%
00039J822,ILOW,AB ACTIVE ETFS INC,339,0,15.39K,0,NO CHANGE,<.01%
27829F108,EXG,EATON VANCE TAX-MANAGED GLOB,1480,0,14.52K,0,NO CHANGE,<.01%
05528C675,BBHL,BBH TR,806,0,14.02K,0,NO CHANGE,<.01%
25434V682,DFSE,DIMENSIONAL ETF TRUST,281,0,13.74K,0,NO CHANGE,<.01%
M1R79L104,BMR,BEAMR IMAGING LTD,9499,0,13.3K,0,NO CHANGE,<.01%
35473P736,FLMX,FRANKLIN TEMPLETON ETF TR,353,0,12.91K,0,NO CHANGE,<.01%
46138E719,IFLN,INVESCO EXCH TRADED FD TR II,656,0,12.01K,0,NO CHANGE,<.01%
46436E536,SVAL,ISHARES TR,284,0,11.88K,0,NO CHANGE,<.01%
74933W478,OBIL,RBB FD INC,231,0,11.54K,0,NO CHANGE,<.01%
46138E693,PFIG,INVESCO EXCH TRADED FD TR II,429,0,10.26K,0,NO CHANGE,<.01%
38747R603,DRUP,GRANITESHARES ETF TR,164,0,10.16K,0,NO CHANGE,<.01%
35473P306,UDIV,FRANKLIN TEMPLETON ETF TR,164,0,9.86K,0,NO CHANGE,<.01%
38149W739,GSWO,GOLDMAN SACHS ETF TR,150,0,9.52K,0,NO CHANGE,<.01%
33733A201,EDOW,FIRST TR EXCHANGE-TRADED FD,209,0,9.22K,0,NO CHANGE,<.01%
46137V399,PBP,INVESCO EXCHANGE TRADED FD T,400,0,9.16K,0,NO CHANGE,<.01%
26922A511,PPTY,ETF SER SOLUTIONS,265,0,9.06K,0,NO CHANGE,<.01%
389930207,BTC,GRAYSCALE BITCOIN MINI TR ET,346,0,8.98K,0,NO CHANGE,<.01%
52110K707,SYZ,LAZARD ACTIVE ETF TR,252,0,7.79K,0,NO CHANGE,<.01%
37954Y772,AGNG,GLOBAL X FDS,215,0,7.73K,0,NO CHANGE,<.01%
33738R878,FVC,FIRST TR EXCHANGE TRADED FD,171,0,7.49K,0,NO CHANGE,<.01%
880890108,TX,TERNIUM SA,169,0,7.22K,0,NO CHANGE,<.01%
66537J812,MVFG,NORTHERN LTS FD TR IV,207,0,7.17K,0,NO CHANGE,<.01%
46138E867,PIE,INVESCO EXCH TRADED FD TR II,200,0,6.68K,0,NO CHANGE,<.01%
233051697,DBEZ,DBX ETF TR,106,0,6.65K,0,NO CHANGE,<.01%
33737J505,FEUZ,FIRST TR EXCH TRD ALPHDX FD,97,0,6.43K,0,NO CHANGE,<.01%
45782C888,BAPR,INNOVATOR ETFS TRUST,118,0,6.26K,0,NO CHANGE,<.01%
33738R662,FICS,FIRST TR EXCHANGE TRADED FD,143,0,5.97K,0,NO CHANGE,<.01%
45409B461,IQSU,NEW YORK LIFE INVESTMENTS ET,94,0,5.9K,0,NO CHANGE,<.01%
233051192,EMCR,DBX ETF TR,131,0,5.84K,0,NO CHANGE,<.01%
92647N543,UEVM,VICTORY PORTFOLIOS II,100,0,5.8K,0,NO CHANGE,<.01%
35473P652,FLEE,FRANKLIN TEMPLETON ETF TR,133,0,5.17K,0,NO CHANGE,<.01%
74348A145,PAWZ,PROSHARES TR,100,0,4.79K,0,NO CHANGE,<.01%
33733E740,WCME,FIRST TR EXCHANGE-TRADED FD,232,0,4.55K,0,NO CHANGE,<.01%
26951R104,EFSI,EAGLE FINL SVCS INC,109,0,4.52K,0,NO CHANGE,<.01%
52474R207,LGCY,LEGACY ED INC,384,0,4.52K,0,NO CHANGE,<.01%
46138J411,BSMV,INVESCO EXCH TRD SLF IDX FD,212,0,4.45K,0,NO CHANGE,<.01%
92335C106,VRA,VERA BRADLEY INC,1091,0,4.25K,0,NO CHANGE,<.01%
233051242,QARP,DBX ETF TR,62,0,3.99K,0,NO CHANGE,<.01%
98877R104,ZKH,ZKH GROUP LTD,1762,0,3.98K,0,NO CHANGE,<.01%
37950E101,NORW,GLOBAL X FDS,124,0,3.97K,0,NO CHANGE,<.01%
M81873107,RDWR,RADWARE LTD,124,0,3.83K,0,NO CHANGE,<.01%
524682200,LRGE,LEGG MASON ETF INVT,44,0,3.74K,0,NO CHANGE,<.01%
38911N206,GRVY,GRAVITY CO LTD,55,0,3.69K,0,NO CHANGE,<.01%
911717106,USCI,UNITED STS COMMODITY INDEX F,38,0,3.52K,0,NO CHANGE,<.01%
909911109,UBCP,UNITED BANCORP INC OHIO,220,0,3.5K,0,NO CHANGE,<.01%
33741X201,LEGR,FIRST TR EXCHANGE TRADED FD,51,0,3.28K,0,NO CHANGE,<.01%
25154H749,DGP,DEUTSCHE BK AG LONDON BRH,25,0,3.25K,0,NO CHANGE,<.01%
192176105,JVA,COFFEE HLDG CO INC,965,0,3.22K,0,NO CHANGE,<.01%
78464A334,BWZ,SPDR SERIES TRUST,113,0,3.01K,0,NO CHANGE,<.01%
713317105,PEPG,PEPGEN INC,1664,0,3K,0,NO CHANGE,<.01%
058586108,BLDP,BALLARD PWR SYS INC NEW,702,0,2.74K,0,NO CHANGE,<.01%
19761L508,DIAL,COLUMBIA ETF TR I,150,0,2.73K,0,NO CHANGE,<.01%
46137V860,PFI,INVESCO EXCHANGE TRADED FD T,41,0,2.51K,0,NO CHANGE,<.01%
26922B683,TRFM,ETF SER SOLUTIONS,38,0,2.42K,0,NO CHANGE,<.01%
78463X863,RWX,SPDR INDEX SHS FDS,83,0,2.24K,0,NO CHANGE,<.01%
37955N106,SELF,GLOBAL SELF STORAGE INC,400,0,2.1K,0,NO CHANGE,<.01%
37960A859,DJIA,GLOBAL X FDS,91,0,2.02K,0,NO CHANGE,<.01%
53656G555,SPAQ,LISTED FDS TR,21,0,1.97K,0,NO CHANGE,<.01%
05528C667,BBHM,BBH TR,161,0,1.94K,0,NO CHANGE,<.01%
852066208,SII,SPROTT INC,17,0,1.94K,0,NO CHANGE,<.01%
46138E107,GOVI,INVESCO EXCH TRADED FD TR II,65,0,1.78K,0,NO CHANGE,<.01%
85512C105,SGU,STAR GROUP LP,135,0,1.73K,0,NO CHANGE,<.01%
90470L550,MGMT,UNIFIED SER TR,34,0,1.73K,0,NO CHANGE,<.01%
743868101,PROV,PROVIDENT FINL HLDGS INC,100,0,1.72K,0,NO CHANGE,<.01%
87990A106,TNYA,TENAYA THERAPEUTICS INC,2308,0,1.71K,0,NO CHANGE,<.01%
903899102,ULBI,ULTRALIFE CORP,266,0,1.68K,0,NO CHANGE,<.01%
381430388,GEMD,GOLDMAN SACHS ETF TR,39,0,1.67K,0,NO CHANGE,<.01%
05369T100,AVBC,AVIDIA BANCORP INC,77,0,1.62K,0,NO CHANGE,<.01%
948596101,WB,WEIBO CORP,209,0,1.52K,0,NO CHANGE,<.01%
G16258108,BEP,BROOKFIELD RENEWABLE ENERGY,37,0,1.28K,0,NO CHANGE,<.01%
26152H301,DRD,DRDGOLD LIMITED,57,0,1.21K,0,NO CHANGE,<.01%
74969N103,RLX,RLX TECHNOLOGY INC,639,0,1.21K,0,NO CHANGE,<.01%
315948109,FBTC,FIDELITY WISE ORIGIN BITCOIN,24,0,1.21K,0,NO CHANGE,<.01%
592770101,MXC,MEXCO ENERGY CORP,160,0,1.2K,0,NO CHANGE,<.01%
46434V787,BYLD,ISHARES TR,52,0,1.18K,0,NO CHANGE,<.01%
65341B106,XIFR,XPLR INFRASTRUCTURE LP,94,0,1.11K,0,NO CHANGE,<.01%
025072760,MID,AMERICAN CENTY ETF TR,15,0,1.03K,0,NO CHANGE,<.01%
46090N103,FXA,INVESCO CURRENCYSHARES AUSTR,15,0,1.01K,0,NO CHANGE,<.01%
46138E636,PICB,INVESCO EXCH TRADED FD TR II,42,0,973,0,NO CHANGE,<.01%
92189F882,GENZ,VANECK ETF TRUST,25,0,927,0,NO CHANGE,<.01%
46436E619,EUSB,ISHARES TR,21,0,925,0,NO CHANGE,<.01%
746729821,FTMA,PUTNAM ETF TRUST,99,0,903,0,NO CHANGE,<.01%
746729839,FTCA,PUTNAM ETF TRUST,113,0,838,0,NO CHANGE,<.01%
67092P854,NUHY,NUSHARES ETF TR,38,0,814,0,NO CHANGE,<.01%
46436E841,IBTH,ISHARES TR,34,0,769,0,NO CHANGE,<.01%
68384X209,OPXS,OPTEX SYS HLDGS INC,54,0,764,0,NO CHANGE,<.01%
399909100,GGAL,GRUPO FINANCIERO GALICIA S.A,15,0,750,0,NO CHANGE,<.01%
06759L103,BBDC,BARINGS BDC INC,86,0,733,0,NO CHANGE,<.01%
69374H717,ALTL,PACER FDS TR,13,0,667,0,NO CHANGE,<.01%
00039J848,SDFI,AB ACTIVE ETFS INC,19,0,666,0,NO CHANGE,<.01%
91822M502,VEON,VEON LTD,12,0,627,0,NO CHANGE,<.01%
492854104,KEQU,KEWAUNEE SCIENTIFIC CORP,18,0,623,0,NO CHANGE,<.01%
02072L300,IMOM,EA SERIES TRUST,14,0,607,0,NO CHANGE,<.01%
00039J830,SYFI,AB ACTIVE ETFS INC,14,0,505,0,NO CHANGE,<.01%
032159105,AXR,AMREP CORP,20,0,504,0,NO CHANGE,<.01%
758932206,RGS,REGIS CORPORATION,17,0,476,0,NO CHANGE,<.01%
754198109,RAVE,RAVE RESTAURANT GROUP INC,135,0,441,0,NO CHANGE,<.01%
156492100,CNTY,CENTURY CASINOS INC,339,0,434,0,NO CHANGE,<.01%
75689M101,RRGB,RED ROBIN GOURMET BURGERS IN,43,0,342,0,NO CHANGE,<.01%
53656G563,MEDX,LISTED FDS TR,8,0,294,0,NO CHANGE,<.01%
46436E825,IBTJ,ISHARES TR,13,0,289,0,NO CHANGE,<.01%
66538H260,MAMB,NORTHERN LTS FD TR IV,11,0,271,0,NO CHANGE,<.01%
389638107,ETHE,GRAYSCALE ETHEREUM STAKING E,21,0,268,0,NO CHANGE,<.01%
674599162,OXYWS,OCCIDENTAL PETE CORP,10,0,266,0,NO CHANGE,<.01%
12479G101,CBFV,CB FINL SVCS INC,7,0,265,0,NO CHANGE,<.01%
05343P109,AWX,AVALON HLDGS CORP,100,0,249,0,NO CHANGE,<.01%
55933J203,MX,MAGNACHIP SEMICONDUCTOR CORP,37,0,175,0,NO CHANGE,<.01%
43010E404,HFRO,HIGHLAND OPPS & INCOME FD,23,0,164,0,NO CHANGE,<.01%
68627G104,ORIO.TO,ORION DIGITAL CORP,180,0,157,0,NO CHANGE,<.01%
835483108,SOTK,SONO TEK CORP,23,0,141,0,NO CHANGE,<.01%
585464100,MLCO,MELCO RESORTS AND ENTMNT LTD,25,0,132,0,NO CHANGE,<.01%
470299108,BOTJ,BANK OF THE JAMES FINL GP IN,5,0,128,0,NO CHANGE,<.01%
69120X206,OWLT,OWLET INC,21,0,121,0,NO CHANGE,<.01%
33740F805,FIXD,FIRST TR EXCHNG TRADED FD VI,2,0,87,0,NO CHANGE,<.01%
85208P881,COPP,SPROTT FDS TR,2,0,77,0,NO CHANGE,<.01%
98944F109,ZEO,ZEO ENERGY CORP,100,0,66,0,NO CHANGE,<.01%
46139W833,BSMW,INVESCO EXCH TRD SLF IDX FD,3,0,65,0,NO CHANGE,<.01%
48253L205,KLXE,KLX ENERGY SERVICES HOLDINGS,23,0,59,0,NO CHANGE,<.01%
97717W786,AIVI,WISDOMTREE TR,1,0,56,0,NO CHANGE,<.01%
74019L602,PRPO,PRECIPIO INC,2,0,54,0,NO CHANGE,<.01%
72201R403,TIPZ,PIMCO ETF TR,1,0,52,0,NO CHANGE,<.01%
87283Q875,THYF,T ROWE PRICE EXCHANGE-TRADED,1,0,52,0,NO CHANGE,<.01%
87283Q636,TMNS,T ROWE PRICE EXCHANGE-TRADED,1,0,50,0,NO CHANGE,<.01%
87283Q644,TMSF,T ROWE PRICE EXCHANGE-TRADED,1,0,50,0,NO CHANGE,<.01%
97717X198,QIG,WISDOMTREE TR,1,0,44,0,NO CHANGE,<.01%
88634T832,BRKC,TIDAL TRUST II,1,0,41,0,NO CHANGE,<.01%
359523107,FTEK,FUEL TECH INC,18,0,40,0,NO CHANGE,<.01%
M84137104,SMWB,SIMILARWEB LTD,6,0,37,0,NO CHANGE,<.01%
88636X807,OARK,TIDAL TRUST II,1,0,31,0,NO CHANGE,<.01%
36315X101,LKFT,LAKEFRONT BIOTHERAPEUTICS NV,1,0,30,0,NO CHANGE,<.01%
38964R203,ETH,GRAYSCALE ETHEREUM STAKING,2,0,30,0,NO CHANGE,<.01%
19188U206,CODA,CODA OCTOPUS GROUP INC,3,0,29,0,NO CHANGE,<.01%
26922B493,TBFC,ETF SER SOLUTIONS,1,0,29,0,NO CHANGE,<.01%
890930886,TMLP,TORTOISE CAPITAL SERIES TRUS,1,0,28,0,NO CHANGE,<.01%
92840N100,ACV,VIRTUS DIVERSIFIED INCM & CO,1,0,28,0,NO CHANGE,<.01%
871655106,SYPR,SYPRIS SOLUTIONS INC,10,0,24,0,NO CHANGE,<.01%
761562867,ULTI,REX ETF TR,2,0,23,0,NO CHANGE,<.01%
46432F875,IYLD,ISHARES TR,1,0,22,0,NO CHANGE,<.01%
88636R206,CVNY,TIDAL TRUST II,1,0,22,0,NO CHANGE,<.01%
53229C107,LSPD,LIGHTSPEED COMMERCE INC,2,0,21,0,NO CHANGE,<.01%
M25133105,CGNT,COGNYTE SOFTWARE LTD,2,0,18,0,NO CHANGE,<.01%
88636V454,HIYY,TIDAL TRUST II,1,0,17,0,NO CHANGE,<.01%
92838U801,NCZ,VIRTUS CONVERTIBLE & INC FD,1,0,16,0,NO CHANGE,<.01%
42806J148,HTZWW,HERTZ GLOBAL HLDGS INC,10,0,11,0,NO CHANGE,<.01%
M85548101,SSYS,STRATASYS LTD,1,0,9,0,NO CHANGE,<.01%
30320C301,FTCI,FTC SOLAR INC,1,0,5,0,NO CHANGE,<.01%
72201J104,PFN,PIMCO INCOME STRATEGY FD II,1,0,5,0,NO CHANGE,<.01%
03074A102,ASRV,AMERISERV FINL INC,1,0,4,0,NO CHANGE,<.01%
63008G203,NNDM,NANO DIMENSION LTD,2,0,3,0,NO CHANGE,<.01%
774374300,RMTI,ROCKWELL MED INC,6,0,3,0,NO CHANGE,<.01%
902952100,GROW,U S GLOBAL INVS INC,1,0,3,0,NO CHANGE,<.01%
15117N701,IMNN,IMUNON INC,1,0,2,0,NO CHANGE,<.01%
G98301107,YDES,YD BIO LTD,1,0,2,0,NO CHANGE,<.01%
19243B102,CGTX,COGNITION THERAPEUTICS INC,1,0,1,0,NO CHANGE,<.01%
373678705,GOVX,GEOVAX LABS INC,1,0,1,0,NO CHANGE,<.01%
674870506,OPTT,OCEAN PWR TECHNOLOGIES INC,3,0,1,0,NO CHANGE,<.01%
G3959D133,GDHG,GOLDEN HEAVEN GROUP HLDGS LT,1,0,1,0,NO CHANGE,<.01%
15130G873,CETX,CEMTREX INC,0,-1,0,-1,CLOSE,0%
67079Y407,NVVE,NUVVE HOLDING CORP,0,-2,0,-1,CLOSE,0%
74255Y102,YLD,PRINCIPAL EXCHANGE TRADED FD,14,-1,27,-1.93,-6.7%,<.01%
42227T105,HCWC,HEALTHY CHOICE WELLNESS CORP,17,-11,3,-1.94,-39.3%,<.01%
552641102,MAIA,MAIA BIOTECHNOLOGY INC,0,-2,0,-2,CLOSE,0%
68764Y207,OSTX,OS THERAPIES INCORPORATED,0,-2,0,-2,CLOSE,0%
55279B301,LITS,LITE STRATEGY INC,0,-3,0,-3,CLOSE,0%
26916J205,GWH,ESS TECH INC,52485,-4,49.86K,-3.8,-0%,<.01%
576810303,MTNB,MATINAS BIOPHARMA HLDGS INC,0,-7,0,-4,CLOSE,0%
66987P508,SDEV,NOVABAY PHARMACEUTICALS INC,0,-3,0,-4,CLOSE,0%
73102V204,POLA,POLAR PWR INC,0,-2,0,-4,CLOSE,0%
48208F303,BNKK,BONK INC,0,-2,0,-5,CLOSE,0%
78396V208,WORX,SCWORX CORP,0,-40,0,-5,CLOSE,0%
423403104,MOMO,HELLO GROUP INC,40,-1,232,-5.8,-2.4%,<.01%
36870H103,GNLX,GENELUX CORPORATION,901,-2,2.71K,-6.02,-0.2%,<.01%
09075F404,BNGO,BIONANO GENOMICS INC,0,-6,0,-7,CLOSE,0%
60855D408,MBRX,MOLECULIN BIOTECH INC,0,-3,0,-7,CLOSE,0%
88634T444,DISO,TIDAL TRUST II,0,-1,0,-10,CLOSE,0%
205826209,CMTL,COMTECH TELECOMMUNICATIONS C,100,-5,210,-10.5,-4.8%,<.01%
23334J107,DTF,DTF TAX-FREE INCOME 2028 TER,0,-1,0,-11,CLOSE,0%
98138J503,WKHS,WORKHORSE GROUP INC,0,-4,0,-11,CLOSE,0%
88634T857,APLY,TIDAL TRUST II,1,-1,12,-12,-50%,<.01%
86887P309,BNC,CEA INDUSTRIES INC,0,-4,0,-12,CLOSE,0%
967590209,WYY,WIDEPOINT CORP,0,-2,0,-12,CLOSE,0%
81578P106,SEER,SEER INC,635,-9,1.05K,-14.94,-1.4%,<.01%
12482W408,YCBD,CBDMD INC,0,-22,0,-17,CLOSE,0%
500767579,KTEC,KRANESHARES TRUST,0,-1,0,-18,CLOSE,0%
68232V884,TRAW,TRAWS PHARMA INC,2,-21,2,-21,-91.3%,<.01%
19761L110,CRED,COLUMBIA ETF TR I,0,-1,0,-21,CLOSE,0%
543518104,LOOP,LOOP INDS INC,0,-16,0,-22,CLOSE,0%
92189F460,XMPT,VANECK ETF TRUST,111,-1,2.47K,-22.29,-0.9%,<.01%
97717W380,AGZD,WISDOMTREE TR,0,-1,0,-23,CLOSE,0%
23306X779,XEML,DBX ETF TR,0,-1,0,-24,CLOSE,0%
15117F880,CLRB,CELLECTAR BIOSCIENCES INC,0,-10,0,-25,CLOSE,0%
55286W603,MMID,MFS ACTIVE EXCHANGE TRADED F,0,-1,0,-25,CLOSE,0%
97717Y675,GTR,WISDOMTREE TR,0,-1,0,-25,CLOSE,0%
88636X302,FIAT,TIDAL TRUST II,0,-1,0,-26,CLOSE,0%
97717Y386,WTMU,WISDOMTREE TR,0,-1,0,-26,CLOSE,0%
88634T816,FBY,TIDAL TRUST II,1,-3,9,-27,-75%,<.01%
268961505,BGDV,ETF SER SOLUTIONS,0,-1,0,-27,CLOSE,0%
37959R103,GBLI,GLOBAL INDEMNITY GROUP LLC,0,-1,0,-27,CLOSE,0%
66538F140,PSTR,NORTHERN LTS FD TR II,0,-1,0,-28,CLOSE,0%
808524664,SAEF,SCHWAB STRATEGIC TR,0,-1,0,-28,CLOSE,0%
863167201,STRS,STRATUS PPTYS INC,2758,-1,79.28K,-28.74,-0%,<.01%
26922B832,SMIG,ETF SER SOLUTIONS,0,-1,0,-29,CLOSE,0%
26922B519,TBFG,ETF SER SOLUTIONS,0,-1,0,-30,CLOSE,0%
92838X805,NCV,VIRTUS CONVERTIBLE & INCOME,0,-2,0,-30,CLOSE,0%
88636J774,SNOY,TIDAL TRUST II,0,-4,0,-31,CLOSE,0%
88634T410,XOMO,TIDAL TRUST II,8,-3,84,-31.5,-27.3%,<.01%
92829B101,VGI,VIRTUS GLOBAL MULTI-SECTOR I,1,-4,8,-32,-80%,<.01%
95075A107,HOWL,WEREWOLF THERAPEUTICS INC,0,-39,0,-32,CLOSE,0%
97717W323,DGRE,WISDOMTREE TR,0,-1,0,-33,CLOSE,0%
97717Y782,EMMF,WISDOMTREE TR,0,-1,0,-33,CLOSE,0%
88636R347,WNTR,TIDAL TRUST II,0,-1,0,-34,CLOSE,0%
05479L302,AZTR,AZITRA INC,0,-150,0,-35,CLOSE,0%
78590A109,SACH,SACHEM CAP CORP,0,-35,0,-35,CLOSE,0%
00912N403,AIRI,AIR INDS GROUP,0,-11,0,-36,CLOSE,0%
00444T209,TLPH,TALPHERA INC,0,-50,0,-37,CLOSE,0%
26922B667,DSMC,ETF SER SOLUTIONS,0,-1,0,-37,CLOSE,0%
97717X610,EUDG,WISDOMTREE TR,3,-1,117,-39,-25%,<.01%
87283Q800,TOTR,T ROWE PRICE ETF INC,0,-1,0,-40,CLOSE,0%
74915M605,QVCGA,QVC GROUP INC,0,-19,0,-41,CLOSE,0%
577130586,ADVE,MATTHEWS INTL FDS,0,-1,0,-42,CLOSE,0%
92838Y100,AIO,VIRTUS ARTIFICIAL INTELLIGEN,0,-2,0,-43,CLOSE,0%
910710102,ACIC,AMERICAN COASTAL INS CORP,8467,-4,93.98K,-44.4,-0%,<.01%
87283Q651,TMNL,T ROWE PRICE ETF INC,0,-1,0,-50,CLOSE,0%
83067L208,SKLZ,FIRY INC,30,-5,301,-50.17,-14.3%,<.01%
88634T881,GDXY,TIDAL TRUST II,26,-5,263,-50.58,-16.1%,<.01%
87283Q818,TAXE,T ROWE PRICE ETF INC,0,-1,0,-51,CLOSE,0%
88636X609,CRSH,TIDAL TRUST II,1,-2,26,-52,-66.7%,<.01%
210322301,SRHR,ELEVATION SERIES TRUST,0,-1,0,-53,CLOSE,0%
320703408,CLDI,CALIDI BIOTHERAPEUTICS INC,0,-255,0,-61,CLOSE,0%
150964104,CENN,CENNTRO INC,0,-528,0,-63,CLOSE,0%
33737J190,FGM,FIRST TR EXCH TRD ALPHDX FD,123,-1,7.81K,-63.52,-0.8%,<.01%
637372202,NRC,NRC HEALTH,2456,-3,52.98K,-64.72,-0.1%,<.01%
805700101,DML1.MU,ELEVRA LITHIUM LTD,1443,-1,98.34K,-68.15,-0.1%,<.01%
09789C788,XHLF,BONDBLOXX ETF TRUST,1,-1,70,-70,-50%,<.01%
53656F607,HLAL,LISTED FDS TR,26,-1,1.88K,-72.19,-3.7%,<.01%
40417F109,HFFG,HF FOODS GROUP INC,6330,-55,8.93K,-77.55,-0.9%,<.01%
02072L409,QMOM,EA SERIES TRUST,68,-1,5.36K,-78.78,-1.4%,<.01%
00507W206,ATNM,ACTINIUM PHARMACEUTICALS INC,0,-79,0,-79,CLOSE,0%
37960A438,CLIP,GLOBAL X FDS,0,-1,0,-80,CLOSE,0%
88634T428,MSFO,TIDAL TRUST II,0,-7,0,-81,CLOSE,0%
97717X867,ELD,WISDOMTREE TR,0,-3,0,-83,CLOSE,0%
45259A100,WOMN,TIDAL TRUST III,87,-2,3.7K,-85.03,-2.2%,<.01%
80880W205,SCLX,SCILEX HOLDING CO,1,-11,8,-88,-91.7%,<.01%
88636J147,WDTE,TIDAL TRUST II,1,-3,30,-90,-75%,<.01%
44955L106,IAUX,I-80 GOLD CORP,10812,-64,15.7K,-92.96,-0.6%,<.01%
53656F789,BETZ,LISTED FDS TR,126,-5,2.35K,-93.25,-3.8%,<.01%
66538H658,BLES,NORTHERN LTS FD TR IV,76,-2,3.63K,-95.61,-2.6%,<.01%
464289479,ILTB,ISHARES TR,3,-2,148,-98.67,-40%,<.01%
85208P873,SLVR,SPROTT FDS TR,48,-2,2.42K,-100.88,-4%,<.01%
88338N206,TXMD,THERAPEUTICSMD INC,0,-51,0,-103,CLOSE,0%
46436E742,EMXF,ISHARES TR,110,-2,6.4K,-116.38,-1.8%,<.01%
003881307,ACTG,ACACIA RESH CORP,75735,-25,352.93K,-116.5,-0%,<.01%
729139105,PLRX,PLIANT THERAPEUTICS INC,419,-105,478,-119.79,-20%,<.01%
34988V106,FOSL,FOSSIL GROUP INC,5166,-29,21.39K,-120.05,-0.6%,<.01%
920437100,VALU,VALUE LINE INC,45,-3,1.82K,-121.4,-6.2%,<.01%
69374H279,MILK,PACER FDS TR,1,-5,25,-125,-83.3%,<.01%
88636J451,YQQQ,TIDAL TRUST II,1,-13,10,-130,-92.9%,<.01%
87283Q784,TCAL,T ROWE PRICE ETF INC,0,-6,0,-134,CLOSE,0%
887432342,TPSC,TIMOTHY PLAN,6,-3,286,-143,-33.3%,<.01%
78467V400,GAL,SSGA ACTIVE ETF TR,0,-3,0,-149,CLOSE,0%
9837FR209,SPRU,SPRUCE POWER HOLDING CORP,12,-58,31,-149.83,-82.9%,<.01%
77926X825,RDTE,ROUNDHILL ETF TRUST,1,-5,30,-150,-83.3%,<.01%
64107A105,NPWR,NET POWER INC,1951,-91,3.26K,-151.96,-4.5%,<.01%
746964105,QTTB,Q32 BIO INC,3388,-12,43.16K,-152.88,-0.4%,<.01%
05581M404,BTCS,BTCS INC,0,-112,0,-156,CLOSE,0%
38149W820,GINN,GOLDMAN SACHS ETF TR,151,-2,11.86K,-157.05,-1.3%,<.01%
46436E544,XJR,ISHARES TR,1342,-3,70.77K,-158.21,-0.2%,<.01%
00770X220,KAT,ADVISORS SER TR,0,-3,0,-161,CLOSE,0%
72201R205,STPZ,PIMCO ETF TR,0,-3,0,-161,CLOSE,0%
81728J109,SRTS,SENSUS HEALTHCARE INC,149,-60,451,-181.61,-28.7%,<.01%
92189H821,DAPP,VANECK ETF TRUST,5,-9,101,-181.8,-64.3%,<.01%
31812F109,FNWD,FINWARD BANCORP,196,-5,7.21K,-183.9,-2.5%,<.01%
45170X205,INVE,IDENTIV INC,0,-50,0,-185,CLOSE,0%
500767835,KURE,KRANESHARES TRUST,2,-12,31,-186,-85.7%,<.01%
07134L107,BATL,BATTALION OIL CORP,0,-48,0,-186,CLOSE,0%
05613H209,BKCG,BNY MELLON ETF TRUST II,962,-5,35.89K,-186.55,-0.5%,<.01%
008875304,DOMH,DOMINARI HOLDINGS INC,0,-58,0,-189,CLOSE,0%
75025X100,RLGT,RADIANT LOGISTICS INC,4110421,-20,38.88M,-189.2,-0%,<.01%
46435U440,BGRN,ISHARES TR,100,-4,4.74K,-189.68,-3.8%,<.01%
68629Y103,ONL,ORION PROPERTIES INC,58134,-66,168.01K,-190.74,-0.1%,<.01%
23335Q100,DLHC,DLH HLDGS CORP,8802,-37,46.21K,-194.25,-0.4%,<.01%
25401N507,DBGI,DIGITAL BRANDS GROUP INC,0,-110,0,-197,CLOSE,0%
747301109,QUAD,QUAD / GRAPHICS INC,22468,-24,189.4K,-202.32,-0.1%,<.01%
46436E122,IBHJ,ISHARES TR,0,-9,0,-232,CLOSE,0%
88634T840,AMZY,TIDAL TRUST II,5,-22,53,-233.2,-81.5%,<.01%
46137V696,GGME,INVESCO EXCHANGE TRADED FD T,78,-4,4.7K,-240.82,-4.9%,<.01%
590672101,MSB,MESABI TR,27,-10,683,-252.96,-27%,<.01%
88636R883,RBLY,TIDAL TRUST II,0,-14,0,-254,CLOSE,0%
97717Y535,XC,WISDOMTREE TR,40,-8,1.27K,-254.6,-16.7%,<.01%
500767769,KEMX,KRANESHARES TRUST,17,-5,881,-259.12,-22.7%,<.01%
46137V225,GRPM,INVESCO EXCHANGE TRADED FD T,435,-2,56.66K,-260.52,-0.5%,<.01%
92719W207,VNCE,VINCE HLDG CORP,0,-109,0,-263,CLOSE,0%
38748T103,PLTM,GRANITESHARES PLATINUM TR,71,-18,1.06K,-267.72,-20.2%,<.01%
716382106,PETS,PETMED EXPRESS INC,60,-140,115,-268.33,-70%,<.01%
381430453,GHYB,GOLDMAN SACHS ETF TR,194,-6,8.71K,-269.51,-3%,<.01%
22530J309,CREX,CREATIVE REALITIES INC,83,-67,342,-276.07,-44.7%,<.01%
98420P308,XTNT,XTANT MED HLDGS INC,0,-500,0,-279,CLOSE,0%
81752T411,HEDG,SERIES PORTFOLIOS TR,37,-10,1.11K,-300,-21.3%,<.01%
68554V108,OSUR,ORASURE TECHNOLOGIES INC,10325,-68,46.05K,-303.28,-0.7%,<.01%
65481N100,NIU,NIU TECHNOLOGIES,0,-112,0,-324,CLOSE,0%
74967R106,RMR,RMR GROUP INC,19231,-16,394.81K,-328.47,-0.1%,<.01%
204429104,CCU,COMPANIA CERVECERIAS UNIDAS,45,-30,504,-336,-40%,<.01%
19188J409,COCP,COCRYSTAL PHARMA INC,0,-334,0,-337,CLOSE,0%
88634T790,GOOY,TIDAL TRUST II,2,-26,27,-351,-92.9%,<.01%
233051283,SHYL,DBX ETF TR,18,-8,793,-352.44,-30.8%,<.01%
88636X724,AMDY,TIDAL TRUST II,4,-6,235,-352.5,-60%,<.01%
88636X104,YBIT,TIDAL TRUST II,0,-15,0,-356,CLOSE,0%
04010L103,ARCC,ARES CAPITAL CORP,0,-20,0,-360,CLOSE,0%
834212201,STI,SOLIDION TECHNOLOGY INC,1176,-40,10.93K,-371.6,-3.3%,<.01%
09789C754,BBBS,BONDBLOXX ETF TRUST,0,-8,0,-395,CLOSE,0%
92189F726,BBH,VANECK ETF TRUST,1603,-2,325.89K,-406.6,-0.1%,<.01%
60739N101,BEEP,MOBILE INFRASTRUCTURE CORP,859,-295,1.19K,-406.96,-25.6%,<.01%
36254L308,GTBP,GT BIOPHARMA INC,0,-1000,0,-408,CLOSE,0%
G4R20B107,INTR,INTER & CO INC,0,-52,0,-414,CLOSE,0%
629445206,NVEC,NVE CORP,3021,-4,315.87K,-418.23,-0.1%,<.01%
37229T509,TOON,KARTOON STUDIOS INC.,78,-600,55,-423.08,-88.5%,<.01%
98423B306,XOS,XOS INC,1,-142,3,-426,-99.3%,<.01%
75946W405,EZRA,RELIANCE GLOBAL GROUP INC,0,-2449,0,-433,CLOSE,0%
04546C304,ASRT,ASSERTIO HOLDINGS INC,0,-23,0,-438,CLOSE,0%
88636J139,IWMY,TIDAL TRUST II,1,-22,20,-440,-95.7%,<.01%
63888P406,NHTC,NATURAL HEALTH TRENDS CORP,0,-158,0,-441,CLOSE,0%
61774R817,XAGG,MORGAN STANLEY ETF TRUST,401,-9,20.03K,-449.48,-2.2%,<.01%
46137V720,PEJ,INVESCO EXCHANGE TRADED FD T,6307,-7,419.83K,-465.96,-0.1%,<.01%
054748306,FABC,STABLEX TECHNOLOGIES INC,0,-253,0,-468,CLOSE,0%
92827K301,VTSI,VIRTRA INC,0,-129,0,-479,CLOSE,0%
746228303,PCYO,PURE CYCLE CORP,3265,-45,34.97K,-481.96,-1.4%,<.01%
39986L109,GRWG,GROWGENERATION CORP,1814,-330,2.69K,-488.45,-15.4%,<.01%
87283Q883,TFLR,T ROWE PRICE EXCHANGE-TRADED,1,-10,50,-500,-90.9%,<.01%
53566P109,LCTX,LINEAGE CELL THERAPEUTICS IN,192926,-382,252.73K,-500.42,-0.2%,<.01%
35953C106,FIP,FTAI INFRASTRUCTURE INC,14267,-108,66.2K,-501.11,-0.8%,<.01%
4525EP101,IMUX,IMMUNIC INC,0,-455,0,-505,CLOSE,0%
22529Y408,CELZ,CREATIVE MED TECHNOLOGY HLDG,0,-250,0,-515,CLOSE,0%
65345B201,NXL,NEXALIN TECHNOLOGY INC,0,-1500,0,-522,CLOSE,0%
746729730,FTMS,PUTNAM ETF TRUST,2384,-54,23.71K,-537.06,-2.2%,<.01%
00152K200,AKA,A K A BRANDS HLDG CORP,820,-51,8.78K,-546.2,-5.9%,<.01%
032108102,IBUY,AMPLIFY ETF TR,42,-8,2.93K,-558.67,-16%,<.01%
416906204,HBIO,HARVARD BIOSCIENCE INC,3179,-95,19.55K,-584.25,-2.9%,<.01%
77926X205,XDTE,ROUNDHILL ETF TRUST,2,-15,78,-585,-88.2%,<.01%
26922A404,VIDI,ETF SER SOLUTIONS,3456,-15,134.8K,-585.07,-0.4%,<.01%
33817P405,FTLF,FITLIFE BRANDS INC,691,-55,7.61K,-605.56,-7.4%,<.01%
439038100,HOFT,HOOKER FURNISHINGS CORPORATI,588,-34,10.48K,-606.28,-5.5%,<.01%
464287192,IYT,ISHARES TR,7111,-7,616.91K,-607.28,-0.1%,<.01%
02072L672,SHOC,EA SERIES TRUST,475,-5,57.92K,-609.69,-1%,<.01%
34960Q307,FBIO,FORTRESS BIOTECH INC,0,-220,0,-614,CLOSE,0%
74640Y106,PRPL,PURPLE INNOVATION INC,0,-928,0,-614,CLOSE,0%
83419H103,SMXT,SOLARMAX TECHNOLOGY INC,0,-878,0,-616,CLOSE,0%
26205E107,DTI,DRILLING TOOLS INTL CORP,5807,-326,11.21K,-629.21,-5.3%,<.01%
68403P203,ORMP,ORAMED PHARMACEUTICALS INC,69,-131,332,-630.32,-65.5%,<.01%
780910105,RVT,ROYCE SMALL CAP TRUST INC,0,-38,0,-633,CLOSE,0%
316188861,FLDB,FIDELITY MERRIMACK STR TR,7340940,-13,368.81M,-653.12,-0%,0.02%
66405S100,NBN,NORTHEAST BK PORTLAND ME,1033,-5,136.88K,-662.56,-0.5%,<.01%
69002R103,TEAD,TEADS HLDG CO,38980,-864,29.89K,-662.61,-2.2%,<.01%
204409882,CIGC,CIA ENERGETICA DE MINAS GERA,4967,-220,15.15K,-670.98,-4.2%,<.01%
04681Y103,ASIC,ATEGRITY SPECIALTY IN CO HO,1808,-28,43.46K,-673.12,-1.5%,<.01%
61774R106,CVIE,MORGAN STANLEY ETF TRUST,280,-8,23.82K,-680.69,-2.8%,<.01%
51654W101,LTRN,LANTERN PHARMA INC,0,-500,0,-685,CLOSE,0%
43538H103,HLLY,HOLLEY INC,4886,-276,12.46K,-703.78,-5.3%,<.01%
33751L105,MYFW,FIRST WESTN FINL INC,2956,-22,94.91K,-706.39,-0.7%,<.01%
29446K106,EQ,EQUILLIUM INC,0,-360,0,-720,CLOSE,0%
78468R515,EMHC,SPDR SERIES TRUST,198,-29,5.04K,-738.62,-12.8%,<.01%
723561106,PBFS,PIONEER BANCORP INC MD,218,-44,3.72K,-751.03,-16.8%,<.01%
63008J884,FEED,ENVUE MEDICAL INC.,0,-324,0,-771,CLOSE,0%
54303L203,LGVN,LONGEVERON INC,0,-752,0,-782,CLOSE,0%
29081P204,AKOA,EMBOTELLADORA ANDINA S A,490,-36,10.78K,-792,-6.8%,<.01%
20563P101,CIX,COMPX INTL INC,709,-33,17.65K,-821.7,-4.4%,<.01%
50105F105,KRO,KRONOS WORLDWIDE INC,16588,-130,105K,-822.88,-0.8%,<.01%
46434V779,QAT,ISHARES TR,4,-46,72,-828,-92%,<.01%
33734X127,FXN,FIRST TR EXCHANGE-TRADED FD,836,-41,16.91K,-829.22,-4.7%,<.01%
233051853,DBEU,DBX ETF TR,6259,-17,337.73K,-917.32,-0.3%,<.01%
032108656,IPAY,AMPLIFY ETF TR,29,-20,1.35K,-933.79,-40.8%,<.01%
46138J643,BSCS,INVESCO EXCH TRD SLF IDX FD,7588,-46,154.53K,-936.8,-0.6%,<.01%
46138G805,BAB,INVESCO EXCH TRADED FD TR II,1238,-35,33.23K,-939.54,-2.7%,<.01%
53224K302,LTBR,LIGHTBRIDGE CORP,382,-108,3.35K,-948.25,-22%,<.01%
02361E108,AMRC,AMERESCO INC,9011,-35,248.69K,-965.95,-0.4%,<.01%
00175J107,POWW,OUTDOOR HOLDING CO,12725,-431,29.01K,-982.68,-3.3%,<.01%
174615104,CZFS,CITIZENS FINL SVCS INC,360,-14,26.08K,-1.01K,-3.7%,<.01%
35473P801,FLQL,FRANKLIN TEMPLETON ETF TR,4605,-13,360.5K,-1.02K,-0.3%,<.01%
06777U200,BNED,BARNES & NOBLE ED INC,3081,-82,38.7K,-1.03K,-2.6%,<.01%
76122Q105,RGP,RESOURCES CONNECTION INC,12274,-243,52.17K,-1.03K,-1.9%,<.01%
913290102,UNTY,UNITY BANCORP INC,1791,-18,105.11K,-1.06K,-1%,<.01%
132061300,FYLD,CAMBRIA ETF TR,2312,-29,84.35K,-1.06K,-1.2%,<.01%
B38564108,CMBT,CMB.TECH NV,35313,-76,500.32K,-1.08K,-0.2%,<.01%
09354A100,BLNK,BLINK CHARGING CO,1000,-1722,640,-1.1K,-63.3%,<.01%
37954Y459,RYLD,GLOBAL X FDS,458,-74,7.32K,-1.18K,-13.9%,<.01%
46137Y609,RSPC,INVESCO EXCHANGE TRADED FD T,484,-35,17.08K,-1.24K,-6.7%,<.01%
464288695,MXI,ISHARES TR,696,-12,73.63K,-1.27K,-1.7%,<.01%
172922106,CZNC,CITIZENS & NORTHN CORP,646,-56,15.05K,-1.3K,-8%,<.01%
87283Q701,TBUX,T ROWE PRICE EXCHANGE-TRADED,5,-27,249,-1.34K,-84.4%,<.01%
667746101,NWPX,NWPX INFRASTRUCTURE INC,1735,-9,260.08K,-1.35K,-0.5%,<.01%
36269P104,GAIA,GAIA INC NEW,507,-655,1.06K,-1.38K,-56.4%,<.01%
164651101,CHMI,CHERRY HILL MTG INVT CORP,249,-604,578,-1.4K,-70.8%,<.01%
47804J107,JHML,JOHN HANCOCK EXCHANGE TRADED,3521,-16,313.97K,-1.43K,-0.5%,<.01%
67092P805,NUDM,NUSHARES ETF TR,3635,-36,145.49K,-1.44K,-1%,<.01%
46138E875,PIZ,INVESCO EXCH TRADED FD TR II,715,-26,39.99K,-1.45K,-3.5%,<.01%
14280C105,CARL,CARLSMED INC,1155,-141,11.99K,-1.46K,-10.9%,<.01%
202608105,CVGI,COMMERCIAL VEH GROUP INC,13843,-320,63.95K,-1.48K,-2.3%,<.01%
85859N300,STEM,STEM INC,648,-190,5.06K,-1.48K,-22.7%,<.01%
46434G814,EWM,ISHARES INC,209,-55,5.64K,-1.49K,-20.8%,<.01%
630079101,SLSN,SOLESENCE INC,242,-2044,177,-1.49K,-89.4%,<.01%
939653101,ELME,ELME COMMUNITIES,672749,-1014,995.67K,-1.5K,-0.2%,<.01%
464288265,TOK,ISHARES TR,160,-10,24.02K,-1.5K,-5.9%,<.01%
97717W877,DEW,WISDOMTREE TR,1121,-22,77.02K,-1.51K,-1.9%,<.01%
46137V787,PBE,INVESCO EXCHANGE TRADED FD T,1407,-17,126.12K,-1.52K,-1.2%,<.01%
911460103,UBFO,UNITED SEC BANCSHARES CALIF,0,-148,0,-1.55K,CLOSE,0%
15713L109,CRVO,CERVOMED INC,10538,-502,32.67K,-1.56K,-4.5%,<.01%
51509F105,LE,LANDS END INC NEW,693,-149,7.26K,-1.56K,-17.7%,<.01%
356390104,FRHC,FREEDOM HOLDING CORP,837,-12,109.24K,-1.57K,-1.4%,<.01%
358435105,FRD,FRIEDMAN INDS INC,904,-49,29.1K,-1.58K,-5.1%,<.01%
03748R747,AIV,APARTMENT INVT & MGMT CO,3088,-535,9.17K,-1.59K,-14.8%,<.01%
301505889,EMQQ,EXCHANGE TRADED CONCEPTS TRU,256,-51,7.99K,-1.59K,-16.6%,<.01%
84445C100,SLND,SOUTHLAND HLDGS INC,9242,-2477,6.13K,-1.64K,-21.1%,<.01%
458751302,LINK,INTERLINK ELECTRS INC,0,-562,0,-1.65K,CLOSE,0%
23908L108,DFNL,DAVIS FUNDAMENTAL ETF TR,0,-37,0,-1.66K,CLOSE,0%
46137V324,RSPN,INVESCO EXCHANGE TRADED FD T,26220,-26,1.68M,-1.66K,-0.1%,<.01%
66538H534,BIBL,NORTHERN LTS FD TR IV,233,-29,13.46K,-1.68K,-11.1%,<.01%
96812F102,BAER,BRIDGER AEROSPACE GRP HLDGS,16006,-875,30.73K,-1.68K,-5.2%,<.01%
02072L698,STXE,EA SERIES TRUST,144,-32,7.58K,-1.69K,-18.2%,<.01%
88636W866,CRCO,TIDAL TRUST II,0,-75,0,-1.69K,CLOSE,0%
78464A367,SPLB,SPDR SERIES TRUST,467,-76,10.46K,-1.7K,-14%,<.01%
927651109,VIRC,VIRCO MFG CO,601,-278,3.69K,-1.71K,-31.6%,<.01%
31866P102,FNLC,FIRST BANCORP INC ME,1013,-49,35.29K,-1.71K,-4.6%,<.01%
88554D205,DDD,3D SYS CORP DEL,7019,-576,21.2K,-1.74K,-7.6%,<.01%
43289P106,HIMX,HIMAX TECHNOLOGIES INC,1520,-114,23.32K,-1.75K,-7%,<.01%
33733E401,QQXT,FIRST TR EXCHANGE-TRADED FD,746,-18,72.81K,-1.76K,-2.4%,<.01%
98923T104,ZDGE,ZEDGE INC,0,-600,0,-1.76K,CLOSE,0%
81750R201,MCRB,SERES THERAPEUTICS INC,1528,-224,12.06K,-1.77K,-12.8%,<.01%
87167T300,TAOX,TAO SYNERGIES INC,0,-325,0,-1.85K,CLOSE,0%
20440W105,SID,COMPANHIA SIDERURGICA NACION,0,-1498,0,-1.86K,CLOSE,0%
88165K200,TVGN,TEVOGEN BIO HLDGS INC,9826,-331,55.62K,-1.87K,-3.3%,<.01%
78471E105,SKYX,SKYX PLATFORMS CORP,1567,-1700,1.73K,-1.88K,-52%,<.01%
92189F304,EVX,VANECK ETF TRUST,2096,-46,86.36K,-1.9K,-2.1%,<.01%
88830M102,TWI,TITAN INTL INC ILL,4434,-248,34.19K,-1.91K,-5.3%,<.01%
00162Q387,OUSA,ALPS ETF TR,6626,-33,386.51K,-1.92K,-0.5%,<.01%
120076104,BBW,BUILD-A-BEAR WORKSHOP INC,1520,-65,46.52K,-1.99K,-4.1%,<.01%
18482P103,CLFD,CLEARFIELD INC,2734,-50,108.77K,-1.99K,-1.8%,<.01%
30234F101,XZO,EXZEO GROUP INC,841,-118,14.19K,-1.99K,-12.3%,<.01%
003261203,BCD,ABRDN ETFS,13,-60,433,-2K,-82.2%,<.01%
46137V704,PYZ,INVESCO EXCHANGE TRADED FD T,163,-16,20.54K,-2.02K,-8.9%,<.01%
74065P101,PRLD,PRELUDE THERAPEUTICS INC,5629,-380,30K,-2.03K,-6.3%,<.01%
G59467202,CD,CHAINCE DIGITAL HOLDINGS INC,6140,-464,26.83K,-2.03K,-7%,<.01%
37950E341,GURU,GLOBAL X FDS,3429,-29,240.15K,-2.03K,-0.8%,<.01%
059460402,BBDO,BANCO BRADESCO S A,30360,-679,91.08K,-2.04K,-2.2%,<.01%
06652N107,BSVN,BANK7 CORP,675,-42,33.04K,-2.06K,-5.9%,<.01%
92189F205,SLX,VANECK ETF TRUST,772,-21,76.02K,-2.07K,-2.6%,<.01%
923372106,VGAS,VERDE CLEAN FUELS INC,4404,-2150,4.49K,-2.19K,-32.8%,<.01%
886364710,ACSI,TIDAL TRUST I,1,-30,74,-2.22K,-96.8%,<.01%
620071100,MPAA,MOTORCAR PTS AMER INC,1859,-146,28.48K,-2.24K,-7.3%,<.01%
45774W108,IIIN,INSTEEL INDS INC,1714,-75,51.77K,-2.27K,-4.2%,<.01%
T9224W109,STVN,STEVANATO GROUP S P A,0,-168,0,-2.31K,CLOSE,0%
602566309,MIND,MIND TECHNOLOGY INC,733,-493,3.46K,-2.33K,-40.2%,<.01%
78470E205,EEMX,SPDR INDEX SHS FDS,40,-43,2.17K,-2.34K,-51.8%,<.01%
78464A110,XITK,SPDR SERIES TRUST,696,-12,136.31K,-2.35K,-1.7%,<.01%
092667104,SRTA,STRATA CRITICAL MEDICAL INC,5655,-447,29.8K,-2.36K,-7.3%,<.01%
33738D101,EMLP,FIRST TR EXCHANGE-TRADED FD,0,-54,0,-2.36K,CLOSE,0%
82657M105,SGHT,SIGHT SCIENCES INC,7880,-448,42.71K,-2.43K,-5.4%,<.01%
04271T100,ARRY,ARRAY TECHNOLOGIES INC,10820,-330,80.17K,-2.45K,-3%,<.01%
464286780,EZA,ISHARES INC,1882,-39,118.9K,-2.46K,-2%,<.01%
46435U796,SYSB,ISHARES TR,350,-28,31.05K,-2.48K,-7.4%,<.01%
19249H103,CHRS,COHERUS ONCOLOGY INC,7115,-1780,9.96K,-2.49K,-20%,<.01%
808524656,STCE,SCHWAB STRATEGIC TR,20,-36,1.4K,-2.51K,-64.3%,<.01%
644393100,NFE,NEW FORTRESS ENERGY INC,886760,-7010,321.98K,-2.55K,-0.8%,<.01%
90291W108,USGO,US GOLDMINING INC,1401,-317,11.39K,-2.58K,-18.5%,<.01%
464287275,IXP,ISHARES TR,1743,-23,196.7K,-2.6K,-1.3%,<.01%
396879108,GLSI,GREENWICH LIFESCIENCES INC,3996,-111,93.74K,-2.6K,-2.7%,<.01%
30052C107,EOLS,EVOLUS INC,8505,-376,59.03K,-2.61K,-4.2%,<.01%
00162Q361,OGIG,ALPS ETF TR,1675,-59,74.58K,-2.63K,-3.4%,<.01%
33741L108,DVOL,FIRST TR EXCHANGE TRADED FD,370,-72,13.51K,-2.63K,-16.3%,<.01%
464288489,IFGL,ISHARES TR,563,-118,12.56K,-2.63K,-17.3%,<.01%
33733E732,WCMI,FIRST TR EXCHANGE-TRADED FD,0,-157,0,-2.63K,CLOSE,0%
69374H204,PTMC,PACER FDS TR,450,-63,18.81K,-2.63K,-12.3%,<.01%
799566104,SANA,SANA BIOTECHNOLOGY INC,37429515,-769,130.63M,-2.68K,-0%,<.01%
464287838,IYM,ISHARES TR,4514,-15,810.47K,-2.69K,-0.3%,<.01%
92854B109,VANI,VIVANI MEDICAL INC,142,-2182,176,-2.7K,-93.9%,<.01%
624580106,MOV,MOVADO GROUP INC,15190,-72,597.1K,-2.83K,-0.5%,<.01%
890930407,TBLU,TORTOISE CAPITAL SERIES TRUS,602,-55,31.08K,-2.84K,-8.4%,<.01%
868927203,SRFM,SURF AIR MOBILITY INC,50,-2451,58,-2.84K,-98%,<.01%
85208P600,NIKL,SPROTT FDS TR,0,-180,0,-2.88K,CLOSE,0%
46435U192,IDNA,ISHARES TR,94,-86,3.16K,-2.89K,-47.8%,<.01%
78413P101,SMHI,SEACOR MARINE HLDGS INC,10384,-381,79.44K,-2.91K,-3.5%,<.01%
06829D503,BCTK,BARON ETF TR,1341,-90,43.55K,-2.92K,-6.3%,<.01%
72651A207,PAGP,PLAINS GP HLDGS L P,0,-121,0,-2.94K,CLOSE,0%
53216B104,LFMD,LIFEMD INC,9401,-720,38.83K,-2.97K,-7.1%,<.01%
37960A735,BKCH,GLOBAL X FDS,105,-42,7.85K,-3.14K,-28.6%,<.01%
47012E403,JAKK,JAKKS PAC INC,5501,-136,128.06K,-3.17K,-2.4%,<.01%
67000B104,NOVT,NOVANTA INC,14615,-20,2.37M,-3.24K,-0.1%,<.01%
46138E404,PCEF,INVESCO EXCH TRADED FD TR II,2544,-160,51.66K,-3.25K,-5.9%,<.01%
85256A109,STGW,STAGWELL INC,8968,-452,66.63K,-3.36K,-4.8%,<.01%
46137V688,KNCT,INVESCO EXCHANGE TRADED FD T,0,-25,0,-3.46K,CLOSE,0%
90400P101,UGP,ULTRAPAR PARTICIPACOES SA,31948,-698,160.38K,-3.5K,-2.1%,<.01%
092915107,BZAI,BLAIZE HLDGS INC,17459,-2540,24.09K,-3.51K,-12.7%,<.01%
671807105,OVLY,OAK VY BANCORP OAKDALE CALIF,32624,-105,1.1M,-3.54K,-0.3%,<.01%
518416409,ROUS,LATTICE STRATEGIES TR,2551,-53,171.97K,-3.57K,-2%,<.01%
35473P405,USPX,FRANKLIN TEMPLETON ETF TR,63,-55,4.11K,-3.59K,-46.6%,<.01%
60649T107,MG,MISTRAS GROUP INC,5299,-206,92.57K,-3.6K,-3.7%,<.01%
45409B560,HFXI,NEW YORK LIFE INVESTMENTS ET,7379,-95,281.06K,-3.62K,-1.3%,<.01%
92647N824,CDC,VICTORY PORTFOLIOS II,477,-49,35.44K,-3.64K,-9.3%,<.01%
97717W778,DIM,WISDOMTREE TR,1,-43,85,-3.65K,-97.7%,<.01%
781386305,RDNW,RIDENOW GROUP INC,6021,-554,40.1K,-3.69K,-8.4%,<.01%
032108557,ETHO,AMPLIFY ETF TR,1364,-46,109.98K,-3.71K,-3.3%,<.01%
456941103,INR,INFINITY NAT RES INC,1244,-294,15.79K,-3.73K,-19.1%,<.01%
14817C107,FLNA,FILANA THERAPEUTICS INC,2904,-3158,3.46K,-3.76K,-52.1%,<.01%
38741L107,GPMT,GRANITE PT MTG TR INC,822,-2523,1.23K,-3.78K,-75.4%,<.01%
29667J101,ESQ,ESQUIRE FINL HLDGS INC,3282,-32,390.92K,-3.81K,-1%,<.01%
00384X301,AGEM,ABRDN FDS,9108,-78,449.75K,-3.85K,-0.8%,<.01%
677864100,ODC,OIL DRI CORP AMER,2436,-38,248.99K,-3.88K,-1.5%,<.01%
832156103,SMID,SMITH MIDLAND CORP,50,-135,1.46K,-3.93K,-73%,<.01%
78464A789,KIE,SPDR SERIES TRUST,15960,-65,973.4K,-3.96K,-0.4%,<.01%
61774R205,CVLC,MORGAN STANLEY ETF TRUST,316,-42,29.89K,-3.97K,-11.7%,<.01%
693149106,PAMT,PAMT CORP,3408,-286,47.75K,-4.01K,-7.7%,<.01%
12047B105,BMBL,BUMBLE INC,27382,-1253,87.62K,-4.01K,-4.4%,<.01%
02080L102,TKNO,ALPHA TEKNOVA INC,10957,-707,62.24K,-4.02K,-6.1%,<.01%
97717X560,WTPI,WISDOMTREE TR,224,-124,7.34K,-4.06K,-35.6%,<.01%
032108599,ITEQ,AMPLIFY ETF TR,465,-62,30.86K,-4.11K,-11.8%,<.01%
46137R109,IMVP,INVESCO INDIA EXCHANGE-TRADE,1973,-205,39.6K,-4.11K,-9.4%,<.01%
X3R81D102,AFRI,FORAFRIC GLOBAL PLC,2612,-409,26.33K,-4.12K,-13.5%,<.01%
26922A503,VUSE,ETF SER SOLUTIONS,3197,-58,231.2K,-4.19K,-1.8%,<.01%
46138E230,IDLV,INVESCO EXCH TRADED FD TR II,24946,-122,860.46K,-4.21K,-0.5%,<.01%
344419106,FMX,FOMENTO ECONOMICO MEXICANO S,3557426,-33,454.99M,-4.22K,-0%,0.02%
479167108,JOUT,JOHNSON OUTDOORS INC,1881,-92,86.58K,-4.23K,-4.7%,<.01%
04208T108,AHRT,AH RLTY TR INC,13753,-604,97.37K,-4.28K,-4.2%,<.01%
36120Q101,FVCB,FVCBANKCORP INC,2032,-246,35.55K,-4.3K,-10.8%,<.01%
004890109,ACRV,ACRIVON THERAPEUTICS INC,6957,-2465,12.38K,-4.39K,-26.2%,<.01%
256086109,DCGO,DOCGO INC,5753,-8533,2.97K,-4.4K,-59.7%,<.01%
00162Q460,ACES,ALPS ETF TR,44,-125,1.56K,-4.43K,-74%,<.01%
921078101,OUNZ,VANECK MERK GOLD ETF,914,-115,35.29K,-4.44K,-11.2%,<.01%
33734G108,FRI,FIRST TR EXCHANGE-TRADED FD,240,-142,7.59K,-4.49K,-37.2%,<.01%
37954Y731,KRMA,GLOBAL X FDS,1477,-97,69.38K,-4.56K,-6.2%,<.01%
156727AD1,CRNC,CERENCE INC,2100000,-5000,1.92M,-4.56K,-0.2%,<.01%
46641Q241,BBAG,J P MORGAN EXCHANGE TRADED F,442,-100,20.31K,-4.6K,-18.5%,<.01%
46138E578,FDIQ,INVESCO EXCH TRADED FD TR II,5029,-72,321.52K,-4.6K,-1.4%,<.01%
86183P102,SRI,STONERIDGE INC,2389,-630,17.49K,-4.61K,-20.9%,<.01%
433539202,HIPO,HIPPO HLDGS INC,2704,-167,76.42K,-4.72K,-5.8%,<.01%
46435U473,HYBB,ISHARES TR,0,-102,0,-4.74K,CLOSE,0%
927950105,VWAV,VISIONWAVE HOLDINGS INC,0,-1000,0,-4.74K,CLOSE,0%
74965L101,RLJ,RLJ LODGING TR,23894,-405,283.15K,-4.8K,-1.7%,<.01%
14022A102,CGMM,CAPITAL GROUP EQUITY ETF TR,0,-164,0,-4.82K,CLOSE,0%
75134P600,METC,RAMACO RES INC,3616,-366,47.84K,-4.84K,-9.2%,<.01%
14021N105,CGNG,CAPITAL GROUP NEW GEOGRAPHY,0,-154,0,-4.86K,CLOSE,0%
46435GAA0,IBDR,ISHARES TR,6689,-202,162.07K,-4.89K,-2.9%,<.01%
59102M104,MGX,METAGENOMI THERAPEUTICS INC,588,-4130,700,-4.92K,-87.5%,<.01%
88422P109,TCBX,THIRD COAST BANCSHARES INC,2730,-123,110.28K,-4.97K,-4.3%,<.01%
58844R108,MBIN,MERCHANTS BANCORP IND,4632,-100,231.6K,-5K,-2.1%,<.01%
53630X203,LPCN,LIPOCINE INC NEW,0,-626,0,-5K,CLOSE,0%
33739Q705,KNG,FIRST TR EXCHANGE-TRADED FD,290,-99,14.67K,-5.01K,-25.4%,<.01%
92189H664,SMHX,VANECK ETF TRUST,40,-80,2.53K,-5.07K,-66.7%,<.01%
45782B302,INSG,INSEEGO CORP,485,-493,5.01K,-5.09K,-50.4%,<.01%
37950E408,CHIQ,GLOBAL X FDS,88,-325,1.39K,-5.13K,-78.7%,<.01%
68622D205,ORGN,ORIGIN MATERIALS INC,0,-2277,0,-5.19K,CLOSE,0%
83193G107,SMRT,SMARTRENT INC,5993,-4394,7.13K,-5.23K,-42.3%,<.01%
86959K105,SUZ,SUZANO S A,3685,-674,28.6K,-5.23K,-15.5%,<.01%
52634L108,LNSR,LENSAR INC,3189,-923,18.21K,-5.27K,-22.4%,<.01%
525558AB8,LMAT,LEMAITRE VASCULAR INC,1925000,-5000,2.04M,-5.29K,-0.3%,<.01%
46435G847,HAWX,ISHARES TR,2728,-114,126.83K,-5.3K,-4%,<.01%
250565108,DBI,DESIGNER BRANDS INC,38750,-917,225.91K,-5.35K,-2.3%,<.01%
016230104,ALCO,ALICO INC,9065,-131,375K,-5.42K,-1.4%,<.01%
594960304,MVIS,MICROVISION INC DEL,8973,-16706,2.93K,-5.46K,-65.1%,<.01%
89147L886,TYG,TORTOISE ENERGY INFRSTRCTR C,100,-128,4.29K,-5.49K,-56.1%,<.01%
29103K100,FLD,FOLD HLDGS INC,12505,-12107,5.67K,-5.49K,-49.2%,<.01%
35473M105,FGDL,FRANKLIN TEMPLETON HOLDINGS,2593,-103,138.38K,-5.5K,-3.8%,<.01%
18452B209,CLSK,CLEANSPARK INC,54004,-378,785.76K,-5.5K,-0.7%,<.01%
918905209,VHI,VALHI INC NEW,1484,-376,21.77K,-5.52K,-20.2%,<.01%
64428N109,NUAI,NEW ERA ENERGY & DIGITAL INC,129,-871,823,-5.56K,-87.1%,<.01%
46434G509,HEEM,ISHARES INC,1121,-125,50.14K,-5.59K,-10%,<.01%
74587B101,PLSE,PULSE BIOSCIENCES INC,13948,-202,386.78K,-5.6K,-1.4%,<.01%
167239102,REFI,CHICAGO ATLANTIC REAL ESTATE,16349,-523,175.26K,-5.61K,-3.1%,<.01%
97717W562,EES,WISDOMTREE TR,6447,-83,437.04K,-5.63K,-1.3%,<.01%
78397Q109,SES,SES AI CORPORATION,48102,-5927,46.19K,-5.69K,-11%,<.01%
405217100,HAIN,HAIN CELESTIAL GROUP INC,42835,-10382,24K,-5.82K,-19.5%,<.01%
33733E831,MISL,FIRST TR EXCHANGE-TRADED FD,469,-127,21.48K,-5.82K,-21.3%,<.01%
66537J796,PTL,NORTHERN LTS FD TR IV,20,-20,5.84K,-5.84K,-50%,<.01%
922907738,VTEI,VANGUARD MUN BD FDS,347,-58,34.99K,-5.85K,-14.3%,<.01%
44842L103,HCM,HUTCHMED CHINA LTD,2983,-548,32.1K,-5.9K,-15.5%,<.01%
56600D107,MRVI,MARAVAI LIFESCIENCES HLDGS I,34133,-946,212.99K,-5.9K,-2.7%,<.01%
254423106,DIN,DINE BRANDS GLOBAL INC,12578,-165,451.54K,-5.92K,-1.3%,<.01%
46140H106,DBA,INVESCO DB MULTI-SECTOR COMM,3192,-225,85.14K,-6K,-6.6%,<.01%
00162Q593,SBIO,ALPS ETF TR,0,-115,0,-6.02K,CLOSE,0%
292034303,EP,EMPIRE PETE CORP,3624,-2248,9.71K,-6.02K,-38.3%,<.01%
14020X104,CGGO,CAPITAL GROUP GBL GROWTH EQT,294,-143,12.45K,-6.05K,-32.7%,<.01%
50101L106,DNUT,KRISPY KREME INC,16751,-1751,59.13K,-6.18K,-9.5%,<.01%
70336F203,PNBK,PATRIOT NATL BANCORP INC,0,-4812,0,-6.21K,CLOSE,0%
G9TY5A101,ZURA,ZURA BIO LTD,528284,-1062,3.12M,-6.27K,-0.2%,<.01%
46435U861,DIVB,ISHARES TR,4399,-102,270.96K,-6.28K,-2.3%,<.01%
46137Y500,CVY,INVESCO EXCHANGE TRADED FD T,3200,-219,92.27K,-6.31K,-6.4%,<.01%
654484609,NB,NIOCORP DEVS LTD,8006,-1328,38.59K,-6.4K,-14.2%,<.01%
46436E338,TLTW,ISHARES TR,0,-289,0,-6.54K,CLOSE,0%
74347B508,TOLZ,PROSHARES TR,297,-111,17.58K,-6.57K,-27.2%,<.01%
G89479102,TRMD,TORM PLC,70,-255,1.82K,-6.64K,-78.5%,<.01%
72201R882,ZROZ,PIMCO ETF TR,128,-107,8.21K,-6.86K,-45.5%,<.01%
81734D104,SEPN,SEPTERNA INC,23240,-206,778.31K,-6.9K,-0.9%,<.01%
00510N102,TIC,TIC SOLUTIONS INC,44311,-855,358.47K,-6.92K,-1.9%,<.01%
464286210,EUHY,ISHARES INC,26,-132,1.38K,-6.99K,-83.5%,<.01%
33738D788,FTCB,FIRST TR EXCHANGE-TRADED FD,0,-334,0,-7K,CLOSE,0%
88339PAD3,REAL,THE REALREAL INC,1727000,-5000,2.42M,-7.01K,-0.3%,<.01%
798241105,SJT,SAN JUAN BASIN RTY TR,50,-2181,161,-7.02K,-97.8%,<.01%
343928107,FLYX,FLYEXCLUSIVE INC,1226,-3552,2.45K,-7.1K,-74.3%,<.01%
85916J409,STXS,STEREOTAXIS INC,24800,-4160,42.66K,-7.16K,-14.4%,<.01%
785688102,SBR,SABINE RTY TR,97,-98,7.1K,-7.17K,-50.3%,<.01%
826176109,SIEB,SIEBERT FINL CORP,190,-4341,314,-7.17K,-95.8%,<.01%
44486Q103,HUMA,HUMACYTE INC,19289,-9273,15.05K,-7.24K,-32.5%,<.01%
29765A101,LIFE,ETHOS TECHNOLOGIES INC,101,-399,1.83K,-7.25K,-79.8%,<.01%
164024101,CHMG,CHEMUNG FINL CORP,899,-98,67.05K,-7.31K,-9.8%,<.01%
81749D107,SERA,SERA PROGNOSTICS INC,2539,-4034,4.62K,-7.34K,-61.4%,<.01%
46138E586,KBWP,INVESCO EXCH TRADED FD TR II,1426,-59,180.81K,-7.48K,-4%,<.01%
37954Y848,SIL,GLOBAL X FDS,974,-97,75.42K,-7.51K,-9.1%,<.01%
86633R609,DVLT,DATAVAULT AI INC,0,-12155,0,-7.52K,CLOSE,0%
46138G656,RDIV,INVESCO EXCH TRADED FD TR II,3408,-130,197.64K,-7.54K,-3.7%,<.01%
140755307,TVRD,TVARDI THERAPEUTICS INC,1293,-3985,2.46K,-7.57K,-75.5%,<.01%
05759B305,BKKT,BAKKT INC,2175,-972,16.99K,-7.59K,-30.9%,<.01%
68622E104,BARK,BARK INC,0,-15034,0,-7.62K,CLOSE,0%
095825105,BRBS,BLUE RIDGE BANKSHARES INC VA,2088,-2171,7.37K,-7.66K,-51%,<.01%
G6964L206,PSFE,PAYSAFE LIMITED,2578,-1028,19.26K,-7.68K,-28.5%,<.01%
032108649,SILJ,AMPLIFY ETF TR,84,-298,2.17K,-7.7K,-78%,<.01%
47804J859,JHMD,JOHN HANCOCK EXCHANGE TRADED,6020,-175,267.37K,-7.77K,-2.8%,<.01%
714157203,PESI,PERMA-FIX ENVIRONMENTAL SVCS,4181,-545,59.75K,-7.79K,-11.5%,<.01%
74467Q103,PUBM,PUBMATIC INC,8459,-597,110.98K,-7.83K,-6.6%,<.01%
306121104,FBYD,FALCONS BEYOND GLOBAL INC,10340,-441,185.29K,-7.9K,-4.1%,<.01%
46501C100,ISPR,ISPIRE TECHNOLOGY INC,3060,-7145,3.43K,-8K,-70%,<.01%
78464A540,XTL,SPDR SERIES TRUST,360,-36,81.85K,-8.18K,-9.1%,<.01%
877163105,TAYD,TAYLOR DEVICES INC,222,-140,13K,-8.2K,-38.7%,<.01%
01644J108,ALKT,ALKAMI TECHNOLOGY INC,1459967,-458,26.45M,-8.3K,-0%,<.01%
81752R100,SRG,SERITAGE GROWTH PPTYS,236,-3154,621,-8.3K,-93%,<.01%
127537207,CDZI,CADIZ INC,7755,-1986,32.42K,-8.3K,-20.4%,<.01%
690469101,OVID,OVID THERAPEUTICS INC,39010,-3128,104.94K,-8.41K,-7.4%,<.01%
511795106,LAKE,LAKELAND INDS INC,1235,-793,13.2K,-8.48K,-39.1%,<.01%
97717W430,HYZD,WISDOMTREE TR,107,-379,2.4K,-8.49K,-78%,<.01%
46641Q753,JVAL,J P MORGAN EXCHANGE TRADED F,4587,-146,269K,-8.56K,-3.1%,<.01%
09290C699,IDEF,BLACKROCK ETF TRUST,0,-263,0,-8.61K,CLOSE,0%
75508B104,RYAM,RAYONIER ADVANCED MATLS INC,8499,-1100,66.8K,-8.65K,-11.5%,<.01%
005083100,ACTU,ACTUATE THERAPEUTICS INC,3287,-5658,5.03K,-8.66K,-63.3%,<.01%
009496100,AIRS,AIRSCULPT TECHNOLOGIES INC,3638,-1927,16.37K,-8.67K,-34.6%,<.01%
46434V647,REET,ISHARES TR,9298,-323,256.81K,-8.92K,-3.4%,<.01%
78468R770,ONEY,SPDR SERIES TRUST,534,-70,68.38K,-8.96K,-11.6%,<.01%
46641Q407,JPUS,J P MORGAN EXCHANGE TRADED F,3527,-64,494.59K,-8.97K,-1.8%,<.01%
12532H104,GIB,CGI INC,22851,-140,1.48M,-9.04K,-0.6%,<.01%
37954Y475,XYLD,GLOBAL X FDS,421,-222,17.18K,-9.06K,-34.5%,<.01%
46655E100,DC,DAKOTA GOLD CORP,15469,-2142,65.9K,-9.13K,-12.2%,<.01%
78464A771,KCE,SPDR SERIES TRUST,1693,-62,249.29K,-9.13K,-3.5%,<.01%
33737K205,NXTG,FIRST TR EXCHANGE-TRADED FD,1300,-60,199.41K,-9.2K,-4.4%,<.01%
15236F100,AXIA,AXIA ENERGIA SA,23663,-877,249.65K,-9.25K,-3.6%,<.01%
346232101,FOR,FORESTAR GROUP INC,13964,-293,441.95K,-9.27K,-2.1%,<.01%
126638105,CVRX,CVRX INC,348,-1816,1.79K,-9.34K,-83.9%,<.01%
00489Q102,ACR,ACRES COMMERCIAL REALTY CORP,661,-525,11.77K,-9.34K,-44.3%,<.01%
04914Y102,ATLC,ATLANTICUS HOLDINGS CORP,2798,-92,286.11K,-9.41K,-3.2%,<.01%
92206C813,VCLT,VANGUARD SCOTTSDALE FDS,674,-125,50.74K,-9.41K,-15.6%,<.01%
83422N105,SLDP,SOLID POWER INC,16009,-3673,41.46K,-9.51K,-18.7%,<.01%
37954Y442,CLOU,GLOBAL X FDS,407,-421,9.26K,-9.58K,-50.8%,<.01%
14021D107,CGBL,CAPITAL GROUP CORE BALANCED,876,-253,33.24K,-9.6K,-22.4%,<.01%
665809109,NTIC,NORTHERN TECHNOLOGIES INTL C,516,-1126,4.42K,-9.64K,-68.6%,<.01%
84858T772,EUAD,SPINNAKER ETF SERIES,290,-230,12.23K,-9.7K,-44.2%,<.01%
62548M209,CTEV,CLARITEV CORPORATION,2509,-287,85.58K,-9.79K,-10.3%,<.01%
775133101,ROG,ROGERS CORP,10330,-60,1.69M,-9.82K,-0.6%,<.01%
747619104,NX,QUANEX BLDG PRODS CORP,8326,-528,155.04K,-9.83K,-6%,<.01%
78468R556,XOP,SPDR SERIES TRUST,1681,-64,259.33K,-9.87K,-3.7%,<.01%
58450V104,MAX,MEDIAALPHA INC,26386,-788,331.68K,-9.91K,-2.9%,<.01%
848560306,SPIR,SPIRE GLOBAL INC,3934,-534,73.17K,-9.93K,-12%,<.01%
695127AJ9,PCRX,PACIRA BIOSCIENCES INC,3430000,-10000,3.42M,-9.97K,-0.3%,<.01%
50125G307,KULR,KULR TECHNOLOGY GROUP INC,6361,-2617,24.23K,-9.97K,-29.1%,<.01%
203668108,CYH,COMMUNITY HEALTH SYS INC NEW,7696,-3001,25.7K,-10.02K,-28.1%,<.01%
97717W422,EPI,WISDOMTREE TR,6147,-236,262.98K,-10.1K,-3.7%,<.01%
003263100,GLTR,ABRDN PRECIOUS METALS BASKET,486,-56,87.99K,-10.14K,-10.3%,<.01%
765504105,RR,RICHTECH ROBOTICS INC,15827,-4805,33.4K,-10.14K,-23.3%,<.01%
30052F100,EVGO,EVGO INC,52600,-5368,100.47K,-10.25K,-9.3%,<.01%
73642K106,PTLO,PORTILLOS INC,4453,-2186,21.11K,-10.36K,-32.9%,<.01%
88162GAB9,TTEK,TETRA TECH INC NEW,10563000,-10000,11.1M,-10.51K,-0.1%,<.01%
33739Q200,LMBS,FIRST TR EXCHANGE-TRADED FD,0,-212,0,-10.56K,CLOSE,0%
45256X103,IBRX,IMMUNITYBIO INC,29493,-1211,258.21K,-10.6K,-3.9%,<.01%
73931J109,AIOT,POWERFLEET INC,3500,-2772,13.4K,-10.62K,-44.2%,<.01%
35138V102,FOXF,FOX FACTORY HLDG CORP,3538,-628,59.94K,-10.64K,-15.1%,<.01%
464286582,SCJ,ISHARES INC,115,-102,12.09K,-10.72K,-47%,<.01%
37954Y277,XYLG,GLOBAL X FDS,388,-374,11.17K,-10.77K,-49.1%,<.01%
09789C747,BBBI,BONDBLOXX ETF TRUST,0,-210,0,-10.79K,CLOSE,0%
72815G108,MYPS,PLAYSTUDIOS INC,26191,-21705,13.07K,-10.83K,-45.3%,<.01%
33735K108,FTC,FIRST TR EXCHANGE-TRADED ALP,3659,-56,709.02K,-10.85K,-1.5%,<.01%
46138J429,BSCV,INVESCO EXCH TRD SLF IDX FD,1989,-666,32.59K,-10.91K,-25.1%,<.01%
72201R783,HYS,PIMCO ETF TR,393,-117,36.72K,-10.93K,-22.9%,<.01%
25253X207,DMAC,DIAMEDICA THERAPEUTICS INC,8903,-1560,62.68K,-10.98K,-14.9%,<.01%
34385P108,LAB,STANDARD BIOTOOLS INC,3153,-13356,2.59K,-10.99K,-80.9%,<.01%
45784M108,INV,INNVENTURE INC,7972,-2172,40.42K,-11.01K,-21.4%,<.01%
25434V666,DFLV,DIMENSIONAL ETF TRUST,2650,-283,104.79K,-11.19K,-9.6%,<.01%
808524839,SCHZ,SCHWAB STRATEGIC TR,2822,-484,65.27K,-11.19K,-14.6%,<.01%
37950E259,ARGT,GLOBAL X FDS,572,-123,52.19K,-11.22K,-17.7%,<.01%
577128101,MATW,MATTHEWS INTL CORP,2085,-423,56.13K,-11.39K,-16.9%,<.01%
92206C847,VGLT,VANGUARD SCOTTSDALE FDS,2355,-207,129.94K,-11.42K,-8.1%,<.01%
46429B747,STIP,ISHARES TR,527294,-112,53.87M,-11.44K,-0%,<.01%
91544A109,UPLD,UPLAND SOFTWARE INC,0,-17202,0,-11.46K,CLOSE,0%
92921W300,VUZI,VUZIX CORP,8404,-3976,24.37K,-11.53K,-32.1%,<.01%
92189H730,SMOT,VANECK ETF TRUST,1403,-300,54.52K,-11.66K,-17.6%,<.01%
97717X719,CXSE,WISDOMTREE TR,331,-300,12.87K,-11.66K,-47.5%,<.01%
75321W103,PACK,RANPAK HOLDINGS CORP,4193,-1600,30.65K,-11.7K,-27.6%,<.01%
92647N782,CFO,VICTORY PORTFOLIOS II,911,-148,72.92K,-11.85K,-14%,<.01%
113006100,BBUC.TO,BROOKFIELD BUSINESS CORP,1600,-397,47.81K,-11.86K,-19.9%,<.01%
55025L108,LFT,LUMENT FINANCE TRUST INC,2943,-13059,2.71K,-12.02K,-81.6%,<.01%
57777K106,MXCT,MAXCYTE INC,180338,-9788,221.81K,-12.04K,-5.1%,<.01%
92918V307,VRM,VROOM INC,1002,-1567,7.71K,-12.07K,-61%,<.01%
47973J102,JYNT,JOINT CORP,492,-1379,4.32K,-12.11K,-73.7%,<.01%
48115J109,DERM,JOURNEY MED CORP,476,-1718,3.37K,-12.16K,-78.3%,<.01%
854502101,SWK,STANLEY BLACK & DECKER INC,449531,-130,42.31M,-12.24K,-0%,<.01%
46138E123,PSCI,INVESCO EXCH TRADED FD TR II,215,-66,40.07K,-12.3K,-23.5%,<.01%
36116M106,FF,FUTUREFUEL CORP,5154,-2734,23.3K,-12.36K,-34.7%,<.01%
257701201,DGICA,DONEGAL GROUP INC,3731,-656,70.36K,-12.37K,-15%,<.01%
92206C565,BNDW,VANGUARD SCOTTSDALE FDS,91,-181,6.26K,-12.45K,-66.5%,<.01%
89455T109,TMCI,TREACE MED CONCEPTS INC,45573,-3127,181.38K,-12.45K,-6.4%,<.01%
14020Y102,CGCP,CAPITAL GRP FIXED INCM ETF T,0,-558,0,-12.47K,CLOSE,0%
00162Q478,DTEC,ALPS ETF TR,341,-259,16.43K,-12.48K,-43.2%,<.01%
62857J201,MYO,MYOMO INC,29609,-12009,30.79K,-12.49K,-28.9%,<.01%
G5260K102,KG,KESTREL GROUP LTD,1134,-1389,10.21K,-12.5K,-55.1%,<.01%
56035L104,MAIN,MAIN STR CAP CORP,17,-241,882,-12.5K,-93.4%,<.01%
31931U102,FRBA,FIRST BK WILLIAMSTOWN NEW JE,1340,-706,23.76K,-12.52K,-34.5%,<.01%
25400Q105,DJT,TRUMP MEDIA & TECHNOLOGY GRO,22716,-1626,175.82K,-12.59K,-6.7%,<.01%
496719105,KINS,KINGSTONE COS INC,1398,-662,26.6K,-12.6K,-32.1%,<.01%
28238P109,EHTH,EHEALTH INC,4660,-8506,6.94K,-12.67K,-64.6%,<.01%
98149GAB6,WKC,WORLD KINECT CORPORATION,6258000,-10000,8.07M,-12.9K,-0.2%,<.01%
464286772,EWY,ISHARES INC,353792,-64,71.43M,-12.92K,-0%,<.01%
78464A888,XHB,SPDR SERIES TRUST,8228,-112,950.8K,-12.94K,-1.3%,<.01%
22284P105,CVLG,COVENANT LOGISTICS GROUP INC,4973,-295,219.71K,-13.03K,-5.6%,<.01%
08774B508,BETR,BETTER HOME & FINANCE HOLDIN,511,-475,14.05K,-13.06K,-48.2%,<.01%
464288174,WOOD,ISHARES TR,75,-200,4.95K,-13.2K,-72.7%,<.01%
45784A104,INNV,INNOVAGE HLDG CORP,4806,-1133,56.95K,-13.43K,-19.1%,<.01%
89854H102,TTEC,TTEC HLDGS INC,1312,-6951,2.54K,-13.48K,-84.1%,<.01%
379378201,GNL,GLOBAL NET LEASE INC,14977,-1511,133.9K,-13.51K,-9.2%,<.01%
78464A581,XHE,SPDR SERIES TRUST,105,-162,8.84K,-13.65K,-60.7%,<.01%
46138G540,QQMG,INVESCO EXCH TRADED FD TR II,495,-271,25.37K,-13.89K,-35.4%,<.01%
45409B800,MNA,NEW YORK LIFE INVESTMENTS ET,133,-380,4.86K,-13.89K,-74.1%,<.01%
630402105,NSSC,NAPCO SEC TECHNOLOGIES INC,3360,-367,127.61K,-13.94K,-9.8%,<.01%
14161W105,CDLX,CARDLYTICS INC,0,-13310,0,-13.98K,CLOSE,0%
46137V431,SPGP,INVESCO EXCHANGE TRADED FD T,10189,-116,1.25M,-14.19K,-1.1%,<.01%
19761L755,REGS,COLUMBIA ETF TR I,0,-1462,0,-14.22K,CLOSE,0%
33767E202,FSV,FIRSTSERVICE CORP NEW,1828,-101,259.98K,-14.36K,-5.2%,<.01%
538146AD3,LPSN,LIVEPERSON INC,6186000,-25000,3.59M,-14.5K,-0.4%,<.01%
38046W204,GOCO,GOHEALTH INC,0,-9694,0,-14.64K,CLOSE,0%
10316TAD6,BOX,BOX INC,9798000,-15000,9.56M,-14.64K,-0.2%,<.01%
29249E109,ACT,ENACT HLDGS INC,5476,-322,250.33K,-14.72K,-5.6%,<.01%
80007P869,SD,SANDRIDGE ENERGY INC,16852,-1075,230.87K,-14.73K,-6%,<.01%
18885T306,CLPR,CLIPPER RLTY INC,391,-5470,1.06K,-14.87K,-93.3%,<.01%
774515100,RCKY,ROCKY BRANDS INC,2394,-361,98.73K,-14.89K,-13.1%,<.01%
588056101,MERC,MERCER INTL INC,0,-10527,0,-14.95K,CLOSE,0%
M78673114,PERI,PERION NETWORK LTD,7394,-1558,71.8K,-15.13K,-17.4%,<.01%
40090E106,CIB,GRUPO CIBEST SA,3120,-191,247.82K,-15.17K,-5.8%,<.01%
464287812,IYK,ISHARES TR,14268,-209,1.04M,-15.19K,-1.4%,<.01%
02072L722,DRLL,EA SERIES TRUST,423,-456,14.16K,-15.26K,-51.9%,<.01%
59001ABF8,MTH,MERITAGE HOMES CORP,6466000,-15000,6.66M,-15.46K,-0.2%,<.01%
698813102,PZZA,PAPA JOHNS INTL INC,2751,-422,101.14K,-15.52K,-13.3%,<.01%
690370101,BBBY,BED BATH & BEYOND INC,3251,-2683,18.82K,-15.53K,-45.2%,<.01%
808524631,SCYB,SCHWAB STRATEGIC TR,564,-593,14.78K,-15.54K,-51.3%,<.01%
29287L601,GRW,TCW ETF TRUST,4512,-485,145.41K,-15.63K,-9.7%,<.01%
69549FAB5,PGY,PAGAYA U S HLDG CO LLC,1808000,-10000,2.87M,-15.86K,-0.6%,<.01%
68213NAF6,OMCL,OMNICELL COM,2305000,-15000,2.44M,-15.86K,-0.6%,<.01%
744430208,PPHC.L,PUBLIC POL HLDG CO INC,2532,-2170,18.76K,-16.08K,-46.2%,<.01%
53578P105,LNKB,LINKBANCORP INC,0,-1929,0,-16.09K,CLOSE,0%
H00501108,AEBI,AEBI SCHMIDT HLDG AG,8084,-1285,101.46K,-16.13K,-13.7%,<.01%
745848101,LUNG,PULMONX CORP,35728,-12494,46.45K,-16.24K,-25.9%,<.01%
65250K105,NMAX,NEWSMAX INC,26534,-1962,219.7K,-16.25K,-6.9%,<.01%
12685JAG0,CABO,CABLE ONE INC,3810000,-25000,2.48M,-16.25K,-0.7%,<.01%
81758H106,SERV,SERVE ROBOTICS INC,4929,-2504,32.44K,-16.48K,-33.7%,<.01%
69354N106,PRAA,PRA GROUP INC,2683,-873,50.95K,-16.58K,-24.6%,<.01%
393657AM3,GBX,GREENBRIER COS INC,4127000,-15000,4.71M,-17.12K,-0.4%,<.01%
46438G653,IBDZ,ISHARES TR,341,-663,8.87K,-17.25K,-66%,<.01%
14020Y300,CGMS,CAPITAL GRP FIXED INCM ETF T,0,-643,0,-17.51K,CLOSE,0%
811054402,SSP,SCRIPPS E W CO OHIO,55932,-6470,154.93K,-17.92K,-10.4%,<.01%
46435U135,IHAK,ISHARES TR,3145,-296,190.91K,-17.97K,-8.6%,<.01%
808524680,SCHQ,SCHWAB STRATEGIC TR,100,-575,3.13K,-18K,-85.2%,<.01%
221015100,CRVS,CORVUS PHARMACEUTICALS INC,2356,-1205,35.2K,-18K,-33.8%,<.01%
46434V274,INTF,ISHARES TR,24955,-440,1.02M,-18.02K,-1.7%,<.01%
92919F103,VOXR,VOX ROYALTY CORP,4054,-3829,19.18K,-18.11K,-48.6%,<.01%
78463X152,NANR,SPDR INDEX SHS FDS,5769,-240,435.54K,-18.12K,-4%,<.01%
444144109,HDSN,HUDSON TECHNOLOGIES INC,13023,-3173,74.75K,-18.21K,-19.6%,<.01%
003022274,ATOIX,ABRDN FDS,0,-704,0,-18.34K,CLOSE,0%
19459JAC8,COLL,COLLEGIUM PHARMACEUTICAL INC,2834000,-15000,3.49M,-18.48K,-0.5%,<.01%
316092873,FCOM,FIDELITY COVINGTON TRUST,36594,-267,2.54M,-18.55K,-0.7%,<.01%
46137V571,PGJ,INVESCO EXCHANGE TRADED FD T,1576,-827,35.57K,-18.67K,-34.4%,<.01%
92189F593,MOTI,VANECK ETF TRUST,0,-548,0,-18.71K,CLOSE,0%
464289529,INDY,ISHARES TR,4926,-431,214.05K,-18.73K,-8%,<.01%
590479408,RJET,REPUBLIC AWYS HLDGS INC,43,-903,903,-18.96K,-95.5%,<.01%
112463AF1,BKD,BROOKDALE SR LIVING INC,1990000,-10000,3.8M,-19.08K,-0.5%,<.01%
31738L206,FOA,FINANCE OF AMERICA COMPAN,1122,-694,30.88K,-19.1K,-38.2%,<.01%
33733E500,QCLN,FIRST TR EXCHANGE-TRADED FD,2766,-314,169.64K,-19.26K,-10.2%,<.01%
10482B200,BHRPB,BRAEMAR HOTELS & RESORTS INC,101281,-1419,1.38M,-19.34K,-1.4%,<.01%
00182CAC7,AMUN,ANI PHARMACEUTICALS INC,2549000,-15000,3.3M,-19.43K,-0.6%,<.01%
74933W486,UTWO,RBB FD INC,45,-410,2.14K,-19.53K,-90.1%,<.01%
38150K103,AAAU,GOLDMAN SACHS PHYSICAL GOLD,4432,-494,175.37K,-19.55K,-10%,<.01%
69404D108,PACB,PACIFIC BIOSCIENCES CALIF IN,25342,-11641,42.58K,-19.56K,-31.5%,<.01%
464287796,IYE,ISHARES TR,7774,-347,439.95K,-19.64K,-4.3%,<.01%
23292B104,HEPS,D MARKET ELECTR SVCS & TRADI,14040,-6764,40.86K,-19.68K,-32.5%,<.01%
92847W103,VITL,VITAL FARMS INC,2946,-1711,34.27K,-19.9K,-36.7%,<.01%
726503105,PAA,PLAINS ALL AMERN PIPELINE L,446981,-901,9.95M,-20.06K,-0.2%,<.01%
46138J577,BSCT,INVESCO EXCH TRD SLF IDX FD,2525,-1093,46.9K,-20.3K,-30.2%,<.01%
53802LAB8,LIVN,LIVANOVA PLC,4395000,-15000,5.97M,-20.36K,-0.3%,<.01%
46138E651,PIO,INVESCO EXCH TRADED FD TR II,5993,-456,269.49K,-20.51K,-7.1%,<.01%
46137V365,RSPG,INVESCO EXCHANGE TRADED FD T,5068,-210,496.5K,-20.57K,-4%,<.01%
30054Y107,EVMN,EVOMMUNE INC,164,-1555,2.18K,-20.67K,-90.5%,<.01%
238337109,PLAY,DAVE & BUSTERS ENTMT INC,2612,-1819,29.78K,-20.74K,-41.1%,<.01%
755408101,RDI,READING INTL INC,0,-18373,0,-20.76K,CLOSE,0%
20603L102,CON,CONCENTRA GROUP HOLDINGS PAR,12989,-704,386.42K,-20.94K,-5.1%,<.01%
46436E528,IBHF,ISHARES TR,0,-914,0,-20.98K,CLOSE,0%
025072372,AVES,AMERICAN CENTY ETF TR,1025,-321,67.25K,-21.06K,-23.8%,<.01%
37954Y764,MILN,GLOBAL X FDS,1710,-488,74.09K,-21.14K,-22.2%,<.01%
46436E387,IBHH,ISHARES TR,0,-912,0,-21.4K,CLOSE,0%
750102105,RXT,RACKSPACE TECHNOLOGY INC,69018,-3278,450.69K,-21.41K,-4.5%,<.01%
900450206,TBCH,TURTLE BEACH CORP,6885,-1732,85.72K,-21.56K,-20.1%,<.01%
790148100,JOE,ST JOE CO,651353,-346,40.79M,-21.67K,-0.1%,<.01%
46436E478,IBHG,ISHARES TR,41,-989,900,-21.71K,-96%,<.01%
46137V878,PXI,INVESCO EXCHANGE TRADED FD T,543,-397,29.91K,-21.87K,-42.2%,<.01%
46436E379,IBHI,ISHARES TR,0,-941,0,-21.9K,CLOSE,0%
203937107,CWBC,COMMUNITY WEST BANCSHARES NE,296127,-818,7.95M,-21.97K,-0.3%,<.01%
222795502,CUZ,COUSINS PPTYS INC,13544,-741,406.06K,-22.22K,-5.2%,<.01%
92538JAB2,VERX,VERTEX INC,3943000,-25000,3.51M,-22.27K,-0.6%,<.01%
126389105,CSPI,CSP INC,513,-2822,4.07K,-22.41K,-84.6%,<.01%
15102KAA8,CELC,CELCUITY INC,2256000,-10000,5.07M,-22.48K,-0.4%,<.01%
42703MAF0,HLF,HERBALIFE LTD,3058000,-20000,3.51M,-22.94K,-0.6%,<.01%
38059T106,GFI,GOLD FIELDS LTD,74918,-684,2.52M,-22.98K,-0.9%,<.01%
918284209,VSECU,VSE CORP,64600,-400,3.73M,-23.12K,-0.6%,<.01%
82575P107,SBSW,SIBANYE STILLWATER LTD,40559,-2733,344.35K,-23.2K,-6.3%,<.01%
46436E502,TECB,ISHARES TR,10049,-324,721.04K,-23.25K,-3.1%,<.01%
518416102,RODM,LATTICE STRATEGIES TR,6538,-576,264.19K,-23.28K,-8.1%,<.01%
M70700105,NNOX,NANO X IMAGING LTD,3522,-20075,4.09K,-23.29K,-85.1%,<.01%
85205TAQ3,SPR,SPIRIT AEROSYSTEMS INC,2684000,-15000,4.17M,-23.3K,-0.6%,<.01%
98139AAD7,WK,WORKIVA INC,4190000,-25000,3.91M,-23.34K,-0.6%,<.01%
46434V696,IPAC,ISHARES TR,8476,-285,694.41K,-23.35K,-3.3%,<.01%
69553PAD2,PD,PAGERDUTY INC,4021000,-25000,3.76M,-23.36K,-0.6%,<.01%
875372AD6,TNDM,TANDEM DIABETES CARE INC,3786000,-25000,3.58M,-23.63K,-0.7%,<.01%
92206C573,VTC,VANGUARD SCOTTSDALE FDS,261,-308,20.08K,-23.7K,-54.1%,<.01%
69366JAD3,PTCT,PTC THERAPEUTICS INC,2987000,-15000,4.72M,-23.7K,-0.5%,<.01%
01644JAB4,,ALKAMI TECHNOLOGY INC,3045000,-25000,2.9M,-23.8K,-0.8%,<.01%
946760105,CLMB,CLIMB GLOBAL SOLUTIONS INC,2780,-1030,64.53K,-23.91K,-27%,<.01%
74933W635,TMFG,RBB FD INC,10919,-786,335.82K,-24.17K,-6.7%,<.01%
307359885,FFAI,FARADAY FUTURE INTLGT ELEC I,108708,-105308,25.06K,-24.27K,-49.2%,<.01%
10258P102,LUCK,LUCKY STRIKE ENTERTAINMENT C,562,-3256,4.2K,-24.36K,-85.3%,<.01%
403783103,GYRE,GYRE THERAPEUTICS INC,14974,-3743,98.68K,-24.67K,-20%,<.01%
902685106,UDMY,UDEMY INC,0,-5378,0,-24.85K,CLOSE,0%
456237106,ILPT,INDUSTRIAL LOGISTICS PPTYS T,22635,-2822,200.77K,-25.03K,-11.1%,<.01%
46137V530,PNQI,INVESCO EXCHANGE TRADED FD T,24498,-552,1.12M,-25.16K,-2.2%,<.01%
904311206,UA,UNDER ARMOUR INC,25221,-4095,156.87K,-25.47K,-14%,<.01%
05965X109,BSAC,BANCO SANTANDER CHILE NEW,10294,-781,338.98K,-25.72K,-7.1%,<.01%
46590V100,JBGS,JBG SMITH PPTYS,4602,-1762,67.51K,-25.85K,-27.7%,<.01%
30050BAH4,EVH,EVOLENT HEALTH INC,5496000,-35000,4.07M,-25.94K,-0.6%,<.01%
64131A105,STIM,NEURONETICS INC,5061,-19985,6.58K,-25.98K,-79.8%,<.01%
084680107,BBT,BEACON FINANCIAL CORP.,40283,-869,1.23M,-26.46K,-2.1%,<.01%
14020R107,CGGE,CAPITAL GROUP GLOBAL EQUITY,0,-871,0,-26.57K,CLOSE,0%
98262P200,WGHTQ,WW INTL INC,426,-1701,6.81K,-27.18K,-80%,<.01%
03209RAB9,AMPH,AMPHASTAR PHARMACEUTICALS IN,3773000,-30000,3.42M,-27.23K,-0.8%,<.01%
98980A105,ZTO,ZTO EXPRESS CAYMAN INC,7690,-1226,172.1K,-27.44K,-13.8%,<.01%
75526L860,COPY,RBB FUND TRUST,0,-2000,0,-27.44K,CLOSE,0%
G1144A105,BTBT,BIT DIGITAL INC,77729,-15311,139.91K,-27.56K,-16.5%,<.01%
46435G524,IGRO,ISHARES TR,13400,-316,1.18M,-27.79K,-2.3%,<.01%
518416870,HDUS,LATTICE STRATEGIES TR,110,-393,7.82K,-27.95K,-78.1%,<.01%
74168J101,PRME,PRIME MEDICINE INC,1761884,-7592,6.5M,-28.01K,-0.4%,<.01%
009422106,AIRO,AIRO GROUP HLDGS INC,3940,-3869,29.12K,-28.59K,-49.5%,<.01%
29977X105,EVCM,EVERCOMMERCE INC,2588,-2847,26.04K,-28.64K,-52.4%,<.01%
92189F106,GDX,VANECK ETF TRUST,138931,-381,10.48M,-28.75K,-0.3%,<.01%
46138G888,TBLL,INVESCO EXCH TRADED FD TR II,27,-274,2.83K,-28.77K,-91%,<.01%
682143102,OMER,OMEROS CORP,15643,-3034,148.76K,-28.85K,-16.2%,<.01%
808524722,SCHK,SCHWAB STRATEGIC TR,85404,-819,3.08M,-29.53K,-0.9%,<.01%
703343AG8,PATK,PATRICK INDS INC,3281000,-20000,4.85M,-29.55K,-0.6%,<.01%
38149W432,GTOP,GOLDMAN SACHS ETF TR,3702,-615,184.34K,-30.62K,-14.2%,<.01%
747316107,KWR,QUAKER HOUGHTON,25946,-193,4.12M,-30.66K,-0.7%,<.01%
78464A375,SPIB,SPDR SERIES TRUST,23240,-917,777.62K,-30.68K,-3.8%,<.01%
715684106,TLK,TELEKOMUNIKASI IND,8767,-2292,117.74K,-30.78K,-20.7%,<.01%
46137V563,PEY,INVESCO EXCHANGE TRADED FD T,30131,-1333,698.43K,-30.9K,-4.2%,<.01%
75776W103,RDW,REDWIRE CORPORATION,25076,-2529,306.68K,-30.93K,-9.2%,<.01%
44862P208,HYMC,HYCROFT MINING HOLDING CORP,191,-1333,4.46K,-31.11K,-87.5%,<.01%
92189F171,GRNB,VANECK ETF TRUST,326,-1300,7.87K,-31.38K,-80%,<.01%
890930308,TPYP,TORTOISE CAPITAL SERIES TRUS,2260,-765,94.78K,-32.08K,-25.3%,<.01%
09239BAF6,BL,BLACKLINE INC,14101000,-35000,12.98M,-32.22K,-0.2%,<.01%
97717X701,HEDJ,WISDOMTREE TR,447535,-567,25.51M,-32.32K,-0.1%,<.01%
70614WAD2,PTON,PELOTON INTERACTIVE INC,4102000,-20000,6.63M,-32.35K,-0.5%,<.01%
26142RAB0,DKNG,DRAFTKINGS INC NEW,7146000,-35000,6.64M,-32.51K,-0.5%,<.01%
46436E205,IBDU,ISHARES TR,4462,-1438,103.34K,-33.31K,-24.4%,<.01%
194014AB2,ENOV,ENOVIS CORPORATION,4952000,-35000,4.75M,-33.61K,-0.7%,<.01%
46137V449,EQWL,INVESCO EXCHANGE TRADED FD T,4564,-261,588.87K,-33.68K,-5.4%,<.01%
30041T104,MRAM,EVERSPIN TECHNOLOGIES INC,6770,-1406,163.7K,-34K,-17.2%,<.01%
568427108,MPX,MARINE PRODS CORP,0,-4739,0,-34.45K,CLOSE,0%
090043AF7,BILL,BILL HOLDINGS INC,8372000,-40000,7.22M,-34.5K,-0.5%,<.01%
682095104,OFLX,OMEGA FLEX INC,431,-1103,13.53K,-34.62K,-71.9%,<.01%
885155101,THLV,THOR FINL TECHNOLOGIES TR,0,-1094,0,-34.91K,CLOSE,0%
92766K403,SPCE,VIRGIN GALACTIC HOLDINGS INC,12099,-12212,34.97K,-35.29K,-50.2%,<.01%
46641Q779,JMOM,J P MORGAN EXCHANGE TRADED F,4363,-415,372.87K,-35.47K,-8.7%,<.01%
G16252101,BIP,BROOKFIELD INFRASTRUCTURE PA,34924,-972,1.27M,-35.47K,-2.7%,<.01%
433323102,HIFS,HINGHAM INSTN SVGS MASS,371,-116,113.87K,-35.6K,-23.8%,<.01%
759916AD1,RGEN,REPLIGEN CORP,8106000,-35000,8.29M,-35.8K,-0.4%,<.01%
78468R747,SHE,SPDR SERIES TRUST,2237,-232,345.53K,-35.84K,-9.4%,<.01%
N4732M103,JBS,JBS N.V.,64430,-3032,763.5K,-35.93K,-4.5%,<.01%
05278C107,ATHM,AUTOHOME INC,59,-1888,1.12K,-35.94K,-97%,<.01%
78468R101,SPTS,SPDR SERIES TRUST,2629,-1283,76.26K,-37.22K,-32.8%,<.01%
78468R861,TIPX,SPDR SERIES TRUST,1161,-1988,21.98K,-37.64K,-63.1%,<.01%
67092P409,NUMG,NUSHARES ETF TR,801,-812,37.59K,-38.11K,-50.3%,<.01%
743312AD2,PRGS,PROGRESS SOFTWARE CORP,4877000,-40000,4.66M,-38.25K,-0.8%,<.01%
34379VAB9,FLNC,FLUENCE ENERGY INC,4426000,-30000,5.66M,-38.39K,-0.7%,<.01%
46434V639,HEZU,ISHARES TR,2860,-773,143.43K,-38.77K,-21.3%,<.01%
68375N103,OPK,OPKO HEALTH INC,15336,-26007,23K,-39.01K,-62.9%,<.01%
050734201,AEYE,AUDIOEYE INC,6048,-6768,35.14K,-39.32K,-52.8%,<.01%
989817101,ZUMZ,ZUMIEZ INC,826,-2212,14.71K,-39.39K,-72.8%,<.01%
059460303,BBD,BANCO BRADESCO S A,46407,-11399,161.03K,-39.55K,-19.7%,<.01%
651587107,NEU,NEWMARKET CORP,1317,-50,1.04M,-39.56K,-3.7%,<.01%
464287184,FXI,ISHARES TR,10683,-1259,337.48K,-39.77K,-10.5%,<.01%
08862E109,BYND,BEYOND MEAT INC,67515,-53220,50.64K,-39.92K,-44.1%,<.01%
69344D408,PHI,PLDT INC,1829,-2280,32.04K,-39.94K,-55.5%,<.01%
02507A101,AVXC,AMERICAN CENTY ETF TR,173,-467,14.82K,-40K,-73%,<.01%
431284108,HIW,HIGHWOODS PPTYS INC,19090,-1328,575.74K,-40.05K,-6.5%,<.01%
902681AB1,UGI,UGI CORP NEW,6575000,-30000,8.8M,-40.14K,-0.5%,<.01%
115637100,BF.A,BROWN FORMAN CORP,20408,-1470,558.37K,-40.22K,-6.7%,<.01%
62913M107,NGL,NGL ENERGY PARTNERS LP,55060,-2530,877.11K,-40.3K,-4.4%,<.01%
14147L108,CRDF,CARDIFF ONCOLOGY INC,9793,-31103,12.73K,-40.43K,-76.1%,<.01%
358039AB1,FRPT,FRESHPET INC,6466000,-35000,7.5M,-40.6K,-0.5%,<.01%
46435U515,IBDT,ISHARES TR,6000,-1608,151.5K,-40.6K,-21.1%,<.01%
829214105,SLP,SIMULATIONS PLUS INC,26533,-2220,485.81K,-40.65K,-7.7%,<.01%
91680MAF4,UPST,UPSTART HLDGS INC,5462000,-50000,4.45M,-40.74K,-0.9%,<.01%
47775AAA9,,JOBY AVIATION INC,7940000,-45000,7.2M,-40.81K,-0.6%,<.01%
87961M105,TLX,TELIX PHARMACEUTICAL LTD,561206,-3551,6.47M,-40.94K,-0.6%,<.01%
46137V662,PJP,INVESCO EXCHANGE TRADED FD T,1674,-347,198.27K,-41.1K,-17.2%,<.01%
737446AT1,POST,POST HLDGS INC,6665000,-40000,6.9M,-41.4K,-0.6%,<.01%
35471R106,FSP,FRANKLIN STR PPTYS CORP,10938,-80484,5.63K,-41.45K,-88%,<.01%
904311107,UAA,UNDER ARMOUR INC,33272,-6564,212.61K,-41.94K,-16.5%,<.01%
344437405,FONR,FONAR CORP,0,-2275,0,-42.22K,CLOSE,0%
H0036K147,ADCT,ADC THERAPEUTICS SA,132775,-39903,142.07K,-42.7K,-23.1%,<.01%
46138G672,RWK,INVESCO EXCH TRADED FD TR II,2261,-293,330.69K,-42.85K,-11.5%,<.01%
35953D401,FUBO,FUBOTV INC,3626,-4717,33.36K,-43.4K,-56.5%,<.01%
59522J103,MAA,MID-AMER APT CMNTYS INC,174768,-313,24.28M,-43.49K,-0.2%,<.01%
M5425M103,INMD,INMODE LTD,41939,-2980,613.15K,-43.57K,-6.6%,<.01%
46436E130,IBDY,ISHARES TR,1,-1149,38,-43.66K,-99.9%,<.01%
82846H504,QXOB,QXO INC,146000,-900,7.14M,-43.99K,-0.6%,<.01%
08986R309,BH,BIGLARI HLDGS INC,133,-103,56.84K,-44.02K,-43.6%,<.01%
92189F791,GDXJ,VANECK ETF TRUST,14857,-449,1.46M,-44.11K,-2.9%,<.01%
477143AR2,JBLU,JETBLUE AIRWAYS CORP,5261000,-40000,5.81M,-44.2K,-0.8%,<.01%
21867A105,CLB,CORE LABORATORIES INC,4488,-3799,52.28K,-44.25K,-45.8%,<.01%
80359A205,PDYN,PALLADYNE AI CORP,7288,-7288,44.31K,-44.31K,-50%,<.01%
09549B104,BLFY,BLUE FOUNDRY BANCORP,0,-3374,0,-44.67K,CLOSE,0%
45378A106,IRT,INDEPENDENCE RLTY TR INC,33918,-2714,566.11K,-45.3K,-7.4%,<.01%
46429B523,EDEN,ISHARES TR,732,-414,80.73K,-45.66K,-36.1%,<.01%
464288794,IAI,ISHARES TR,4065,-263,712.65K,-46.11K,-6.1%,<.01%
74317M104,PAL,PROFICIENT AUTO LOGISTICS IN,4165484,-6778,28.37M,-46.16K,-0.2%,<.01%
464286251,CEMB,ISHARES INC,845,-1015,38.57K,-46.33K,-54.6%,<.01%
46434G855,RING,ISHARES INC,1339,-718,86.47K,-46.37K,-34.9%,<.01%
316188101,FCOR,FIDELITY MERRIMACK STR TR,2225,-991,104.94K,-46.74K,-30.8%,<.01%
98980W107,ZSPC,ZSPACE INC,0,-413479,0,-46.93K,CLOSE,0%
87652V109,TASK,TASKUS INC,6477,-10148,30.31K,-47.49K,-61%,<.01%
04280AAC4,,ARROWHEAD PHARMACEUTICALS IN,7140000,-40000,8.52M,-47.75K,-0.6%,<.01%
G75398100,RZLV,REZOLVE AI PLC,19750,-15186,62.21K,-47.84K,-43.5%,<.01%
83419XAA6,SEI,SOLARIS ENERGY INFRAS INC,1668000,-15000,5.38M,-48.39K,-0.9%,<.01%
900111204,TKC,TURKCELL ILETISIM,39787,-8315,233.95K,-48.89K,-17.3%,<.01%
37960A529,SHLD,GLOBAL X FDS,5244,-826,313.13K,-49.32K,-13.6%,<.01%
450056AB2,IRTC,IRHYTHM HOLDINGS INC,7633000,-45000,8.37M,-49.34K,-0.6%,<.01%
25381B101,DMRC,DIGIMARC CORP NEW,0,-10234,0,-50.25K,CLOSE,0%
466367109,JACK,JACK IN THE BOX INC,1985,-3188,31.38K,-50.39K,-61.6%,<.01%
26210CAD6,DBX,DROPBOX INC,7983000,-50000,8.06M,-50.48K,-0.6%,<.01%
48123V102,ZD,ZIFF DAVIS INC,6646,-969,348.06K,-50.75K,-12.7%,<.01%
163072AC5,,CHEESECAKE FACTORY INC,19243040,-39960,24.49M,-50.85K,-0.2%,<.01%
91680MAD9,UPST,UPSTART HLDGS INC,4779000,-45000,5.45M,-51.28K,-0.9%,<.01%
530307305,LBRDK,LIBERTY BROADBAND CORP,7175,-1551,238.65K,-51.59K,-17.8%,<.01%
04247X102,AWI,ARMSTRONG WORLD INDS INC NEW,460793,-322,73.92M,-51.66K,-0.1%,<.01%
31154R109,FPI,FARMLAND PARTNERS INC,4150,-5342,40.17K,-51.71K,-56.3%,<.01%
46429B267,GOVT,ISHARES TR,6348372,-2274,144.62M,-51.8K,-0%,<.01%
46435UAA9,IBDS,ISHARES TR,9782,-2146,236.93K,-51.98K,-18%,<.01%
610236101,MNRO,MONRO INC,16673,-3094,285.27K,-52.94K,-15.7%,<.01%
46137V811,PTF,INVESCO EXCHANGE TRADED FD T,2250,-394,306.71K,-53.71K,-14.9%,<.01%
87978U207,TPST,TEMPEST THERAPEUTICS INC,0,-33225,0,-54.49K,CLOSE,0%
09789C838,XFIV,BONDBLOXX ETF TRUST,71,-1120,3.46K,-54.55K,-94%,<.01%
75644T100,RCAT,RED CAT HLDGS INC,11443,-5141,121.86K,-54.75K,-31%,<.01%
83304AAH9,SNAP,SNAP INC,4634000,-60000,4.26M,-55.13K,-1.3%,<.01%
92206C102,VGSH,VANGUARD SCOTTSDALE FDS,19743,-958,1.15M,-55.75K,-4.6%,<.01%
300426103,ECG,EVERUS CONSTR GROUP,6455,-338,1.07M,-56.09K,-5%,<.01%
36467W109,GME,GAMESTOP CORP,17842,-2566,393.94K,-56.66K,-12.6%,<.01%
808524789,FNDB,SCHWAB STRATEGIC TR,20927,-1895,637.45K,-57.72K,-8.3%,<.01%
464289883,AOK,ISHARES TR,5097,-1396,211.42K,-57.91K,-21.5%,<.01%
37954Y871,URA,GLOBAL X FDS,2426,-1339,106.02K,-58.51K,-35.6%,<.01%
464286178,GHYG,ISHARES INC,0,-1300,0,-58.64K,CLOSE,0%
86771WAD7,RUN,SUNRUN INC,5485000,-50000,6.48M,-59.09K,-0.9%,<.01%
464287333,IXG,ISHARES TR,1227,-475,152.8K,-59.15K,-27.9%,<.01%
156504300,CCS,CENTURY COMMUNITIES INC,5790,-828,414.93K,-59.34K,-12.5%,<.01%
525558201,LMAT,LEMAITRE VASCULAR INC,6444,-619,618.36K,-59.4K,-8.8%,<.01%
594972AL5,MSTR,STRATEGY INC,7123000,-65000,6.53M,-59.57K,-0.9%,<.01%
46571Y107,IIIV,I3 VERTICALS INC,1134,-2799,24.22K,-59.79K,-71.2%,<.01%
15189TBD8,CNP,CENTERPOINT ENERGY INC,8428000,-50000,10.12M,-60.05K,-0.6%,<.01%
683715106,OTEX,OPEN TEXT CORP,8596,-2716,190.25K,-60.11K,-24%,<.01%
23345M107,DTM,DT MIDSTREAM INC,86563,-410,12.7M,-60.16K,-0.5%,<.01%
800677106,SGMO,SANGAMO THERAPEUTICS INC,0,-244139,0,-60.28K,CLOSE,0%
505743104,LADR,LADDER CAP CORP,15989,-6087,159.09K,-60.57K,-27.6%,<.01%
20369C106,CHCT,COMMUNITY HEALTHCARE TR INC,87276,-3317,1.6M,-60.63K,-3.7%,<.01%
233912104,DJCO,DAILY JOURNAL CORP,400,-101,240.64K,-60.76K,-20.2%,<.01%
60741F104,MBLY,MOBILEYE GLOBAL INC,5681,-6293,54.99K,-60.92K,-52.6%,<.01%
00888H513,JANU,AIM ETF PRODUCTS TRUST,0,-2260,0,-61.77K,CLOSE,0%
442487401,HOV,HOVNANIAN ENTERPRISES INC,1848,-440,263.16K,-62.66K,-19.2%,<.01%
78464A672,SPTI,SPDR SERIES TRUST,11776,-2215,334.33K,-62.89K,-15.8%,<.01%
139674105,CCBG,CAPITAL CITY BANK,660,-1289,32.62K,-63.7K,-66.1%,<.01%
670002AD6,NVAX,NOVAVAX INC,1693000,-55000,1.98M,-64.23K,-3.1%,<.01%
46817M107,JXN,JACKSON FINANCIAL INC,12047,-628,1.23M,-64.3K,-5%,<.01%
118440106,BKE,BUCKLE INC,4226,-1547,178.34K,-65.28K,-26.8%,<.01%
808524854,SCHR,SCHWAB STRATEGIC TR,21784,-2668,537.2K,-65.79K,-10.9%,<.01%
29786AAJ5,ETSY,ETSY INC,7437000,-65000,7.57M,-66.15K,-0.9%,<.01%
46137V332,RSPH,INVESCO EXCHANGE TRADED FD T,19228,-2003,638.16K,-66.48K,-9.4%,<.01%
46137V472,XMHQ,INVESCO EXCHANGE TRADED FD T,10604,-589,1.2M,-66.49K,-5.3%,<.01%
09290C715,BDVL,BLACKROCK ETF TRUST,3136,-2567,81.47K,-66.69K,-45%,<.01%
125896BX7,CMS,CMS ENERGY CORP,8242000,-60000,9.19M,-66.93K,-0.7%,<.01%
90385V107,UCTT,ULTRA CLEAN HLDGS INC,13448,-471,1.92M,-67.16K,-3.4%,<.01%
78468R630,ROKT,SPDR SERIES TRUST,41,-559,4.93K,-67.19K,-93.2%,<.01%
535555106,LNN,LINDSAY CORP,542,-543,67.07K,-67.2K,-50%,<.01%
666762109,NRIM,NORTHRIM BANCORP INC,10538,-2425,292.31K,-67.27K,-18.7%,<.01%
140475203,SNDA,SONIDA SENIOR LIVING INC,1919,-1650,78.31K,-67.33K,-46.2%,<.01%
92647N568,USVM,VICTORY PORTFOLIOS II,264,-615,29K,-67.55K,-70%,<.01%
46137V837,PDP,INVESCO EXCHANGE TRADED FD T,7220,-450,1.1M,-68.28K,-5.9%,<.01%
40131MAB5,GH,GUARDANT HEALTH INC,5361000,-55000,6.67M,-68.4K,-1%,<.01%
78468R622,JNK,SPDR SERIES TRUST,955,-716,92.04K,-69.01K,-42.8%,<.01%
719405102,PLAB,PHOTRONICS INC,13445,-2129,437.36K,-69.26K,-13.7%,<.01%
316188200,FLTB,FIDELITY MERRIMACK STR TR,4764,-1385,238.82K,-69.43K,-22.5%,<.01%
594972887,STRK,STRATEGY INC,134400,-1200,7.89M,-70.48K,-0.9%,<.01%
98956A105,ZETA,ZETA GLOBAL HOLDINGS CORP,184925,-3700,3.64M,-72.82K,-2%,<.01%
46436E858,IBTG,ISHARES TR,893,-3183,20.43K,-72.84K,-78.1%,<.01%
14808P109,CASS,CASS INFORMATION SYS INC,1467,-1425,75.3K,-73.14K,-49.3%,<.01%
55826TAB8,SPHR,SPHERE ENTERTAINMENT CO,3920000,-15000,19.2M,-73.47K,-0.4%,<.01%
14020Y508,CGCB,CAPITAL GRP FIXED INCM ETF T,514,-2852,13.45K,-74.63K,-84.7%,<.01%
88822Q103,TIPT,TIPTREE INC,10637,-4179,190.61K,-74.89K,-28.2%,<.01%
94419L101,W,WAYFAIR INC,16277047,-812,1.5B,-75.05K,-0%,0.07%
381430529,GBIL,GOLDMAN SACHS ETF TR,335,-754,33.51K,-75.42K,-69.2%,<.01%
14365C103,CUK,CARNIVAL PLC,0,-2931,0,-75.53K,CLOSE,0%
49372L209,KZR,KEZAR LIFE SCIENCES INC,0,-10208,0,-75.74K,CLOSE,0%
05350V106,AVNS,AVANOS MED INC,377485,-3076,9.39M,-76.53K,-0.8%,<.01%
73933G202,PSIX,POWER SOLUTIONS INTL INC,591,-1969,23K,-76.62K,-76.9%,<.01%
68572M106,OBIO,ORCHESTRA BIOMED HLDGS INC,265,-17811,1.14K,-76.76K,-98.5%,<.01%
46436E726,IBDV,ISHARES TR,1829,-3528,39.87K,-76.9K,-65.9%,<.01%
29472R108,ELS,EQUITY LIFESTYLE PROPERTIES,1284875,-1198,82.81M,-77.21K,-0.1%,<.01%
81727U303,SENS,SENSEONICS HLDGS INC,1094,-13642,6.22K,-77.51K,-92.6%,<.01%
32026V104,FFWM,FIRST FNDTN INC,0,-13141,0,-77.53K,CLOSE,0%
011311107,ALG,ALAMO GROUP INC,1153,-474,189.6K,-77.94K,-29.1%,<.01%
808524615,SMBS,SCHWAB STRATEGIC TR,11350,-3082,288.52K,-78.35K,-21.4%,<.01%
46435G474,FALN,ISHARES TR,5155,-2892,140.42K,-78.78K,-35.9%,<.01%
15643UAE4,LEU,CENTRUS ENERGY CORP,4318000,-40000,8.55M,-79.18K,-0.9%,<.01%
46436E759,DMXF,ISHARES TR,42393,-937,3.59M,-79.27K,-2.2%,<.01%
128246105,CVGW,CALAVO GROWERS INC,0,-3082,0,-79.48K,CLOSE,0%
381013101,GDEN,GOLDEN ENTMT INC,0,-2985,0,-79.66K,CLOSE,0%
46137V340,RSPF,INVESCO EXCHANGE TRADED FD T,3703,-1029,287.15K,-79.8K,-21.7%,<.01%
46620W201,JILL,J JILL INC,1012,-5053,16.06K,-80.19K,-83.3%,<.01%
04035M102,ARHS,ARHAUS INC,1951,-9642,16.43K,-81.18K,-83.2%,<.01%
83304AAK2,SNAP,SNAP INC,8658000,-100000,7.04M,-81.35K,-1.1%,<.01%
594972AJ0,MSTR,STRATEGY INC,8765000,-80000,8.92M,-81.4K,-0.9%,<.01%
03823U102,AAOI,APPLIED OPTOELECTRONICS INC,17118,-550,2.54M,-81.49K,-3.1%,<.01%
46641Q654,JMST,J P MORGAN EXCHANGE TRADED F,1380788,-1599,70.42M,-81.55K,-0.1%,<.01%
464287580,IYC,ISHARES TR,23276,-813,2.35M,-82.2K,-3.4%,<.01%
68621T102,OBK,ORIGIN BANCORP INC,49042,-1609,2.51M,-82.3K,-3.2%,<.01%
15235A102,AXIA,CENTRAIS ELET BRAS SA,0,-6669,0,-83.56K,CLOSE,0%
404111106,HBT,HBT FINL INC.,1867,-2650,59.72K,-84.77K,-58.7%,<.01%
8676EP108,STKL,SUNOPTA INC,0,-13154,0,-85.24K,CLOSE,0%
591774104,MCB,METROPOLITAN BK HLDG CORP,9427,-873,931.01K,-86.22K,-8.5%,<.01%
731068102,PII,POLARIS INC,43329,-1261,2.97M,-86.3K,-2.8%,<.01%
10806XAD4,BBIO,BRIDGEBIO PHARMA INC,8570000,-80000,9.48M,-88.53K,-0.9%,<.01%
46429B697,USMV,ISHARES TR,15350328,-918,1.48B,-88.55K,-0%,0.06%
39818P799,PKST,PEAKSTONE REALTY TRUST,0,-4284,0,-89.5K,CLOSE,0%
465741AQ9,ITRI,ITRON INC,7956000,-90000,7.92M,-89.63K,-1.1%,<.01%
46138E594,KBWY,INVESCO EXCH TRADED FD TR II,206,-4828,3.83K,-89.76K,-95.9%,<.01%
199333105,CMCO,COLUMBUS MCKINNON CORP N Y,14544,-6006,220.05K,-90.87K,-29.2%,<.01%
500255104,KSS,KOHLS CORP,175959,-5135,3.12M,-90.99K,-2.8%,<.01%
81761L102,SVC,SERVICE PPTYS TR,30517,-54534,51.57K,-92.16K,-64.1%,<.01%
464287408,IVE,ISHARES TR,818023,-421,185.74M,-95.59K,-0.1%,<.01%
126402106,CSW,CSW INDUSTRIALS INC,2737,-346,761.84K,-96.31K,-11.2%,<.01%
922021605,VTEC,VANGUARD CALIF TAX FREE FDS,4732,-961,476.07K,-96.68K,-16.9%,<.01%
464288760,ITA,ISHARES TR,26229,-399,6.36M,-96.73K,-1.5%,<.01%
376549101,LAND,GLADSTONE LD CORP,23757,-11515,202.64K,-98.22K,-32.6%,<.01%
75574U101,RC,READY CAPITAL CORP,81566,-56416,142.74K,-98.73K,-40.9%,<.01%
55087PAD6,LYFT,LYFT INC,7514000,-95000,7.87M,-99.47K,-1.2%,<.01%
293828877,XOVR,ENTREPRENEURSHARES SERIES TR,533,-4743,11.23K,-99.91K,-89.9%,<.01%
92939UAP1,WEC,WEC ENERGY GROUP INC,9475000,-85000,11.46M,-102.81K,-0.9%,<.01%
60646V105,MCW,MISTER CAR WASH INC,0,-14811,0,-103.23K,CLOSE,0%
46429B671,MCHI,ISHARES TR,11487,-2049,586.11K,-104.55K,-15.1%,<.01%
14427M107,PRTS,CARPARTS COM INC,0,-134272,0,-105.51K,CLOSE,0%
343412AJ1,FLR,FLUOR CORP,7619000,-80000,10.08M,-105.84K,-1%,<.01%
056525108,BMI,BADGER METER INC,12150,-718,1.8M,-106.53K,-5.6%,<.01%
69351T866,PPLC,PPL CORP,246572,-2200,12.09M,-107.87K,-0.9%,<.01%
46435U374,EWJV,ISHARES TR,17241,-2457,757.95K,-108.02K,-12.5%,<.01%
29384C108,TRDA,ENTRADA THERAPEUTICS INC,2169,-14774,15.96K,-108.72K,-87.2%,<.01%
19761L805,REVS,COLUMBIA ETF TR I,456,-3467,14.35K,-109.08K,-88.4%,<.01%
65339F655,NEEXU,NEXTERA ENERGY INC,498931,-2300,23.76M,-109.53K,-0.5%,<.01%
254067101,DDS,DILLARDS INC,1434,-208,757.68K,-109.9K,-12.7%,<.01%
18452BAC4,CLSK,CLEANSPARK INC,7235000,-85000,9.37M,-110.03K,-1.2%,<.01%
842587DZ7,SO,SOUTHERN CO,9001000,-100000,9.91M,-110.15K,-1.1%,<.01%
116794207,BRKRP,BRUKER CORP,446550,-250,197.74M,-110.7K,-0.1%,<.01%
46121Y201,IPI,INTREPID POTASH INC,2636,-3416,86.39K,-111.96K,-56.4%,<.01%
17253JAA4,CIFR,CIPHER DIGITAL INC,1815000,-20000,10.18M,-112.15K,-1.1%,<.01%
233051143,SNPE,DBX ETF TR,9876,-1658,680.07K,-114.17K,-14.4%,<.01%
G17434104,BNT,BROOKFIELD WEALTH SOL LTD,25687,-2739,1.09M,-116.72K,-9.6%,<.01%
78468R408,SJNK,SPDR SERIES TRUST,1762,-4686,44.11K,-117.31K,-72.7%,<.01%
10806XAJ1,,BRIDGEBIO PHARMA INC,6575000,-70000,11.06M,-117.74K,-1.1%,<.01%
92189F387,SHYD,VANECK ETF TRUST,3450,-5251,78.99K,-120.23K,-60.3%,<.01%
457642205,INOD,INNODATA INC,3622,-1595,273.73K,-120.54K,-30.6%,<.01%
885160101,THO,THOR INDS INC,6477,-1605,486.84K,-120.64K,-19.9%,<.01%
69753M105,PLMR,PALOMAR HLDGS INC,4645,-965,587.08K,-121.97K,-17.2%,<.01%
090040106,BILI,BILIBILI INC,6840,-7235,116.49K,-123.21K,-51.4%,<.01%
54948X109,LUCD,LUCID DIAGNOSTICS INC,4215,-116354,4.51K,-124.5K,-96.5%,<.01%
921910840,MGV,VANGUARD WORLD FD,30287,-764,4.95M,-124.87K,-2.5%,<.01%
252131AM9,DXCM,DEXCOM INC,13627000,-135000,12.71M,-125.89K,-1%,<.01%
92189F437,ANGL,VANECK ETF TRUST,734,-4345,21.47K,-127.08K,-85.5%,<.01%
13463J101,CAMP,CAMP4 THERAPEUTICS CORP,4904339,-29093,21.43M,-127.14K,-0.6%,<.01%
047726302,BATRK,ATLANTA BRAVES HLDGS INC,25952,-2482,1.35M,-128.82K,-8.7%,<.01%
09290C723,BDYN,BLACKROCK ETF TRUST,14113,-4646,391.5K,-128.88K,-24.8%,<.01%
69352PAS2,PPX,PPL CAP FDG INC,10965000,-115000,12.45M,-130.53K,-1%,<.01%
101121101,BXP,BXP INC,83041,-1969,5.51M,-130.56K,-2.3%,<.01%
81686C104,SEMR,SEMRUSH HLDGS INC,0,-10939,0,-130.61K,CLOSE,0%
37954A303,XRN,CHIRON REAL ESTATE INC,73657,-3482,2.76M,-130.64K,-4.5%,<.01%
922908553,VNQ,VANGUARD INDEX FDS,263601,-1358,25.42M,-130.95K,-0.5%,<.01%
62878D100,NABL,N-ABLE INC,11381,-36294,41.77K,-133.2K,-76.1%,<.01%
88162F105,TTI,TETRA TECHNOLOGIES INC DEL,123533,-11760,1.4M,-133.24K,-8.7%,<.01%
92939UAR7,WEC,WEC ENERGY GROUP INC,9455000,-110000,11.71M,-136.29K,-1.2%,<.01%
987084100,YSS,YORK SPACE SYSTEMS INC,89988,-5592,2.22M,-137.68K,-5.9%,<.01%
197236102,COLB,COLUMBIA BKG SYS INC,29623,-4334,949.41K,-138.9K,-12.8%,<.01%
82620P102,BSRR,SIERRA BANCORP,212021,-3476,8.64M,-141.68K,-1.6%,<.01%
25434V864,DFSD,DIMENSIONAL ETF TRUST,162,-3023,7.73K,-144.23K,-94.9%,<.01%
032108664,HACK,AMPLIFY ETF TR,18381,-1399,1.93M,-146.79K,-7.1%,<.01%
866683105,SNCY,SUN CTRY AIRLS HLDGS INC,0,-8909,0,-147.18K,CLOSE,0%
53814X300,LVO,LIVEONE INC,366664,-23000,2.35M,-147.2K,-5.9%,<.01%
697947109,PVLA,PALVELLA THERAPEUTICS INC NE,214841,-967,32.83M,-147.78K,-0.4%,<.01%
01748X102,ALGT,ALLEGIANT TRAVEL CO,74316,-1309,8.74M,-153.94K,-1.7%,<.01%
538034BC2,LIVE,LIVE NATION ENTERTAINMENT IN,13064000,-130000,15.59M,-155.16K,-1%,<.01%
453836108,INDB,INDEPENDENT BK CORP MASS,12651,-1857,1.06M,-155.46K,-12.8%,<.01%
064149107,BNS,BANK NOVA SCOTIA B C,94858,-1794,8.24M,-155.93K,-1.9%,<.01%
46137V258,RPV,INVESCO EXCHANGE TRADED FD T,88327,-1371,10.05M,-156.05K,-1.5%,<.01%
147448104,CWST,CASELLA WASTE SYS INC,11441,-1627,1.11M,-157.77K,-12.5%,<.01%
46432F859,ISTB,ISHARES TR,2433,-3276,117.39K,-158.07K,-57.4%,<.01%
704551AD2,BTU,PEABODY ENGR CORP,3408000,-120000,4.56M,-160.42K,-3.4%,<.01%
46138J775,POWA,INVESCO EXCH TRD SLF IDX FD,4023,-1827,357.4K,-162.31K,-31.2%,<.01%
67092P607,NUSC,NUSHARES ETF TR,217124,-3122,11.32M,-162.72K,-1.4%,<.01%
98986TAD0,ZNGA,ZYNGA INC,9655000,-145000,10.85M,-162.95K,-1.5%,<.01%
750940108,RAL,RALLIANT CORP,23973,-2218,1.77M,-163.31K,-8.5%,<.01%
40131MAD1,GH,GUARDANT HEALTH INC,6570000,-65000,16.51M,-163.31K,-1%,<.01%
09077V100,BIOA,BIOAGE LABS INC,183563,-6735,4.5M,-165.07K,-3.5%,<.01%
78468R606,SPHY,SPDR SERIES TRUST,19563,-7061,458.55K,-165.51K,-26.5%,<.01%
910340108,UFCS,UNITED FIRE GROUP INC,20782,-3166,1.09M,-166.03K,-13.2%,<.01%
316092121,FDIF,FIDELITY COVINGTON TRUST,2421,-4152,97.98K,-168.03K,-63.2%,<.01%
33733E823,FTGS,FIRST TR EXCHANGE-TRADED FD,2909,-4555,107.65K,-168.57K,-61%,<.01%
86333MAA6,LRN,STRIDE INC,5250000,-100000,8.86M,-168.7K,-1.9%,<.01%
22266M104,COUR,COURSERA INC,825299,-30282,4.65M,-170.79K,-3.5%,<.01%
05508R106,BGS,B & G FOODS INC,14977,-42979,59.61K,-171.06K,-74.2%,<.01%
65339F663,NEEPRS,NEXTERA ENERGY INC,435100,-3200,23.29M,-171.3K,-0.7%,<.01%
836100107,SOUN,SOUNDHOUND AI INC,66744,-26693,431.83K,-172.7K,-28.6%,<.01%
464288828,IHF,ISHARES TR,20552,-3126,1.14M,-172.96K,-13.2%,<.01%
256135203,RDY,DR REDDYS LABS LTD,71731,-11952,1.04M,-173.18K,-14.3%,<.01%
008073AA6,AVAV,AEROVIRONMENT INC,8385000,-185000,7.98M,-176.14K,-2.2%,<.01%
G21810109,CLVT,CLARIVATE PLC,149891,-81559,323.76K,-176.17K,-35.2%,<.01%
538034BA6,LYV,LIVE NATION ENTERTAINMENT IN,14556000,-100000,25.93M,-178.15K,-0.7%,<.01%
808524698,SCHI,SCHWAB STRATEGIC TR,36062,-7898,816.45K,-178.81K,-18%,<.01%
76954AAD5,RIVN,RIVIAN AUTOMOTIVE INC,18697000,-170000,19.92M,-181.09K,-0.9%,<.01%
09352U108,BLND,BLEND LABS INC,25592,-106421,43.76K,-181.98K,-80.6%,<.01%
12769G100,CZR,CAESARS ENTERTAINMENT INC NE,28346,-6034,855.47K,-182.1K,-17.6%,<.01%
65339F119,NEEPRT,NEXTERA ENERGY INC,306000,-3700,15.4M,-186.26K,-1.2%,<.01%
97717PAH7,PHPT,WISDOMTREE INC,2550000,-125000,3.84M,-188.25K,-4.7%,<.01%
83125X103,SNBR,SLEEP NUMBER CORP,0,-105412,0,-189.22K,CLOSE,0%
83175M205,SNN,SMITH & NEPHEW PLC,598892,-6621,17.25M,-190.75K,-1.1%,<.01%
33939L845,QDEF,FLEXSHARES TR,7442,-2221,647.55K,-193.26K,-23%,<.01%
67000B203,NOVTU,NOVANTA INC,131300,-2900,8.93M,-197.29K,-2.2%,<.01%
46654Q724,HELO,J P MORGAN EXCHANGE TRADED F,1245,-2967,84.14K,-200.52K,-70.4%,<.01%
516544AB9,LNTH,LANTHEUS HLDGS INC,6357000,-150000,9.22M,-217.58K,-2.3%,<.01%
25985W204,DOYU,DOUYU INTL HLDGS LTD,1754541,-46842,8.16M,-217.82K,-2.6%,<.01%
038169AB4,AMAT,APPLIED DIGITAL CORP,5092000,-55000,20.27M,-218.98K,-1.1%,<.01%
056752108,BIDU,BAIDU INC,557260,-1921,63.69M,-219.55K,-0.3%,<.01%
05366Y201,AVNW,AVIAT NETWORKS INC,5564,-9947,123.53K,-220.83K,-64.1%,<.01%
52635N103,LENZ,LENZ THERAPEUTICS INC,3558905,-38879,20.21M,-220.83K,-1.1%,<.01%
90353TAM2,UBER,UBER TECHNOLOGIES INC,20790000,-185000,24.86M,-221.26K,-0.9%,<.01%
92189F429,PFXF,VANECK ETF TRUST,1660,-12517,29.61K,-223.29K,-88.3%,<.01%
03753U106,APLS,APELLIS PHARMACEUTICALS INC,0,-5563,0,-223.8K,CLOSE,0%
46428Q109,SLV,ISHARES SILVER TR,19731,-4215,1.06M,-225.38K,-17.6%,<.01%
42222N103,HSTM,HEALTHSTREAM INC,166812,-8338,4.55M,-227.21K,-4.8%,<.01%
87615L107,TH,TARGET HOSPITALITY CORP,4735,-11186,96.4K,-227.75K,-70.3%,<.01%
842587842,SOMN,SOUTHERN CO,430259,-4600,21.47M,-229.49K,-1.1%,<.01%
00123Q104,AGNC,AGNC INVT CORP,2015618,-21067,21.97M,-229.63K,-1%,<.01%
L72967109,OEC,ORION S.A.,166697,-34850,1.11M,-231.06K,-17.3%,<.01%
10950A205,BTSGU,BRIGHTSPRING HEALTH SVCS INC,94400,-1000,21.83M,-231.21K,-1%,<.01%
04965B100,ATOM,ATOMERA INC,37132,-26639,323.42K,-232.03K,-41.8%,<.01%
464288653,TLH,ISHARES TR,4251,-2330,426.63K,-233.84K,-35.4%,<.01%
808524862,SCHO,SCHWAB STRATEGIC TR,4829,-9695,116.56K,-234.02K,-66.8%,<.01%
00436Q106,ACEL,ACCEL ENTERTAINMENT INC,7576,-18790,95.53K,-236.93K,-71.3%,<.01%
81730H109,S,SENTINELONE INC,121741,-14185,2.07M,-240.72K,-10.4%,<.01%
534187109,LNC,LINCOLN NATL CORP IND,153581,-6846,5.43M,-242K,-4.3%,<.01%
G9618E107,WTM,WHITE MTNS INS GROUP LTD,786,-119,1.63M,-246.6K,-13.1%,<.01%
37940XAU6,GPN,GLOBAL PMTS INC,12303000,-275000,11.04M,-246.81K,-2.2%,<.01%
950915108,WRD,WERIDE INC,670986,-42507,3.91M,-247.39K,-6%,<.01%
68339B104,ONTF,ON24 INC,0,-30555,0,-247.49K,CLOSE,0%
233377407,DXPE,DXP ENTERPRISES INC,2325796,-1467,392.45M,-247.54K,-0.1%,0.02%
825690100,SSTK,SHUTTERSTOCK INC,865,-17772,12.07K,-247.99K,-95.4%,<.01%
987184108,YORW,YORK WTR CO,18257,-8249,559.58K,-252.83K,-31.1%,<.01%
317585404,FISI,FINANCIAL INSTITUTIONS INC,65944,-6614,2.57M,-257.75K,-9.1%,<.01%
84790A105,SPB,SPECTRUM BRANDS HOLDINGS INC,252723,-3027,21.67M,-259.57K,-1.2%,<.01%
749607107,RLI,RLI CORP,28432,-4422,1.68M,-261.21K,-13.5%,<.01%
68401U204,OPRX,OPTIMIZERX CORP,23379,-46069,133.72K,-263.51K,-66.3%,<.01%
G9001E128,LILAK,LIBERTY LATIN AMERICA LTD,6989135,-33924,54.45M,-264.27K,-0.5%,<.01%
09225M101,BSM,BLACK STONE MINERALS L P,4518071,-19100,63.12M,-266.83K,-0.4%,<.01%
026948109,AII,AMERICAN INTEGRITY INS GROUP,68,-14182,1.28K,-266.96K,-99.5%,<.01%
63888U108,NGVC,NATURAL GROCERS BY VITAMIN,48873,-8721,1.52M,-270.52K,-15.1%,<.01%
46654Q203,JEPQ,J P MORGAN EXCHANGE TRADED F,18789,-4433,1.15M,-272.45K,-19.1%,<.01%
74874Q100,QNST,QUINSTREET INC,17627,-18610,258.23K,-272.63K,-51.4%,<.01%
012653200,ALBPA,ALBEMARLE CORP,501744,-5000,27.79M,-276.95K,-1%,<.01%
10170A100,BOLD,BOUNDLESS BIO INC,2581055,-114400,6.45M,-286K,-4.2%,<.01%
039697107,ARDX,ARDELYX INC,69429,-56877,354.09K,-290.07K,-45%,<.01%
553498106,MSA,MSA SAFETY INC,5124,-1669,894.61K,-291.39K,-24.6%,<.01%
530909308,LLYVK,LIBERTY LIVE HOLDINGS INC,38589,-2781,4.08M,-293.78K,-6.7%,<.01%
00776X109,ALMU,AELUMA INC,660,-13327,14.57K,-294.26K,-95.3%,<.01%
G9001E102,LILA,LIBERTY LATIN AMERICA LTD,257971,-38000,2.02M,-297.92K,-12.8%,<.01%
464286822,EWW,ISHARES INC,20760,-3989,1.56M,-300.25K,-16.1%,<.01%
17306X102,CTRN,CITI TRENDS INC,8135,-5203,470.5K,-300.93K,-39%,<.01%
811543107,SEB,SEABOARD CORP DEL,440,-68,1.97M,-303.91K,-13.4%,<.01%
98422T209,XLO,XILIO THERAPEUTICS INC,0,-36558,0,-307.45K,CLOSE,0%
532206109,LIF,LIFE360 INC,37652,-5644,2.08M,-312.45K,-13%,<.01%
464287101,OEF,ISHARES TR,168385,-855,61.61M,-312.82K,-0.5%,<.01%
G9087Q102,TROX,TRONOX HOLDINGS PLC,460040,-49836,2.9M,-313.97K,-9.8%,<.01%
398438408,GRFS,GRIFOLS S A,24032,-44524,170.14K,-315.23K,-64.9%,<.01%
69374H881,COWZ,PACER FDS TR,52403,-5073,3.26M,-315.54K,-8.8%,<.01%
25056L103,DSGN,DESIGN THERAPEUTICS INC,776462,-21949,11.24M,-317.6K,-2.7%,<.01%
68213N109,OMCL,OMNICELL COM,363021,-7688,15.07M,-319.21K,-2.1%,<.01%
957638109,WAL,WESTERN ALLIANCE BANCORP,2373997,-3895,195.14M,-320.17K,-0.2%,<.01%
879360105,TDY,TELEDYNE TECHNOLOGIES INC,62266,-485,41.53M,-323.45K,-0.8%,<.01%
69553P100,PD,PAGERDUTY INC,979915,-33876,9.46M,-326.9K,-3.3%,<.01%
90337L108,USPH,U S PHYSICAL THERAPY,143226,-4808,9.84M,-330.21K,-3.2%,<.01%
390607109,GLDD,GREAT LAKES DREDGE & DOCK CO,0,-19665,0,-334.3K,CLOSE,0%
298736109,EEFT,EURONET WORLDWIDE INC,9952,-4580,728.37K,-335.2K,-31.5%,<.01%
92936U109,WPC,WP CAREY INC,353469,-4707,25.27M,-336.55K,-1.3%,<.01%
390905107,GSBC,GREAT SOUTHN BANCORP INC,2931,-4336,229.79K,-339.95K,-59.7%,<.01%
G66721104,NCLH,NORWEGIAN CRUISE LINE HLDGS,65900,-16240,1.39M,-342.83K,-19.8%,<.01%
864482104,SPH,SUBURBAN PROPANE PARTNERS L,0,-17570,0,-345.95K,CLOSE,0%
00289Y206,ABEO,ABEONA THERAPEUTICS INC,138497,-56316,855.91K,-348.03K,-28.9%,<.01%
25264R207,DHIL,DIAMOND HILL INVT GROUP INC,0,-2030,0,-349.33K,CLOSE,0%
46137V100,PPA,INVESCO EXCHANGE TRADED FD T,18568,-1990,3.28M,-351.53K,-9.7%,<.01%
16359R103,CHE,CHEMED CORP NEW,29268,-765,13.63M,-356.29K,-2.5%,<.01%
98422D105,XPEV,XPENG INC,88638,-27094,1.17M,-358.72K,-23.4%,<.01%
74386T105,PFS,PROVIDENT FINL SVCS INC,415925,-15208,9.83M,-359.52K,-3.5%,<.01%
07831C103,BRBR,BELLRING BRANDS INC,688055,-27954,8.9M,-361.72K,-3.9%,<.01%
635017106,FIZZ,NATIONAL BEVERAGE CORP,78036,-11659,2.43M,-363.76K,-13%,<.01%
78467V608,SRLN,SSGA ACTIVE ETF TR,122,-9094,4.92K,-366.37K,-98.7%,<.01%
49803T300,KRG,KITE REALTY GROUP TRUST,1477343,-12917,41.93M,-366.58K,-0.9%,<.01%
24664T103,DKL,DELEK LOGISTICS PARTNERS LP,5250,-7130,270.58K,-367.48K,-57.6%,<.01%
Y1771G102,CMRE,COSTAMARE INC,32244,-26546,452.06K,-372.18K,-45.2%,<.01%
00162Q452,AMLP,ALPS ETF TR,49486,-7208,2.57M,-373.74K,-12.7%,<.01%
78468R200,FLRN,SPDR SERIES TRUST,839,-12153,25.89K,-375.03K,-93.5%,<.01%
46137V746,PWB,INVESCO EXCHANGE TRADED FD T,21983,-2232,3.7M,-376K,-9.2%,<.01%
57142B104,MQ,MARQETA INC,0,-93429,0,-381.19K,CLOSE,0%
74276L105,PRCT,PROCEPT BIOROBOTICS CORP,1444878,-17026,32.63M,-384.45K,-1.2%,<.01%
42824C208,HPEC,HEWLETT PACKARD ENTERPRISE C,340600,-3300,39.82M,-385.77K,-1%,<.01%
78468R788,SPYD,SPDR SERIES TRUST,64910,-8091,3.1M,-386.02K,-11.1%,<.01%
68621F102,ORGO,ORGANOGENESIS HLDGS INC,215615,-160200,523.94K,-389.29K,-42.6%,<.01%
097235105,BSBK,BOGOTA FINL CORP,0,-46374,0,-394.18K,CLOSE,0%
47759T100,JKS,JINKOSOLAR HLDG CO LTD,0,-15549,0,-395.1K,CLOSE,0%
828730200,SFNC,SIMMONS FIRST NATL CORP,1087346,-17541,24.63M,-397.3K,-1.6%,<.01%
G8473T100,STE,STERIS PLC,55046,-1888,11.59M,-397.55K,-3.3%,<.01%
G32089107,ETOR,ETORO GROUP LTD,33280,-10118,1.31M,-399.36K,-23.3%,<.01%
375916103,GIL,GILDAN ACTIVEWEAR INC,4788997,-7839,246.9M,-404.15K,-0.2%,0.01%
92937A102,WPP,WPP PLC NEW,48150,-26533,745.84K,-410.99K,-35.5%,<.01%
68237F108,OFRM,ONCE UPON A FARM PBC,1266126,-20074,25.93M,-411.12K,-1.6%,<.01%
49456W105,KLC,KINDERCARE LEARNING COMPANIE,137963,-97340,586.34K,-413.7K,-41.4%,<.01%
01675A208,BIRD,SMARTBIRD INC,720365,-104498,2.88M,-417.99K,-12.7%,<.01%
464288810,IHI,ISHARES TR,36151,-8500,1.79M,-419.98K,-19%,<.01%
292104106,ESRT,EMPIRE ST RLTY TR INC,537098,-78250,2.91M,-423.33K,-12.7%,<.01%
35473P850,FLMB,FRANKLIN TEMPLETON ETF TR,424644,-17920,10.21M,-430.98K,-4%,<.01%
415864107,NVRI,ENVIRI CORP,0,-22324,0,-438K,CLOSE,0%
135086106,GOOS,CANADA GOOSE HLDGS INC,4935718,-46781,46.74M,-442.99K,-0.9%,<.01%
67092P201,NULG,NUSHARES ETF TR,44420,-3835,5.2M,-448.93K,-7.9%,<.01%
84252A106,BCAL,CALIFORNIA BANCORP,1227,-22251,25.56K,-463.59K,-94.8%,<.01%
45688C107,NGVT,INGEVITY CORP,263155,-6226,19.65M,-464.9K,-2.3%,<.01%
42722X106,HFWA,HERITAGE FINL CORP WASH,14477,-15769,428.8K,-467.07K,-52.1%,<.01%
83545G102,SAH,SONIC AUTOMOTIVE INC,39146,-5612,3.32M,-475.84K,-12.5%,<.01%
66765N105,NWN,NORTHWEST NAT HLDG CO,31432,-9712,1.54M,-476.47K,-23.6%,<.01%
443510607,HUBB,HUBBELL INC,273366,-921,143.03M,-481.87K,-0.3%,<.01%
40609P105,HNRG,HALLADOR ENERGY COMPANY,616268,-27850,10.72M,-484.31K,-4.3%,<.01%
552848103,MTG,MGIC INVT CORP WIS,1232889,-17445,34.77M,-491.95K,-1.4%,<.01%
92763W103,VIPS,VIPSHOP HLDGS LTD,2209657,-37611,29.3M,-498.72K,-1.7%,<.01%
46138G508,BKLN,INVESCO EXCH TRADED FD TR II,2409,-24632,49.08K,-501.81K,-91.1%,<.01%
46138E362,SPHD,INVESCO EXCH TRADED FD TR II,261580,-9954,13.3M,-506.06K,-3.7%,<.01%
23954D109,DAWN,DAY ONE BIOPHARMACEUTICALS I,0,-23640,0,-506.83K,CLOSE,0%
78463M107,SPSC,SPS COMM INC,59241,-8907,3.39M,-509.21K,-13.1%,<.01%
530909100,LLYVA,LIBERTY LIVE HOLDINGS INC,48177,-5100,4.88M,-516.41K,-9.6%,<.01%
50155Q100,KD,KYNDRYL HLDGS INC,10199883,-45960,115.36M,-519.81K,-0.4%,<.01%
152413100,CBC,CENTRAL BANCOMPANY,2295404,-17348,69.73M,-527.03K,-0.8%,<.01%
957090103,WABC,WESTAMERICA BANCORPORATION,2762,-9078,162.07K,-532.7K,-76.7%,<.01%
68373J104,LPRO,OPEN LENDING CORP,5589,-172115,17.38K,-535.28K,-96.9%,<.01%
129500104,CAL,CALERES INC,5038461,-45873,62.33M,-567.45K,-0.9%,<.01%
88557W101,QFIN,QFIN HOLDINGS INC,568,-36220,8.98K,-572.63K,-98.5%,<.01%
918090101,UTZ,UTZ BRANDS INC,1137908,-75250,8.76M,-579.43K,-6.2%,<.01%
78463V107,GLD,SPDR GOLD TR,31429,-1589,11.58M,-585.35K,-4.8%,<.01%
10316T104,BOX,BOX INC,254701,-22097,6.76M,-586.46K,-8%,<.01%
233331107,DTE,DTE ENERGY CO,354884,-3876,54.07M,-590.59K,-1.1%,<.01%
587376104,MBWM,MERCANTILE BK CORP,2746,-10334,157.65K,-593.29K,-79%,<.01%
316092154,FDFF,FIDELITY COVINGTON TRUST,490456,-17997,16.23M,-595.44K,-3.5%,<.01%
253651202,DBD,DIEBOLD NIXDORF INC,272704,-7004,23.19M,-595.48K,-2.5%,<.01%
808524706,SCHE,SCHWAB STRATEGIC TR,1548538,-16532,56.15M,-599.45K,-1.1%,<.01%
70450C101,PAYP,PAYPAY CORP,468474,-42355,6.71M,-606.95K,-8.3%,<.01%
759351604,RGA,REINSURANCE GROUP AMER INC,5923875,-2985,1.26B,-634.76K,-0.1%,0.05%
29332G102,EHAB,ENHABIT INC,0,-45500,0,-641.09K,CLOSE,0%
911549103,UAMY,UNITED STATES ANTIMONY CORP,16764,-88433,121.71K,-642.05K,-84.1%,<.01%
30190A104,FG,F&G ANNUITIES & LIFE INC,41287,-24325,1.1M,-646.8K,-37.1%,<.01%
472145AH4,JAZZ,JAZZ INVESTMENTS I LTD,11805000,-390000,20.12M,-664.56K,-3.2%,<.01%
78440P306,SKM,SK TELECOM CO LTD,69892,-20698,2.25M,-665.65K,-22.8%,<.01%
29261A100,EHC,ENCOMPASS HEALTH CORP,152783,-6673,15.44M,-674.51K,-4.2%,<.01%
705573103,PEGA,PEGASYSTEMS INC,18078,-22660,541.81K,-679.13K,-55.6%,<.01%
74982T103,RXO,RXO INC,66430,-24830,1.83M,-685.06K,-27.2%,<.01%
229899109,CFR,CULLEN FROST BANKERS INC,301763,-4538,46.63M,-701.21K,-1.5%,<.01%
87283Q404,TDVG,T ROWE PRICE EXCHANGE-TRADED,309695,-14494,15.18M,-710.64K,-4.5%,<.01%
86881A100,SGRY,SURGERY PARTNERS INC,2149009,-42456,36.1M,-713.26K,-1.9%,<.01%
46138E297,EELV,INVESCO EXCH TRADED FD TR II,311619,-26620,8.66M,-740.03K,-7.9%,<.01%
316092147,FMED,FIDELITY COVINGTON TRUST,707017,-25955,20.17M,-740.37K,-3.5%,<.01%
82489W107,SHLS,SHOALS TECHNOLOGIES GROUP IN,19339,-75456,191.46K,-747.01K,-79.6%,<.01%
912932100,UNIT,UNITI GROUP LLC,822627,-65309,9.44M,-749.09K,-7.4%,<.01%
783859101,STBA,S & T BANCORP INC,51552,-15268,2.53M,-749.35K,-22.8%,<.01%
92206C409,VCSH,VANGUARD SCOTTSDALE FDS,16618,-9769,1.31M,-772.06K,-37%,<.01%
615369105,MCO,MOODYS CORP,4985040,-1712,2.26B,-775.4K,-0%,0.1%
71535D106,PSNL,PERSONALIS INC,4080,-58606,54.67K,-785.32K,-93.5%,<.01%
898349204,TRST,TRUSTCO BK CORP N Y,15716,-14368,862.97K,-788.95K,-47.8%,<.01%
315912808,ONEQ,FIDELITY COMWLTH TR,1665418,-7691,171.9M,-793.86K,-0.5%,<.01%
131428104,CLMT,CALUMET INC,5251,-22090,189.14K,-795.69K,-80.8%,<.01%
92189H201,ITM,VANECK ETF TRUST,734240,-17061,34.5M,-801.7K,-2.3%,<.01%
014442107,ALEC,ALECTOR INC,1396398,-399706,2.81M,-803.41K,-22.3%,<.01%
008252108,AMG,AFFILIATED MANAGERS GROUP,177576,-2399,60.09M,-811.82K,-1.3%,<.01%
69121K104,OBDC,BLUE OWL CAPITAL CORPORATION,11772285,-74832,127.96M,-813.42K,-0.6%,<.01%
12468P104,AI,C3 AI INC,64582,-89500,587.05K,-813.55K,-58.1%,<.01%
700402100,PARK,PARK DENTAL PARTNERS INC,0,-48664,0,-816.58K,CLOSE,0%
29882P106,EWCZ,EUROPEAN WAX CTR INC,0,-141327,0,-816.87K,CLOSE,0%
714266103,PPTA,PERPETUA RESOURCES CORP,21304,-40116,442.27K,-832.82K,-65.3%,<.01%
316092162,FDCF,FIDELITY COVINGTON TRUST,456002,-16702,22.78M,-834.41K,-3.5%,<.01%
316092170,FBOT,FIDELITY COVINGTON TRUST,575281,-21089,22.78M,-835.08K,-3.5%,<.01%
30034WAD8,EVRG,EVERGY INC,11419000,-595000,16.24M,-846.33K,-5%,<.01%
277432100,EMN,EASTMAN CHEM CO,451599,-12659,30.25M,-847.9K,-2.7%,<.01%
860372101,STC,STEWART INFORMATION SVCS COR,2721769,-12866,179.69M,-849.41K,-0.5%,<.01%
704551100,BTU,PEABODY ENGR CORP,16038,-36914,370.79K,-853.44K,-69.7%,<.01%
71601V105,WOOF,PETCO HEALTH & WELLNESS CO I,3822806,-316175,10.4M,-860K,-7.6%,<.01%
98954M101,ZG,ZILLOW GROUP INC,175712,-27659,5.51M,-867.66K,-13.6%,<.01%
447011107,HUN,HUNTSMAN CORP,345876,-81872,3.67M,-869.48K,-19.1%,<.01%
64119N608,NTSK,NETSKOPE INC,5147,-82791,56.3K,-905.63K,-94.1%,<.01%
464287788,IYF,ISHARES TR,275949,-7261,35.19M,-925.85K,-2.6%,<.01%
75737FAE8,RDFN,REDFIN CORP,70478000,-978000,67.66M,-938.88K,-1.4%,<.01%
30214U102,EXPO,EXPONENT INC,15023,-15985,882.75K,-939.28K,-51.6%,<.01%
G7997W102,SDRL,SEADRILL LTD,1151394,-25158,43.55M,-951.48K,-2.1%,<.01%
577081102,MAT,MATTEL INC,25374,-68568,352.19K,-951.71K,-73%,<.01%
832248207,SFD,SMITHFIELD FOODS INC,2906527,-39381,70.51M,-955.38K,-1.3%,<.01%
52567D107,LMND,LEMONADE INC,36088,-14718,2.35M,-957.39K,-29%,<.01%
48282T104,KAI,KADANT INC,96452,-3047,30.31M,-957.46K,-3.1%,<.01%
680223104,ORI,OLD REP INTL CORP,521340,-23421,21.33M,-958.39K,-4.3%,<.01%
45773H409,INO,INOVIO PHARMACEUTICALS INC,8454797,-884817,9.3M,-973.3K,-9.5%,<.01%
15117B202,CLDX,CELLDEX THERAPEUTICS INC NEW,3722888,-26160,138.53M,-973.41K,-0.7%,<.01%
559222401,MGA,MAGNA INTL INC,459683,-14841,30.23M,-975.86K,-3.1%,<.01%
02081GAD4,,ALPHATEC HLDGS INC,4139000,-1025000,3.94M,-976.31K,-19.8%,<.01%
316092139,FDTX,FIDELITY COVINGTON TRUST,498129,-16874,28.84M,-976.94K,-3.3%,<.01%
864159108,RGR,STURM RUGER & CO INC,93155,-25887,3.53M,-979.82K,-21.7%,<.01%
489398107,KW,KENNEDY-WILSON HOLDINGS INC,0,-90857,0,-983.07K,CLOSE,0%
74275K108,PCOR,PROCORE TECHNOLOGIES INC,17803,-24311,723.16K,-987.52K,-57.7%,<.01%
92892B103,VOYG,VOYAGER TECHNOLOGIES INC,7421,-30650,239.31K,-988.4K,-80.5%,<.01%
464287705,IJJ,ISHARES TR,4088134,-6718,603.94M,-992.45K,-0.2%,0.03%
830830105,SKY,CHAMPION HOMES INC,490183,-11275,43.19M,-993.55K,-2.2%,<.01%
08265T208,BSY,BENTLEY SYS INC,47432,-33774,1.42M,-1.01M,-41.6%,<.01%
G68707101,PAGS,PAGSEGURO DIGITAL LTD,38306,-111986,346.67K,-1.01M,-74.5%,<.01%
24823R105,DNLI,DENALI THERAPEUTICS INC,4535836,-39538,116.66M,-1.02M,-0.9%,<.01%
48251K100,KREF,KKR REAL ESTATE FIN TR INC,154253,-149497,1.06M,-1.02M,-49.2%,<.01%
92346J108,VCEL,VERICEL CORP,62961,-23112,2.8M,-1.03M,-26.9%,<.01%
531229AQ5,FWONK,LIBERTY MEDIA CORP DEL,11184000,-840000,13.85M,-1.04M,-7%,<.01%
46641Q332,JEPI,J P MORGAN EXCHANGE TRADED F,13349,-18420,753.96K,-1.04M,-58%,<.01%
000957100,ABM,ABM INDS INC,300972,-23581,13.31M,-1.04M,-7.3%,<.01%
354613101,BEN,FRANKLIN RESOURCES INC,43431,-31443,1.44M,-1.05M,-42%,<.01%
927107409,VLGEA,VILLAGE SUPER MKT INC,48133,-24886,2.03M,-1.05M,-34.1%,<.01%
25960R105,PLOW,DOUGLAS DYNAMICS INC,3095,-19628,166.97K,-1.06M,-86.4%,<.01%
64361Q101,VNOM,VIPER ENERGY INC,2476244,-25132,104.99M,-1.07M,-1%,<.01%
54738L109,LOVE,LOVESAC CO,980626,-64105,16.37M,-1.07M,-6.1%,<.01%
50180M108,LBRX,LB PHARMACEUTICALS INC,188907,-33601,6.13M,-1.09M,-15.1%,<.01%
959802109,WU,WESTERN UN CO,659663,-142288,5.08M,-1.1M,-17.7%,<.01%
68278B107,OS,ONESTREAM INC,0,-45762,0,-1.1M,CLOSE,0%
343873105,FFIC,FLUSHING FINL CORP,0,-71751,0,-1.1M,CLOSE,0%
760125104,RTO,RENTOKIL INITIAL PLC,149858,-39162,4.29M,-1.12M,-20.7%,<.01%
358029106,FMS,FRESENIUS MEDICAL CARE AG,245682,-49707,5.55M,-1.12M,-16.8%,<.01%
624758108,MWA,MUELLER WTR PRODS INC,920144,-44623,23.77M,-1.15M,-4.6%,<.01%
059520106,BCH,BANCO DE CHILE,459708,-29310,18.28M,-1.17M,-6%,<.01%
565788AF3,MARA,MARA HOLDINGS INC,7775000,-1175000,7.77M,-1.17M,-13.1%,<.01%
302491303,FMC,FMC CORP,973108,-102688,11.19M,-1.18M,-9.5%,<.01%
316092717,FIVA,FIDELITY COVINGTON TRUST,1490416,-30767,57.41M,-1.19M,-2%,<.01%
00790R104,WMS,ADVANCED DRAIN SYS INC DEL,84718,-7751,13.3M,-1.22M,-8.4%,<.01%
69331C306,PCGPRX,PG&E CORP,268658,-29400,11.13M,-1.22M,-9.9%,<.01%
92206C714,VONV,VANGUARD SCOTTSDALE FDS,66625,-11522,7.08M,-1.22M,-14.7%,<.01%
42704L104,HRI,HERC HLDGS INC,4996905,-8633,716.26M,-1.24M,-0.2%,0.03%
26856L103,ELF,E L F BEAUTY INC,252122,-16865,18.66M,-1.25M,-6.3%,<.01%
903002103,UMH,UMH PPTYS INC,3645734,-83146,55.2M,-1.26M,-2.2%,<.01%
31624J737,FBUF,FIDELITY GREENWOOD STREET TR,0,-42238,0,-1.27M,CLOSE,0%
20454B104,CMPX,COMPASS THERAPEUTICS INC,1212196,-589525,2.65M,-1.29M,-32.7%,<.01%
316092808,FTEC,FIDELITY COVINGTON TRUST,212226,-4521,60.61M,-1.29M,-2.1%,<.01%
G01125106,AFYA,AFYA LTD,2614007,-88400,38.79M,-1.31M,-3.3%,<.01%
74164M108,PRI,PRIMERICA INC,2822574,-4644,802.18M,-1.32M,-0.2%,0.03%
67080M103,NRIX,NURIX THERAPEUTICS INC,5485215,-56056,133.07M,-1.36M,-1%,<.01%
464288240,ACWX,ISHARES TR,200738,-17868,15.28M,-1.36M,-8.2%,<.01%
25434V740,DFEV,DIMENSIONAL ETF TRUST,701652,-32438,29.94M,-1.38M,-4.4%,<.01%
05601U105,BRCC,BRC INC,38093,-1256834,42.28K,-1.4M,-97.1%,<.01%
574599106,MAS,MASCO CORP,349272,-17150,28.42M,-1.4M,-4.7%,<.01%
374163103,GERN,GERON CORP,5502807,-1094349,7.04M,-1.4M,-16.6%,<.01%
20451Q104,CODI,COMPASS DIVERSIFIED,7397,-131474,78.85K,-1.4M,-94.7%,<.01%
89531P105,TREX,TREX INC,792194,-28165,39.64M,-1.41M,-3.4%,<.01%
64119V303,NTST,NETSTREIT CORP,8880,-67293,187.63K,-1.42M,-88.3%,<.01%
807066105,SCHL,SCHOLASTIC CORP,25713,-31191,1.18M,-1.43M,-54.8%,<.01%
030506109,AMWD,AMERICAN WOODMARK CORP,0,-36163,0,-1.44M,CLOSE,0%
48268K101,KT,KT CORP,646953,-83716,11.18M,-1.45M,-11.5%,<.01%
48553T106,BZ,KANZHUN LIMITED,57803,-112821,743.92K,-1.45M,-66.1%,<.01%
N20944109,CNH,CNH INDL N V,1488953,-129636,16.72M,-1.46M,-8%,<.01%
42330P107,HLX,HELIX ENERGY SOLUTIONS GRP I,359899,-166949,3.15M,-1.46M,-31.7%,<.01%
40051E202,ASR,GRUPO AEROPORTUARIO DEL SURE,601,-4756,184.57K,-1.46M,-88.8%,<.01%
383082104,GRC,GORMAN RUPP CO,10585,-15976,971.08K,-1.47M,-60.1%,<.01%
30233G209,EYPT,EYEPOINT INC,26155,-103283,374.02K,-1.48M,-79.8%,<.01%
72147K108,PPC,PILGRIMS PRIDE CORP,56693,-52855,1.59M,-1.49M,-48.2%,<.01%
929160109,VMC,VULCAN MATLS CO,3666226,-5076,1.08B,-1.5M,-0.1%,0.05%
382550101,GT,GOODYEAR TIRE & RUBR CO,335198,-226941,2.21M,-1.5M,-40.4%,<.01%
48251W500,KKRPRD,KKR & CO INC,1156172,-38000,45.81M,-1.51M,-3.2%,<.01%
76954AAB9,RIVN,RIVIAN AUTOMOTIVE INC,44160000,-1279000,52.31M,-1.51M,-2.8%,<.01%
Y95308105,WVE,WAVE LIFE SCIENCES LTD,4922477,-270284,28.6M,-1.57M,-5.2%,<.01%
94419LAR2,W,WAYFAIR INC,0,-902000,0,-1.57M,CLOSE,0%
29286M105,ENGN,ENGENE HOLDINGS INC,0,-232200,0,-1.58M,CLOSE,0%
426927109,HTBK,HERITAGE COMM CORP,0,-126882,0,-1.58M,CLOSE,0%
024013104,AAT,AMERICAN ASSETS TR INC,254596,-64381,6.29M,-1.59M,-20.2%,<.01%
19260QAF4,COIN,COINBASE GLOBAL INC,44173000,-1781000,39.58M,-1.6M,-3.9%,<.01%
02043QAB3,ALNY,ALNYLAM PHARMACEUTICALS INC,17114000,-1330000,20.58M,-1.6M,-7.2%,<.01%
104674106,BRC,BRADY CORP,6522224,-17651,597.24M,-1.62M,-0.3%,0.03%
743312100,PRGS,PROGRESS SOFTWARE CORP,562754,-48353,18.9M,-1.62M,-7.9%,<.01%
15202L107,CSR,CENTERSPACE,1906,-29199,107.09K,-1.64M,-93.9%,<.01%
49428J109,KE,KIMBALL ELECTRONICS INC,35997,-64296,921.51K,-1.65M,-64.1%,<.01%
892672106,TW,TRADEWEB MKTS INC,531225,-16557,52.94M,-1.65M,-3%,<.01%
46434G889,EMGF,ISHARES INC,699117,-22535,51.22M,-1.65M,-3.1%,<.01%
022671101,AMAL,AMALGAMATED FINANCIAL CORP,64246,-36178,2.95M,-1.66M,-36%,<.01%
344174107,FHTX,FOGHORN THERAPEUTICS INC,5705958,-341240,27.85M,-1.67M,-5.6%,<.01%
227483104,CCRN,CROSS CTRY HEALTHCARE INC,492648,-126791,6.51M,-1.67M,-20.5%,<.01%
833034101,SNA,SNAP ON INC,33394,-4185,13.44M,-1.68M,-11.1%,<.01%
319383204,BUSE,FIRST BUSEY CORP,772025,-57366,22.77M,-1.69M,-6.9%,<.01%
744573106,PEG,PUBLIC SVC ENTERPRISE GROUP,710714,-22023,57.68M,-1.79M,-3%,<.01%
00653Q102,AHCO,ADAPTHEALTH CORP,7882906,-171785,82.14M,-1.79M,-2.1%,<.01%
H8817H100,RIG,TRANSOCEAN LTD,3566124,-367215,17.44M,-1.8M,-9.3%,<.01%
25960P109,DEI,DOUGLAS EMMETT INC,4935809,-153726,58.24M,-1.81M,-3%,<.01%
071705107,BLCO,BAUSCH PLUS LOMB CORP,0,-114337,0,-1.82M,CLOSE,0%
983134107,WYNN,WYNN RESORTS LTD,4666063,-19045,453.03M,-1.85M,-0.4%,0.02%
67079K100,SMR,NUSCALE PWR CORP,50182,-185736,503.32K,-1.86M,-78.7%,<.01%
H8088L103,SRAD,SPORTRADAR GROUP AG,0,-111605,0,-1.87M,CLOSE,0%
47103J105,JANX,JANUX THERAPEUTICS INC,2412825,-122899,37.06M,-1.89M,-4.8%,<.01%
53947R105,LOAR,LOAR HOLDINGS INC,99406,-23515,8.01M,-1.9M,-19.1%,<.01%
500472303,PHG,KONINKLIJKE PHILIPS N V,2654029,-69775,72.16M,-1.9M,-2.6%,<.01%
235825205,DAN,DANA INC,10774,-71318,293.16K,-1.94M,-86.9%,<.01%
060505682,BACPRL,BANK OF AMER CORP,32206,-1562,40.4M,-1.96M,-4.6%,<.01%
63947X101,NCNO,NCINO INC,822841,-120105,13.45M,-1.96M,-12.7%,<.01%
949746804,WFCPRL,WELLS FARGO & CO,41074,-1768,47.52M,-2.05M,-4.1%,<.01%
552690109,MDU,MDU RES GROUP INC,52604,-96637,1.12M,-2.05M,-64.8%,<.01%
47103N106,JBI,JANUS INTERNATIONAL GROUP IN,20458793,-369918,113.55M,-2.05M,-1.8%,<.01%
680665205,OLN,OLIN CORP,615925,-103797,12.21M,-2.06M,-14.4%,<.01%
74347M108,PUMP,PROPETRO HLDG CORP,331985,-144033,4.76M,-2.07M,-30.3%,<.01%
464287473,IWS,ISHARES TR,1915152,-12618,315.23M,-2.08M,-0.7%,0.01%
02553E106,AEO,AMERICAN EAGLE OUTFITTERS IN,1575529,-122264,27.1M,-2.1M,-7.2%,<.01%
29270J100,ERII,ENERGY RECOVERY INC,14592,-235988,131.62K,-2.13M,-94.2%,<.01%
744320102,PRU,PRUDENTIAL FINL INC,940303,-19727,101.49M,-2.13M,-2.1%,<.01%
51819L107,SWIM,LATHAM GROUP INC,3340116,-329474,21.61M,-2.13M,-9%,<.01%
077347201,BELFA,BEL FUSE INC,70155,-7383,20.43M,-2.15M,-9.5%,<.01%
61225M102,GLUE,MONTE ROSA THERAPEUTICS INC,934414,-89890,22.61M,-2.18M,-8.8%,<.01%
558256103,MSGE,MADISON SQUARE GARDEN ENTMT,66402,-27279,5.37M,-2.21M,-29.1%,<.01%
11120U105,BRX,BRIXMOR PPTY GROUP INC,1584159,-70277,49.95M,-2.22M,-4.2%,<.01%
808541106,MATV,MATIV HOLDINGS INC,149406,-294930,1.13M,-2.23M,-66.4%,<.01%
82537J108,SI,SHOULDER INNOVATIONS INC,3673960,-110592,74.51M,-2.24M,-2.9%,<.01%
46050R102,THM,INTERNATIONAL TOWER HILL MIN,3609803,-1140197,7.18M,-2.27M,-24%,<.01%
86150R107,STOK,STOKE THERAPEUTICS INC,5313100,-70566,173.84M,-2.31M,-1.3%,<.01%
942749102,WTS,WATTS WATER TECHNOLOGIES INC,47280,-5900,18.51M,-2.31M,-11.1%,<.01%
92345Y106,VRSK,VERISK ANALYTICS INC,362660,-12920,65.11M,-2.32M,-3.4%,<.01%
71367G102,PWP,PERELLA WEINBERG PARTNERS,9897191,-146891,157.96M,-2.34M,-1.5%,<.01%
62886HBD2,NCLH,NCL CORP LTD,0,-2420000,0,-2.36M,CLOSE,0%
194162103,CL,COLGATE PALMOLIVE CO,8983071,-25914,823.57M,-2.38M,-0.3%,0.04%
92857W308,VOD,VODAFONE GROUP PLC,1746398,-181361,23.1M,-2.4M,-9.4%,<.01%
423452101,HP,HELMERICH & PAYNE INC,349994,-73407,11.46M,-2.4M,-17.3%,<.01%
76954A103,RIVN,RIVIAN AUTOMOTIVE INC,8546948,-139321,148.29M,-2.42M,-1.6%,<.01%
28617B606,ELVA,ELECTROVAYA INC,5057085,-230538,53.1M,-2.42M,-4.4%,<.01%
879369106,TFX,TELEFLEX INCORPORATED,7079,-19342,897.32K,-2.45M,-73.2%,<.01%
G0772R208,NTB,BANK OF N T BUTTERFIELD & SO,2562626,-41400,152.48M,-2.46M,-1.6%,<.01%
252784301,DRH,DIAMONDROCK HOSPITALITY CO,33778,-204970,411.42K,-2.5M,-85.9%,<.01%
457651107,INVX,INNOVEX INTERNATIONAL INC,1218242,-100873,30.21M,-2.5M,-7.6%,<.01%
H17182108,CRSP,CRISPR THERAPEUTICS AG,1908503,-46191,104.09M,-2.52M,-2.4%,<.01%
M98068105,WIX,WIX COM LTD,848221,-55580,38.48M,-2.52M,-6.1%,<.01%
91879Q109,MTN,VAIL RESORTS INC,1182076,-18581,160.94M,-2.53M,-1.5%,<.01%
75629V104,RXRX,RECURSION PHARMACEUTICALS IN,46356,-690298,170.12K,-2.53M,-93.7%,<.01%
018581108,BFH,BREAD FINANCIAL HOLDINGS INC,12654,-23396,1.37M,-2.53M,-64.9%,<.01%
86722A103,SXC,SUNCOKE ENERGY INC,811850,-316211,6.54M,-2.55M,-28%,<.01%
553530106,MSM,MSC INDL DIRECT INC,392387,-21575,46.67M,-2.57M,-5.2%,<.01%
44952J104,CRGY,CRESCENT ENERGY COMPANY,916418,-262196,9M,-2.57M,-22.2%,<.01%
981475106,WKC,WORLD KINECT CORPORATION,731090,-79470,24.08M,-2.62M,-9.8%,<.01%
62957HAL9,NBR,NABORS INDS INC,0,-2898000,0,-2.62M,CLOSE,0%
410867105,THG,HANOVER INS GROUP INC,72923,-12253,15.61M,-2.62M,-14.4%,<.01%
92333F101,VG,VENTURE GLOBAL INC,13194,-237810,146.85K,-2.65M,-94.7%,<.01%
922908538,VOT,VANGUARD INDEX FDS,243289,-8663,74.52M,-2.65M,-3.4%,<.01%
58039P305,MUX,MCEWEN INC.,609404,-147634,11.05M,-2.68M,-19.5%,<.01%
65487K100,LASR,NLIGHT INC,1062847,-38939,74M,-2.71M,-3.5%,<.01%
26853E102,EH,EHANG HLDGS LTD,0,-281900,0,-2.74M,CLOSE,0%
64135M105,NGNE,NEUROGENE INC,295561,-87086,9.3M,-2.74M,-22.8%,<.01%
464287887,IJT,ISHARES TR,1862555,-15567,332.65M,-2.78M,-0.8%,0.01%
004225108,ACAD,ACADIA PHARMACEUTICALS INC,240384,-109956,6.08M,-2.78M,-31.4%,<.01%
G36738105,FDP,DEL MONTE CORP,15350,-99682,428.41K,-2.78M,-86.7%,<.01%
90353W103,UI,UBIQUITI INC,4144,-5274,2.21M,-2.82M,-56%,<.01%
G9456A100,GLNG,GOLAR LNG LTD,639466,-56962,31.87M,-2.84M,-8.2%,<.01%
929236107,WDFC,WD 40 CO,3981,-11699,969.94K,-2.85M,-74.6%,<.01%
929566107,WNC,WABASH NATL CORP,2121553,-212662,28.64M,-2.87M,-9.1%,<.01%
103002101,BWMN,BOWMAN CONSULTING GROUP LTD,2399322,-101568,70.06M,-2.97M,-4.1%,<.01%
718968100,PXED,PHOENIX ED PARTNERS INC,1292,-90865,42.44K,-2.98M,-98.6%,<.01%
31609A859,FCLO,FIDELITY COVINGTON TRUST,415000,-60000,20.82M,-3.01M,-12.6%,<.01%
314911108,FRMI,FERMI INC,75237,-329054,689.17K,-3.01M,-81.4%,<.01%
G87264100,TGLS,TECNOGLASS INC,6641222,-65245,310.88M,-3.05M,-1%,0.01%
400506101,PAC,GRUPO AEROPORTUNARIO DEL PAC,2316,-12119,586.39K,-3.07M,-84%,<.01%
00509G209,ABOS,ACUMEN PHARMACEUTICALS INC,7530,-1149816,20.11K,-3.07M,-99.3%,<.01%
05577W200,DOO,BRP INC,3358673,-50709,205.16M,-3.1M,-1.5%,<.01%
91332U101,U,UNITY SOFTWARE INC,5813235,-108530,166.14M,-3.1M,-1.8%,<.01%
46269C102,IRDM,IRIDIUM COMMUNICATIONS INC,483117,-56936,26.5M,-3.12M,-10.5%,<.01%
29445S100,EQPT,EQUIPMENTSHARE COM INC,541100,-159000,10.64M,-3.13M,-22.7%,<.01%
00971TAL5,AKAM,AKAMAI TECHNOLOGIES INC,12335000,-2630000,14.78M,-3.15M,-17.6%,<.01%
006739106,ADUS,ADDUS HOMECARE CORP,317226,-32033,31.87M,-3.22M,-9.2%,<.01%
940923105,WBI,WATERBRIDGE INFRASTRUCTURE L,3869296,-94478,132.6M,-3.24M,-2.4%,<.01%
87971M103,TU,TELUS CORPORATION,358924,-306670,3.8M,-3.24M,-46.1%,<.01%
01021M104,AKTS,AKTIS ONCOLOGY INC,285631,-100748,9.21M,-3.25M,-26.1%,<.01%
72919P202,PLUG,PLUG PWR INC,4017359,-1199197,10.89M,-3.25M,-23%,<.01%
35137L204,FOX,FOX CORP,1439775,-69587,67.44M,-3.26M,-4.6%,<.01%
570535104,MKL,MARKEL GROUP INC,10070,-1684,19.67M,-3.29M,-14.3%,<.01%
902681105,UGI,UGI CORP NEW,13986188,-96239,483.08M,-3.32M,-0.7%,0.02%
N82405106,STLA,STELLANTIS N.V,839251,-579790,4.82M,-3.33M,-40.9%,<.01%
G72800108,PRTA,PROTHENA CORP PLC,7199218,-352000,70.48M,-3.45M,-4.7%,<.01%
336901103,SRCE,1ST SOURCE CORP,83780,-42392,6.83M,-3.46M,-33.6%,<.01%
500643200,KFY,KORN FERRY,12254,-52039,815.9K,-3.46M,-80.9%,<.01%
817323405,SQNS,SEQUANS COMMUNICATIONS S A,0,-1383682,0,-3.5M,CLOSE,0%
740444104,PLPC,PREFORMED LINE PRODS CO,75806,-8595,31.12M,-3.53M,-10.2%,<.01%
055622104,BP,BP PLC,2082397,-95762,76.94M,-3.54M,-4.4%,<.01%
433313103,HNGE,HINGE HEALTH INC,1849,-43216,153.47K,-3.59M,-95.9%,<.01%
92337F107,VCYT,VERACYTE INC,7702746,-61103,452.38M,-3.59M,-0.8%,0.02%
316092782,FVAL,FIDELITY COVINGTON TRUST,1637699,-46088,127.63M,-3.59M,-2.7%,<.01%
18539C204,CWEN,CLEARWAY ENERGY INC,282795,-105158,9.67M,-3.59M,-27.1%,<.01%
969457100,WMB,WILLIAMS COS INC,4439145,-48471,330.01M,-3.6M,-1.1%,0.01%
87318A101,TWFG,TWFG INC,1119,-150162,26.92K,-3.61M,-99.3%,<.01%
Y2106R110,LPG,DORIAN LPG LTD,290707,-104168,10.11M,-3.62M,-26.4%,<.01%
835699307,SONY,SONY GROUP CORP,4863244,-180965,97.56M,-3.63M,-3.6%,<.01%
87164F105,SNDX,SYNDAX PHARMACEUTICALS INC,5574,-168419,121.85K,-3.68M,-96.8%,<.01%
928254101,VIRT,VIRTU FINL INC,4724931,-62653,281.46M,-3.73M,-1.3%,0.01%
464288356,CMF,ISHARES TR,1742213,-64816,100.42M,-3.74M,-3.6%,<.01%
36237H101,GIII,G III APPAREL GROUP LTD,6406,-111036,215.95K,-3.74M,-94.5%,<.01%
26969P108,EXP,EAGLE MATLS INC,3627934,-16636,816.28M,-3.74M,-0.5%,0.04%
01973R101,ALSN,ALLISON TRANSMISSION HLDGS I,12417518,-33393,1.4B,-3.76M,-0.3%,0.06%
483497103,KALV,KALVISTA PHARMACEUTICALS INC,0,-187848,0,-3.78M,CLOSE,0%
384637104,GHC,GRAHAM HLDGS CO,1392,-3326,1.59M,-3.8M,-70.5%,<.01%
87650L103,TARS,TARSUS PHARMACEUTICALS INC,672949,-60385,42.36M,-3.8M,-8.2%,<.01%
83056P715,SKE,SKEENA RES LTD NEW,3117200,-142700,83.08M,-3.8M,-4.4%,<.01%
76171L106,REYN,REYNOLDS CONSUMER PRODS INC,2838971,-142787,76.23M,-3.83M,-4.8%,<.01%
03823UAE2,AAOI,APPLIED OPTOELECTRONICS INC,0,-1780000,0,-3.96M,CLOSE,0%
74267C106,PRA,PROASSURANCE CORP,0,-161970,0,-4M,CLOSE,0%
05945F103,BANF,BANCFIRST CORP,11779,-36141,1.31M,-4.02M,-75.4%,<.01%
410120109,HWC,HANCOCK WHITNEY CORPORATION,7276921,-54087,543.73M,-4.04M,-0.7%,0.02%
921943858,VEA,VANGUARD TAX-MANAGED FDS,15510513,-56861,1.11B,-4.05M,-0.4%,0.05%
85423L103,SARO,STANDARDAERO INC,3699843,-136510,110.66M,-4.08M,-3.6%,<.01%
78377T107,RHP,RYMAN HOSPITALITY PPTYS INC,916760,-31806,117.85M,-4.09M,-3.4%,<.01%
335834107,FNWB,FIRST NORTHWEST BANCORP,0,-471129,0,-4.09M,CLOSE,0%
L8681T102,SPOT,SPOTIFY TECHNOLOGY S A,1016083,-9103,466.51M,-4.18M,-0.9%,0.02%
133034108,CAC,CAMDEN NATL CORP,1330677,-77094,72.15M,-4.18M,-5.5%,<.01%
05463X106,AXGN,AXOGEN INC,1222864,-91156,56.48M,-4.21M,-6.9%,<.01%
896095106,TCBK,TRICO BANCSHARES,2811996,-78252,151.43M,-4.21M,-2.7%,<.01%
78464A409,SPYG,SPDR SERIES TRUST,1812961,-35687,215.72M,-4.25M,-1.9%,<.01%
60365F109,MMED,MINIMED GROUP INC,1080689,-284311,16.16M,-4.25M,-20.8%,<.01%
88025U109,TXG,10X GENOMICS INC,17629266,-111706,675.91M,-4.28M,-0.6%,0.03%
98139A105,WK,WORKIVA INC,1697045,-88678,82.32M,-4.3M,-5%,<.01%
49427F108,KRC,KILROY REALTY CORP,809444,-115555,30.33M,-4.33M,-12.5%,<.01%
70202LAD4,PSN,PARSONS CORP DEL,9787000,-4425000,9.63M,-4.35M,-31.1%,<.01%
44930G107,ICUI,ICU MED INC,283195,-29728,41.52M,-4.36M,-9.5%,<.01%
359694106,FUL,FULLER H B CO,1085750,-75083,63.29M,-4.38M,-6.5%,<.01%
70439P108,PAY,PAYMENTUS HOLDINGS INC,307324,-182140,7.42M,-4.4M,-37.2%,<.01%
432748101,HTH,HILLTOP HLDGS INC,4617,-114365,179.04K,-4.43M,-96.1%,<.01%
14575E105,CARS,CARS COM INC,8384750,-409772,91.73M,-4.48M,-4.7%,<.01%
816212302,RNAC,CARTESIAN THERAPEUTICS INC,368429,-431314,3.84M,-4.49M,-53.9%,<.01%
92204A405,VFH,VANGUARD WORLD FD,930485,-34159,122.45M,-4.5M,-3.5%,<.01%
12662P108,CVI,CVR ENERGY INC,516413,-164636,14.22M,-4.53M,-24.2%,<.01%
53228F101,LFST,LIFESTANCE HEALTH GROUP INC,58252466,-433014,623.88M,-4.64M,-0.7%,0.03%
138103106,CTLP,CANTALOUPE INC,0,-434812,0,-4.7M,CLOSE,0%
86765Q106,SUNC,SUNOCOCORP LLC,4974162,-69546,336.6M,-4.71M,-1.4%,0.01%
98956P102,ZBH,ZIMMER BIOMET HOLDINGS INC,45686,-55070,3.93M,-4.74M,-54.7%,<.01%
00181T107,GOLD,GOLD COM INC,324518,-114499,13.5M,-4.76M,-26.1%,<.01%
M6158M104,ITRN,ITURAN LOCATION AND CONTROL,863710,-78211,52.69M,-4.77M,-8.3%,<.01%
465741106,ITRI,ITRON INC,164884,-55186,14.27M,-4.78M,-25.1%,<.01%
88331L108,SKIN,SKINHEALTH SYSTEMS INC,10201685,-6981546,7.06M,-4.83M,-40.6%,<.01%
974637100,WGO,WINNEBAGO INDS INC,1995,-155000,62.32K,-4.84M,-98.7%,<.01%
019330109,ALNT,ALLIENT INC,2015087,-47577,207.41M,-4.9M,-2.3%,<.01%
45720N103,INBX,INHIBRX BIOSCIENCES INC,1134,-51674,107.49K,-4.9M,-97.9%,<.01%
65249B208,NWS,NEWS CORP NEW,210814,-176421,5.92M,-4.95M,-45.6%,<.01%
31816X106,FLY,FIREFLY AEROSPACE INC,10916,-169282,320.94K,-4.98M,-93.9%,<.01%
76655K103,RGTI,RIGETTI COMPUTING INC,809943,-257961,15.65M,-4.98M,-24.2%,<.01%
G52441105,KMTS,KESTRA MED TECHNOLOGIES LTD,5523647,-197407,140.52M,-5.02M,-3.5%,<.01%
G491BT108,IVZ,INVESCO LTD,386607,-192174,10.2M,-5.07M,-33.2%,<.01%
74276R102,PRVA,PRIVIA HEALTH GROUP INC,12848437,-197105,330.59M,-5.07M,-1.5%,0.01%
18539C105,CWENA,CLEARWAY ENERGY INC,0,-130752,0,-5.12M,CLOSE,0%
45579U109,INDV,INDIVIOR PHARMACEUTICALS INC,402415,-125299,16.51M,-5.14M,-23.7%,<.01%
130788102,CWT,CALIFORNIA WTR SVC GROUP,1281406,-108608,62.34M,-5.28M,-7.8%,<.01%
554489104,VRE,VERIS RESIDENTIAL INC,0,-280640,0,-5.3M,CLOSE,0%
46124J201,IVT,INVENTRUST PPTYS CORP,1956436,-149896,69.26M,-5.31M,-7.1%,<.01%
81369Y886,XLU,SELECT SECTOR SPDR TR,443917,-117201,20.13M,-5.31M,-20.9%,<.01%
67011P100,DNOW,DNOW INC,13097,-412217,169.87K,-5.35M,-96.9%,<.01%
115637209,BF.B,BROWN FORMAN CORP,12577525,-201788,335.19M,-5.38M,-1.6%,0.01%
464288646,IGSB,ISHARES TR,2245918,-102667,117.71M,-5.38M,-4.4%,<.01%
78462F103,SPY,STATE STR SPDR S&P 500 ETF T,4159436,-7281,3.11B,-5.44M,-0.2%,0.13%
922908744,VTV,VANGUARD INDEX FDS,4519995,-24989,985.04M,-5.45M,-0.5%,0.04%
922908751,VB,VANGUARD INDEX FDS,1157296,-17981,350.8M,-5.45M,-1.5%,0.02%
46434V290,SMLF,ISHARES TR,720940,-61628,64.26M,-5.49M,-7.9%,<.01%
G11448100,BTDR,BITDEER TECHNOLOGIES GROUP,304256,-349188,4.83M,-5.54M,-53.4%,<.01%
02005N100,ALLY,ALLY FINL INC,2960662,-121145,136.04M,-5.57M,-3.9%,<.01%
464287481,IWP,ISHARES TR,1138018,-38518,166.62M,-5.64M,-3.3%,<.01%
874080104,TAL,TAL ED GROUP,2434993,-591158,23.3M,-5.66M,-19.5%,<.01%
030111207,AMSC,AMERICAN SUPERCONDUCTOR CORP,10354,-136939,429.79K,-5.68M,-93%,<.01%
464288372,IGF,ISHARES TR,351727,-85807,23.43M,-5.71M,-19.6%,<.01%
78454L100,SM,SM ENERGY COMPANY,3798218,-220198,99.13M,-5.75M,-5.5%,<.01%
G3223R108,EG,EVEREST GROUP LTD,83760,-16250,29.92M,-5.8M,-16.2%,<.01%
126349AH2,CSGS,CSG SYS INTL INC,0,-4773000,0,-5.81M,CLOSE,0%
41068X100,HASI,HA SUSTAINABLE INFRA CAP INC,2046349,-149374,79.91M,-5.83M,-6.8%,<.01%
922908637,VV,VANGUARD INDEX FDS,1515972,-17074,521.36M,-5.87M,-1.1%,0.02%
19239V302,CCOI,COGENT COMM HOLDINGS INC,165173,-423615,2.29M,-5.88M,-71.9%,<.01%
82981J851,SITC,SITE CTRS CORP,1411740,-1490927,5.6M,-5.92M,-51.4%,<.01%
27616P301,DEA,EASTERLY GOVT PPTYS INC,9681,-237565,241.34K,-5.92M,-96.1%,<.01%
297178105,ESS,ESSEX PPTY TR INC,147429,-20358,42.99M,-5.94M,-12.1%,<.01%
65406E102,NIC,NICOLET BANKSHARES INC,12225,-36189,2.02M,-5.99M,-74.7%,<.01%
60786M105,MC,MOELIS & CO,32960,-91985,2.16M,-6.02M,-73.6%,<.01%
86272C103,STRA,STRATEGIC ED INC,2350,-80399,180.02K,-6.16M,-97.2%,<.01%
055477103,BCAX,BICARA THERAPEUTICS INC,1893070,-207859,56.21M,-6.17M,-9.9%,<.01%
28035Q102,EPC,EDGEWELL PERSONAL CARE CO,11406,-229916,306.38K,-6.18M,-95.3%,<.01%
399473206,GRPN,GROUPON INC,5567,-260514,133.94K,-6.27M,-97.9%,<.01%
896522109,TRN,TRINITY INDS INC,127223,-183762,4.4M,-6.35M,-59.1%,<.01%
233051150,USSG,DBX ETF TR,628688,-91933,43.67M,-6.39M,-12.8%,<.01%
88556E102,TDUP,THREDUP INC,2126272,-936732,14.56M,-6.42M,-30.6%,<.01%
08265TAD1,BSY,BENTLEY SYS INC,0,-6809000,0,-6.46M,CLOSE,0%
565788AH9,MARA,MARA HOLDINGS INC,3584000,-6680000,3.47M,-6.47M,-65.1%,<.01%
057665200,BCPC,BALCHEM CORP,560255,-38415,94.66M,-6.49M,-6.4%,<.01%
015271109,ARE,ALEXANDRIA REAL ESTATE EQ IN,446873,-122810,23.62M,-6.49M,-21.6%,<.01%
172062101,CINF,CINCINNATI FINL CORP,82733,-35376,15.32M,-6.55M,-30%,<.01%
090043100,BILL,BILL HOLDINGS INC,746353,-181569,26.99M,-6.57M,-19.6%,<.01%
80517M109,SVV,SAVERS VALUE VLG INC,272774,-654403,2.75M,-6.6M,-70.6%,<.01%
410495204,HAFC,HANMI FINL CORP,11826,-204077,383.14K,-6.61M,-94.5%,<.01%
00912X302,AL,AIR LEASE CORP,0,-102096,0,-6.63M,CLOSE,0%
640491106,NEOG,NEOGEN CORP,1165781,-739562,10.48M,-6.65M,-38.8%,<.01%
877619106,TSHA,TAYSHA GENE THERAPIES INC,13336413,-984842,90.82M,-6.71M,-6.9%,<.01%
372303206,GMAB,GENMAB A/S,764694,-247032,21.01M,-6.79M,-24.4%,<.01%
74164F103,PRIM,PRIMORIS SVCS CORP,637265,-68727,63.17M,-6.81M,-9.7%,<.01%
05464T104,AXSM,AXSOME THERAPEUTICS INC.,1539163,-27832,376.74M,-6.81M,-1.8%,0.02%
L6388F110,TIGO,MILLICOM INTL CELLULAR S A,486807,-75092,44.18M,-6.82M,-13.4%,<.01%
11135E203,BNL,BROADSTONE NET LEASE INC,16728,-333327,345.78K,-6.89M,-95.2%,<.01%
82452JAD1,FOUR,SHIFT4 PMTS INC,0,-7353000,0,-6.89M,CLOSE,0%
44891N208,IAC,PEOPLE INC,32195,-150879,1.49M,-6.96M,-82.4%,<.01%
50187T106,LGIH,LGI HOMES INC,3385,-111224,215.56K,-7.08M,-97%,<.01%
92206C730,VONE,VANGUARD SCOTTSDALE FDS,727608,-21151,246.46M,-7.16M,-2.8%,0.01%
550249106,LMRI,LUMEXA IMAGING HOLDINGS INC,151687,-642902,1.71M,-7.25M,-80.9%,<.01%
25434V302,DFAE,DIMENSIONAL ETF TRUST,9655546,-180398,388.25M,-7.25M,-1.8%,0.02%
844741108,LUV,SOUTHWEST AIRLS CO,9621712,-141948,494.75M,-7.3M,-1.5%,0.02%
002120202,ATYR,ATYR PHARMA INC,2471418,-12235425,1.47M,-7.3M,-83.2%,<.01%
36467J108,GLPI,GAMING & LEISURE P,1308901,-164126,58.29M,-7.31M,-11.1%,<.01%
609027107,MCRI,MONARCH CASINO & RESORT INC,129036,-56051,16.98M,-7.38M,-30.3%,<.01%
54975P201,LU,LUFAX HOLDING LTD,0,-3947314,0,-7.38M,CLOSE,0%
76169C100,REXR,REXFORD INDL RLTY INC,297845,-221674,9.98M,-7.43M,-42.7%,<.01%
420261109,HWKN,HAWKINS INC,63437,-53176,9.01M,-7.56M,-45.6%,<.01%
922020805,VTIP,VANGUARD MALVERN FDS,4790222,-152343,240.61M,-7.65M,-3.1%,0.01%
84920Y106,SPWH,SPORTSMANS WHSE HLDGS INC,652,-5771354,867,-7.67M,-100%,<.01%
03040WBE4,AWK,AMERICAN WTR CAP CORP,0,-7694000,0,-7.68M,CLOSE,0%
680033107,ONB,OLD NATL BANCORP IND,34734848,-296753,899.63M,-7.69M,-0.8%,0.04%
886029206,THRY,THRYV HLDGS INC,4997,-1962184,19.69K,-7.73M,-99.7%,<.01%
898202106,TRUP,TRUPANION INC,1040565,-314001,25.77M,-7.78M,-23.2%,<.01%
700658107,PRK,PARK NATL CORP,7410,-43059,1.36M,-7.88M,-85.3%,<.01%
20337X109,VISN,VISTANCE NETWORKS INC,796142,-624530,10.17M,-7.98M,-44%,<.01%
52661A108,DRS,LEONARDO DRS INC,3470073,-187971,148.07M,-8.02M,-5.1%,<.01%
136375102,CNI,CANADIAN NATL RY CO,1824799,-68240,217.77M,-8.14M,-3.6%,<.01%
198516106,COLM,COLUMBIA SPORTSWEAR CO,69658,-131909,4.31M,-8.15M,-65.4%,<.01%
00724F101,ADBE,ADOBE INC,2795801,-39978,573.19M,-8.2M,-1.4%,0.02%
04272N102,AVBP,ARRIVENT BIOPHARMA INC,2778959,-237173,96.54M,-8.24M,-7.9%,<.01%
N00985106,AER,AERCAP HOLDINGS NV,690919,-56735,100.72M,-8.27M,-7.6%,<.01%
009158106,APD,AIR PRODUCTS AND CHEMICALS I,1318649,-28416,386.6M,-8.33M,-2.1%,0.02%
150870103,CE,CELANESE CORP DEL,906272,-182874,41.69M,-8.41M,-16.8%,<.01%
707569109,PENN,PENN ENTERTAINMENT INC,87814,-397114,1.88M,-8.48M,-81.9%,<.01%
14161WAD7,CDLX,CARDLYTICS INC,0,-31141000,0,-8.52M,CLOSE,0%
268150109,DT,DYNATRACE INC,150189,-193974,6.59M,-8.52M,-56.4%,<.01%
78573L106,SBRA,SABRA HEALTH CARE REIT INC,2955455,-446847,57.66M,-8.72M,-13.1%,<.01%
74251V102,PFG,PRINCIPAL FINANCIAL GROUP IN,462810,-81116,49.88M,-8.74M,-14.9%,<.01%
026874784,AIG,AMERICAN INTL GROUP INC,2341635,-117746,174.52M,-8.78M,-4.8%,<.01%
16115Q308,GTLS,CHART INDS INC,312702,-42519,65.34M,-8.88M,-12%,<.01%
05561Q201,BOKF,BOK FINL CORP,1353708,-64482,188M,-8.96M,-4.5%,<.01%
011642105,ALRM,ALARM COM HLDGS INC,775426,-193699,36.23M,-9.05M,-20%,<.01%
402635502,GPOR,GULFPORT ENERGY CORP,861942,-53592,146.27M,-9.09M,-5.9%,<.01%
062540109,BOH,BANK HAWAII CORP,113229,-111920,9.23M,-9.12M,-49.7%,<.01%
134429109,CPB,THE CAMPBELLS COMPANY,511829,-410927,11.4M,-9.15M,-44.5%,<.01%
68989M202,OUST,OUSTER INC,86095,-148808,5.38M,-9.3M,-63.3%,<.01%
603170101,MLYS,MINERALYS THERAPEUTICS INC,4511689,-349415,121.73M,-9.43M,-7.2%,<.01%
471024109,JAN,JANUS LIVING INC,17,-332043,489,-9.55M,-100%,<.01%
808524847,SCHH,SCHWAB STRATEGIC TR,24732957,-403401,585.68M,-9.55M,-1.6%,0.03%
98954M200,Z,ZILLOW GROUP INC,2278314,-303240,71.81M,-9.56M,-11.7%,<.01%
84265V105,SCCO,SOUTHERN COPPER CORP,534900,-54909,93.21M,-9.57M,-9.3%,<.01%
65535H208,NMR,NOMURA HLDGS INC,3539254,-1090455,31.07M,-9.57M,-23.6%,<.01%
00847J105,AGYS,AGILYSYS INC,744802,-91633,77.83M,-9.58M,-11%,<.01%
447462102,HURN,HURON CONSULTING GROUP INC,490340,-107310,44.21M,-9.68M,-18%,<.01%
G65431127,NE,NOBLE CORP PLC,5254686,-264028,196M,-9.85M,-4.8%,<.01%
G01767105,ALKS,ALKERMES PLC,1134410,-189337,59.44M,-9.92M,-14.3%,<.01%
83406F102,SOFI,SOFI TECHNOLOGIES INC,695835,-555764,12.48M,-9.96M,-44.4%,<.01%
09239B109,BL,BLACKLINE INC,528117,-357264,14.82M,-10.03M,-40.4%,<.01%
22160N109,CSGP,COSTAR GROUP INC,2474902,-356622,70.09M,-10.1M,-12.6%,<.01%
443573100,HUBS,HUBSPOT INC,1692362,-55909,308.87M,-10.2M,-3.2%,0.01%
89677Q107,TCOM,TRIP COM GROUP LTD,1887874,-256882,75.21M,-10.23M,-12%,<.01%
038169207,APLD,APPLIED DIGITAL CORP,161916,-276116,6.04M,-10.3M,-63%,<.01%
916896103,UEC,URANIUM ENERGY CORP,689172,-967946,7.35M,-10.32M,-58.4%,<.01%
529043408,LXP,LXP INDUSTRIAL TRUST,404409,-193248,21.79M,-10.41M,-32.3%,<.01%
94106L109,WM,WASTE MGMT INC DEL,849535,-46721,189.34M,-10.41M,-5.2%,<.01%
91704F104,UE,URBAN EDGE PPTYS,18432638,-460760,421.74M,-10.54M,-2.4%,0.02%
052800109,ALV,AUTOLIV INC,2463913,-90772,286.23M,-10.54M,-3.6%,0.01%
69366J200,PTCT,PTC THERAPEUTICS INC,1398261,-130101,114.06M,-10.61M,-8.5%,<.01%
163851108,CC,CHEMOURS CO,330889,-518034,6.79M,-10.63M,-61%,<.01%
29430C102,VSTS,VESTIS CORPORATION,9822941,-747271,142.63M,-10.85M,-7.1%,<.01%
872657101,TPG,TPG INC,37862,-268350,1.54M,-10.88M,-87.6%,<.01%
217204106,CPRT,COPART INC,1257211,-389537,35.44M,-10.98M,-23.7%,<.01%
92939U106,WEC,WEC ENERGY GROUP INC,1219960,-94042,142.45M,-10.98M,-7.2%,<.01%
81725T100,SXT,SENSIENT TECHNOLOGIES CORP,489599,-90046,60.36M,-11.1M,-15.5%,<.01%
68170A108,OMDA,OMADA HEALTH INC,2775102,-513278,60.91M,-11.27M,-15.6%,<.01%
316188838,FAAA,FIDELITY MERRIMACK STR TR,10960,-225000,549.7K,-11.28M,-95.4%,<.01%
55306NAB0,MKSI,MKS INC.,44028000,-3834000,129.6M,-11.29M,-8%,<.01%
256677105,DG,DOLLAR GEN CORP,489464,-99252,56.34M,-11.42M,-16.9%,<.01%
00191U102,EFOR,EVERFORTH INC,42383,-649443,757.39K,-11.61M,-93.9%,<.01%
604749AB7,MIRM,MIRUM PHARMACEUTICALS INC,3413000,-3142000,12.62M,-11.62M,-47.9%,<.01%
443320106,HUBG,HUB GROUP INC,131458,-265972,5.76M,-11.65M,-66.9%,<.01%
67059N108,NTNX,NUTANIX INC,39607144,-228874,2.02B,-11.66M,-0.6%,0.09%
68389X204,ORCLPR,ORACLE CORP,1333238,-260536,59.84M,-11.69M,-16.3%,<.01%
02390A101,AMX,AMERICA MOVIL SAB DE CV,24474821,-452209,636.1M,-11.75M,-1.8%,0.03%
86627T108,SMMT,SUMMIT THERAPEUTICS INC,10043947,-809252,146.34M,-11.79M,-7.5%,<.01%
267475101,DY,DYCOM INDS INC,936407,-23375,473.44M,-11.82M,-2.4%,0.02%
464287465,EFA,ISHARES TR,8501459,-113948,883.13M,-11.84M,-1.3%,0.04%
165167735,EXE,EXPAND ENERGY CORPORATION,1908674,-130313,174.05M,-11.88M,-6.4%,<.01%
05605H100,BWXT,BWX TECHNOLOGIES INC,759071,-61423,147.75M,-11.96M,-7.5%,<.01%
03076K108,ABCB,AMERIS BANCORP,710879,-133113,64.16M,-12.01M,-15.8%,<.01%
G0250X149,AMCR,AMCOR PLC,1319234,-278486,57.19M,-12.07M,-17.4%,<.01%
04040Y109,ARIS,ARIS MINING CORPORATION,2610600,-814200,38.93M,-12.14M,-23.8%,<.01%
34959J108,FTV,FORTIVE CORP,359364,-200346,21.95M,-12.24M,-35.8%,<.01%
811916105,SA,SEABRIDGE GOLD INC,0,-433900,0,-12.3M,CLOSE,0%
76029N106,REPL,REPLIMUNE GROUP INC,929375,-1116115,10.29M,-12.36M,-54.6%,<.01%
N53745100,LYB,LYONDELLBASELL INDUSTRIES NV,8281129,-237076,436M,-12.48M,-2.8%,0.02%
G0450A105,ACGL,ARCH CAP GROUP LTD,1582311,-129180,153.58M,-12.54M,-7.5%,<.01%
M7518J104,ODD,ODDITY TECH LTD,1199425,-828774,18.15M,-12.54M,-40.9%,<.01%
464287200,IVV,ISHARES TR,6009148,-16793,4.5B,-12.58M,-0.3%,0.2%
25179M103,DVN,DEVON ENERGY CORP NEW,3208910,-305539,132.59M,-12.62M,-8.7%,<.01%
29670E107,EPRT,ESSENTIAL PPTYS RLTY TR INC,3877691,-423493,115.75M,-12.64M,-9.8%,<.01%
40049J206,TV,GRUPO TELEVISA S A B,0,-4346696,0,-12.65M,CLOSE,0%
291011104,EMR,EMERSON ELEC CO,4041677,-88552,578.57M,-12.68M,-2.1%,0.03%
43283X105,HGV,HILTON GRAND VACATIONS INC,2807205,-242991,147.01M,-12.73M,-8%,<.01%
30040P103,EVTC,EVERTEC INC,8798971,-458175,244.44M,-12.73M,-4.9%,0.01%
464287606,IJK,ISHARES TR,4492033,-108531,527.81M,-12.75M,-2.4%,0.02%
780287108,RGLD,ROYAL GOLD INC,794731,-63933,158.64M,-12.76M,-7.4%,<.01%
G8588X103,SGHC,SUPER GROUP SGHC LIMITED,377244,-949075,5.11M,-12.86M,-71.6%,<.01%
750491102,RDNT,RADNET INC,11821,-210537,729.02K,-12.98M,-94.7%,<.01%
57060D108,MKTX,MARKETAXESS HLDGS INC,1404998,-114423,159.45M,-12.99M,-7.5%,<.01%
46138E354,SPLV,INVESCO EXCH TRADED FD TR II,2186519,-173639,163.77M,-13.01M,-7.4%,<.01%
32054K103,FR,FIRST INDL RLTY TR INC,285261,-212971,17.49M,-13.06M,-42.7%,<.01%
98978V103,ZTS,ZOETIS INC,380570,-182055,27.35M,-13.08M,-32.4%,<.01%
59100U108,CASH,PATHWARD FINANCIAL INC,1803772,-152743,157.04M,-13.3M,-7.8%,<.01%
387328AD9,GVA,GRANITE CONSTR INC,4070000,-4030000,13.45M,-13.32M,-49.8%,<.01%
729273102,PLBC,PLUMAS BANCORP,194999,-230425,11.4M,-13.47M,-54.2%,<.01%
09062W204,BLFS,BIOLIFE SOLUTIONS INC,993106,-477146,28.05M,-13.47M,-32.5%,<.01%
472145AF8,JAZZ,JAZZ INVESTMENTS I LTD,0,-11129000,0,-13.5M,CLOSE,0%
436893200,HOMB,HOME BANCSHARES INC,478534,-472929,13.66M,-13.5M,-49.7%,<.01%
30069T101,EE,EXCELERATE ENERGY INC,480346,-358641,18.25M,-13.62M,-42.7%,<.01%
03940C100,ACLX,ARCELLX INC,0,-119378,0,-13.71M,CLOSE,0%
143130102,KMX,CARMAX INC,202981,-260210,10.74M,-13.76M,-56.2%,<.01%
228903100,AORT,ARTIVION INC,1963471,-619956,44.12M,-13.93M,-24%,<.01%
80105N105,SNY,SANOFI SA,3678422,-331739,156.92M,-14.15M,-8.3%,<.01%
000360206,AAON,AAON INC,624170,-111802,79.18M,-14.18M,-15.2%,<.01%
12618T105,CRAI,CRA INTL INC,470178,-100002,66.91M,-14.23M,-17.5%,<.01%
915271100,UVSP,UNIVEST FINANCIAL CORPORATIO,1570525,-331799,68.71M,-14.52M,-17.4%,<.01%
565788AD8,MARA,MARA HOLDINGS INC,3125000,-13120000,3.47M,-14.59M,-80.8%,<.01%
626717102,MUR,MURPHY OIL CORP,2765612,-454773,90.05M,-14.81M,-14.1%,<.01%
552953101,MGM,MGM RESORTS INTERNATIONAL,855928,-311905,40.92M,-14.91M,-26.7%,<.01%
75734B100,RDDT,REDDIT INC,2830225,-86235,491.27M,-14.97M,-3%,0.02%
31624J729,FYEE,FIDELITY GREENWOOD STREET TR,0,-560037,0,-15.19M,CLOSE,0%
50050N103,KTB,KONTOOR BRANDS INC,1832840,-183587,152.75M,-15.3M,-9.1%,<.01%
65249B109,NWSA,NEWS CORP NEW,96383,-626058,2.39M,-15.55M,-86.7%,<.01%
880881107,TERN,TERNS PHARMACEUTICALS INC,0,-295622,0,-15.59M,CLOSE,0%
032724106,ANAB,ANAPTYSBIO INC,240511,-232193,16.23M,-15.67M,-49.1%,<.01%
57667L107,MTCH,MATCH GROUP INC NEW,353081,-415137,13.43M,-15.8M,-54%,<.01%
23128Q101,CURB,CURBLINE PPTYS CORP,3749290,-524226,113.98M,-15.94M,-12.3%,<.01%
09290C863,BALI,BLACKROCK ETF TRUST,1818179,-474337,61.51M,-16.05M,-20.7%,<.01%
74435K204,PUK,PRUDENTIAL PLC,3461802,-599561,92.81M,-16.07M,-14.8%,<.01%
04621X108,AIZ,ASSURANT INC,689904,-60457,185.26M,-16.23M,-8.1%,<.01%
988498101,YUM,YUM BRANDS INC,2507287,-101875,400.82M,-16.29M,-3.9%,0.02%
87241L109,TFII,TFI INTERNATIONAL INC,3538405,-113816,509.34M,-16.38M,-3.1%,0.02%
109641100,EAT,BRINKER INTL INC,6429386,-97785,1.08B,-16.43M,-1.5%,0.05%
69376K106,RPC,RIDGEPOST CAP INC,3228648,-2098007,25.41M,-16.51M,-39.4%,<.01%
G29018101,DLO,DLOCAL LTD,310043,-1272044,4.03M,-16.53M,-80.4%,<.01%
26622P107,DOCS,DOXIMITY INC,36852,-797369,764.32K,-16.54M,-95.6%,<.01%
45258D105,IMCR,IMMUNOCORE HLDGS PLC,4307246,-521908,136.76M,-16.57M,-10.8%,<.01%
092244102,BRCB,BLACK ROCK COFFEE BAR INC,10742,-2028037,89.05K,-16.81M,-99.5%,<.01%
42238D107,HTFL,HEARTFLOW INC,4820944,-576858,141.45M,-16.93M,-10.7%,<.01%
11285B108,BEPC,BROOKFIELD RENEWABLE CORP,1232742,-459005,45.76M,-17.04M,-27.1%,<.01%
95805V108,WRN,WESTERN COPPER & GOLD CORP,0,-6820533,0,-17.31M,CLOSE,0%
89422GAA5,TVTX,TRAVERE THERAPEUTICS INC,1462000,-9390000,2.71M,-17.38M,-86.5%,<.01%
95058W100,WEN,WENDYS CO,133480,-2110522,1.11M,-17.5M,-94.1%,<.01%
185123106,CWAN,CLEARWATER ANALYTICS HLDGS I,0,-739874,0,-17.5M,CLOSE,0%
023586506,UHALB,U HAUL HOLDING COMPANY,4216288,-306611,243.28M,-17.69M,-6.8%,0.01%
52603A208,LC,HAPPEN INC,35283,-853575,731.76K,-17.7M,-96%,<.01%
92189H300,EMLC,VANECK ETF TRUST,1575535,-693047,40.27M,-17.71M,-30.5%,<.01%
87151X101,SYM,SYMBOTIC INC,1426279,-395286,64.11M,-17.77M,-21.7%,<.01%
10806XAB8,BBIO,BRIDGEBIO PHARMA INC,5802000,-10005000,10.32M,-17.79M,-63.3%,<.01%
69349H107,TXNM,TXNM ENERGY INC,113718,-314220,6.46M,-17.84M,-73.4%,<.01%
925283103,VSNT,VERSANT MEDIA GROUP INC,1339528,-495784,48.24M,-17.85M,-27%,<.01%
126349109,CSGS,CSG SYS INTL INC,0,-223626,0,-17.88M,CLOSE,0%
871332102,SLVM,SYLVAMO CORP,30386,-473344,1.15M,-17.89M,-94%,<.01%
88262P102,TPL,TEXAS PACIFIC LAND CORPORATI,23514,-40926,10.29M,-17.91M,-63.5%,<.01%
81211K100,SEE,SEALED AIR CORP NEW,0,-427905,0,-17.99M,CLOSE,0%
G98239109,XP,XP INC,7976508,-1109197,129.7M,-18.04M,-12.2%,<.01%
671044AF2,OSIS,OSI SYSTEMS INC,4866000,-13640000,6.49M,-18.19M,-73.7%,<.01%
46578C108,IE,IVANHOE ELECTRIC INC,9016823,-1899434,86.65M,-18.25M,-17.4%,<.01%
93148P102,WD,WALKER & DUNLOP INC,6948,-334247,380.04K,-18.28M,-98%,<.01%
92206C706,VGIT,VANGUARD SCOTTSDALE FDS,3794788,-310907,223.82M,-18.34M,-7.6%,<.01%
32051X108,FHB,FIRST HAWAIIAN INC,4435589,-628877,129.96M,-18.43M,-12.4%,<.01%
68622V106,OGN,ORGANON & CO,1187549,-1371143,16.08M,-18.57M,-53.6%,<.01%
23282WAC4,CYTK,CYTOKINETICS INC,1605000,-10935000,2.73M,-18.58M,-87.2%,<.01%
092528603,BINC,BLACKROCK ETF TRUST II,680644,-355698,35.62M,-18.62M,-34.3%,<.01%
88339J105,TTD,THE TRADE DESK INC,1648042,-1031174,29.8M,-18.64M,-38.5%,<.01%
H11356104,BG,BUNGE GLOBAL SA,3091116,-174768,329.91M,-18.65M,-5.4%,0.01%
445658107,JBHT,HUNT J B TRANS SVCS INC,186057,-64906,53.85M,-18.79M,-25.9%,<.01%
62944T105,NVR,NVR INC,5706,-2788,38.88M,-19M,-32.8%,<.01%
87265H109,TPH,TRI POINTE HOMES INC,0,-407397,0,-19.04M,CLOSE,0%
45073V108,ITT,ITT INC,4822715,-96320,953.74M,-19.05M,-2%,0.04%
894164102,TNL,TRAVEL PLUS LEISURE CO,33938,-251260,2.59M,-19.2M,-88.1%,<.01%
031100100,AME,AMETEK INC,4277408,-80845,1.03B,-19.56M,-1.9%,0.04%
008073108,AVAV,AEROVIRONMENT INC,4497,-118602,742.32K,-19.58M,-96.3%,<.01%
428103105,HESM,HESS MIDSTREAM LP,1206735,-521500,45.37M,-19.61M,-30.2%,<.01%
81663L200,WGS,GENEDX HOLDINGS CORP,7132,-288489,489.62K,-19.81M,-97.6%,<.01%
50077B207,KTOS,KRATOS DEFENSE & SEC SOLUTIO,1063406,-398552,53.02M,-19.87M,-27.3%,<.01%
313855108,FSS,FEDERAL SIGNAL CORP,1492118,-154686,191.72M,-19.88M,-9.4%,<.01%
91688F104,UPWK,UPWORK INC,687435,-2382836,5.75M,-19.92M,-77.6%,<.01%
81369Y506,XLE,SELECT SECTOR SPDR TR,176838,-378738,9.39M,-20.11M,-68.2%,<.01%
450056106,IRTC,IRHYTHM HOLDINGS INC,1191982,-169937,141.79M,-20.21M,-12.5%,<.01%
453838609,IBCP,INDEPENDENT BK CORP MICH,5158,-560995,186.06K,-20.24M,-99.1%,<.01%
31624J620,FFUT,FIDELITY GREENWOOD STREET TR,3705052,-360066,213.22M,-20.72M,-8.9%,<.01%
45857P806,IHG,INTERCONTINENTAL HOTELS GROU,5916383,-121013,1.02B,-20.95M,-2%,0.04%
10806X102,BBIO,BRIDGEBIO PHARMA INC,2061307,-282447,153.53M,-21.04M,-12.1%,<.01%
732908108,PONY,PONY AI INC,10812608,-3098318,75.15M,-21.53M,-22.3%,<.01%
000868109,ACNB,ACNB CORP,621,-363041,36.88K,-21.56M,-99.8%,<.01%
M7S64H106,MNDY,MONDAY COM LTD,361843,-300077,26.19M,-21.72M,-45.3%,<.01%
N90064101,QURE,UNIQURE NV,1270068,-473740,58.5M,-21.82M,-27.2%,<.01%
92277GAZ0,VTR,VENTAS RLTY LTD PARTNERSHIP,0,-14783000,0,-21.98M,CLOSE,0%
64828T201,RITM,RITHM CAPITAL CORP,654308,-2350963,6.14M,-22.08M,-78.2%,<.01%
441593100,HLI,HOULIHAN LOKEY INC,690813,-165211,92.66M,-22.16M,-19.3%,<.01%
03957W106,AROC,ARCHROCK INC,3603575,-544764,146.7M,-22.18M,-13.1%,<.01%
78442P106,SLM,SLM CORP,17052007,-864462,442.33M,-22.42M,-4.8%,0.02%
83418M103,SEI,SOLARIS ENERGY INFRAS INC,1581402,-281159,127.24M,-22.62M,-15.1%,<.01%
691497309,OXM,OXFORD INDS INC,1498971,-650929,52.27M,-22.7M,-30.3%,<.01%
760759100,RSG,REPUBLIC SVCS INC,4544104,-106840,968.26M,-22.77M,-2.3%,0.04%
G7997R103,STX,SEAGATE TECHNOLOGY HLDNGS PL,8153134,-23784,7.87B,-22.95M,-0.3%,0.34%
294429105,EFX,EQUIFAX INC,1349817,-144970,214.24M,-23.01M,-9.7%,<.01%
127097103,CTRA,COTERRA ENERGY INC,0,-666381,0,-23.42M,CLOSE,0%
281020107,EIX,EDISON INTL,4464503,-315132,332.38M,-23.46M,-6.6%,0.01%
002474104,AZZ,AZZ INC,1450299,-153051,224.87M,-23.73M,-9.5%,<.01%
100557107,SAM,BOSTON BEER INC,60625,-134740,10.73M,-23.85M,-69%,<.01%
366651107,IT,GARTNER INC,315238,-184032,40.86M,-23.85M,-36.9%,<.01%
464287499,IWR,ISHARES TR,3871981,-216676,427.16M,-23.9M,-5.3%,0.02%
12763L105,CDRE,CADRE HLDGS INC,2475623,-843573,70.58M,-24.05M,-25.4%,<.01%
903731107,ULS,UL SOLUTIONS INC,1388891,-236118,141.47M,-24.05M,-14.5%,<.01%
698884103,PAR,PAR TECHNOLOGY CORP,745236,-1386613,12.98M,-24.15M,-65%,<.01%
124411109,BY,BYLINE BANCORP INC,182355,-643714,6.87M,-24.24M,-77.9%,<.01%
81369Y605,XLF,SELECT SECTOR SPDR TR,3851680,-453346,206.49M,-24.3M,-10.5%,<.01%
682189AS4,ON,ON SEMICONDUCTOR CORP,35925000,-13414000,65.34M,-24.4M,-27.2%,<.01%
91532F102,UMAC,UNUSUAL MACHS INC,2454,-1095146,54.72K,-24.42M,-99.8%,<.01%
155923105,CTRI,CENTURI HOLDINGS INC,5381938,-811527,162.75M,-24.54M,-13.1%,<.01%
099502106,BAH,BOOZ ALLEN HAMILTON HLDG COR,182825,-407602,11.09M,-24.73M,-69%,<.01%
761152107,RMD,RESMED INC,216630,-127007,42.22M,-24.75M,-37%,<.01%
20786W107,CNOB,CONNECTONE BANCORP INC,1595745,-746171,53.36M,-24.95M,-31.9%,<.01%
33748L101,FWRG,FIRST WATCH RESTAURANT GROUP,50833,-1944288,655.24K,-25.06M,-97.5%,<.01%
92540K109,VTMX,VESTA REAL ESTATE CORP,805255,-732704,27.63M,-25.14M,-47.6%,<.01%
40415F101,HDB,HDFC BANK LTD,5312554,-975894,137.22M,-25.21M,-15.5%,<.01%
53190C102,LTH,LIFE TIME GROUP HOLDINGS INC,737509,-617565,30.12M,-25.22M,-45.6%,<.01%
205887102,CAG,CONAGRA BRANDS INC,543156,-1876622,7.31M,-25.26M,-77.6%,<.01%
03152W109,FOLD,AMICUS THERAPEUTIC,0,-1753843,0,-25.36M,CLOSE,0%
53815P108,RAMP,LIVERAMP HLDGS INC,123636,-674614,4.65M,-25.39M,-84.5%,<.01%
31846B108,FA,FIRST ADVANTAGE CORP NEW,7652905,-1424776,138.13M,-25.72M,-15.7%,<.01%
398182303,AHR,AMERICAN HEALTHCARE REIT INC,4568191,-496180,238.23M,-25.88M,-9.8%,0.01%
023608102,AEE,AMEREN CORP,4786206,-229988,541.03M,-26M,-4.6%,0.02%
592688105,MTD,METTLER TOLEDO INTERNATIONAL,35088,-20400,44.82M,-26.06M,-36.8%,<.01%
72703X106,PL,PLANET LABS PBC,2394982,-787554,79.35M,-26.09M,-24.7%,<.01%
97650W108,WTFC,WINTRUST FINL CORP,5122321,-164061,823.26M,-26.37M,-3.1%,0.04%
69370C100,PTC,PTC INC,254075,-232335,28.87M,-26.4M,-47.8%,<.01%
55293N109,MDA,MDA SPACE LTD,3238200,-639900,133.8M,-26.44M,-16.5%,<.01%
98980F104,GTM,ZOOMINFO TECHNOLOGIES INC,6882728,-9061469,20.17M,-26.55M,-56.8%,<.01%
361448103,GATX,GATX CORP,397767,-149912,70.48M,-26.56M,-27.4%,<.01%
808524755,FNDF,SCHWAB STRATEGIC TR,1225873,-503564,64.68M,-26.57M,-29.1%,<.01%
039653100,ACA,ARCOSA INC,46674,-185005,6.78M,-26.88M,-79.9%,<.01%
46187W107,INVH,INVITATION HOMES INC,17367397,-894688,524.67M,-27.03M,-4.9%,0.02%
29446Y502,EQX,EQUINOX GOLD CORP,3915967,-2784034,38.16M,-27.13M,-41.6%,<.01%
902252105,TYL,TYLER TECHNOLOGIES INC,46427,-93148,13.58M,-27.24M,-66.7%,<.01%
422806109,HEI,HEICO CORP NEW,1447918,-76714,515.73M,-27.32M,-5%,0.02%
31946M103,FCNCA,FIRST CTZNS BANCSHARES INC D,121519,-13148,252.86M,-27.36M,-9.8%,0.01%
46429B689,EFAV,ISHARES TR,7315650,-316289,641.66M,-27.74M,-4.1%,0.03%
737446104,POST,POST HLDGS INC,516577,-314592,45.59M,-27.77M,-37.8%,<.01%
53115L104,LBRT,LIBERTY ENERGY INC,394331,-1070907,10.33M,-28.05M,-73.1%,<.01%
29082A107,EMBJ,EMBRAER S.A.,69345,-445677,4.42M,-28.43M,-86.5%,<.01%
75524B104,RBC,RBC BEARINGS INC,1320365,-44224,850.39M,-28.48M,-3.2%,0.04%
29272W109,ENR,ENERGIZER HLDGS INC,3921945,-1329890,84.09M,-28.51M,-25.3%,<.01%
88076W103,TDC,TERADATA CORP DEL,36935,-825470,1.28M,-28.6M,-95.7%,<.01%
284902509,EGO,ELDORADO GOLD CORP NEW,2891290,-930210,89.99M,-28.95M,-24.3%,<.01%
16679L109,CHWY,CHEWY INC,2830417,-1491787,55.62M,-29.31M,-34.5%,<.01%
808524730,FNDE,SCHWAB STRATEGIC TR,14722704,-739111,584.2M,-29.33M,-4.8%,0.03%
45258J102,IMVT,IMMUNOVANT INC,16186469,-761419,623.66M,-29.34M,-4.5%,0.03%
82900L102,SMPL,SIMPLY GOOD FOODS CO,600198,-2220440,7.97M,-29.49M,-78.7%,<.01%
91307C102,UTHR,UNITED THERAPEUTICS CORP DEL,473409,-54937,256.51M,-29.77M,-10.4%,0.01%
P73684113,OSW,ONESPAWORLD HOLDINGS LIMITED,1353889,-1061892,38.23M,-29.99M,-44%,<.01%
45866F104,ICE,INTERCONTINENTAL EXCHANGE IN,6340751,-243991,780.61M,-30.04M,-3.7%,0.03%
227046109,CROX,CROCS INC,3507502,-249091,423.15M,-30.05M,-6.6%,0.02%
148929102,CAVA,CAVA GROUP INC,5528752,-383015,433.9M,-30.06M,-6.5%,0.02%
03076C106,AMP,AMERIPRISE FINL INC,1157398,-65568,530.97M,-30.08M,-5.4%,0.02%
172573107,CRCL,CIRCLE INTERNET GROUP INC,999980,-483608,62.63M,-30.29M,-32.6%,<.01%
36162J106,GEO,GEO GROUP INC,17186,-1025550,507.86K,-30.31M,-98.4%,<.01%
920253101,VMI,VALMONT INDS INC,174122,-52781,100.57M,-30.49M,-23.3%,<.01%
832696405,SJM,SMUCKER J M CO,1922137,-271623,216.24M,-30.56M,-12.4%,<.01%
053774105,CAR,AVIS BUDGET GROUP INC,81456,-206944,12.04M,-30.59M,-71.8%,<.01%
007973AE0,AEIS,ADVANCED ENERGY INDS,0,-12893000,0,-30.99M,CLOSE,0%
48242W106,KBR,KBR INC,18053338,-916543,623.38M,-31.65M,-4.8%,0.03%
600544100,MLKN,MILLERKNOLL INC,2092428,-1547753,42.81M,-31.67M,-42.5%,<.01%
55405Y100,MTSI,MACOM TECH SOLUTIONS HLDGS I,10527144,-83296,4B,-31.68M,-0.8%,0.17%
45245E109,IMAX,IMAX CORP,2322400,-794974,92.57M,-31.69M,-25.5%,<.01%
86366E106,GPCR,STRUCTURE THERAPEUTICS INC,7810306,-593143,419.18M,-31.83M,-7.1%,0.02%
316092816,FDMO,FIDELITY COVINGTON TRUST,2731087,-324819,269.2M,-32.02M,-10.6%,0.01%
87165B103,SYF,SYNCHRONY FINANCIAL,1170603,-422299,89.02M,-32.12M,-26.5%,<.01%
156431108,CENX,CENTURY ALUM CO,1960353,-699701,90.2M,-32.19M,-26.3%,<.01%
428050108,HSAI,HESAI GROUP,1913991,-1768178,34.87M,-32.22M,-48%,<.01%
90984P303,UCB,UNITED CMNTY BKS BLAIRSVLE G,8027052,-923183,281.67M,-32.39M,-10.3%,0.01%
00402L107,ASO,ACADEMY SPORTS & OUTDOORS IN,9288389,-693926,437.76M,-32.7M,-7%,0.02%
674599105,OXY,OCCIDENTAL PETE CORP,3721356,-674878,180.75M,-32.78M,-15.4%,<.01%
103304101,BYD,BOYD GAMING CORP,953017,-372320,84.18M,-32.89M,-28.1%,<.01%
842587107,SO,SOUTHERN CO,22537244,-350690,2.16B,-33.56M,-1.5%,0.09%
29273V100,ET,ENERGY TRANSFER L P,21972865,-1782630,420.12M,-34.08M,-7.5%,0.02%
237266101,DAR,DARLING INGREDIENTS INC,3757112,-629446,205.21M,-34.38M,-14.3%,<.01%
724078209,PIPR,PIPER SANDLER COMPANIES,134514,-476595,9.73M,-34.48M,-78%,<.01%
896239100,TRMB,TRIMBLE INC,80894,-673962,4.14M,-34.49M,-89.3%,<.01%
58733R102,MELI,MERCADOLIBRE INC,142698,-20584,242.21M,-34.94M,-12.6%,0.01%
04965M106,ATAT,ATOUR LIFESTYLE HLDGS LTD,3765242,-1115119,119.73M,-35.46M,-22.8%,<.01%
149568107,CVCO,CAVCO INDS INC DEL,109289,-58092,67.15M,-35.69M,-34.7%,<.01%
G7709Q104,RPRX,ROYALTY PHARMA PLC,24513814,-638428,1.37B,-35.8M,-2.5%,0.06%
47233W109,JEF,JEFFERIES FINANCIAL GROUP IN,142141,-717921,7.1M,-35.88M,-83.5%,<.01%
G4412G101,HLF,HERBALIFE LTD,2525538,-2741302,33.21M,-36.05M,-52%,<.01%
85914M107,STEP,STEPSTONE GROUP INC,121628,-873527,5.03M,-36.13M,-87.8%,<.01%
55024UAD1,LITE,LUMENTUM HLDGS INC,0,-5189000,0,-36.68M,CLOSE,0%
464287689,IWV,ISHARES TR,301846,-86102,128.71M,-36.71M,-22.2%,<.01%
M2197Q107,CLBT,CELLEBRITE DI LTD,5971666,-2517977,87.19M,-36.76M,-29.7%,<.01%
50012A108,KGS,KODIAK GAS SVCS INC,4072866,-490835,305.99M,-36.88M,-10.8%,0.01%
556269108,SHOO,MADDEN STEVEN LTD,7118821,-882097,299.7M,-37.14M,-11%,0.01%
89679M104,TFPM,TRIPLE FLAG PRECIOUS METAL,4669027,-1246423,139.9M,-37.35M,-21.1%,<.01%
19260QAB3,COIN,COINBASE GLOBAL INC,0,-37970000,0,-37.66M,CLOSE,0%
125896100,CMS,CMS ENERGY CORP,661356,-492733,50.59M,-37.69M,-42.7%,<.01%
042735100,ARW,ARROW ELECTRS INC,842279,-177607,179.75M,-37.9M,-17.4%,<.01%
87724P106,TMHC,TAYLOR MORRISON HOME CORP,1171456,-528699,84.04M,-37.93M,-31.1%,<.01%
09739D100,BCC,BOISE CASCADE CO DEL,4762,-489166,369.68K,-37.97M,-99%,<.01%
35086T109,FCPT,FOUR CORNERS PPTY TR INC,7108538,-1573640,174.51M,-38.63M,-18.1%,<.01%
58502B106,MD,PEDIATRIX MEDICAL GROUP INC,741386,-1526048,18.78M,-38.65M,-67.3%,<.01%
90041L105,TPB,TURNING PT BRANDS INC,67944,-456398,5.76M,-38.71M,-87%,<.01%
952845105,WFG,WEST FRASER TIMBER CO LTD,531868,-577444,36.01M,-39.09M,-52.1%,<.01%
378973507,GSAT,GLOBALSTAR INC,418658,-490355,34.03M,-39.86M,-53.9%,<.01%
98980L101,ZM,ZOOM COMMUNICATIONS INC,7198258,-462014,621.28M,-39.88M,-6%,0.03%
316092527,FSMD,FIDELITY COVINGTON TRUST,16109104,-754958,851.37M,-39.9M,-4.5%,0.04%
758750103,RRX,REGAL REXNORD CORPORATION,4532944,-167943,1.08B,-40M,-3.6%,0.05%
759530108,RELX,RELX PLC,2186039,-1275057,69.23M,-40.38M,-36.8%,<.01%
01881G106,AB,ALLIANCEBERNSTEIN HLDG L P,0,-1078857,0,-40.39M,CLOSE,0%
49456B101,KMI,KINDER MORGAN INC DEL,16581098,-1303204,530.1M,-41.66M,-7.3%,0.02%
12008R107,BLDR,BUILDERS FIRSTSOURCE INC,795290,-471014,71.16M,-42.15M,-37.2%,<.01%
688239201,OSK,OSHKOSH CORP,1701599,-275377,261.16M,-42.26M,-13.9%,0.01%
68390D106,OR,OR ROYALTIES INC.,1963673,-1337206,62.18M,-42.34M,-40.5%,<.01%
66987E206,NG,NOVAGOLD RESOURCES INC,14990494,-7141964,89.52M,-42.65M,-32.3%,<.01%
G3643J108,FLUT,FLUTTER ENTMT PLC,623740,-430678,63.55M,-43.88M,-40.8%,<.01%
74935Q107,RBA,RB GLOBAL INC,2654975,-376993,309.16M,-43.9M,-12.4%,0.01%
820014405,SBET,SHARPLINK INC,9348731,-9213124,44.87M,-44.22M,-49.6%,<.01%
501889208,LKQ,LKQ CORP,2426666,-1681891,63.89M,-44.28M,-40.9%,<.01%
76009N100,UPBD,UPBOUND GROUP INC,3312579,-2095235,70.29M,-44.46M,-38.7%,<.01%
695156109,PKG,PACKAGING CORP AMER,1010216,-187179,240.71M,-44.6M,-15.6%,0.01%
950755108,WERN,WERNER ENTERPRISES INC,3765725,-1042300,164.22M,-45.45M,-21.7%,<.01%
436440101,HOLX,HOLOGIC INC,0,-604606,0,-45.7M,CLOSE,0%
647581206,EDU,NEW ORIENTAL ED & TECHNOLOGY,952436,-998260,43.73M,-45.83M,-51.2%,<.01%
346375108,FORM,FORMFACTOR INC,35819,-290013,5.73M,-46.38M,-89%,<.01%
34959E109,FTNT,FORTINET INC,3087344,-303136,474.28M,-46.57M,-8.9%,0.02%
594972408,MSTR,STRATEGY INC,439718,-535937,38.22M,-46.59M,-54.9%,<.01%
364760108,GAP,GAP INC,4421014,-2504398,82.58M,-46.78M,-36.2%,<.01%
01625V104,ALHC,ALIGNMENT HEALTHCARE INC,13924329,-1967735,331.54M,-46.85M,-12.4%,0.01%
697900108,PAAS,PAN AMERN SILVER CORP,226148,-1050500,10.13M,-47.07M,-82.3%,<.01%
G29183103,ETN,EATON CORP PLC,8331531,-110723,3.55B,-47.18M,-1.3%,0.15%
N3144W105,XPRO,EXPRO GROUP HOLDINGS NV,6652271,-3195730,98.25M,-47.2M,-32.5%,<.01%
418056107,HAS,HASBRO INC,1768668,-573098,146.07M,-47.33M,-24.5%,<.01%
45104G104,IBN,ICICI BANK LIMITED,620897,-1632986,18.02M,-47.41M,-72.5%,<.01%
71654V408,PBR,PETROLEO BRASILEIRO S A,7417593,-2933793,119.87M,-47.41M,-28.3%,<.01%
M7516K103,NVMI,NOVA LTD,2671472,-87721,1.45B,-47.62M,-3.2%,0.06%
553368101,MP,MP MATERIALS CORP,43424,-854886,2.43M,-47.88M,-95.2%,<.01%
464287622,IWB,ISHARES TR,9942793,-117017,4.07B,-47.92M,-1.2%,0.18%
55024UAF6,LITE,LUMENTUM HLDGS INC,2036000,-7365000,13.28M,-48.05M,-78.3%,<.01%
525327102,LDOS,LEIDOS HOLDINGS INC,1731409,-467362,178.28M,-48.12M,-21.3%,<.01%
49845K101,KVYO,KLAVIYO INC,6566155,-3220927,99.15M,-48.64M,-32.9%,<.01%
925815102,VICR,VICOR CORP,37254,-128072,14.15M,-48.64M,-77.5%,<.01%
97785W106,WOLF,WOLFSPEED INC,583593,-1013792,28.16M,-48.92M,-63.5%,<.01%
39874R101,GO,GROCERY OUTLET HLDG CORP,40460,-4964334,403.79K,-49.54M,-99.2%,<.01%
61774R841,EVTR,MORGAN STANLEY ETF TRUST,3029286,-979124,153.62M,-49.65M,-24.4%,<.01%
25278X109,FANG,DIAMONDBACK ENERGY INC,4594399,-283880,807.6M,-49.9M,-5.8%,0.04%
05969A105,TBBK,BANCORP INC DEL,1100832,-797022,68.96M,-49.93M,-42%,<.01%
671044105,OSIS,OSI SYSTEMS INC,1738166,-228922,380.14M,-50.07M,-11.6%,0.02%
302941109,FCN,FTI CONSULTING INC,1210542,-336442,180.38M,-50.13M,-21.7%,<.01%
866674104,SUI,SUN CMNTYS INC,4565468,-418348,547.45M,-50.16M,-8.4%,0.02%
636180101,NFG,NATIONAL FUEL GAS CO,159606,-652518,12.32M,-50.38M,-80.3%,<.01%
254604101,IRON,DISC MEDICINE INC,4894473,-692421,357.98M,-50.64M,-12.4%,0.02%
01741R102,ATI,ATI INC,4989171,-258004,983.37M,-50.85M,-4.9%,0.04%
G1890L107,CPRI,CAPRI HOLDINGS LIMITED,8029528,-2738728,149.11M,-50.86M,-25.4%,<.01%
03852U106,ARMK,ARAMARK,2623764,-907587,149.29M,-51.64M,-25.7%,<.01%
93627C101,HCC,WARRIOR MET COAL INC,2103756,-644715,170.74M,-52.33M,-23.5%,<.01%
277276101,EGP,EASTGROUP PPTYS INC,267774,-259260,54.23M,-52.51M,-49.2%,<.01%
23331A109,DHI,D R HORTON INC,9440491,-323107,1.54B,-52.63M,-3.3%,0.07%
47103U845,JAAA,JANUS DETROIT STR TR,28070,-1058704,1.42M,-53.45M,-97.4%,<.01%
773903109,ROK,ROCKWELL AUTOMATION INC,361553,-108877,179M,-53.9M,-23.1%,<.01%
871829107,SYY,SYSCO CORP,2654824,-645633,221.89M,-53.96M,-19.6%,<.01%
464288638,IGIB,ISHARES TR,2236586,-1015035,118.92M,-53.97M,-31.2%,<.01%
776696106,ROP,ROPER TECHNOLOGIES INC,231129,-160141,78.21M,-54.19M,-40.9%,<.01%
816300107,SIGI,SELECTIVE INS GROUP INC,1941671,-559560,188.36M,-54.28M,-22.4%,<.01%
V7780T103,RCL,ROYAL CARIBBEAN GROUP,860808,-171501,273.33M,-54.46M,-16.6%,0.01%
32055Y201,FIBK,FIRST INTST BANCSYSTEM INC,2463971,-1413225,95.01M,-54.49M,-36.4%,<.01%
00404A109,ACHC,ACADIA HEALTHCARE COMPANY IN,5015727,-1851951,148.11M,-54.69M,-27%,<.01%
40171V100,GWRE,GUIDEWIRE SOFTWARE INC,99923,-447088,12.3M,-55.01M,-81.7%,<.01%
46222L108,IONQ,IONQ INC,660126,-1035059,35.16M,-55.13M,-61.1%,<.01%
053807103,AVT,AVNET INC,1851470,-621783,164.45M,-55.23M,-25.1%,<.01%
90138F102,TWLO,TWILIO INC,11273330,-267760,2.33B,-55.25M,-2.3%,0.1%
35905A109,FTDR,FRONTDOOR INC,1197710,-712851,92.93M,-55.31M,-37.3%,<.01%
46434V621,DGRO,ISHARES TR,4564459,-730922,345.94M,-55.4M,-13.8%,0.02%
11276H106,BIPC,BROOKFIELD INFRASTRUCTURE CO,3798694,-1446487,146.25M,-55.69M,-27.6%,<.01%
316092824,FDLO,FIDELITY COVINGTON TRUST,8130998,-818506,555.63M,-55.93M,-9.1%,0.02%
852234103,XYZ,BLOCK INC,2452918,-740349,186.42M,-56.27M,-23.2%,<.01%
58506Q109,MEDP,MEDPACE HLDGS INC,54197,-106388,28.7M,-56.34M,-66.3%,<.01%
06849F108,B,BARRICK MNG CORP,15190807,-1551278,558.45M,-57.03M,-9.3%,0.02%
293792107,EPD,ENTERPRISE PRODS PARTNERS L,5785898,-1560577,212.69M,-57.37M,-21.2%,<.01%
931142103,WMT,WALMART INC,31265128,-512321,3.54B,-58.03M,-1.6%,0.15%
316841105,FIG,FIGMA INC,17519489,-3215959,316.93M,-58.18M,-15.5%,0.01%
46429B598,INDA,ISHARES TR,875065,-1179265,43.22M,-58.24M,-57.4%,<.01%
87422Q109,TLN,TALEN ENERGY CORP,392737,-151940,150.91M,-58.38M,-27.9%,<.01%
82846H405,QXO,QXO INC,1205494,-3390269,20.83M,-58.58M,-73.8%,<.01%
45841N107,IBKR,INTERACTIVE BROKERS GROUP IN,11828151,-673133,1.03B,-58.59M,-5.4%,0.04%
337932107,FE,FIRSTENERGY CORP,2245838,-1268206,106.77M,-60.29M,-36.1%,<.01%
85254J102,STAG,STAG INDUSTRIAL INC,12657464,-1587645,481.74M,-60.43M,-11.1%,0.02%
099724106,BWA,BORGWARNER INC,1054386,-912936,70.01M,-60.62M,-46.4%,<.01%
83443Q103,SOLS,SOLSTICE ADVANCED MATLS INC,1806205,-696430,160.03M,-61.7M,-27.8%,<.01%
70432V102,PAYC,PAYCOM SOFTWARE INC,695908,-501428,87.46M,-63.02M,-41.9%,<.01%
49446R109,KIM,KIMCO REALTY CORP,21489248,-2491120,544.75M,-63.15M,-10.4%,0.02%
007973100,AEIS,ADVANCED ENERGY INDS,1416875,-169775,528.31M,-63.3M,-10.7%,0.02%
55024UAH2,LITE,LUMENTUM HLDGS INC,0,-6264000,0,-63.35M,CLOSE,0%
30161Q104,EXEL,EXELIXIS INC,1147913,-1178477,62.46M,-64.12M,-50.7%,<.01%
46138G649,QQQM,INVESCO EXCH TRADED FD TR II,1864379,-216486,564.85M,-65.59M,-10.4%,0.02%
464285204,IAU,ISHARES GOLD TR,13824915,-883984,1.04B,-66.75M,-6%,0.05%
81180WBL4,STX,SEAGATE HDD CAYMAN,300000,-5724000,3.5M,-66.78M,-95%,<.01%
98850P109,YUMC,YUM CHINA HLDGS INC,2846819,-1640380,116.3M,-67.01M,-36.6%,<.01%
78709Y105,SAIA,SAIA INC,94706,-160645,39.89M,-67.66M,-62.9%,<.01%
44332N106,HTHT,H WORLD GROUP LTD,4513192,-1626312,188.29M,-67.85M,-26.5%,<.01%
29786A106,ETSY,ETSY INC,1842385,-902139,138.79M,-67.96M,-32.9%,<.01%
31488V107,FERG,FERGUSON ENTERPRISES INC,7559923,-287383,1.79B,-68.23M,-3.7%,0.08%
88339P101,REAL,THE REALREAL INC,5045191,-5872562,59.48M,-69.24M,-53.8%,<.01%
960413102,WLK,WESTLAKE CORPORATION,361243,-951230,26.37M,-69.44M,-72.5%,<.01%
G02602103,DOX,AMDOCS LTD,10032313,-1386259,507.03M,-70.06M,-12.1%,0.02%
313745101,FRT,FEDERAL RLTY INVT TR NEW,715033,-568305,88.26M,-70.15M,-44.3%,<.01%
98420N105,XENE,XENON PHARMACEUTICALS INC,9647998,-1170493,582.35M,-70.65M,-10.8%,0.03%
86765K109,SUN,SUNOCO LP/SUNOCO FIN CORP,2587682,-1049332,174.67M,-70.83M,-28.9%,<.01%
86333M108,LRN,STRIDE INC,8604,-821336,742.04K,-70.83M,-99%,<.01%
316092352,FBCG,FIDELITY COVINGTON TRUST,18629104,-1142511,1.16B,-70.96M,-5.8%,0.05%
30212P303,EXPE,EXPEDIA GROUP INC,1567884,-277578,401.19M,-71.03M,-15%,0.02%
011659109,ALK,ALASKA AIR GROUP INC,2178811,-1374053,113.73M,-71.73M,-38.7%,<.01%
303250104,FICO,FAIR ISAAC CORP,113796,-60353,135.96M,-72.11M,-34.7%,<.01%
75281A109,RRC,RANGE RES CORP,12598360,-1941022,468.53M,-72.19M,-13.4%,0.02%
20825C104,COP,CONOCOPHILLIPS,28697376,-696103,2.98B,-72.37M,-2.4%,0.13%
21036P108,STZ,CONSTELLATION BRANDS INC,4600566,-525977,639.89M,-73.16M,-10.3%,0.03%
76243J105,RYTM,RHYTHM PHARMACEUTICALS INC,1025840,-663831,113.9M,-73.71M,-39.3%,<.01%
405024100,HAE,HAEMONETICS CORP MASS,288054,-987832,21.6M,-74.09M,-77.4%,<.01%
521865204,LEA,LEAR CORP,1194926,-553051,160.19M,-74.14M,-31.6%,<.01%
78467V848,TOTL,SSGA ACTIVE ETF TR,11920830,-1898919,470.52M,-74.95M,-13.7%,0.02%
579780206,MKC,MCCORMICK & CO INC,1262015,-1487961,63.63M,-75.02M,-54.1%,<.01%
485924104,KRMN,KARMAN HLDGS INC,6868619,-1507759,342.88M,-75.27M,-18%,0.01%
189054109,CLX,CLOROX CO DEL,678445,-790670,64.75M,-75.46M,-53.8%,<.01%
59151K108,MEOH,METHANEX CORP,100984,-1636844,4.66M,-75.61M,-94.2%,<.01%
278865100,ECL,ECOLAB INC,1526292,-274021,425.24M,-76.35M,-15.2%,0.02%
636274409,NGG,NATIONAL GRID PLC,4730132,-928320,391.99M,-76.93M,-16.4%,0.02%
942622200,WSO,WATSCO INC,1705273,-185049,710.64M,-77.12M,-9.8%,0.03%
629377508,NRG,NRG ENERGY INC,16880449,-528623,2.47B,-77.21M,-3%,0.11%
46434G103,IEMG,ISHARES INC,20648030,-935914,1.71B,-77.53M,-4.3%,0.07%
674215207,CHRD,CHORD ENERGY CORPORATION,3197906,-682555,365.52M,-78.02M,-17.6%,0.02%
465562106,ITUB,ITAU UNIBANCO HLDG S A,36560228,-9603665,298.7M,-78.46M,-20.8%,0.01%
79466L302,CRM,SALESFORCE INC,9381826,-504739,1.47B,-79.07M,-5.1%,0.06%
00751Y106,AAP,ADVANCE AUTO PARTS INC,13820,-1271261,859.87K,-79.1M,-98.9%,<.01%
466313103,JBL,JABIL INC,2235723,-208537,861.83M,-80.39M,-8.5%,0.04%
977852AP7,WOLF,WOLFSPEED INC,141000,-20524000,553.34K,-80.54M,-99.3%,<.01%
416515104,HIG,HARTFORD INSURANCE GROUP INC,10504786,-610341,1.39B,-80.88M,-5.5%,0.06%
64110D104,NTAP,NETAPP INC,758897,-525321,117.45M,-81.3M,-40.9%,<.01%
808625107,SAIC,SCIENCE APPLICATIONS INTL CO,83051,-739232,9.17M,-81.62M,-89.9%,<.01%
88031M109,TS,TENARIS S A,6760952,-1490807,375.17M,-82.72M,-18.1%,0.02%
516544103,LNTH,LANTHEUS HLDGS INC,3879971,-746482,430.44M,-82.81M,-16.1%,0.02%
558868105,MDGL,MADRIGAL PHARMACEUTICALS INC,356201,-155527,191.26M,-83.51M,-30.4%,<.01%
243537107,DECK,DECKERS OUTDOOR CORP,5286073,-846443,524.85M,-84.04M,-13.8%,0.02%
783513203,RYAAY,RYANAIR HOLDINGS PLC,9330183,-1322944,604.13M,-85.66M,-12.4%,0.03%
127203107,WHD,CACTUS INC,720035,-1683351,36.89M,-86.24M,-70%,<.01%
260003108,DOV,DOVER CORP,4366323,-385339,979.28M,-86.42M,-8.1%,0.04%
144285103,CRS,CARPENTER TECHNOLOGY CORP,4184698,-141407,2.58B,-87.23M,-3.3%,0.11%
958102AT2,WDC,WESTERN DIGITAL CORP,14696000,-5210000,247.78M,-87.84M,-26.2%,0.01%
126408103,CSX,CSX CORP,13318050,-1849146,633.01M,-87.89M,-12.2%,0.03%
81762P102,NOW,SERVICENOW INC,11395881,-889118,1.13B,-88.27M,-7.2%,0.05%
665531307,NOG,NORTHERN OIL & GAS INC,1500013,-4890520,27.23M,-88.76M,-76.5%,<.01%
50189K103,LCII,LCI INDS,1194677,-840034,126.49M,-88.94M,-41.3%,<.01%
50212V100,LPLA,LPL FINL HLDGS INC,981391,-316299,276.44M,-89.1M,-24.4%,0.01%
92276F100,VTR,VENTAS INC,26246531,-1004808,2.33B,-89.23M,-3.7%,0.1%
70975L107,PEN,PENUMBRA INC,211002,-285105,66.62M,-90.02M,-57.5%,<.01%
G85158106,STNE,STONECO LTD,1639421,-8357466,17.77M,-90.59M,-83.6%,<.01%
38526M106,LOPE,GRAND CANYON ED INC,2045279,-637031,292.7M,-91.17M,-23.7%,0.01%
218937100,CNR,CORE NATURAL RESOURCES INC,2895835,-1149930,231.72M,-92.02M,-28.4%,0.01%
049468101,TEAM,ATLASSIAN CORPORATION,1170524,-1190943,91.06M,-92.64M,-50.4%,<.01%
44951W106,IESC,IES HOLDINGS INC,2245587,-126158,1.65B,-92.68M,-5.3%,0.07%
68268W103,OMF,ONEMAIN HLDGS INC,3703833,-1521438,225.82M,-92.76M,-29.1%,<.01%
31624J745,FHEQ,FIDELITY GREENWOOD STREET TR,13942392,-2817615,459.12M,-92.78M,-16.8%,0.02%
318672706,FBP,FIRST BANCORP CORPORATION,6039458,-3627468,157.45M,-94.57M,-37.5%,<.01%
075887109,BDX,BECTON DICKINSON & CO,459929,-626787,69.6M,-94.85M,-57.7%,<.01%
693718108,PCAR,PACCAR INC,14642326,-790340,1.76B,-94.94M,-5.1%,0.08%
464287598,IWD,ISHARES TR,8896508,-394179,2.16B,-95.56M,-4.2%,0.09%
349381103,FIGR,FIGURE TECHNOLOGY SOLUTIO,9686887,-3120650,297.48M,-95.84M,-24.4%,0.01%
03743Q108,APA,APA CORPORATION,9834880,-2942653,320.32M,-95.84M,-23%,0.01%
097023204,BAPA,BOEING CO,7584160,-1420748,514.05M,-96.3M,-15.8%,0.02%
464287655,IWM,ISHARES TR,2612800,-321112,785.02M,-96.48M,-10.9%,0.03%
781846209,RUSHA,RUSH ENTERPRISES INC,7667295,-1323407,559.6M,-96.59M,-14.7%,0.02%
68404L201,OPCH,OPTION CARE HEALTH INC,1819131,-4606988,38.15M,-96.61M,-71.7%,<.01%
M2029K104,BIRK,BIRKENSTOCK HOLDING PLC,2786998,-2257871,119.92M,-97.16M,-44.8%,<.01%
881624209,TEVA,TEVA PHARMACEUTICAL INDS LTD,30258016,-2874779,1.03B,-97.4M,-8.7%,0.04%
G25508105,CRH,CRH PLC,38001498,-913741,4.07B,-97.77M,-2.3%,0.18%
443201108,HWM,HOWMET AEROSPACE INC,15412294,-363843,4.14B,-97.82M,-2.3%,0.18%
571903202,MAR,MARRIOTT INTL INC NEW,6812385,-265295,2.52B,-98.32M,-3.7%,0.11%
12503M108,CBOE,CBOE GLOBAL MKTS INC,4307122,-406400,1.05B,-98.62M,-8.6%,0.05%
69007J304,OUT,OUTFRONT MEDIA INC,12481592,-3012214,408.9M,-98.68M,-19.4%,0.02%
83304A106,SNAP,SNAP INC,66514779,-22227227,295.33M,-98.69M,-25%,0.01%
512816109,LAMR,LAMAR ADVERTISING CO,3170047,-633106,494.46M,-98.75M,-16.6%,0.02%
31609A206,FESM,FIDELITY COVINGTON TRUST,24935805,-2053010,1.2B,-99.14M,-7.6%,0.05%
78464A664,SPTL,SPDR SERIES TRUST,17508412,-3803056,459.25M,-99.75M,-17.8%,0.02%
88034P109,TME,TENCENT MUSIC ENTMT GROUP,28037,-12010397,234.11K,-100.29M,-99.8%,<.01%
741623102,PRMB,PRIMO BRANDS CORPORATION,25017739,-4120981,611.43M,-100.72M,-14.1%,0.03%
718546104,PSX,PHILLIPS 66,3728108,-599023,630.24M,-101.26M,-13.8%,0.03%
22822V101,CCI,CROWN CASTLE INC,1395084,-1337531,105.65M,-101.29M,-48.9%,<.01%
92846Q107,COCO,VITA COCO CO INC,3213969,-1541697,212.57M,-101.97M,-32.4%,<.01%
565394103,CART,MAPLEBEAR INC,3862064,-2157863,182.87M,-102.17M,-35.8%,<.01%
031162100,AMGN,AMGEN INC,3491822,-284608,1.26B,-103.06M,-7.5%,0.05%
172908105,CTAS,CINTAS CORP,6323643,-607524,1.08B,-103.33M,-8.8%,0.05%
36168Q104,GFL,GFL ENVIRONMENTAL INC,22638505,-2824366,832.47M,-103.86M,-11.1%,0.04%
29364G103,ETR,ENTERGY CORP NEW,13241867,-922716,1.52B,-105.98M,-6.5%,0.07%
925550105,VIAV,VIAVI SOLUTIONS INC,1643919,-2237042,78.5M,-106.82M,-57.6%,<.01%
46429B291,QLTA,ISHARES TR,23936,-2249066,1.14M,-106.87M,-98.9%,<.01%
26142V105,DKNG,DRAFTKINGS INC NEW,5071489,-4288490,128.11M,-108.33M,-45.8%,<.01%
67077M108,NTR,NUTRIEN LTD,5375974,-1732482,338.55M,-109.1M,-24.4%,0.01%
00760J108,AEHR,AEHR TEST SYS,1006830,-1135809,96.72M,-109.11M,-53%,<.01%
580135101,MCD,MCDONALDS CORP,3192355,-406621,862.93M,-109.91M,-11.3%,0.04%
891160509,TD,TORONTO DOMINION BK ONT,10130249,-910489,1.23B,-110.7M,-8.2%,0.05%
531229755,FWONK,LIBERTY MEDIA CORP DEL,1206424,-1168799,114.78M,-111.2M,-49.2%,<.01%
55087P104,LYFT,LYFT INC,10832298,-7707463,158.26M,-112.61M,-41.6%,<.01%
228368106,CCK,CROWN HLDGS INC,6591708,-1023963,737.08M,-114.5M,-13.4%,0.03%
22266T109,CPNG,COUPANG INC,9884389,-6650627,171.69M,-115.52M,-40.2%,<.01%
013091103,ACI,ALBERTSONS COMPANIES INC,7883146,-8773392,106.66M,-118.7M,-52.7%,<.01%
G8267P108,SW,SMURFIT WESTROCK PLC,7499469,-2592598,346.93M,-119.93M,-25.7%,0.02%
G8068L108,SN,SHARKNINJA INC,19374823,-788556,2.95B,-120.07M,-3.9%,0.13%
88023U101,SGI,SOMNIGROUP INTERNATIONAL INC,26326268,-1535152,2.06B,-120.36M,-5.5%,0.09%
36317J209,GLXY,GALAXY DIGITAL INC.,16498041,-4404614,451.06M,-120.42M,-21.1%,0.02%
30034W106,EVRG,EVERGY INC,8557681,-1401329,739.64M,-121.12M,-14.1%,0.03%
311900104,FAST,FASTENAL CO,5184345,-2525090,249M,-121.28M,-32.8%,0.01%
12541W209,CHRW,C H ROBINSON WORLDWIDE IN,3737396,-645064,703.9M,-121.49M,-14.7%,0.03%
496902404,KGC,KINROSS GOLD CORP,7130430,-5183686,168.71M,-122.65M,-42.1%,<.01%
46266C105,IQV,IQVIA HLDGS INC,1212670,-637457,234.31M,-123.17M,-34.5%,0.01%
26614N102,DD,DUPONT DE NEMOURS INC,0,-2727320,0,-124.91M,CLOSE,0%
025932104,AFG,AMERICAN FINANCIAL GROUP INC,5466871,-906568,765.03M,-126.87M,-14.2%,0.03%
783549108,R,RYDER SYS INC,159762,-484025,42.14M,-127.67M,-75.2%,<.01%
053332102,AZO,AUTOZONE INC,245701,-40018,785.25M,-127.9M,-14%,0.03%
01749D105,ALGM,ALLEGRO MICROSYSTEMS INC,25581021,-1840185,1.78B,-128.11M,-6.7%,0.08%
499049104,KNX,KNIGHT-SWIFT TRANSN HLDGS IN,8061153,-1645514,627.72M,-128.14M,-17%,0.03%
13321L108,CCJ,CAMECO CORP,7976686,-1262578,812.82M,-128.66M,-13.7%,0.04%
90353T100,UBER,UBER TECHNOLOGIES INC,24152976,-1814066,1.74B,-130.9M,-7%,0.08%
15135U109,CVE,CENOVUS ENERGY INC,23947379,-5331202,594.19M,-132.28M,-18.2%,0.03%
G0593M107,AZN,ASTRAZENECA PLC,28895264,-706460,5.42B,-132.47M,-2.4%,0.24%
26441C204,DUK,DUKE ENERGY CORP NEW,9703239,-1048914,1.23B,-132.77M,-9.8%,0.05%
00217D100,ASTS,AST SPACEMOBILE INC,781355,-1494224,69.43M,-132.78M,-65.7%,<.01%
655844108,NSC,NORFOLK SOUTHN CORP,1389376,-431335,437.08M,-135.69M,-23.7%,0.02%
296006109,ERO,ERO COPPER CORP,4486895,-5102204,119.81M,-136.24M,-53.2%,<.01%
70450Y103,PYPL,PAYPAL HLDGS INC,3685238,-3192024,159.13M,-137.83M,-46.4%,<.01%
947890109,WBS,WEBSTER FINL CORP,334996,-1822075,25.6M,-139.24M,-84.5%,<.01%
446413106,HII,HUNTINGTON INGALLS INDS INC,2598435,-499286,727.28M,-139.75M,-16.1%,0.03%
682189105,ON,ON SEMICONDUCTOR CORP,56679393,-1478948,5.36B,-139.82M,-2.5%,0.23%
G3198U102,ESNT,ESSENT GROUP LTD,2915486,-2178287,187.41M,-140.02M,-42.8%,<.01%
422806208,HEIA,HEICO CORP NEW,4794908,-543227,1.24B,-140.1M,-10.2%,0.05%
33768G107,FCFS,FIRSTCASH HOLDINGS INC,3047495,-650856,659.23M,-140.79M,-17.6%,0.03%
37733W204,GSK,GSK PLC,64961641,-2700005,3.41B,-141.53M,-4%,0.15%
577933104,MMS,MAXIMUS INC,5544432,-2633941,298.07M,-141.6M,-32.2%,0.01%
43300A203,HLT,HILTON WORLDWIDE HLDGS INC,11243230,-428984,3.72B,-141.76M,-3.7%,0.16%
369550108,GD,GENERAL DYNAMICS CORP,4101398,-400538,1.45B,-141.89M,-8.9%,0.06%
876030107,TPR,TAPESTRY INC,4123454,-975113,603.59M,-142.74M,-19.1%,0.03%
254543101,DIOD,DIODES INC,4380124,-1307610,479.36M,-143.1M,-23%,0.02%
19260Q107,COIN,COINBASE GLOBAL INC,253774,-979884,37.1M,-143.25M,-79.4%,<.01%
00370M103,ABVX,ABIVAX SA,191689,-1094684,25.54M,-145.88M,-85.1%,<.01%
G87052109,TEL,TE CONNECTIVITY PLC,1816187,-733363,366.16M,-147.85M,-28.8%,0.02%
009066101,ABNB,AIRBNB INC,6713883,-1038259,960.76M,-148.57M,-13.4%,0.04%
701094104,PH,PARKER-HANNIFIN CORP,3894862,-152555,3.81B,-149.22M,-3.8%,0.17%
88362T103,THR,THERMON GROUP HLDGS INC,0,-2970723,0,-149.72M,CLOSE,0%
M20791105,CAMT,CAMTEK LTD,27030,-952666,4.27M,-150.52M,-97.2%,<.01%
F21107101,CSTM,CONSTELLIUM SE,2194722,-4767046,69.95M,-151.93M,-68.5%,<.01%
28618M106,ESI,ELEMENT SOLUTIONS INC,17485379,-3200796,834.93M,-152.84M,-15.5%,0.04%
609207105,MDLZ,MONDELEZ INTL INC,21676534,-2675369,1.25B,-154.74M,-11%,0.05%
127190304,CACI,CACI INTL INC,448113,-335553,207.59M,-155.45M,-42.8%,<.01%
G3323L100,FN,FABRINET,1841854,-277448,1.04B,-155.95M,-13.1%,0.04%
09581B103,OWL,BLUE OWL CAPITAL INC,67704044,-18020259,592.41M,-157.68M,-21%,0.03%
G0378L100,AU,ANGLOGOLD ASHANTI PLC,16549887,-1957170,1.34B,-158.39M,-10.6%,0.06%
89346D107,TAC,TRANSALTA CORP,2121932,-11478694,29.35M,-158.8M,-84.4%,<.01%
253393102,DKS,DICKS SPORTING GOODS INC,4680171,-709530,1.06B,-160.93M,-13.2%,0.05%
962879102,WPM,WHEATON PRECIOUS METALS CORP,14696919,-1447213,1.65B,-162.78M,-9%,0.07%
68634K106,ORLA,ORLA MNG LTD NEW,20198953,-17016657,197.54M,-166.42M,-45.7%,<.01%
03937C105,ARCB,ARCBEST CORP,126398,-1164358,18.14M,-167.13M,-90.2%,<.01%
733174700,BPOP,POPULAR INC,1172029,-1023654,192.42M,-168.06M,-46.6%,<.01%
52476L109,LGN,LEGENCE CORP,974787,-1983572,83.08M,-169.06M,-67%,<.01%
74460D109,PSA,PUBLIC STORAGE,3082787,-536916,981.28M,-170.91M,-14.8%,0.04%
113004105,BAM,BROOKFIELD ASSET MANAGMT LTD,5329761,-3819423,239.08M,-171.33M,-41.7%,0.01%
34354P105,FLS,FLOWSERVE CORP,1185396,-2385769,87.91M,-176.93M,-66.8%,<.01%
65290E101,NXT,NEXTPOWER INC,18753360,-1495578,2.23B,-178.18M,-7.4%,0.1%
55261F104,MTB,M & T BK CORP,12417262,-754074,2.96B,-179.48M,-5.7%,0.13%
29977A105,EVR,EVERCORE INC,1132481,-537181,386.67M,-183.41M,-32.2%,0.02%
759509102,RS,RELIANCE INC,301975,-505035,112.82M,-188.68M,-62.6%,<.01%
147528103,CASY,CASEYS GEN STORES INC,591494,-239957,470.11M,-190.72M,-28.9%,0.02%
125269100,CF,CF INDUSTRIES HOLD,2587699,-1769282,280.14M,-191.54M,-40.6%,0.01%
55306N104,MKSI,MKS INC.,1499498,-434345,666.98M,-193.2M,-22.5%,0.03%
36118L106,FUTU,FUTU HLDGS LTD,14981,-2062617,1.4M,-193.36M,-99.3%,<.01%
834203309,SLNO,SOLENO THERAPEUTICS INC,0,-5788410,0,-193.8M,CLOSE,0%
450913108,IAG,IAMGOLD CORP,18760673,-12596959,297.55M,-199.79M,-40.2%,0.01%
G81276100,SIG,SIGNET JEWELERS LIMITED,2168433,-2365678,186.92M,-203.92M,-52.2%,<.01%
G87110105,FTI,TECHNIPFMC PLC,12575617,-3078018,833.76M,-204.07M,-19.7%,0.04%
064058100,BK,BANK OF NY MELLON CORP,25913108,-1413064,3.75B,-204.34M,-5.2%,0.16%
742718109,PG,PROCTER & GAMBLE CO,29298374,-1411082,4.3B,-206.92M,-4.6%,0.19%
F92124100,TTE,TOTALENERGIES SE,15873793,-2675299,1.23B,-207.99M,-14.4%,0.05%
863667101,SYK,STRYKER CORPORATION,1702373,-662021,535.98M,-208.43M,-28%,0.02%
03674X106,AR,ANTERO RESOURCES CORP,16721765,-6053474,587.6M,-212.72M,-26.6%,0.03%
45765U103,NSIT,INSIGHT ENTERPRISES INC,939295,-1750667,114.41M,-213.23M,-65.1%,<.01%
57636Q104,MA,MASTERCARD INCORPORATED,23843483,-420428,12.25B,-215.93M,-1.7%,0.53%
754730109,RJF,RAYMOND JAMES FINL INC,4404819,-1441624,669.66M,-219.17M,-24.7%,0.03%
92343V104,VZ,VERIZON COMMUNICATIONS INC,25976622,-5192952,1.1B,-219.87M,-16.7%,0.05%
89422G107,TVTX,TRAVERE THERAPEUTICS INC,7096614,-3871353,403.16M,-219.93M,-35.3%,0.02%
89832Q109,TFC,TRUIST FINL CORP,11535754,-4428387,574.71M,-220.62M,-27.7%,0.02%
713448108,PEP,PEPSICO INC,6265018,-1631336,848.28M,-220.88M,-20.7%,0.04%
18915M107,NET,CLOUDFLARE INC,12655471,-904980,3.1B,-221.97M,-6.7%,0.13%
219350105,GLW,CORNING INC,24027884,-881539,6.14B,-225.17M,-3.5%,0.27%
30040W108,ES,EVERSOURCE ENERGY,9557924,-3239018,690.75M,-234.08M,-25.3%,0.03%
093712107,BE,BLOOM ENERGY CORP,1974966,-776271,597.82M,-234.98M,-28.2%,0.03%
126650100,CVS,CVS HEALTH CORP,28920617,-2276273,2.99B,-235.48M,-7.3%,0.13%
867224107,SU,SUNCOR ENERGY INC NEW,22780243,-4388466,1.23B,-236.07M,-16.2%,0.05%
573284106,MLM,MARTIN MARIETTA MATLS INC,2192603,-415376,1.26B,-239.55M,-15.9%,0.05%
052769106,ADSK,AUTODESK INC,3803875,-1234192,739.55M,-239.95M,-24.5%,0.03%
20030N101,CMCSA,COMCAST CORP NEW,50806417,-9784660,1.25B,-240.21M,-16.1%,0.05%
78409V104,SPGI,S&P GLOBAL INC,2679678,-593104,1.09B,-241.55M,-18.1%,0.05%
09290D101,BLK,BLACKROCK INC,1429854,-253578,1.37B,-243.83M,-15.1%,0.06%
00287Y109,ABBV,ABBVIE INC,20773786,-988917,5.23B,-248.85M,-4.5%,0.23%
859241101,STRL,STERLING INFRASTRUCTURE INC,1175991,-298570,987.08M,-250.61M,-20.2%,0.04%
574795100,MASI,MASIMO CORP,0,-1450823,0,-258.06M,CLOSE,0%
98980G102,ZS,ZSCALER INC,350831,-1839487,49.52M,-259.64M,-84%,<.01%
G3922B107,G,GENPACT LIMITED,10405025,-9484277,286.14M,-260.82M,-47.7%,0.01%
G25457105,CRDO,CREDO TECHNOLOGY GROUP HOLDI,1768057,-959442,480.82M,-260.92M,-35.2%,0.02%
92840M102,VST,VISTRA CORP,14160202,-1647805,2.25B,-261.39M,-10.4%,0.1%
884903808,TRI,THOMSON REUTERS CORP,0,-2897360,0,-261.51M,CLOSE,0%
461202103,INTU,INTUIT,1745678,-1014653,455.62M,-264.82M,-36.8%,0.02%
152309100,CNTA,CENTESSA PHARMACEUTICALS PLC,0,-6852047,0,-272.16M,CLOSE,0%
92532F100,VRTX,VERTEX PHARMACEUTICALS INC,1457158,-563107,723.81M,-279.71M,-27.9%,0.03%
H5919C104,ONON,ON HLDG AG,16039135,-8040302,568.11M,-284.79M,-33.4%,0.02%
14040H105,COF,CAPITAL ONE FINL CORP,11130538,-1429940,2.23B,-286.87M,-11.4%,0.1%
539830109,LMT,LOCKHEED MARTIN CORP,1667767,-582306,849.66M,-296.66M,-25.9%,0.04%
011532108,AGI,ALAMOS GOLD INC,1691963,-9896674,51.3M,-300.06M,-85.4%,<.01%
60855R100,MOH,MOLINA HEALTHCARE INC,1871290,-1333634,427.96M,-305M,-41.6%,0.02%
878742204,TECK,TECK RESOURCES LTD,2598367,-5163718,154.7M,-307.42M,-66.5%,<.01%
30231G102,XOM,EXXON MOBIL CORP,137736841,-2273619,18.83B,-310.85M,-1.6%,0.82%
872540109,TJX,TJX COS INC NEW,25442660,-2105982,3.85B,-319.06M,-7.6%,0.17%
H01301128,ALC,ALCON AG,7662988,-4764004,514.22M,-319.69M,-38.3%,0.02%
929089100,VOYA,VOYA FINANCIAL INC,1219203,-3575065,110.37M,-323.65M,-74.6%,<.01%
453038408,IMO,IMPERIAL OIL LTD,52762117,-2906592,5.92B,-326.35M,-5.2%,0.26%
04626A103,ALAB,ASTERA LABS INC,24845364,-684521,12B,-330.64M,-2.7%,0.52%
61945C103,MOS,MOSAIC CO,13199733,-15879277,279.7M,-336.48M,-54.6%,0.01%
07725L102,ONC,BEONE MEDICINES LTD,2478527,-1215083,706.31M,-346.26M,-32.9%,0.03%
693475105,PNC,PNC FINL SVCS GROUP INC,14254710,-1434419,3.51B,-353.18M,-9.1%,0.15%
G54950103,LIN,LINDE PLC,8316540,-680788,4.32B,-353.29M,-7.6%,0.19%
902973304,USB,US BANCORP,51284661,-5887169,3.1B,-355.59M,-10.3%,0.13%
893641100,TDG,TRANSDIGM GROUP INC,1091534,-267005,1.45B,-355.66M,-19.7%,0.06%
00206R102,T,AT&T INC,40316993,-17352265,834.56M,-359.19M,-30.1%,0.04%
637417106,NNN,NNN REIT INC,11436861,-7799724,532.16M,-362.92M,-40.5%,0.02%
722304102,PDD,PDD HOLDINGS INC,1521767,-4779937,116.08M,-364.61M,-75.9%,<.01%
665859104,NTRS,NORTHERN TR CORP,8683057,-2126833,1.51B,-369.73M,-19.7%,0.07%
82706C108,SIMO,SILICON MOTION TECHNOLOGY CO,2277824,-1120543,759.27M,-373.51M,-33%,0.03%
92537N108,VRT,VERTIV HOLDINGS CO,4296854,-1116999,1.44B,-373.99M,-20.6%,0.06%
65339F101,NEE,NEXTERA ENERGY INC,29555864,-4341169,2.59B,-381.02M,-12.8%,0.11%
31428X106,FDX,FEDEX CORP,5040208,-1234728,1.58B,-386.63M,-19.7%,0.07%
550021109,LULU,LULULEMON ATHLETICA INC,908869,-3395147,103.77M,-387.66M,-78.9%,<.01%
01609W102,BABA,ALIBABA GROUP HLDG LTD,3689900,-4157955,354.16M,-399.08M,-53%,0.02%
666807102,NOC,NORTHROP GRUMMAN CORP,1303808,-801654,664.04M,-408.29M,-38.1%,0.03%
626755102,MUSA,MURPHY USA INC,707663,-758130,381.34M,-408.53M,-51.7%,0.02%
67103H107,ORLY,OREILLY AUTOMOTIVE INC,13912750,-4467372,1.28B,-411.4M,-24.3%,0.06%
922475108,VEEV,VEEVA SYS INC,275309,-2338217,48.86M,-414.96M,-89.5%,<.01%
75886F107,REGN,REGENERON PHARMACEUTICALS,831964,-686228,518.76M,-427.89M,-45.2%,0.02%
74762E102,PWR,QUANTA SVCS INC,3510968,-620647,2.53B,-446.89M,-15%,0.11%
G1151C101,ACN,ACCENTURE PLC IRELAND,1689881,-3680623,210.29M,-458.02M,-68.5%,<.01%
45784P101,PODD,INSULET CORP,964297,-3010415,146.81M,-458.34M,-75.7%,<.01%
57776J100,MXL,MAXLINEAR INC,1650824,-3611846,211.35M,-462.42M,-68.6%,<.01%
G3730V105,FTAI,FTAI AVIATION LTD,3587945,-1732000,970.65M,-468.56M,-32.6%,0.04%
775711104,ROL,ROLLINS INC,101170,-11460582,4.22M,-478.37M,-99.1%,<.01%
23282W605,CYTK,CYTOKINETICS INC,5031782,-5691358,428.66M,-484.85M,-53.1%,0.02%
46120E602,ISRG,INTUITIVE SURGICAL INC,4251130,-1226104,1.69B,-487.6M,-22.4%,0.07%
912008109,USFD,US FOODS HLDG CORP,8939057,-4838668,914.02M,-494.75M,-35.1%,0.04%
278768AB2,SATS,ECHOSTAR CORP,11434899,-164347878,35.71M,-513.18M,-93.5%,<.01%
14149Y108,CAH,CARDINAL HEALTH INC,2066248,-2176992,490.86M,-517.17M,-51.3%,0.02%
29084Q100,EME,EMCOR GROUP INC,1334646,-624178,1.11B,-517.99M,-31.9%,0.05%
22160K105,COST,COSTCO WHOLESALE CORPORATION,6163541,-555048,5.77B,-519.23M,-8.3%,0.25%
10950A106,BTSG,BRIGHTSPRING HEALTH SVCS INC,13393155,-7585378,934.04M,-529M,-36.2%,0.04%
060505104,BAC,BANK OF AMER CORP,189182396,-9302221,10.78B,-530.04M,-4.7%,0.47%
571748102,MRSH,MARSH & MCLENNAN COS INC,6954123,-3226582,1.16B,-537.77M,-31.7%,0.05%
12572Q105,CME,CME GROUP INC,1323029,-2437877,292.16M,-538.36M,-64.8%,0.01%
28176E108,EW,EDWARDS LIFESCIENCES CORP,8435949,-6067821,763.12M,-548.9M,-41.8%,0.03%
478160104,JNJ,JOHNSON & JOHNSON,22595566,-2176262,5.74B,-552.71M,-8.8%,0.25%
438516106,HON,HONEYWELL INTL INC,0,-2514837,0,-568.43M,CLOSE,0%
89417E109,TRV,TRAVELERS COMPANIES INC,10272794,-1726651,3.39B,-570M,-14.4%,0.15%
747525103,QCOM,QUALCOMM INC,4393118,-3139180,811.8M,-580.09M,-41.7%,0.04%
143658300,CCL,CARNIVAL CORP,0,-22530148,0,-583.08M,CLOSE,0%
518439104,EL,LAUDER ESTEE COS INC,10645550,-7468202,840.47M,-589.61M,-41.2%,0.04%
969904101,WSM,WILLIAMS SONOMA INC,1616247,-2538686,376.75M,-591.77M,-61.1%,0.02%
94106B101,WCN,WASTE CONNECTIONS INC,5341098,-3623552,890.24M,-603.97M,-40.4%,0.04%
89055F103,BLD,TOPBUILD COR,170568,-1728850,60.47M,-612.93M,-91%,<.01%
30161N101,EXC,EXELON CORP,9855590,-13172275,459.47M,-614.09M,-57.2%,0.02%
95040Q104,WELL,WELLTOWER INC,19451466,-2724517,4.41B,-618.38M,-12.3%,0.19%
75513E101,RTX,RTX CORPORATION,9868869,-3291896,1.87B,-624.57M,-25%,0.08%
45687V106,IR,INGERSOLL RAND INC,13278782,-7717232,1.09B,-632.74M,-36.8%,0.05%
375558103,GILD,GILEAD SCIENCES INC,66870816,-5035474,8.45B,-636.18M,-7%,0.37%
88579Y101,MMM,3M CO,5307203,-4177734,859.29M,-676.42M,-44%,0.04%
92826C839,V,VISA INC,42929995,-1978234,14.73B,-678.71M,-4.4%,0.64%
874039100,TSM,TAIWAN SEMICONDUCTOR MANUFAC,58937551,-1455639,28.15B,-695.17M,-2.4%,1.2%
166764100,CVX,CHEVRON CORPORATION,13042972,-4225337,2.16B,-700.39M,-24.5%,0.09%
803054204,SAP,SAP SE,1991923,-4589157,306.98M,-707.24M,-69.7%,0.01%
88033G407,THC,TENET HEALTHCARE CORP,3994545,-3782034,747.3M,-707.54M,-48.6%,0.03%
03073E105,COR,CENCORA INC,4122371,-2563898,1.17B,-725.53M,-38.3%,0.05%
872590104,TMUS,T-MOBILE US INC,8153559,-4375914,1.37B,-733.97M,-34.9%,0.06%
949746101,WFC,WELLS FARGO & CO,152555290,-9138638,12.61B,-755.22M,-5.7%,0.55%
833445109,SNOW,SNOWFLAKE INC,7653175,-3093812,1.95B,-787.38M,-28.8%,0.08%
780259305,SHEL,SHELL PLC,87332346,-10285492,6.77B,-797.54M,-10.5%,0.29%
125523100,CI,THE CIGNA GROUP,8018189,-2939083,2.21B,-810.25M,-26.8%,0.1%
136385101,CNQ,CANADIAN NAT RES LTD MED TER,64243259,-20960566,2.54B,-829.41M,-24.6%,0.11%
040413205,ANET,ARISTA NETWORKS INC,47349865,-4956761,8.04B,-842.05M,-9.5%,0.35%
278768106,SATS,ECHOSTAR CORP,2546875,-8659764,258.51M,-878.97M,-77.3%,0.01%
008474108,AEM,AGNICO EAGLE MINES LTD,13888418,-5688766,2.16B,-883.57M,-29.1%,0.09%
04351P101,ASND,ASCENDIS PHARMA A/S,0,-3876601,0,-886.69M,CLOSE,0%
654902204,NOK,NOKIA CORP,155401653,-67001580,2.06B,-889.78M,-30.1%,0.09%
03770N101,APGE,APOGEE THERAPEUTICS INC,2493137,-6769154,330.91M,-898.47M,-73.1%,0.01%
21037T109,CEG,CONSTELLATION ENERGY CORP,6538601,-3643043,1.62B,-904.82M,-35.8%,0.07%
670703107,NUVL,NUVALENT INC,1417590,-7857369,175.07M,-970.39M,-84.7%,<.01%
369604301,GE,GE AEROSPACE,49021400,-2604767,18.32B,-973.48M,-5%,0.8%
464287440,IEF,ISHARES TR,24180402,-10867310,2.29B,-1.03B,-31%,0.1%
171779309,CIEN,CIENA CORP,19113538,-2096218,9.38B,-1.03B,-9.9%,0.41%
871607107,SNPS,SYNOPSYS INC,5989785,-2375870,2.67B,-1.06B,-28.4%,0.12%
40412C101,HCA,HCA HEALTHCARE INC,1632520,-2768503,636.5M,-1.08B,-62.9%,0.03%
025816109,AXP,AMERICAN EXPRESS CO,6007554,-3257444,2.03B,-1.1B,-35.2%,0.09%
58155Q103,MCK,MCKESSON CORP,2130288,-1473135,1.61B,-1.11B,-40.9%,0.07%
101137107,BSX,BOSTON SCIENTIFIC CORP,45702845,-28523550,1.95B,-1.22B,-38.4%,0.08%
032095101,APH,AMPHENOL CORP,70569005,-8908516,12.44B,-1.57B,-11.2%,0.54%
594918104,MSFT,MICROSOFT CORP,185960066,-4251301,69.37B,-1.59B,-2.2%,3%
77543R102,ROKU,ROKU INC,5310616,-11700444,733.61M,-1.62B,-68.8%,0.03%
46625H100,JPM,JPMORGAN CHASE & CO,26296276,-5137693,8.61B,-1.68B,-16.3%,0.37%
084670108,BRK.A,BERKSHIRE HATHAWAY INC DEL,14533,-2467,10.88B,-1.85B,-14.5%,0.47%
084670702,BRK.B,BERKSHIRE HATHAWAY INC DEL,10400007,-4553691,5.2B,-2.28B,-30.5%,0.23%
36828A101,GEV,GE VERNOVA INC,16150499,-2186436,18.97B,-2.57B,-11.9%,0.82%
55024U109,LITE,LUMENTUM HLDGS INC,3519154,-3665886,3.02B,-3.15B,-51%,0.13%
958102105,WDC,WESTERN DIGITAL CORP,25983645,-5639773,16.6B,-3.6B,-17.8%,0.72%
19247G107,COHR,COHERENT CORP,11012710,-11648157,4.34B,-4.59B,-51.4%,0.19%
64110L106,NFLX,NETFLIX INC.,135937268,-68713615,9.71B,-4.91B,-33.6%,0.42%
595112103,MU,MICRON TECHNOLOGY INC,26718869,-5335696,30.84B,-6.16B,-16.6%,1.3%
30303M102,META,META PLATFORMS INC,95895744,-20719009,54.02B,-11.67B,-17.8%,2.3%
80004C200,SNDK,SANDISK CORP,7861665,-5528320,17.88B,-12.57B,-41.3%,0.78%
573874104,MRVL,MARVELL TECHNOLOGY INC,56933063,-74322607,16.96B,-22.14B,-56.6%,0.74%
Total,,,,,2.3T,75.75B,+4%,100%
