CUSIP,Ticker,Company,Shares,Delta_Shares,Value,Delta_Value,Delta,Portfolio%
464287614,IWF,ISHARES TR,1567936,1052595,194.69M,130.7M,+204.3%,0.9%
92204A702,VGT,VANGUARD WORLD FD,404951,350017,48.4M,41.83M,+637.2%,0.22%
482480100,KLAC,KLA CORP,121892,120684,36.78M,36.41M,+9990.4%,0.17%
G7997R103,STX,SEAGATE TECHNOLOGY HLDNGS PL,44123,29595,42.58M,28.56M,+203.7%,0.2%
94106B101,WCN,WASTE CONNECTIONS INC,154204,154204,25.7M,25.7M,NEW,0.12%
947002101,WLTH,WEALTHFRONT CORP,2763569,2763569,24.71M,24.71M,NEW,0.11%
144285103,CRS,CARPENTER TECHNOLOGY CORP,67258,37923,41.49M,23.39M,+129.3%,0.19%
G2004J103,CCL,CARNIVAL CORP LTD,813309,813309,23.24M,23.24M,NEW,0.11%
871607107,SNPS,SYNOPSYS INC,95821,51587,42.74M,23.01M,+116.6%,0.2%
459200101,IBM,INTERNATIONAL BUSINESS MACHS,86572,75300,24.34M,21.18M,+668%,0.11%
30040W108,ES,EVERSOURCE ENERGY,595400,290667,43.03M,21.01M,+95.4%,0.2%
922908736,VUG,VANGUARD INDEX FDS,328480,237250,28.3M,20.44M,+260.1%,0.13%
922908363,VOO,VANGUARD INDEX FDS,552132,27940,379.21M,19.19M,+5.3%,1.7%
00287Y109,ABBV,ABBVIE INC,102081,53573,35.38M,18.57M,+110.4%,0.16%
N97284108,NBIS,NEBIUS GROUP N.V.,69085,67085,19.08M,18.53M,+3354.2%,0.09%
781154109,RBRK,RUBRIK INC.,913371,223525,73.33M,17.94M,+32.4%,0.34%
233331107,DTE,DTE ENERGY CO,115133,115133,17.54M,17.54M,NEW,0.08%
303075105,FDS,FACTSET RESH SYS INC,74386,74386,17.11M,17.11M,NEW,0.08%
03027X100,AMT,AMERICAN TOWER CORP,104207,100088,17.05M,16.37M,+2429.9%,0.08%
949746101,WFC,WELLS FARGO & CO,412166,196933,34.06M,16.27M,+91.5%,0.16%
43300A203,HLT,HILTON WORLDWIDE HLDGS INC,49987,49248,16.52M,16.27M,+6664.1%,0.08%
921910816,MGK,VANGUARD WORLD FD,237816,182989,20.91M,16.09M,+333.8%,0.1%
G0403H108,AON,AON PLC,101454,48392,33.65M,16.05M,+91.2%,0.16%
049468101,TEAM,ATLASSIAN CORPORATION,621954,203838,48.38M,15.86M,+48.8%,0.22%
882508104,TXN,TEXAS INSTRS INC,59413,51209,17.71M,15.26M,+624.2%,0.08%
09857L108,BKNG,BOOKING HOLDINGS INC,97852,85428,17.44M,15.23M,+687.6%,0.08%
032095101,APH,AMPHENOL CORP,544132,85491,95.94M,15.07M,+18.6%,0.44%
015271109,ARE,ALEXANDRIA REAL ESTATE EQ IN,378579,283872,20.01M,15M,+299.7%,0.09%
46269C102,IRDM,IRIDIUM COMMUNICATIONS INC,311175,269755,17.07M,14.8M,+651.3%,0.08%
002824100,ABT,ABBOTT LABORATORIES,191459,162004,17.37M,14.7M,+550%,0.08%
59522J103,MAA,MID-AMER APT CMNTYS INC,145034,104594,20.15M,14.53M,+258.6%,0.09%
91324P102,UNH,UNITEDHEALTH GROUP INC,179199,34376,74.48M,14.29M,+23.7%,0.34%
437076102,HD,HOME DEPOT INC,119127,39694,42.01M,14M,+50%,0.19%
91332U101,U,UNITY SOFTWARE INC,517675,489726,14.8M,14M,+1752.2%,0.07%
314352105,FDXF,FEDEX FGHT HLDG CO INC,88946,88946,13.43M,13.43M,NEW,0.06%
957638109,WAL,WESTERN ALLIANCE BANCORP,221479,155776,18.21M,12.8M,+237.1%,0.08%
166764100,CVX,CHEVRON CORPORATION,265948,75210,44.08M,12.47M,+39.4%,0.2%
55405Y100,MTSI,MACOM TECH SOLUTIONS HLDGS I,32162,32162,12.23M,12.23M,NEW,0.06%
46436E718,SGOV,ISHARES TR,228774,118926,23.03M,11.97M,+108.3%,0.11%
26142V105,DKNG,DRAFTKINGS INC NEW,4581343,470798,115.72M,11.89M,+11.5%,0.53%
70438V106,PCTY,PAYLOCITY HLDG CORP,192472,113754,20.12M,11.89M,+144.5%,0.09%
16119P108,CHTR,CHARTER COMMUNICATIONS INC,86791,82460,12.34M,11.73M,+1903.9%,0.06%
007903107,AMD,ADVANCED MICRO DEVICES INC,148069,20033,86.02M,11.64M,+15.6%,0.4%
637417106,NNN,NNN REIT INC,632349,242911,29.42M,11.3M,+62.4%,0.14%
871829107,SYY,SYSCO CORP,184234,133061,15.4M,11.12M,+260%,0.07%
18915M107,NET,CLOUDFLARE INC,93014,43468,22.81M,10.66M,+87.7%,0.11%
61945C103,MOS,MOSAIC CO,868548,494646,18.4M,10.48M,+132.3%,0.08%
N53745100,LYB,LYONDELLBASELL INDUSTRIES NV,341770,195945,17.99M,10.32M,+134.4%,0.08%
229663109,CUBE,CUBESMART,250599,250599,9.97M,9.97M,NEW,0.05%
127387108,CDNS,CADENCE DESIGN SYSTEM INC,30459,26375,11.43M,9.9M,+645.8%,0.05%
00508Y102,AYI,ACUITY INC,30757,25791,11.58M,9.71M,+519.4%,0.05%
00971T101,AKAM,AKAMAI TECHNOLOGIES INC,93152,79845,11.01M,9.44M,+600%,0.05%
704326107,PAYX,PAYCHEX INC,147345,95169,14.49M,9.36M,+182.4%,0.07%
26603R106,DUOL,DUOLINGO INC,81051,81051,9.32M,9.32M,NEW,0.04%
744320102,PRU,PRUDENTIAL FINL INC,105578,82654,11.39M,8.92M,+360.6%,0.05%
02209S103,MO,ALTRIA GROUP INC,137401,120889,9.89M,8.7M,+732.1%,0.05%
218352102,CORT,CORCEPT THERAPEUTICS INC,92394,92394,8.03M,8.03M,NEW,0.04%
16359R103,CHE,CHEMED CORP NEW,19500,17100,9.08M,7.96M,+712.5%,0.04%
26875P101,EOG,EOG RES INC,112679,61096,14.62M,7.93M,+118.4%,0.07%
23834J201,DAVE,DAVE INC,27556,20881,10.27M,7.78M,+312.8%,0.05%
91529Y106,UNM,UNUM GROUP,86700,86700,7.75M,7.75M,NEW,0.04%
438516205,HON,HONEYWELL INTL INC,34077,34077,7.63M,7.63M,NEW,0.04%
43849R105,HONA,HONEYWELL AEROSPACE INC,34173,34173,7.55M,7.55M,NEW,0.03%
526057104,LEN,LENNAR CORP,166232,81516,15.04M,7.38M,+96.2%,0.07%
615369105,MCO,MOODYS CORP,37900,16239,17.17M,7.36M,+75%,0.08%
200525103,CBSH,COMMERCE BANCSHARES INC,124253,124253,7.18M,7.18M,NEW,0.03%
688239201,OSK,OSHKOSH CORP,131545,46632,20.19M,7.16M,+54.9%,0.09%
22160N109,CSGP,COSTAR GROUP INC,351667,252423,9.96M,7.15M,+254.3%,0.05%
315616102,FFIV,F5 INC,16895,16895,7.03M,7.03M,NEW,0.03%
12504L109,CBRE,CBRE GROUP INC,68200,50845,9.19M,6.85M,+293%,0.04%
370334104,GIS,GENERAL MILLS INC,195159,195159,6.79M,6.79M,NEW,0.03%
380237107,GDDY,GODADDY INC,92014,79036,7.81M,6.71M,+609%,0.04%
717081103,PFE,PFIZER INC,742927,276649,17.89M,6.66M,+59.3%,0.08%
204166102,CVLT,COMMVAULT SYS INC,48973,46167,6.94M,6.54M,+1645.3%,0.03%
049560105,ATO,ATMOS ENERGY CORP,54105,37141,9.32M,6.4M,+218.9%,0.04%
670837103,OGE,OGE ENERGY CORP,129675,129675,6.31M,6.31M,NEW,0.03%
149123101,CAT,CATERPILLAR INC,37710,5898,40.16M,6.28M,+18.5%,0.19%
655844108,NSC,NORFOLK SOUTHN CORP,19867,19867,6.25M,6.25M,NEW,0.03%
911363109,URI,UNITED RENTALS INC,6166,5466,6.98M,6.19M,+780.9%,0.03%
68268W103,OMF,ONEMAIN HLDGS INC,140363,100782,8.56M,6.14M,+254.6%,0.04%
573874104,MRVL,MARVELL TECHNOLOGY INC,116839,20532,34.81M,6.12M,+21.3%,0.16%
G5960L103,MDT,MEDTRONIC PLC,100956,77713,7.9M,6.08M,+334.4%,0.04%
093671105,HRB,BLOCK H & R INC,165056,158558,6.29M,6.04M,+2440.1%,0.03%
68389X105,ORCL,ORACLE CORP,275760,40179,40.41M,5.89M,+17.1%,0.19%
78410G104,SBAC,SBA COMMUNICATIONS CORP,32672,32672,5.77M,5.77M,NEW,0.03%
097023105,BA,BOEING CO,138120,26123,29.9M,5.65M,+23.3%,0.14%
388689101,GPK,GRAPHIC PACKAGING HLDG CO,534016,534016,5.64M,5.64M,NEW,0.03%
25746U109,D,DOMINION ENERGY INC,82217,82217,5.61M,5.61M,NEW,0.03%
872590104,TMUS,T-MOBILE US INC,98892,33444,16.59M,5.61M,+51.1%,0.08%
23918K108,DVA,DAVITA INC,35510,25162,7.9M,5.6M,+243.2%,0.04%
14448C104,CARR,CARRIER GLOBAL CORPORATION,169218,75293,12.41M,5.52M,+80.2%,0.06%
G8994E103,TT,TRANE TECHNOLOGIES PLC,35537,11222,17.45M,5.51M,+46.2%,0.08%
513272104,LW,LAMB WESTON HLDGS INC,276325,127389,11.93M,5.5M,+85.5%,0.06%
816851109,SRE,SEMPRA,68050,59304,6.31M,5.5M,+678.1%,0.03%
21873S108,CRWV,COREWEAVE INC,59313,54913,5.9M,5.47M,+1248%,0.03%
553530106,MSM,MSC INDL DIRECT INC,45177,45177,5.37M,5.37M,NEW,0.02%
209115104,ED,CONSOLIDATED EDISON INC,63797,47760,7.06M,5.28M,+297.8%,0.03%
17275R102,CSCO,CISCO SYS INC,398097,44979,46.76M,5.28M,+12.7%,0.22%
354613101,BEN,FRANKLIN RESOURCES INC,153808,153808,5.12M,5.12M,NEW,0.02%
92532F100,VRTX,VERTEX PHARMACEUTICALS INC,37339,10164,18.55M,5.05M,+37.4%,0.09%
981475106,WKC,WORLD KINECT CORPORATION,161428,152332,5.32M,5.02M,+1674.7%,0.02%
60855R100,MOH,MOLINA HEALTHCARE INC,167323,21511,38.27M,4.92M,+14.8%,0.18%
874054109,TTWO,TAKE-TWO INTERACTIVE SOFTWAR,66116,19468,16.53M,4.87M,+41.7%,0.08%
036752103,ELV,ELEVANCE HEALTH INC FORMERLY,20105,12545,7.78M,4.85M,+165.9%,0.04%
29670G102,WTRG,ESSENTIAL UTILS INC,138340,125871,5.3M,4.82M,+1009.5%,0.02%
921946794,VYMI,VANGUARD WHITEHALL FDS,60585,49049,5.95M,4.82M,+425.2%,0.03%
701094104,PH,PARKER-HANNIFIN CORP,6122,4888,5.99M,4.78M,+396.1%,0.03%
579780206,MKC,MCCORMICK & CO INC,94241,94241,4.75M,4.75M,NEW,0.02%
47233W109,JEF,JEFFERIES FINANCIAL GROUP IN,305363,94944,15.26M,4.75M,+45.1%,0.07%
91913Y100,VLO,VALERO ENERGY CORP,97901,18195,25.5M,4.74M,+22.8%,0.12%
26614N201,DD,DUPONT DE NEMOURS INC,34635,34635,4.7M,4.7M,NEW,0.02%
832696405,SJM,SMUCKER J M CO,41747,41747,4.7M,4.7M,NEW,0.02%
406216101,HAL,HALLIBURTON CO,600958,134021,20.4M,4.55M,+28.7%,0.09%
651587107,NEU,NEWMARKET CORP,5730,5730,4.53M,4.53M,NEW,0.02%
62944T105,NVR,NVR INC,709,664,4.83M,4.52M,+1475.6%,0.02%
060505104,BAC,BANK OF AMER CORP,699014,79078,39.83M,4.51M,+12.8%,0.18%
744573106,PEG,PUBLIC SVC ENTERPRISE GROUP,54582,54582,4.43M,4.43M,NEW,0.02%
368736104,GNRC,GENERAC HLDGS INC,14962,14962,4.38M,4.38M,NEW,0.02%
731068102,PII,POLARIS INC,95591,63909,6.54M,4.37M,+201.7%,0.03%
03064D108,COLD,AMERICOLD REALTY TRUST INC,275599,275599,4.33M,4.33M,NEW,0.02%
02665T306,AMH,AMERICAN HOMES 4 RENT,136844,128560,4.59M,4.31M,+1551.9%,0.02%
042735100,ARW,ARROW ELECTRS INC,91735,20090,19.58M,4.29M,+28%,0.09%
76155X100,RVMD,REVOLUTION MEDICINES INC,58834,22721,11.02M,4.26M,+62.9%,0.05%
03820C105,AIT,APPLIED INDL TECHNOLOGIES IN,26547,12122,8.98M,4.1M,+84%,0.04%
934423104,WBD,WARNER BROS DISCOVERY INC,169711,153278,4.52M,4.09M,+932.7%,0.02%
94419L101,W,WAYFAIR INC,60487,43873,5.59M,4.05M,+264.1%,0.03%
68902V107,OTIS,OTIS WORLDWIDE CORP,67713,54864,4.85M,3.93M,+427%,0.02%
718172109,PM,PHILIP MORRIS INTL INC,163197,21483,29.52M,3.89M,+15.2%,0.14%
617700109,MORN,MORNINGSTAR INC,53907,24772,8.41M,3.86M,+85%,0.04%
464288257,ACWI,ISHARES TR,795286,24603,124.84M,3.86M,+3.2%,0.58%
78467J100,SSNC,SS&C TECH HLDGS,61671,61671,3.83M,3.83M,NEW,0.02%
278642103,EBAY,EBAY INC.,38028,33982,4.25M,3.8M,+839.9%,0.02%
499049104,KNX,KNIGHT-SWIFT TRANSN HLDGS IN,101964,48757,7.94M,3.8M,+91.6%,0.04%
444097406,HPP,HUDSON PACIFIC PROPERTIES IN,248384,248384,3.77M,3.77M,NEW,0.02%
G1151C101,ACN,ACCENTURE PLC IRELAND,163748,29790,20.38M,3.71M,+22.2%,0.09%
42824C109,HPE,HEWLETT PACKARD ENTERPRISE C,498533,81146,22.49M,3.66M,+19.4%,0.1%
53566V106,LINE,LINEAGE INC,254671,84629,11.01M,3.66M,+49.8%,0.05%
69318G106,PBF,PBF ENERGY INC,204516,80195,9.31M,3.65M,+64.5%,0.04%
778296103,ROST,ROSS STORES INC,122236,16873,26.02M,3.59M,+16%,0.12%
925815102,VICR,VICOR CORP,9446,9446,3.59M,3.59M,NEW,0.02%
65249B109,NWSA,NEWS CORP NEW,228578,142951,5.68M,3.55M,+166.9%,0.03%
49177J102,KVUE,KENVUE INC,185732,185732,3.55M,3.55M,NEW,0.02%
690742101,OC,OWENS CORNING NEW,114687,22273,18.23M,3.54M,+24.1%,0.08%
444859102,HUM,HUMANA INC,8818,8818,3.5M,3.5M,NEW,0.02%
26969P108,EXP,EAGLE MATLS INC,15537,15537,3.5M,3.5M,NEW,0.02%
68622E203,BARK,BARK INC,349893,349893,3.49M,3.49M,NEW,0.02%
205887102,CAG,CONAGRA BRANDS INC,257701,257701,3.47M,3.47M,NEW,0.02%
029899101,AWR,AMER STATES WTR CO,101674,41580,8.4M,3.44M,+69.2%,0.04%
679295105,OKTA,OKTA INC,107172,25143,14.62M,3.43M,+30.7%,0.07%
00130H105,AES,AES CORP,227290,227290,3.33M,3.33M,NEW,0.02%
922280102,VRNS,VARONIS SYS INC,285113,77816,11.96M,3.27M,+37.5%,0.06%
101137107,BSX,BOSTON SCIENTIFIC CORP,387250,74591,16.53M,3.18M,+23.9%,0.08%
464287804,IJR,ISHARES TR,649005,21216,96.25M,3.15M,+3.4%,0.44%
515098101,LSTR,LANDSTAR SYS INC,35541,14992,7.35M,3.1M,+73%,0.03%
922908629,VO,VANGUARD INDEX FDS,50936,38442,4.1M,3.1M,+307.7%,0.02%
130788102,CWT,CALIFORNIA WTR SVC GROUP,63323,63323,3.08M,3.08M,NEW,0.01%
01741R102,ATI,ATI INC,66949,15265,13.2M,3.01M,+29.5%,0.06%
27579R104,EWBC,EAST WEST BANCORP INC,95834,23095,12.37M,2.98M,+31.8%,0.06%
G1110E107,BHVN,BIOHAVEN LTD,475865,197161,7.08M,2.93M,+70.7%,0.03%
674599105,OXY,OCCIDENTAL PETE CORP,324718,60257,15.77M,2.93M,+22.8%,0.07%
431284108,HIW,HIGHWOODS PPTYS INC,111355,96725,3.36M,2.92M,+661.1%,0.02%
707569109,PENN,PENN ENTERTAINMENT INC,149355,135972,3.19M,2.9M,+1016%,0.01%
92189F676,SMH,VANECK ETF TRUST,12608,4384,8.27M,2.88M,+53.3%,0.04%
466313103,JBL,JABIL INC,13263,7443,5.11M,2.87M,+127.9%,0.02%
133131102,CPT,CAMDEN PPTY TR,29661,24893,3.4M,2.85M,+522.1%,0.02%
03823U102,AAOI,APPLIED OPTOELECTRONICS INC,19002,19002,2.82M,2.82M,NEW,0.01%
H2906T109,GRMN,GARMIN LTD,67136,11705,15.95M,2.78M,+21.1%,0.07%
219948106,CPAY,CORPAY INC,36061,8341,12.02M,2.78M,+30.1%,0.06%
03674X106,AR,ANTERO RESOURCES CORP,454400,78907,15.97M,2.77M,+21%,0.07%
626755102,MUSA,MURPHY USA INC,7320,5027,3.94M,2.71M,+219.2%,0.02%
83443Q103,SOLS,SOLSTICE ADVANCED MATLS INC,46295,30504,4.1M,2.7M,+193.2%,0.02%
21037T109,CEG,CONSTELLATION ENERGY CORP,12438,10840,3.09M,2.69M,+678.3%,0.01%
90400D108,RARE,ULTRAGENYX PHARMACEUTICAL IN,106026,79693,3.54M,2.66M,+302.6%,0.02%
38173M102,GBDC,GOLUB CAP BDC INC,458427,199413,5.9M,2.57M,+77%,0.03%
928254101,VIRT,VIRTU FINL INC,42795,42795,2.55M,2.55M,NEW,0.01%
595017104,MCHP,MICROCHIP TECHNOLOGY INC.,27613,27613,2.52M,2.52M,NEW,0.01%
60871R209,TAP,MOLSON COORS BEVERAGE CO,64243,64243,2.5M,2.5M,NEW,0.01%
59156R108,MET,METLIFE INC,46142,29573,3.9M,2.5M,+178.5%,0.02%
216648501,COO,COOPER COS INC,163614,34882,11.73M,2.5M,+27.1%,0.05%
00108J109,ACMR,ACM RESH INC,26408,19587,3.35M,2.49M,+287.2%,0.02%
929042109,VNO,VORNADO RLTY TR,119724,63091,4.71M,2.48M,+111.4%,0.02%
297178105,ESS,ESSEX PPTY TR INC,11063,8497,3.23M,2.48M,+331.1%,0.01%
68235P108,OGS,ONE GAS INC,44473,31660,3.43M,2.44M,+247.1%,0.02%
G96629103,WTW,WILLIS TOWERS WATSON PLC LTD,18842,9241,4.92M,2.42M,+96.3%,0.02%
44925C103,ICFI,ICF INTL INC,41936,33146,3.06M,2.42M,+377.1%,0.01%
46434G103,IEMG,ISHARES INC,211737,29093,17.54M,2.41M,+15.9%,0.08%
771049103,RBLX,ROBLOX CORP,16574553,44306,901.32M,2.41M,+0.3%,4.2%
237194105,DRI,DARDEN RESTAURANTS INC,18351,11670,3.78M,2.4M,+174.7%,0.02%
460146103,IP,INTERNATIONAL PAPER CO,61371,61371,2.34M,2.34M,NEW,0.01%
32051X108,FHB,FIRST HAWAIIAN INC,90552,79659,2.65M,2.33M,+731.3%,0.01%
90138F102,TWLO,TWILIO INC,41226,11298,8.51M,2.33M,+37.8%,0.04%
687793109,OSCR,OSCAR HEALTH INC,80807,80807,2.3M,2.3M,NEW,0.01%
98585X104,YETI,YETI HLDGS INC,90343,46248,4.48M,2.29M,+104.9%,0.02%
929089100,VOYA,VOYA FINANCIAL INC,42119,25186,3.81M,2.28M,+148.7%,0.02%
00091G104,ACVA,ACV AUCTIONS INC,396282,316536,2.85M,2.28M,+396.9%,0.01%
09058V103,BCRX,BIOCRYST PHARMACEUTICALS INC,227421,227421,2.27M,2.27M,NEW,0.01%
896288107,TNET,TRINET GROUP INC,65946,45891,3.26M,2.27M,+228.8%,0.02%
G4388N106,HELE,HELEN OF TROY LTD,111437,77894,3.24M,2.26M,+232.2%,0.01%
19247A100,CNS,COHEN & STEERS INC,35084,29557,2.67M,2.25M,+534.8%,0.01%
457985208,IART,INTEGRA LIFESCIENCES HLDGS C,125262,125262,2.25M,2.25M,NEW,0.01%
084670108,BRK.A,BERKSHIRE HATHAWAY INC DEL,27,3,20.22M,2.25M,+12.5%,0.09%
42226A107,HQY,HEALTHEQUITY INC,31528,24738,2.85M,2.23M,+364.3%,0.01%
59001A102,MTH,MERITAGE HOMES CORP,26431,26431,2.22M,2.22M,NEW,0.01%
099502106,BAH,BOOZ ALLEN HAMILTON HLDG COR,36483,36483,2.21M,2.21M,NEW,0.01%
345370860,F,FORD MTR CO,174010,158977,2.42M,2.21M,+1057.5%,0.01%
000957100,ABM,ABM INDS INC,72020,49809,3.19M,2.2M,+224.3%,0.01%
436893200,HOMB,HOME BANCSHARES INC,76347,76347,2.18M,2.18M,NEW,0.01%
88556E102,TDUP,THREDUP INC,389838,318166,2.67M,2.18M,+443.9%,0.01%
45778Q107,NSP,INSPERITY INC,64238,50745,2.65M,2.1M,+376.1%,0.01%
477143101,JBLU,JETBLUE AIRWAYS CORP,364631,364631,2.09M,2.09M,NEW,<.01%
17253J106,CIFR,CIPHER DIGITAL INC,85000,85000,2.08M,2.08M,NEW,<.01%
05329W102,AN,AUTONATION INC,26102,11093,4.85M,2.06M,+73.9%,0.02%
375558103,GILD,GILEAD SCIENCES INC,33739,15992,4.26M,2.02M,+90.1%,0.02%
92343E102,VRSN,VERISIGN INC,138596,7974,34.87M,2.01M,+6.1%,0.16%
77926X320,DRAM,ROUNDHILL ETF TRUST,26752,26752,1.98M,1.98M,NEW,<.01%
092113109,BKH,BLACK HILLS CORP,92351,26530,6.87M,1.97M,+40.3%,0.03%
981419104,WRLD,WORLD ACCEP CORPORATION,22520,8723,5.04M,1.95M,+63.2%,0.02%
G17977110,BUR,BURFORD CAPITAL LIMITED,522431,469037,2.14M,1.92M,+878.4%,<.01%
921932505,VOOG,VANGUARD ADMIRAL FDS INC,25360,23086,2.1M,1.91M,+1015.2%,<.01%
92552V100,VSAT,VIASAT INC,29408,21178,2.64M,1.9M,+257.3%,0.01%
71944F106,PHR,PHREESIA INC,358537,184554,3.69M,1.9M,+106.1%,0.02%
05550J101,BJ,BJS WHSL CLUB HLDGS INC,21727,21727,1.9M,1.9M,NEW,<.01%
512816109,LAMR,LAMAR ADVERTISING CO,97784,12096,15.25M,1.89M,+14.1%,0.07%
268150109,DT,DYNATRACE INC,42818,42818,1.88M,1.88M,NEW,<.01%
24906P109,XRAY,DENTSPLY SIRONA INC,176516,176516,1.87M,1.87M,NEW,<.01%
675234108,OCFC,OCEANFIRST FINL CORP,94927,94927,1.85M,1.85M,NEW,<.01%
858119100,STLD,STEEL DYNAMICS INC,8051,8051,1.85M,1.85M,NEW,<.01%
761152107,RMD,RESMED INC,9387,9387,1.83M,1.83M,NEW,<.01%
743312100,PRGS,PROGRESS SOFTWARE CORP,54368,54368,1.83M,1.83M,NEW,<.01%
222795502,CUZ,COUSINS PPTYS INC,60449,60449,1.81M,1.81M,NEW,<.01%
767292105,RIOT,RIOT PLATFORMS INC,96768,65398,2.65M,1.79M,+208.5%,0.01%
05379B107,AVA,AVISTA CORP,94667,43682,3.87M,1.79M,+85.7%,0.02%
023586100,UHAL,U HAUL HOLDING COMPANY,40206,26490,2.63M,1.73M,+193.1%,0.01%
045487105,ASB,ASSOCIATED BANC-CORP,143436,55723,4.41M,1.71M,+63.5%,0.02%
61174X109,MNST,MONSTER BEVERAGE CORP NEW,278275,17739,26.75M,1.71M,+6.8%,0.12%
609839105,MPWR,MONOLITHIC PWR SYS INC,1203,1203,1.66M,1.66M,NEW,<.01%
90021W105,TTRX,TURN THERAPEUTICS INC,227396,227396,1.66M,1.66M,NEW,<.01%
646025106,NJR,NEW JERSEY RES CORP,43205,29585,2.42M,1.66M,+217.2%,0.01%
038222105,AMAT,APPLIED MATLS INC,107507,2292,77.73M,1.66M,+2.2%,0.36%
12621E103,CNO,CNO FINL GROUP INC,47386,32327,2.42M,1.65M,+214.7%,0.01%
40434L105,HPQ,HP INC,320304,73930,7.03M,1.62M,+30%,0.03%
22410J106,CBRL,CRACKER BARREL OLD CTRY STOR,30339,30339,1.62M,1.62M,NEW,<.01%
302520101,FNB,F N B CORP,279938,84437,5.34M,1.61M,+43.2%,0.02%
010911105,ALMR,ALAMAR BIOSCIENCES INC,58795,58795,1.59M,1.59M,NEW,<.01%
74347R206,QLD,PROSHARES TR,53709,16185,5.2M,1.57M,+43.1%,0.02%
963320106,WHR,WHIRLPOOL CORP,39649,39649,1.56M,1.56M,NEW,<.01%
505336107,LZB,LA Z BOY INC,52781,38931,2.12M,1.56M,+281.1%,<.01%
56400P706,MNKD,MANNKIND CORP,362584,362584,1.54M,1.54M,NEW,<.01%
00847X104,AGIO,AGIOS PHARMACEUTICALS INC,40404,40404,1.5M,1.5M,NEW,<.01%
G93A5A101,VIK,VIKING HOLDINGS LTD,309278,14295,32.37M,1.5M,+4.8%,0.15%
G9572D103,BULL,WEBULL CORP,794225,229267,5.18M,1.49M,+40.6%,0.02%
32020R109,FFIN,FIRST FINL BANKSHARES INC,43186,43186,1.49M,1.49M,NEW,<.01%
031652100,AMKR,AMKOR TECHNOLOGY INC,154417,17254,13.32M,1.49M,+12.6%,0.06%
693483109,PKX,POSCO HOLDINGS INC,57310,28934,2.94M,1.49M,+102%,0.01%
410867105,THG,HANOVER INS GROUP INC,51099,6939,10.94M,1.49M,+15.7%,0.05%
52661A108,DRS,LEONARDO DRS INC,204000,34295,8.7M,1.46M,+20.2%,0.04%
69553P100,PD,PAGERDUTY INC,405999,150285,3.92M,1.45M,+58.8%,0.02%
574599106,MAS,MASCO CORP,126866,17705,10.32M,1.44M,+16.2%,0.05%
922042775,VEU,VANGUARD INTL EQUITY INDEX F,66687,17173,5.59M,1.44M,+34.7%,0.03%
11276H106,BIPC,BROOKFIELD INFRASTRUCTURE CO,37260,37260,1.43M,1.43M,NEW,<.01%
46187W107,INVH,INVITATION HOMES INC,71909,47215,2.17M,1.43M,+191.2%,0.01%
55277P104,MGEE,MGE ENERGY INC,17404,17404,1.42M,1.42M,NEW,<.01%
84472E102,SSB,SOUTHSTATE BK CORP,23452,13854,2.34M,1.38M,+144.3%,0.01%
92828Q109,VRTS,VIRTUS INVT PARTNERS INC,22680,9495,3.25M,1.36M,+72%,0.02%
93148P102,WD,WALKER & DUNLOP INC,48262,24612,2.64M,1.35M,+104.1%,0.01%
88262P102,TPL,TEXAS PACIFIC LAND CORPORATI,3051,3051,1.34M,1.34M,NEW,<.01%
221006109,CRVL,CORVEL CORP,29783,21022,1.86M,1.31M,+239.9%,<.01%
636180101,NFG,NATIONAL FUEL GAS CO,22241,16854,1.72M,1.3M,+312.9%,<.01%
053015103,ADP,AUTOMATIC DATA PROCESSING IN,12837,5808,2.88M,1.3M,+82.6%,0.01%
64049M209,NEO,NEOGENOMICS INC,104476,89089,1.52M,1.3M,+579%,<.01%
75776W103,RDW,REDWIRE CORPORATION,119331,105614,1.46M,1.29M,+769.9%,<.01%
464287523,SOXX,ISHARES TR,2942,2001,1.89M,1.28M,+212.6%,<.01%
589889104,MMSI,MERIT MED SYS INC,18386,18386,1.27M,1.27M,NEW,<.01%
88076W103,TDC,TERADATA CORP DEL,51892,36693,1.8M,1.27M,+241.4%,<.01%
29530P102,ERIE,ERIE INDTY CO,5303,5303,1.27M,1.27M,NEW,<.01%
25809K105,DASH,DOORDASH INC,79067,6842,14.59M,1.26M,+9.5%,0.07%
811543107,SEB,SEABOARD CORP DEL,280,280,1.25M,1.25M,NEW,<.01%
511656100,LKFN,LAKELAND FINL CORP,23875,20171,1.47M,1.24M,+544.6%,<.01%
86722A103,SXC,SUNCOKE ENERGY INC,154165,154165,1.24M,1.24M,NEW,<.01%
46429B663,HDV,ISHARES TR,56111,44916,1.54M,1.23M,+401.2%,<.01%
094235108,BLMN,BLOOMIN BRANDS INC,270678,133287,2.47M,1.22M,+97%,0.01%
126600105,CVBF,CVB FINL CORP,81358,53937,1.83M,1.22M,+196.7%,<.01%
42250P103,DOC,HEALTHPEAK PROPERTIES INC,56814,56814,1.22M,1.22M,NEW,<.01%
74340E103,PGNY,PROGYNY INC,129578,41917,3.74M,1.21M,+47.8%,0.02%
74340W103,PLD,PROLOGIS INC.,21919,8789,2.97M,1.19M,+66.9%,0.01%
419870100,HE,HAWAIIAN ELEC INDS INC MTN B,173001,87701,2.34M,1.19M,+102.8%,0.01%
65249B208,NWS,NEWS CORP NEW,81978,41846,2.3M,1.17M,+104.3%,0.01%
535555106,LNN,LINDSAY CORP,13686,9375,1.69M,1.16M,+217.5%,<.01%
80810D103,SDGR,SCHRODINGER INC,71397,71397,1.16M,1.16M,NEW,<.01%
224408104,CR,CRANE COMPANY,37101,5190,8.28M,1.16M,+16.3%,0.04%
42238D107,HTFL,HEARTFLOW INC,69778,39451,2.05M,1.16M,+130.1%,<.01%
48241A105,KB,KB FINL GROUP INC,34329,10959,3.6M,1.15M,+46.9%,0.02%
87305R109,TTMI,TTM TECHNOLOGIES INC,6150,6150,1.15M,1.15M,NEW,<.01%
462260100,IOVA,IOVANCE BIOTHERAPEUTICS INC,292962,273758,1.22M,1.14M,+1425.5%,<.01%
40415F101,HDB,HDFC BANK LTD,103831,44080,2.68M,1.14M,+73.8%,0.01%
68287N100,OSPN,ONESPAN INC,113914,78436,1.63M,1.13M,+221.1%,<.01%
026874784,AIG,AMERICAN INTL GROUP INC,65907,15040,4.91M,1.12M,+29.6%,0.02%
20451N101,CMP,COMPASS MINERALS INTL INC,35864,35864,1.12M,1.12M,NEW,<.01%
464286772,EWY,ISHARES INC,22305,5487,4.5M,1.11M,+32.6%,0.02%
25400W102,APPS,DIGITAL TURBINE INC,139222,83375,1.8M,1.08M,+149.3%,<.01%
02005N100,ALLY,ALLY FINL INC,101022,23038,4.64M,1.06M,+29.5%,0.02%
808524201,SCHX,SCHWAB STRATEGIC TR,446768,35869,13.15M,1.06M,+8.7%,0.06%
464288562,REZ,ISHARES TR,11043,11043,1.05M,1.05M,NEW,<.01%
03071H100,AMSF,AMERISAFE INC,30887,30887,1.04M,1.04M,NEW,<.01%
64110W102,NTES,NETEASE COM INC,16294,8125,2.09M,1.04M,+99.5%,<.01%
82900L102,SMPL,SIMPLY GOOD FOODS CO,77581,77581,1.03M,1.03M,NEW,<.01%
902681105,UGI,UGI CORP NEW,29820,29820,1.03M,1.03M,NEW,<.01%
679580100,ODFL,OLD DOMINION FREIGHT LINE IN,4734,4734,1.03M,1.03M,NEW,<.01%
747525103,QCOM,QUALCOMM INC,56269,5487,10.4M,1.01M,+10.8%,0.05%
053332102,AZO,AUTOZONE INC,1844,313,5.89M,1M,+20.4%,0.03%
950810101,WSBC,WESBANCO INC,124075,25509,4.84M,995.62K,+25.9%,0.02%
890260839,TNXP,TONIX PHARMACEUTICALS HLDG C,92373,78015,1.18M,995.47K,+543.4%,<.01%
47103N106,JBI,JANUS INTERNATIONAL GROUP IN,178624,178624,991.36K,991.36K,NEW,<.01%
670100205,NVO,NOVO-NORDISK A S,53467,20679,2.56M,991.36K,+63.1%,0.01%
832248207,SFD,SMITHFIELD FOODS INC,40807,40807,989.98K,989.98K,NEW,<.01%
85209W109,SPT,SPROUT SOCIAL INC,130950,130950,988.67K,988.67K,NEW,<.01%
464288760,ITA,ISHARES TR,6762,4075,1.64M,987.84K,+151.7%,<.01%
824596100,SHG,SHINHAN FINANCIAL GROUP CO L,60907,15549,3.85M,983.48K,+34.3%,0.02%
25434V880,DFAX,DIMENSIONAL ETF TRUST,58722,26667,2.16M,982.4K,+83.2%,<.01%
87043Q108,SG,SWEETGREEN INC,143559,110154,1.26M,970.46K,+329.8%,<.01%
500631106,KEP,KOREA ELEC PWR CORP,181344,79738,2.19M,964.83K,+78.5%,0.01%
670002401,NVAX,NOVAVAX INC,101355,101355,954.76K,954.76K,NEW,<.01%
83601L102,SHC,SOTERA HEALTH CO,98446,53533,1.75M,950.21K,+119.2%,<.01%
04963C209,ATRC,ATRICURE INC,41484,33532,1.16M,938.23K,+421.7%,<.01%
04342Y104,ASAN,ASANA INC,372988,133523,2.61M,934.66K,+55.8%,0.01%
464288240,ACWX,ISHARES TR,195596,12278,14.89M,934.48K,+6.7%,0.07%
001744101,AMN,AMN HEALTHCARE SVCS INC,62899,28595,2.04M,925.62K,+83.4%,<.01%
464287481,IWP,ISHARES TR,20121,6319,2.95M,925.15K,+45.8%,0.01%
70614W100,PTON,PELOTON INTERACTIVE INC,581580,155576,3.44M,919.45K,+36.5%,0.02%
981064108,WF,WOORI FINL GROUP INC,51903,15925,2.98M,914.08K,+44.3%,0.01%
76029N106,REPL,REPLIMUNE GROUP INC,81982,81982,907.54K,907.54K,NEW,<.01%
65250K105,NMAX,NEWSMAX INC,179276,109604,1.48M,907.52K,+157.3%,<.01%
640268306,NKTR,NEKTAR THERAPEUTICS,12978,12978,905.99K,905.99K,NEW,<.01%
654106103,NKE,NIKE INC,148760,22019,6.11M,903.88K,+17.4%,0.03%
549498202,LCID,LUCID GROUP INC,145552,134800,973.74K,901.81K,+1253.7%,<.01%
042068205,ARM,ARM HOLDINGS PLC,2527,2527,896.14K,896.14K,NEW,<.01%
601137102,MRP,MILLROSE PPTYS INC,40229,29780,1.21M,894.88K,+285%,<.01%
566324109,MMI,MARCUS & MILLICHAP INC,54691,28687,1.7M,894.17K,+110.3%,<.01%
857477103,STT,STATE STR CORP,5242,5242,888.99K,888.99K,NEW,<.01%
87157D109,SYNA,SYNAPTICS INC,7082,7082,879.8K,879.8K,NEW,<.01%
94724R108,WEAV,WEAVE COMMUNICATIONS INC,209484,146803,1.25M,879.35K,+234.2%,<.01%
80517M109,SVV,SAVERS VALUE VLG INC,98075,86554,989.58K,873.33K,+751.3%,<.01%
105368203,BDN,BRANDYWINE RLTY TR,473942,274197,1.5M,869.2K,+137.3%,<.01%
741623102,PRMB,PRIMO BRANDS CORPORATION,35402,35402,865.23K,865.23K,NEW,<.01%
046433108,ATRO,ASTRONICS CORP,20190,10629,1.64M,863.71K,+111.2%,<.01%
866082100,INN,SUMMIT HOTEL PPTYS,123158,123158,863.34K,863.34K,NEW,<.01%
29250N105,ENB,ENBRIDGE INC,37596,15843,2.04M,858.85K,+72.8%,<.01%
093712107,BE,BLOOM ENERGY CORP,2829,2829,856.34K,856.34K,NEW,<.01%
513847103,MZTI,MARZETTI COMPANY,7491,7491,855.17K,855.17K,NEW,<.01%
008252108,AMG,AFFILIATED MANAGERS GROUP,9036,2506,3.06M,848.03K,+38.4%,0.01%
464288885,EFG,ISHARES TR,16784,6795,2.09M,845.41K,+68%,<.01%
753422104,RPD,RAPID7 INC,104312,104312,844.93K,844.93K,NEW,<.01%
G29183103,ETN,EATON CORP PLC,5376,1975,2.29M,841.63K,+58.1%,0.01%
N6596X109,NXPI,NXP SEMICONDUCTORS N V,4297,2977,1.21M,836.57K,+225.5%,<.01%
488401100,KMPR,KEMPER CORP,30823,30823,830.99K,830.99K,NEW,<.01%
913259107,UTL,UNITIL CORP,15710,15710,827.76K,827.76K,NEW,<.01%
749685103,RPM,RPM INTL INC,7404,7404,822.93K,822.93K,NEW,<.01%
43114Q105,HPK,HIGHPEAK ENERGY INC,142508,117636,996.13K,822.28K,+473%,<.01%
76665T102,REPX,RILEY EXPLORATION PERMIAN IN,24737,24737,815.33K,815.33K,NEW,<.01%
30034W106,EVRG,EVERGY INC,9423,9423,814.45K,814.45K,NEW,<.01%
064058100,BK,BANK OF NY MELLON CORP,61592,5568,8.91M,805.18K,+9.9%,0.04%
98419M100,XYL,XYLEM INC,10218,6754,1.21M,798.41K,+195%,<.01%
086921103,BETA,BETA TECHNOLOGIES INC,47129,47129,789.41K,789.41K,NEW,<.01%
85472N109,STN,STANTEC INC,15970,11448,1.1M,788.88K,+253.2%,<.01%
042315705,ARR,ARMOUR RESIDENTIAL REIT INC,106354,45203,1.86M,788.79K,+73.9%,<.01%
81761L102,SVC,SERVICE PPTYS TR,648522,464799,1.1M,785.51K,+253%,<.01%
553498106,MSA,MSA SAFETY INC,4493,4493,784.37K,784.37K,NEW,<.01%
88025T102,TENB,TENABLE HLDGS INC,525271,21157,19.37M,780.27K,+4.2%,0.09%
N3167Y103,RACE,FERRARI N V,4974,2094,1.85M,779.67K,+72.7%,<.01%
67103X102,OFG,OFG BANCORP,22004,15655,1.08M,768.19K,+246.6%,<.01%
422806208,HEIA,HEICO CORP NEW,7607,2970,1.96M,766.03K,+64.1%,<.01%
921659108,VNDA,VANDA PHARMACEUTICALS INC,282779,124709,1.73M,763.22K,+78.9%,<.01%
760125104,RTO,RENTOKIL INITIAL PLC,33297,26500,952.63K,758.17K,+389.9%,<.01%
88322Q108,TGTX,TG THERAPEUTICS INC,13757,13757,755.81K,755.81K,NEW,<.01%
922908553,VNQ,VANGUARD INDEX FDS,24751,7759,2.39M,748.19K,+45.7%,0.01%
320817109,FRME,FIRST MERCHANTS CORP,68021,17099,2.97M,747.05K,+33.6%,0.01%
053604104,AVPT,AVEPOINT INC,142064,66615,1.59M,746.75K,+88.3%,<.01%
60687Y109,MFG,MIZUHO FINANCIAL GROUP INC,380664,77426,3.65M,741.74K,+25.5%,0.02%
46434V456,IQLT,ISHARES TR,60750,14959,3.01M,741.22K,+32.7%,0.01%
736508847,POR,PORTLAND GEN ELEC CO,133023,14267,6.89M,739.45K,+12%,0.03%
70932M107,PFSI,PENNYMAC FINL SVCS INC NEW,8413,8413,732.77K,732.77K,NEW,<.01%
50127T109,KURA,KURA ONCOLOGY INC,348125,66221,3.82M,726.44K,+23.5%,0.02%
292104106,ESRT,EMPIRE ST RLTY TR INC,133003,133003,719.55K,719.55K,NEW,<.01%
22041X102,CRSR,CORSAIR GAMING INC,177305,73665,1.71M,712.34K,+71.1%,<.01%
011642105,ALRM,ALARM COM HLDGS INC,15196,15196,709.96K,709.96K,NEW,<.01%
466032109,JJSF,J & J SNACK FOODS CORP,21293,9638,1.56M,707.91K,+82.7%,<.01%
04626A103,ALAB,ASTERA LABS INC,1438,1438,694.82K,694.82K,NEW,<.01%
125896100,CMS,CMS ENERGY CORP,8978,8978,686.83K,686.83K,NEW,<.01%
50155Q100,KD,KYNDRYL HLDGS INC,306404,60373,3.47M,682.82K,+24.5%,0.02%
886364173,SFY,TIDAL TRUST I,4448,4448,662.17K,662.17K,NEW,<.01%
60770K107,MRNA,MODERNA INC,9448,9448,661.63K,661.63K,NEW,<.01%
81768T108,SFBS,SERVISFIRST BANCSHARES INC,7576,7576,657.18K,657.18K,NEW,<.01%
04523Y105,ASPN,ASPEN AEROGELS INC,103313,103313,655K,655K,NEW,<.01%
358029106,FMS,FRESENIUS MEDICAL CARE AG,28855,28855,652.41K,652.41K,NEW,<.01%
156727109,CRNC,CERENCE INC,79570,57403,900.73K,649.8K,+259%,<.01%
82489W107,SHLS,SHOALS TECHNOLOGIES GROUP IN,85826,65534,849.68K,648.79K,+323%,<.01%
02156K103,OPTU,OPTIMUM COMMUNICATIONS INC,534137,447343,774.5K,648.65K,+515.4%,<.01%
15118V207,CELH,CELSIUS HLDGS INC,22001,22001,644.19K,644.19K,NEW,<.01%
05637B105,BLZE,BACKBLAZE INC,132416,39487,2.1M,626.26K,+42.5%,<.01%
22266M104,COUR,COURSERA INC,512762,110804,2.89M,624.93K,+27.6%,0.01%
56501R106,MFC,MANULIFE FINL CORP,22034,15424,892.6K,624.82K,+233.3%,<.01%
500688106,KOS,KOSMOS ENERGY LTD,341681,295812,720.95K,624.16K,+644.9%,<.01%
194162103,CL,COLGATE PALMOLIVE CO,10650,6793,976.36K,622.76K,+176.1%,<.01%
81141R100,SE,SEA LTD,67789,6468,6.5M,619.83K,+10.5%,0.03%
49456W105,KLC,KINDERCARE LEARNING COMPANIE,158521,144727,673.72K,615.09K,+1049.2%,<.01%
457642205,INOD,INNODATA INC,8138,8138,615.07K,615.07K,NEW,<.01%
602496101,MDXG,MIMEDX GROUP INC,168893,156999,650.24K,604.45K,+1320%,<.01%
03980N107,ARDT,ARDENT HEALTH INC,92191,61085,907.16K,601.08K,+196.4%,<.01%
576690101,MTRN,MATERION CORP,2013,2013,598.66K,598.66K,NEW,<.01%
62855J104,MYGN,MYRIAD GENETICS INC,254869,104627,1.46M,597.42K,+69.6%,<.01%
25243Q205,DEO,DIAGEO PLC,11710,7420,941.25K,596.42K,+173%,<.01%
492327101,KROS,KEROS THERAPEUTICS INC,55675,55675,595.72K,595.72K,NEW,<.01%
629377508,NRG,NRG ENERGY INC,4024,4024,587.69K,587.69K,NEW,<.01%
92346J108,VCEL,VERICEL CORP,13209,13209,587.67K,587.67K,NEW,<.01%
31846B108,FA,FIRST ADVANTAGE CORP NEW,32551,32551,587.55K,587.55K,NEW,<.01%
98956A105,ZETA,ZETA GLOBAL HOLDINGS CORP,161503,29727,3.18M,585.03K,+22.6%,0.01%
65339F101,NEE,NEXTERA ENERGY INC,25351,6651,2.23M,583.75K,+35.6%,0.01%
75704L104,RDVT,RED VIOLET INC,9124,9124,581.39K,581.39K,NEW,<.01%
74736K101,QRVO,QORVO INC,6207,6207,578.93K,578.93K,NEW,<.01%
413197104,HRMY,HARMONY BIOSCIENCES HLDGS IN,53762,15864,1.96M,577.61K,+41.9%,<.01%
27616P301,DEA,EASTERLY GOVT PPTYS INC,69701,23159,1.74M,577.35K,+49.8%,<.01%
65341D102,NXRT,NEXPOINT RESIDENTIAL TR INC,20504,20504,572.46K,572.46K,NEW,<.01%
46131B704,IVR,INVESCO MORTGAGE CAPITAL INC,130496,72143,1.03M,569.93K,+123.6%,<.01%
909214306,UIS,UNISYS CORP,232570,155114,851.21K,567.72K,+200.3%,<.01%
98980A105,ZTO,ZTO EXPRESS CAYMAN INC,35385,25217,791.92K,564.36K,+248%,<.01%
13765N107,CNNE,CANNAE HLDGS INC,39178,39178,564.16K,564.16K,NEW,<.01%
88822Q103,TIPT,TIPTREE INC,31429,31429,563.21K,563.21K,NEW,<.01%
33748L101,FWRG,FIRST WATCH RESTAURANT GROUP,43289,43289,558K,558K,NEW,<.01%
037598109,APOG,APOGEE ENTERPRISES INC,12159,12159,556.15K,556.15K,NEW,<.01%
191098102,COKE,COCA COLA CONS INC,33339,2886,6.37M,551K,+9.5%,0.03%
808524771,FNDX,SCHWAB STRATEGIC TR,197961,17511,6.16M,544.59K,+9.7%,0.03%
35086T109,FCPT,FOUR CORNERS PPTY TR INC,32597,22130,800.26K,543.3K,+211.4%,<.01%
606822104,MUFG,MITSUBISHI UFJ FINANCIAL GRO,203057,27227,4.04M,541.54K,+15.5%,0.02%
171779309,CIEN,CIENA CORP,46621,1103,22.87M,541.09K,+2.4%,0.11%
88636R479,AIPO,TIDAL TRUST II,16112,16112,538.29K,538.29K,NEW,<.01%
860897107,SFIX,STITCH FIX INC,394095,129202,1.62M,531.02K,+48.8%,<.01%
12618T105,CRAI,CRA INTL INC,3730,3730,530.78K,530.78K,NEW,<.01%
319383204,BUSE,FIRST BUSEY CORP,60993,17955,1.8M,529.67K,+41.7%,<.01%
360271100,FULT,FULTON FINL CORP PA,32675,21865,790.4K,528.91K,+202.3%,<.01%
218937100,CNR,CORE NATURAL RESOURCES INC,6601,6601,528.19K,528.19K,NEW,<.01%
464287432,TLT,ISHARES TR,6101,6101,527.22K,527.22K,NEW,<.01%
171484108,CHDN,CHURCHILL DOWNS INC,13134,5816,1.18M,521.35K,+79.5%,<.01%
24823R105,DNLI,DENALI THERAPEUTICS INC,20185,20185,519.15K,519.15K,NEW,<.01%
91688F104,UPWK,UPWORK INC,61078,61078,510.61K,510.61K,NEW,<.01%
11040G103,VTOL,BRISTOW GROUP INC,27040,12209,1.12M,504.48K,+82.3%,<.01%
591520200,MEI,METHODE ELECTRS INC,122844,26493,2.33M,502.57K,+27.5%,0.01%
25434V708,DFAC,DIMENSIONAL ETF TRUST,162195,11279,7.19M,500.34K,+7.5%,0.03%
G25457105,CRDO,CREDO TECHNOLOGY GROUP HOLDI,1828,1828,497.12K,497.12K,NEW,<.01%
203668108,CYH,COMMUNITY HEALTH SYS INC NEW,196995,148080,657.96K,494.59K,+302.7%,<.01%
374689107,ROCK,GIBRALTAR INDS INC,10916,10916,492.31K,492.31K,NEW,<.01%
Y95308105,WVE,WAVE LIFE SCIENCES LTD,106446,83914,618.45K,487.54K,+372.4%,<.01%
667340103,NWBI,NORTHWEST BANCSHARES INC,84005,32033,1.27M,485.62K,+61.6%,<.01%
78349D107,RXST,RXSIGHT INC,145578,100647,701.69K,485.12K,+224%,<.01%
61559X104,MLTX,MOONLAKE IMMUNOTHERAPEUTICS,24855,24855,483.93K,483.93K,NEW,<.01%
62955J103,NOV,NOV INC,81483,26051,1.51M,483.25K,+47%,<.01%
47580P103,JELD,JELD-WEN HLDG INC,338964,321607,508.45K,482.41K,+1852.9%,<.01%
D18190898,DB,DEUTSCHE BK AG,14278,14278,482.02K,482.02K,NEW,<.01%
090040106,BILI,BILIBILI INC,44536,28093,758.45K,478.42K,+170.9%,<.01%
343498101,FLO,FLOWERS FOODS INC,72178,60231,570.21K,475.82K,+504.2%,<.01%
46434V282,LRGF,ISHARES TR,11719,6274,886.29K,474.49K,+115.2%,<.01%
497266106,KEX,KIRBY CORP,3474,3474,472.36K,472.36K,NEW,<.01%
320557101,INBK,FIRST INTERNET BANCORP,16875,16875,469.12K,469.12K,NEW,<.01%
829214105,SLP,SIMULATIONS PLUS INC,25475,25475,466.45K,466.45K,NEW,<.01%
452308109,ITW,ILLINOIS TOOL WKS INC,14782,1719,4M,464.92K,+13.2%,0.02%
74319N100,ACDC,PROFRAC HLDG CORP,259653,79578,1.51M,462.35K,+44.2%,<.01%
464287119,ILCG,ISHARES TR,3939,3939,460.9K,460.9K,NEW,<.01%
29970N104,EVEX,EVE HLDG INC,272962,183508,685.13K,460.61K,+205.1%,<.01%
40416E103,HCI,HCI GROUP INC,8218,2615,1.44M,458.28K,+46.7%,<.01%
960413102,WLK,WESTLAKE CORPORATION,6267,6267,457.49K,457.49K,NEW,<.01%
G1144A105,BTBT,BIT DIGITAL INC,251860,251860,453.35K,453.35K,NEW,<.01%
940610108,WASH,WASHINGTON TR BANCORP INC,36836,12365,1.34M,451.08K,+50.5%,<.01%
38246G108,GDRX,GOODRX HLDGS INC,299013,156325,861.16K,450.22K,+109.6%,<.01%
75574U101,RC,READY CAPITAL CORP,466595,254333,816.54K,445.08K,+119.8%,<.01%
31189P102,FATE,FATE THERAPEUTICS INC,487728,162940,1.32M,439.94K,+50.2%,<.01%
302492103,FLYW,FLYWIRE CORPORATION,119791,25025,2.1M,439.69K,+26.4%,<.01%
012348108,AIN,ALBANY INTL CORP,5885,5885,438.47K,438.47K,NEW,<.01%
45768S105,IOSP,INNOSPEC INC,45343,5383,3.69M,438.12K,+13.5%,0.02%
29358P101,ENSG,ENSIGN GROUP INC,2730,2730,437.62K,437.62K,NEW,<.01%
938824109,WAFD,WAFD INC,11359,11359,435.86K,435.86K,NEW,<.01%
55305B101,MHO,M/I HOMES INC,2704,2704,434.78K,434.78K,NEW,<.01%
80689H102,SNDR,SCHNEIDER NATIONAL INC,11895,11895,434.52K,434.52K,NEW,<.01%
50101L106,DNUT,KRISPY KREME INC,158632,122818,559.97K,433.55K,+342.9%,<.01%
10240L102,BOW,BOWHEAD SPECIALTY HLDGS INC,14319,14319,428.57K,428.57K,NEW,<.01%
116794108,BRKR,BRUKER CORP,7028,7028,422.95K,422.95K,NEW,<.01%
76156B107,RVLV,REVOLVE GROUP INC,36663,18396,839.22K,421.08K,+100.7%,<.01%
903002103,UMH,UMH PPTYS INC,27690,27690,419.23K,419.23K,NEW,<.01%
004498101,ACIW,ACI WORLDWIDE INC,30500,8246,1.53M,414.69K,+37.1%,<.01%
277276101,EGP,EASTGROUP PPTYS INC,2040,2040,413.1K,413.1K,NEW,<.01%
92511U102,VRRM,VERRA MOBILITY CORP,109977,96976,467.4K,412.15K,+745.9%,<.01%
06417N103,OZK,BANK OZK LITTLE ROCK ARK,7871,7871,410K,410K,NEW,<.01%
464288414,MUB,ISHARES TR,53377,3796,5.74M,408.53K,+7.7%,0.03%
11135E203,BNL,BROADSTONE NET LEASE INC,19660,19660,406.37K,406.37K,NEW,<.01%
629209305,NMIH,NMI HLDGS INC,97839,9884,4.02M,406.13K,+11.2%,0.02%
922042718,VSS,VANGUARD INTL EQUITY INDEX F,2617,2617,403.78K,403.78K,NEW,<.01%
18538R103,CLW,CLEARWATER PAPER CORP,25594,25594,401.31K,401.31K,NEW,<.01%
37611X209,DNA,GINKGO BIOWORKS HOLDINGS INC,63044,40418,624.77K,400.54K,+178.6%,<.01%
86562M209,SMFG,SUMITOMO MITSUI FIN GRP INC,162467,16976,3.83M,400.29K,+11.7%,0.02%
48251K100,KREF,KKR REAL ESTATE FIN TR INC,58401,58401,399.46K,399.46K,NEW,<.01%
20786W107,CNOB,CONNECTONE BANCORP INC,11740,11740,392.59K,392.59K,NEW,<.01%
808524805,SCHF,SCHWAB STRATEGIC TR,181775,14162,5.04M,392.29K,+8.4%,0.02%
15675D103,CBRS,CEREBRAS SYSTEMS INC,1770,1770,391.24K,391.24K,NEW,<.01%
59064R109,MLAB,MESA LABS INC,13580,3922,1.35M,390.44K,+40.6%,<.01%
808524102,SCHB,SCHWAB STRATEGIC TR,156331,13421,4.53M,388.67K,+9.4%,0.02%
98139A105,WK,WORKIVA INC,36881,7990,1.79M,387.6K,+27.7%,<.01%
65535H208,NMR,NOMURA HLDGS INC,172275,43914,1.51M,385.57K,+34.2%,<.01%
45780L104,INGN,INOGEN INC,73589,59486,474.65K,383.68K,+421.8%,<.01%
74276L105,PRCT,PROCEPT BIOROBOTICS CORP,41384,16977,934.45K,383.34K,+69.6%,<.01%
987184108,YORW,YORK WTR CO,12495,12495,382.96K,382.96K,NEW,<.01%
91823B109,UWMC,UWM HOLDINGS CORPORATION,499961,166593,1.14M,381.5K,+50%,<.01%
48563L101,KRT,KARAT PACKAGING INC,11371,11371,380.48K,380.48K,NEW,<.01%
22948Q101,CTO,CTO RLTY GROWTH INC NEW,34834,17659,749.28K,379.84K,+102.8%,<.01%
46438F101,IBIT,ISHARES BITCOIN TRUST ETF,223395,11319,7.44M,376.81K,+5.3%,0.03%
260557103,DOW,DOW HLDGS INC,692680,13762,18.95M,376.53K,+2%,0.09%
376536108,GOOD,GLADSTONE COMMERCIAL CORP,67469,30543,829.87K,375.68K,+82.7%,<.01%
695156109,PKG,PACKAGING CORP AMER,4799,1570,1.14M,374.06K,+48.6%,<.01%
06652V208,BANR,BANNER CORP,5627,5627,373.86K,373.86K,NEW,<.01%
78433H584,HYBI,NEOS ETF TRUST,51804,7580,2.55M,373.3K,+17.1%,0.01%
886029206,THRY,THRYV HLDGS INC,94370,94370,371.82K,371.82K,NEW,<.01%
30040P103,EVTC,EVERTEC INC,30456,13365,846.07K,371.28K,+78.2%,<.01%
918090101,UTZ,UTZ BRANDS INC,47573,47573,366.31K,366.31K,NEW,<.01%
71535D106,PSNL,PERSONALIS INC,27327,27327,366.18K,366.18K,NEW,<.01%
680665205,OLN,OLIN CORP,18451,18451,365.7K,365.7K,NEW,<.01%
810186106,SMG,SCOTTS MIRACLE-GRO CO,17779,5364,1.21M,365.34K,+43.2%,<.01%
30041R108,EVER,EVERQUOTE INC,35062,15339,834.12K,364.91K,+77.8%,<.01%
G63755105,NIQ,NIQ GLOBAL INTELLIGENCE PLC,56912,38758,532.13K,362.39K,+213.5%,<.01%
25402D102,DOCN,DIGITALOCEAN HLDGS INC,10740,7406,525.07K,362.07K,+222.1%,<.01%
207410101,CNMD,CONMED CORP,11055,11055,361.83K,361.83K,NEW,<.01%
530307107,LBRDA,LIBERTY BROADBAND CORP,18079,10828,601.67K,360.36K,+149.3%,<.01%
170386106,COFS,CHOICEONE FINANCIA,10592,10592,360.13K,360.13K,NEW,<.01%
453838609,IBCP,INDEPENDENT BK CORP MICH,9938,9938,358.45K,358.45K,NEW,<.01%
78468R788,SPYD,SPDR SERIES TRUST,7445,7445,355.23K,355.23K,NEW,<.01%
53700T827,DBMF,LITMAN GREGORY FDS TR,11554,11554,353.67K,353.67K,NEW,<.01%
89455T109,TMCI,TREACE MED CONCEPTS INC,109762,88776,436.85K,353.33K,+423%,<.01%
858586100,SCL,STEPAN CO,32914,6331,1.83M,352.76K,+23.8%,<.01%
03475V101,ANGO,ANGIODYNAMICS INC,27068,27068,352.15K,352.15K,NEW,<.01%
M7S64L123,PGY,PAGAYA TECHNOLOGIES LTD,19285,19285,351.95K,351.95K,NEW,<.01%
G7738W106,SFL,SFL CORPORATION LTD,34301,34301,349.87K,349.87K,NEW,<.01%
92206C870,VCIT,VANGUARD SCOTTSDALE FDS,13099,4226,1.08M,349.27K,+47.6%,<.01%
97717Y527,USFR,WISDOMTREE TR,14127,6927,711.31K,348.78K,+96.2%,<.01%
29272W109,ENR,ENERGIZER HLDGS INC,16236,16236,348.1K,348.1K,NEW,<.01%
L72967109,OEC,ORION S.A.,190101,52464,1.26M,347.84K,+38.1%,<.01%
500472303,PHG,KONINKLIJKE PHILIPS N V,33811,12711,919.32K,345.61K,+60.2%,<.01%
009158106,APD,AIR PRODUCTS AND CHEMICALS I,1178,1178,345.29K,345.29K,NEW,<.01%
068463108,BBSI,BARRETT BUSINESS SVCS INC,9701,9701,344.58K,344.58K,NEW,<.01%
96145W103,WEST,WESTROCK COFFEE CO,42451,42451,344.28K,344.28K,NEW,<.01%
89269P202,COOK,TRAEGER INC,4365,4365,344.09K,344.09K,NEW,<.01%
12532H104,GIB,CGI INC,5297,5297,342.03K,342.03K,NEW,<.01%
25434V807,DFIV,DIMENSIONAL ETF TRUST,20160,6312,1.09M,340.98K,+45.6%,<.01%
68752M108,OFIX,ORTHOFIX MED INC,37268,37268,340.63K,340.63K,NEW,<.01%
464287309,IVW,ISHARES TR,266825,2463,36.7M,338.74K,+0.9%,0.17%
747316107,KWR,QUAKER HOUGHTON,2124,2124,337.38K,337.38K,NEW,<.01%
319390100,FBIZ,FIRST BUSINESS FINL SVCS INC,13499,5336,852.73K,337.08K,+65.4%,<.01%
29415F104,NVST,ENVISTA HOLDINGS CORPORATION,288670,12787,7.61M,336.94K,+4.6%,0.04%
46137V357,RSP,INVESCO EXCHANGE TRADED FD T,103979,1575,22.12M,335.11K,+1.5%,0.1%
268948106,EGBN,EAGLE BANCORPORATION INC,32782,11773,930.68K,334.24K,+56%,<.01%
Y2573F102,FLEX,FLEX LTD,2026,2026,328.35K,328.35K,NEW,<.01%
670346105,NUE,NUCOR CORP,10549,1469,2.35M,327.21K,+16.2%,0.01%
03213A104,AMPL,AMPLITUDE INC,207194,42618,1.59M,326.03K,+25.9%,<.01%
G3934V109,GENI,GENIUS SPORTS LIMITED,53646,53646,325.1K,325.1K,NEW,<.01%
04016X101,ARGX,ARGENX SE,1798,350,1.67M,324.71K,+24.2%,<.01%
92892B103,VOYG,VOYAGER TECHNOLOGIES INC,10043,10043,323.89K,323.89K,NEW,<.01%
808524854,SCHR,SCHWAB STRATEGIC TR,183194,13110,4.52M,323.29K,+7.7%,0.02%
65342K105,NEXT,NEXTDECADE CORP,42643,42643,321.53K,321.53K,NEW,<.01%
384802104,GWW,WW GRAINGER INC,236,236,320.49K,320.49K,NEW,<.01%
433323102,HIFS,HINGHAM INSTN SVGS MASS,1035,1035,317.9K,317.9K,NEW,<.01%
448947507,IDT,IDT CORP,5452,5452,317.09K,317.09K,NEW,<.01%
29472R108,ELS,EQUITY LIFESTYLE PROPERTIES,4913,4913,316.65K,316.65K,NEW,<.01%
464287572,IOO,ISHARES TR,29126,2300,3.98M,314.18K,+8.6%,0.02%
808524698,SCHI,SCHWAB STRATEGIC TR,13809,13809,312.64K,312.64K,NEW,<.01%
03782L101,APPN,APPIAN CORP,76899,13651,1.76M,312.61K,+21.6%,<.01%
825107105,SHBI,SHORE BANCSHARES INC,64713,13504,1.49M,309.92K,+26.4%,<.01%
808524649,SCMB,SCHWAB STRATEGIC TR,12001,12001,309.86K,309.86K,NEW,<.01%
31931U102,FRBA,FIRST BK WILLIAMSTOWN NEW JE,17441,17441,309.23K,309.23K,NEW,<.01%
36120Q101,FVCB,FVCBANKCORP INC,17541,17541,306.97K,306.97K,NEW,<.01%
33734X846,CIBR,FIRST TR EXCHANGE-TRADED FD,10669,3414,958.58K,306.74K,+47.1%,<.01%
70432V102,PAYC,PAYCOM SOFTWARE INC,2425,2425,304.8K,304.8K,NEW,<.01%
M8T80P204,NEXN,NEXXEN INTL LTD,61356,33700,554.04K,304.31K,+121.9%,<.01%
06654A103,BWFG,BANKWELL FINL GROUP INC,5174,5174,303.97K,303.97K,NEW,<.01%
824889109,SCVL,SHOE STA GROUP INC,20455,20455,303.35K,303.35K,NEW,<.01%
69376K106,RPC,RIDGEPOST CAP INC,38527,38527,303.21K,303.21K,NEW,<.01%
921910840,MGV,VANGUARD WORLD FD,1852,1852,302.71K,302.71K,NEW,<.01%
G59665102,MGTX,MEIRAGTX HLDGS PLC,22330,22330,301.68K,301.68K,NEW,<.01%
90328M107,USNA,USANA HEALTH SCIENCES INC,14063,14063,300.25K,300.25K,NEW,<.01%
92206C664,VTWO,VANGUARD SCOTTSDALE FDS,7018,2458,852.1K,298.44K,+53.9%,<.01%
808625107,SAIC,SCIENCE APPLICATIONS INTL CO,36882,2647,4.07M,292.26K,+7.7%,0.02%
704699107,PGC,PEAPACK-GLADSTONE FINL CORP,6152,6152,291.19K,291.19K,NEW,<.01%
636274409,NGG,NATIONAL GRID PLC,26007,3510,2.16M,290.87K,+15.6%,<.01%
04208T108,AHRT,AH RLTY TR INC,40962,40962,290.01K,290.01K,NEW,<.01%
98980B103,ZIP,ZIPRECRUITER INC,139358,77335,522.59K,290.01K,+124.7%,<.01%
30225T102,EXR,EXTRA SPACE STORAGE INC,1995,1995,289.9K,289.9K,NEW,<.01%
44891N208,IAC,PEOPLE INC,6265,6265,289.19K,289.19K,NEW,<.01%
36266G107,GEHC,GE HEALTHCARE TECHNOLOGIES I,4497,4497,287.88K,287.88K,NEW,<.01%
08975P108,CMRC,COMMERCE.COM INC,199782,96636,591.35K,286.04K,+93.7%,<.01%
78463M107,SPSC,SPS COMM INC,4999,4999,285.79K,285.79K,NEW,<.01%
03073E105,COR,CENCORA INC,1006,1006,284.68K,284.68K,NEW,<.01%
98401F105,XNCR,XENCOR INC,17642,17642,284.04K,284.04K,NEW,<.01%
14808P109,CASS,CASS INFORMATION SYS INC,11112,5527,570.29K,283.66K,+99%,<.01%
154760409,CPF,CENTRAL PAC FINL CORP,7425,7425,283.63K,283.63K,NEW,<.01%
750940108,RAL,RALLIANT CORP,3806,3806,280.24K,280.24K,NEW,<.01%
20451Q104,CODI,COMPASS DIVERSIFIED,62010,26274,661.03K,280.08K,+73.5%,<.01%
675746606,ONIT,ONITY GROUP INC,6958,6958,276.58K,276.58K,NEW,<.01%
0076CA104,AEG,AEGON LTD,166132,32749,1.4M,276.4K,+24.6%,<.01%
25434V641,DFVX,DIMENSIONAL ETF TRUST,3348,3348,275.31K,275.31K,NEW,<.01%
517125100,LRMR,LARIMAR THERAPEUTICS INC,203363,89325,620.26K,272.44K,+78.3%,<.01%
783513203,RYAAY,RYANAIR HOLDINGS PLC,8804,4197,570.07K,271.76K,+91.1%,<.01%
866796105,SLF,SUN LIFE FINANCIAL INC.,24466,3455,1.92M,270.94K,+16.4%,<.01%
34379V103,FLNC,FLUENCE ENERGY INC,13623,13623,270.82K,270.82K,NEW,<.01%
G9001E102,LILA,LIBERTY LATIN AMERICA LTD,34479,34479,270.31K,270.31K,NEW,<.01%
22002T108,CDP,COPT DEFENSE PROPERTIES,7420,7420,270.01K,270.01K,NEW,<.01%
20454B104,CMPX,COMPASS THERAPEUTICS INC,122948,122948,269.26K,269.26K,NEW,<.01%
664121100,NECB,NORTHEAST CMNTY BANCORP INC,9704,9704,269.19K,269.19K,NEW,<.01%
96328L304,UP,WHEELS UP EXPERIENCE INC,30000,30000,269.1K,269.1K,NEW,<.01%
39874R101,GO,GROCERY OUTLET HLDG CORP,26792,26792,267.38K,267.38K,NEW,<.01%
816212302,RNAC,CARTESIAN THERAPEUTICS INC,25416,25416,264.83K,264.83K,NEW,<.01%
G69451105,PAX,PATRIA INVESTMENTS LIMITED,40912,24089,449.21K,264.5K,+143.2%,<.01%
290876101,EMA,EMERA INC,8995,4954,476.91K,262.66K,+122.6%,<.01%
70451X104,PAYO,PAYONEER GLOBAL INC,240761,36804,1.71M,262.04K,+18%,<.01%
53635D202,LQDA,LIQUIDIA CORPORATION,3260,3260,259.92K,259.92K,NEW,<.01%
29430C102,VSTS,VESTIS CORPORATION,30109,17900,437.18K,259.91K,+146.6%,<.01%
19623P101,CBAN,COLONY BANKCORP INC,12929,12929,259.74K,259.74K,NEW,<.01%
482497104,BEKE,KE HLDGS INC,28921,17848,420.22K,259.33K,+161.2%,<.01%
384747101,GRAL,GRAIL INC,12974,3783,885.72K,258.26K,+41.2%,<.01%
25520W107,DEC,DIVERSIFIED ENERGY CO,38085,18623,527.85K,258.11K,+95.7%,<.01%
921935508,VFMO,VANGUARD WELLINGTON FD,11116,1030,2.77M,257K,+10.2%,0.01%
449172105,HY,HYSTER-YALE INC,7327,7327,256.89K,256.89K,NEW,<.01%
233051879,ASHR,DBX ETF TR,7000,7000,256.62K,256.62K,NEW,<.01%
600551204,MLR,MILLER INDS INC TENN,5005,5005,256.01K,256.01K,NEW,<.01%
309627107,FMNB,FARMERS NATIONAL BANC CORP,37794,17448,551.8K,254.74K,+85.8%,<.01%
55939A107,MAGN,MAGNERA CORP,21633,21633,254.19K,254.19K,NEW,<.01%
921946406,VYM,VANGUARD WHITEHALL FDS,92681,1593,14.65M,251.74K,+1.7%,0.07%
67080M103,NRIX,NURIX THERAPEUTICS INC,10370,10370,251.58K,251.58K,NEW,<.01%
36164V602,GLIBA,LIBERTY CAP CORP,11441,11441,250.56K,250.56K,NEW,<.01%
136069101,CM,CANADIAN IMPERIAL BANK OF CO,13563,2173,1.56M,249.89K,+19.1%,<.01%
36467W109,GME,GAMESTOP CORP,11295,11295,249.39K,249.39K,NEW,<.01%
30779N105,FMAO,FARMERS & MERCHANTS BANCORP,8145,8145,249.07K,249.07K,NEW,<.01%
74467Q103,PUBM,PUBMATIC INC,18913,18913,248.14K,248.14K,NEW,<.01%
45104G104,IBN,ICICI BANK LIMITED,81979,8435,2.38M,244.87K,+11.5%,0.01%
038169207,APLD,APPLIED DIGITAL CORP,6558,6558,244.62K,244.62K,NEW,<.01%
19247G107,COHR,COHERENT CORP,619,619,244.18K,244.18K,NEW,<.01%
84615Q103,SPCX,SPACE EXPLORATION TECHN CORP,1421,1421,242.72K,242.72K,NEW,<.01%
78464A284,HYMB,SPDR SERIES TRUST,9513,9513,242.02K,242.02K,NEW,<.01%
04335A105,ARVN,ARVINAS INC,41445,29028,344.41K,241.22K,+233.8%,<.01%
20464U100,COMP,COMPASS INC,224155,19473,2.76M,240.1K,+9.5%,0.01%
25459W458,SOXL,DIREXION SHARES ETF TRUST,900,900,240.04K,240.04K,NEW,<.01%
01626W101,ALIT,ALIGHT INC,2787324,427491,1.56M,239.4K,+18.1%,<.01%
88080T104,WULF,TERAWULF INC,9663,9663,238.68K,238.68K,NEW,<.01%
46434G848,PICK,ISHARES INC,4103,4103,238.59K,238.59K,NEW,<.01%
884903881,TRI.TO,THOMSON REUTERS CORP,2917,2917,238.27K,238.27K,NEW,<.01%
808524706,SCHE,SCHWAB STRATEGIC TR,22482,6568,815.21K,238.16K,+41.3%,<.01%
98980F104,GTM,ZOOMINFO TECHNOLOGIES INC,125223,81005,366.9K,237.35K,+183.2%,<.01%
78463X889,SPDW,SPDR INDEX SHS FDS,22887,4695,1.15M,236.58K,+25.8%,<.01%
69320M109,PCB,PCB BANCORP,8331,8331,236.35K,236.35K,NEW,<.01%
316092808,FTEC,FIDELITY COVINGTON TRUST,827,827,236.15K,236.15K,NEW,<.01%
82706C108,SIMO,SILICON MOTION TECHNOLOGY CO,707,707,235.62K,235.62K,NEW,<.01%
Q4982L109,IREN,IREN LIMITED,325930,5130,14.9M,234.59K,+1.6%,0.07%
15202L107,CSR,CENTERSPACE,4174,4174,234.52K,234.52K,NEW,<.01%
74965L101,RLJ,RLJ LODGING TR,87409,19760,1.04M,234.16K,+29.2%,<.01%
291011104,EMR,EMERSON ELEC CO,5390,1627,771.57K,232.9K,+43.2%,<.01%
21874A106,CORZ,CORE SCIENTIFIC INC NEW,9093,9093,232.69K,232.69K,NEW,<.01%
46434G772,EWT,ISHARES INC,5809,2142,630.97K,232.66K,+58.4%,<.01%
738922103,PWRL,POWERLAW CORP,15832,15832,232.41K,232.41K,NEW,<.01%
50202M102,LI,LI AUTO INC,33579,19736,394.22K,231.7K,+142.6%,<.01%
808524607,SCHA,SCHWAB STRATEGIC TR,103998,6402,3.76M,231.31K,+6.6%,0.02%
92922P106,WTI,W & T OFFSHORE INC,102484,72905,322.82K,229.65K,+246.5%,<.01%
37954Y632,AIQ,GLOBAL X FDS,3500,3500,229.63K,229.63K,NEW,<.01%
98422D105,XPEV,XPENG INC,34034,17320,450.61K,229.31K,+103.6%,<.01%
78464A409,SPYG,SPDR SERIES TRUST,15366,1926,1.83M,229.18K,+14.3%,<.01%
783859101,STBA,S & T BANCORP INC,4661,4661,228.79K,228.79K,NEW,<.01%
08659B102,BBNX,BETA BIONICS INC,14597,14597,228.74K,228.74K,NEW,<.01%
387328107,GVA,GRANITE CONSTR INC,1437,1437,227.16K,227.16K,NEW,<.01%
03676C100,ATEX,ANTERIX INC,2195,2195,225.95K,225.95K,NEW,<.01%
33738R720,ROBT,FIRST TR EXCHANGE TRADED FD,4000,4000,225.04K,225.04K,NEW,<.01%
45781V101,IIPR,INNOVATIVE INDL PPTYS INC,3604,3604,223.39K,223.39K,NEW,<.01%
353469109,FC,FRANKLIN COVEY CO,9046,9046,221.9K,221.9K,NEW,<.01%
51817R205,LTM,LATAM AIRLINES GROUP SA,3796,3796,221.19K,221.19K,NEW,<.01%
82575P107,SBSW,SIBANYE STILLWATER LTD,37774,26017,320.7K,220.88K,+221.3%,<.01%
02081G201,ATEC,ALPHATEC HLDGS INC,104528,25509,904.17K,220.65K,+32.3%,<.01%
52567D107,LMND,LEMONADE INC,3386,3386,220.26K,220.26K,NEW,<.01%
464287127,ILCB,ISHARES TR,2124,2124,220.15K,220.15K,NEW,<.01%
G35947202,FLNG,FLEX LNG LTD,15018,7834,421.4K,219.82K,+109%,<.01%
336901103,SRCE,1ST SOURCE CORP,6705,2694,547.01K,219.78K,+67.2%,<.01%
20369C106,CHCT,COMMUNITY HEALTHCARE TR INC,40831,12014,746.38K,219.61K,+41.7%,<.01%
26154D100,DFH,DREAM FINDERS HOMES INC,12690,12690,219.03K,219.03K,NEW,<.01%
98423J101,XPER,XPERI INC,26583,26583,218.78K,218.78K,NEW,<.01%
596680108,MSEX,MIDDLESEX WTR CO,3895,3895,218.73K,218.73K,NEW,<.01%
29384C108,TRDA,ENTRADA THERAPEUTICS INC,29679,29679,218.44K,218.44K,NEW,<.01%
358054104,FRSH,FRESHWORKS INC,2090111,21318,21.15M,215.74K,+1%,0.1%
567908108,HZO,MARINEMAX INC,5854,5854,214.38K,214.38K,NEW,<.01%
00214Q104,ARKK,ARK ETF TR,2643,2643,213.61K,213.61K,NEW,<.01%
31154R109,FPI,FARMLAND PARTNERS INC,22029,22029,213.24K,213.24K,NEW,<.01%
92847W103,VITL,VITAL FARMS INC,18193,18193,211.59K,211.59K,NEW,<.01%
H42097107,UBS,UBS GROUP AG,73940,4268,3.66M,211.52K,+6.1%,0.02%
G9001E128,LILAK,LIBERTY LATIN AMERICA LTD,27116,27116,211.23K,211.23K,NEW,<.01%
21871N101,CXW,CORECIVIC INC,6947,6947,211.05K,211.05K,NEW,<.01%
78464A854,SPYM,SPDR SERIES TRUST,34302,2393,3.01M,210.3K,+7.5%,0.01%
65487U108,NKTX,NKARTA INC,177038,74189,501.02K,209.95K,+72.1%,<.01%
33734X192,SKYY,FIRST TR EXCHANGE-TRADED FD,1559,1559,209.78K,209.78K,NEW,<.01%
06738C778,DJP,BARCLAYS BANK PLC,4796,4796,209.63K,209.63K,NEW,<.01%
88339P101,REAL,THE REALREAL INC,100904,17696,1.19M,208.64K,+21.3%,<.01%
848560306,SPIR,SPIRE GLOBAL INC,11209,11209,208.49K,208.49K,NEW,<.01%
014752109,ALX,ALEXANDERS INC,756,756,208.4K,208.4K,NEW,<.01%
206787103,CNDT,CONDUENT INC,285243,142295,416.45K,207.75K,+99.5%,<.01%
64119V303,NTST,NETSTREIT CORP,9828,9828,207.67K,207.67K,NEW,<.01%
297602104,ETD,ETHAN ALLEN INTERIORS INC,9264,9264,206.97K,206.97K,NEW,<.01%
92203C303,VUSB,VANGUARD BD INDEX FDS,4141,4141,206.12K,206.12K,NEW,<.01%
808524763,FNDA,SCHWAB STRATEGIC TR,32725,5399,1.25M,205.48K,+19.8%,<.01%
66765N105,NWN,NORTHWEST NAT HLDG CO,30057,4184,1.47M,205.27K,+16.2%,<.01%
419596101,HVT,HAVERTY FURNITURE COS INC,8032,8032,205.06K,205.06K,NEW,<.01%
464287739,IYR,ISHARES TR,2000,2000,204.5K,204.5K,NEW,<.01%
872657101,TPG,TPG INC,5043,5043,204.48K,204.48K,NEW,<.01%
97651M109,WIT,WIPRO LTD,391272,90870,880.36K,204.46K,+30.2%,<.01%
02155H200,ALT,ALTIMMUNE INC,66954,66954,203.54K,203.54K,NEW,<.01%
804395101,BFS,SAUL CTRS INC,5440,5440,203.39K,203.39K,NEW,<.01%
78435P105,SEZL,SEZZLE INC,1178,1178,202.18K,202.18K,NEW,<.01%
035255108,ANIK,ANIKA THERAPEUTICS INC,33466,13788,489.61K,201.72K,+70.1%,<.01%
711040105,PFIS,PEOPLES FINL SVCS CORP,3034,3034,201.37K,201.37K,NEW,<.01%
451051106,IBTA,IBOTTA INC,5873,5873,200.62K,200.62K,NEW,<.01%
413216300,HMY,HARMONY GOLD MNG LTD,13188,13188,200.59K,200.59K,NEW,<.01%
440407104,HBNC,HORIZON BANCORP IND,33697,10030,673.27K,200.4K,+42.4%,<.01%
76122Q105,RGP,RESOURCES CONNECTION INC,70871,47063,301.2K,200.02K,+197.7%,<.01%
77313F106,RCKT,ROCKET PHARMACEUTICALS INC,440255,58416,1.51M,199.78K,+15.3%,<.01%
87969B101,TLS,TELOS CORP MD,120672,43391,555.09K,199.6K,+56.1%,<.01%
02072L532,BSVO,EA SERIES TRUST,79359,6830,2.32M,199.37K,+9.4%,0.01%
84470P109,SBSI,SOUTHSIDE BANCSHARES INC,20043,5615,705.33K,197.6K,+38.9%,<.01%
92206C599,VTHR,VANGUARD SCOTTSDALE FDS,23505,595,7.79M,197.2K,+2.6%,0.04%
915271100,UVSP,UNIVEST FINANCIAL CORPORATIO,29610,4474,1.3M,195.74K,+17.8%,<.01%
387432107,GRNT,GRANITE RIDGE RESOURCES INC,123055,44228,542.67K,195.05K,+56.1%,<.01%
376549101,LAND,GLADSTONE LD CORP,38865,22680,331.52K,193.46K,+140.1%,<.01%
82536T107,SSTI,SOUNDTHINKING INC,21326,21326,193K,193K,NEW,<.01%
74874Q100,QNST,QUINSTREET INC,113226,13137,1.66M,192.46K,+13.1%,<.01%
50105F105,KRO,KRONOS WORLDWIDE INC,30270,30270,191.61K,191.61K,NEW,<.01%
M53213100,ICL,ICL GROUP LTD,66301,38111,330.18K,189.79K,+135.2%,<.01%
28617K101,ELDN,ELEDON PHARMACEUTICALS INC,48165,48165,189.77K,189.77K,NEW,<.01%
74319R101,PRG,PROG HOLDINGS INC,28622,4068,1.33M,189.61K,+16.6%,<.01%
628778102,NBTB,NBT BANCORP INC,12730,3815,628.5K,188.35K,+42.8%,<.01%
552953101,MGM,MGM RESORTS INTERNATIONAL,33372,3914,1.6M,187.13K,+13.3%,<.01%
00773T101,ASIX,ADVANSIX INC,53482,9362,1.06M,186.12K,+21.2%,<.01%
912932100,UNIT,UNITI GROUP LLC,16044,16044,184.03K,184.03K,NEW,<.01%
842873101,SFST,SOUTHERN FIRST BANCSHARES,7331,2974,447.92K,181.71K,+68.3%,<.01%
709789101,PEBO,PEOPLES BANCORP INC,69018,4717,2.65M,181.18K,+7.3%,0.01%
307359885,FFAI,FARADAY FUTURE INTLGT ELEC I,937877,780050,216.18K,179.8K,+494.2%,<.01%
00165C302,AMC,AMC ENTMT HLDGS INC,94599,94599,179.74K,179.74K,NEW,<.01%
57638P104,MBC,MASTERBRAND INC,17464,17464,179.71K,179.71K,NEW,<.01%
041242108,ARKO,ARKO CORP,61459,22329,493.52K,179.3K,+57.1%,<.01%
612160101,AIRJ,AIRJOULE TECHNOLOGIES CORP,82767,32127,458.53K,177.98K,+63.4%,<.01%
74275G107,PRTH,PRIORITY TECHNOLOGY HLDGS IN,26586,26586,177.33K,177.33K,NEW,<.01%
G5568L109,LZM,LIFEZONE METALS LIMITED,45597,45597,176.92K,176.92K,NEW,<.01%
16934Q802,CIM,CHIMERA INVT CORP,39534,13167,527.38K,175.65K,+49.9%,<.01%
80401C100,SATL,SATELLOGIC INC,192506,30486,1.1M,174.38K,+18.8%,<.01%
00166B105,ALXO,ALX ONCOLOGY HLDGS INC,175382,83149,363.04K,172.12K,+90.2%,<.01%
563571405,MTW,MANITOWOC CO INC,12299,12299,170.83K,170.83K,NEW,<.01%
86384P109,STUB,STUBHUB HLDGS INC,13179,13179,169.61K,169.61K,NEW,<.01%
808524508,SCHM,SCHWAB STRATEGIC TR,60191,4577,2.22M,168.76K,+8.2%,0.01%
82981J851,SITC,SITE CTRS CORP,104857,42217,416.28K,167.6K,+67.4%,<.01%
654902204,NOK,NOKIA CORP,92916,12422,1.23M,164.96K,+15.4%,<.01%
088606108,BHP,BHP BILLITON LIMITED,57747,1972,4.81M,164.29K,+3.5%,0.02%
78464A508,SPYV,SPDR SERIES TRUST,8992,2702,546.64K,164.26K,+43%,<.01%
78467X109,DIA,STATE STR SPDR DOW JONES IND,11168,314,5.83M,164.04K,+2.9%,0.03%
759530108,RELX,RELX PLC,38486,5088,1.22M,161.14K,+15.2%,<.01%
76200L309,RZLT,REZOLUTE INC,30786,30786,160.09K,160.09K,NEW,<.01%
36116M106,FF,FUTUREFUEL CORP,35366,35366,159.85K,159.85K,NEW,<.01%
038923108,ABR,ARBOR REALTY TRUST INC,29438,29438,159.55K,159.55K,NEW,<.01%
366505105,GTX,GARRETT MOTION INC,36427,4300,1.32M,155.79K,+13.4%,<.01%
00164V103,AMCX,AMC GLOBAL MEDIA INC,32407,15483,323.42K,154.52K,+91.5%,<.01%
74766Q101,QTRX,QUANTERIX CORP,35507,35507,153.39K,153.39K,NEW,<.01%
90187B804,TWO,TWO HARBORS INVENTMENT CORPO,12310,12310,152.77K,152.77K,NEW,<.01%
894650100,TG,TREDEGAR CORP,19143,19143,152.38K,152.38K,NEW,<.01%
22658D100,CRCT,CRICUT INC,56955,34511,250.03K,151.5K,+153.8%,<.01%
57777K106,MXCT,MAXCYTE INC,237962,122762,292.69K,151K,+106.6%,<.01%
00215W100,ASX,ASE TECHNOLOGY HLDG CO LTD,159577,3339,7.2M,150.66K,+2.1%,0.03%
44930G107,ICUI,ICU MED INC,6178,1017,905.69K,149.09K,+19.7%,<.01%
844895102,SWX,SOUTHWEST GAS HLDGS INC,36232,1662,3.21M,147.39K,+4.8%,0.01%
009422106,AIRO,AIRO GROUP HLDGS INC,19939,19939,147.35K,147.35K,NEW,<.01%
43689E107,HBCP,HOMEBANCORP INC,13460,2140,922.28K,146.63K,+18.9%,<.01%
53803X105,LOB,LIVE OAK BANCSHARES INC,13393,3589,546.97K,146.57K,+36.6%,<.01%
46434V860,TFLO,ISHARES TR,15958,2894,807.96K,146.52K,+22.2%,<.01%
68622P109,ORIC,ORIC PHARMACEUTICALS INC,13444,13444,145.6K,145.6K,NEW,<.01%
83175M205,SNN,SMITH & NEPHEW PLC,18276,4948,526.53K,142.55K,+37.1%,<.01%
035710839,NLY,ANNALY CAPITAL MANAGEMENT IN,30286,6324,677.18K,141.4K,+26.4%,<.01%
78137L105,RUM,RUM GROUP INC,22053,22053,139.82K,139.82K,NEW,<.01%
45866F104,ICE,INTERCONTINENTAL EXCHANGE IN,8360,1133,1.03M,139.47K,+15.7%,<.01%
315948109,FBTC,FIDELITY WISE ORIGIN BITCOIN,118895,2671,6.07M,136.35K,+2.3%,0.03%
962879102,WPM,WHEATON PRECIOUS METALS CORP,12692,1212,1.43M,136.13K,+10.6%,<.01%
91678A107,UPB,UPSTREAM BIO INC,19535,19535,135.18K,135.18K,NEW,<.01%
82657M105,SGHT,SIGHT SCIENCES INC,24832,24832,134.59K,134.59K,NEW,<.01%
05380C102,RCEL,AVITA MEDICAL INC,32400,32400,133.81K,133.81K,NEW,<.01%
98421M106,XRX,XEROX HOLDINGS CORP,42571,42571,133.25K,133.25K,NEW,<.01%
98422E103,XERS,XERIS BIOPHARMA HOLDINGS INC,98429,16799,779.56K,133.05K,+20.6%,<.01%
926400102,VSCO,VICTORIAS SECRET AND CO,7755,1589,647.39K,132.65K,+25.8%,<.01%
07725L102,ONC,BEONE MEDICINES LTD,1279,465,364.47K,132.51K,+57.1%,<.01%
720190206,PDM,PIEDMONT REALTY TRUST INC,29261,14280,267.74K,130.66K,+95.3%,<.01%
50186V102,LPL,LG DISPLAY CO LTD,222741,33476,866.46K,130.22K,+17.7%,<.01%
46428Q109,SLV,ISHARES SILVER TR,44361,2434,2.37M,130.15K,+5.8%,0.01%
922042874,VGK,VANGUARD INTL EQUITY INDEX F,16689,1464,1.48M,129.62K,+9.6%,<.01%
063425102,BMRC,BANK OF MARIN BANCORP,13710,4677,379.77K,129.56K,+51.8%,<.01%
92204A504,VHT,VANGUARD WORLD FD,1533,432,458.39K,129.17K,+39.2%,<.01%
87266M107,TRTX,TPG RE FIN TR INC,15278,15278,127.88K,127.88K,NEW,<.01%
092915107,BZAI,BLAIZE HLDGS INC,237901,92306,328.3K,127.38K,+63.4%,<.01%
002942100,AARD,AARDVARK THERAPEUTICS INC,38382,21897,221.08K,126.13K,+132.8%,<.01%
45827U109,INTA,INTAPP INC,35195,4910,887.27K,123.78K,+16.2%,<.01%
488152208,KELYA,KELLY SVCS INC,121942,10069,1.5M,123.65K,+9%,<.01%
90984P303,UCB,UNITED CMNTY BKS BLAIRSVLE G,15513,3474,544.35K,121.9K,+28.9%,<.01%
644393100,NFE,NEW FORTRESS ENERGY INC,333497,333497,121.09K,121.09K,NEW,<.01%
165167735,EXE,EXPAND ENERGY CORPORATION,147558,1302,13.46M,118.73K,+0.9%,0.06%
83066P309,SKIL,SKILLSOFT CORP,22866,22866,118.45K,118.45K,NEW,<.01%
739650109,PROP,PRAIRIE OPER CO,177722,164009,128.23K,118.33K,+1196%,<.01%
46438R105,ETHA,ISHARES ETHEREUM TR,20792,9883,247.21K,117.51K,+90.6%,<.01%
98955K104,ZVIA,ZEVIA PBC,121812,72087,198.55K,117.5K,+145%,<.01%
571903202,MAR,MARRIOTT INTL INC NEW,1875,317,694.82K,117.47K,+20.3%,<.01%
032797300,AVXL,ANAVEX LIFE SCIENCES CORP,114248,45147,295.9K,116.93K,+65.3%,<.01%
74347X831,TQQQ,PROSHARES TR,22427,1443,1.82M,116.88K,+6.9%,<.01%
G65773106,NAT,NORDIC AMERICAN TANKERS LIMI,76629,21078,424.52K,116.77K,+37.9%,<.01%
379463102,GWRS,GLOBAL WTR RES INC,16108,16108,116.62K,116.62K,NEW,<.01%
750236101,RDN,RADIAN GROUP INC,11480,3095,432.47K,116.59K,+36.9%,<.01%
74743L100,Q,QNITY ELECTRONICS INC,21183,702,3.46M,114.64K,+3.4%,0.02%
68375N103,OPK,OPKO HEALTH INC,169425,76203,254.14K,114.3K,+81.7%,<.01%
58470H101,MED,MEDIFAST INC,10740,10740,113.95K,113.95K,NEW,<.01%
904311206,UA,UNDER ARMOUR INC,44021,18187,273.81K,113.12K,+70.4%,<.01%
500946108,KRRO,KORRO BIO INC,21246,8469,280.02K,111.62K,+66.3%,<.01%
639057207,NWG,NATWEST GROUP PLC,75855,6326,1.34M,111.53K,+9.1%,<.01%
229050307,CYRX,CRYOPORT INC,47067,7060,738.95K,110.84K,+17.6%,<.01%
277461406,KODK,EASTMAN KODAK CO,11884,11884,109.93K,109.93K,NEW,<.01%
907818108,UNP,UNION PAC CORP,15928,403,4.33M,109.62K,+2.6%,0.02%
78433H675,QQQI,NEOS ETF TRUST,97337,1930,5.53M,109.6K,+2%,0.03%
230031106,CGEM,CULLINAN THERAPEUTICS INC,33720,5984,614.04K,108.97K,+21.6%,<.01%
294375209,EPSN,EPSILON ENERGY LTD,20111,20111,108.8K,108.8K,NEW,<.01%
108621103,BWB,BRIDGEWATER BANCSHARES INC,17542,5153,369.08K,108.42K,+41.6%,<.01%
890110109,TMP,TOMPKINS FINL CORP,9235,1145,872.89K,108.23K,+14.2%,<.01%
29460X109,EQBK,EQUITY BANCSHARES INC,7212,2201,353.32K,107.83K,+43.9%,<.01%
00175J107,POWW,OUTDOOR HOLDING CO,61229,47160,139.6K,107.52K,+335.2%,<.01%
063671101,BMO,BANK MONTREAL MEDIUM,8624,607,1.52M,107.26K,+7.6%,<.01%
31613E103,FETH,FIDELITY ETHEREUM FD,20614,6813,324.47K,107.24K,+49.4%,<.01%
53228F101,LFST,LIFESTANCE HEALTH GROUP INC,180656,10011,1.93M,107.22K,+5.9%,<.01%
45719W205,IKT,INHIBIKASE THERAPEUTICS INC,68511,52664,139.08K,106.91K,+332.3%,<.01%
700215304,TRAK,REPOSITRAK INC,11819,11819,106.37K,106.37K,NEW,<.01%
191241108,KOF,COCA-COLA FEMSA SAB DE CV,3801,1000,403.81K,106.24K,+35.7%,<.01%
67098H104,OI,O-I GLASS INC,11010,11010,106.03K,106.03K,NEW,<.01%
89531P105,TREX,TREX INC,78944,2109,3.95M,105.53K,+2.7%,0.02%
00972D105,AKBA,AKEBIA THREAPEUTICS INC,92379,92379,105.31K,105.31K,NEW,<.01%
816307300,SLQT,SELECTQUOTE INC,216933,125088,182.46K,105.21K,+136.2%,<.01%
92854T209,SEAT,VIVID SEATS INC,16089,16089,104.9K,104.9K,NEW,<.01%
003881307,ACTG,ACACIA RESH CORP,22460,22460,104.66K,104.66K,NEW,<.01%
192005106,CDXS,CODEXIS INC,46265,46265,104.56K,104.56K,NEW,<.01%
F92124100,TTE,TOTALENERGIES SE,37977,1342,2.95M,104.35K,+3.7%,0.01%
700517105,PK,PARK HOTELS & RESORTS INC,23922,7279,340.89K,103.73K,+43.7%,<.01%
808524300,SCHG,SCHWAB STRATEGIC TR,327261,3051,11.07M,103.25K,+0.9%,0.05%
20441A102,SBS,COMPANHIA DE SANEAMENTO BASI,26893,17044,155.44K,98.51K,+173.1%,<.01%
50125G307,KULR,KULR TECHNOLOGY GROUP INC,25815,25815,98.36K,98.36K,NEW,<.01%
00770C101,ARQ,ARQ INC,38358,38358,97.81K,97.81K,NEW,<.01%
62857J201,MYO,MYOMO INC,127749,93910,132.86K,97.67K,+277.5%,<.01%
009496100,AIRS,AIRSCULPT TECHNOLOGIES INC,69737,21640,313.82K,97.38K,+45%,<.01%
77311W101,RKT,ROCKET COS INC,173796,6116,2.74M,96.33K,+3.6%,0.01%
048592109,ATLN,ATLANTIC INTL CORP,104591,104591,96.22K,96.22K,NEW,<.01%
649604840,ADAM,ADAMAS TRUST INC.,26901,10234,252.33K,95.99K,+61.4%,<.01%
891160509,TD,TORONTO DOMINION BK ONT,27942,784,3.39M,95.2K,+2.9%,0.02%
500643200,KFY,KORN FERRY,26364,1425,1.76M,94.88K,+5.7%,<.01%
03990B101,ARES,ARES MANAGEMENT CORPORATION,3013,852,335.33K,94.82K,+39.4%,<.01%
45782T105,INMB,INMUNE BIO INC,82385,57822,134.29K,94.25K,+235.4%,<.01%
464287721,IYW,ISHARES TR,32935,365,8.31M,92.07K,+1.1%,0.04%
09581B103,OWL,BLUE OWL CAPITAL INC,946815,10403,8.28M,91.03K,+1.1%,0.04%
70509V100,PEB,PEBBLEBROOK HOTEL TR,40704,4679,790.07K,90.82K,+13%,<.01%
178867107,CIVB,CIVISTA BANCSHARES INC,12530,3218,353.59K,90.81K,+34.6%,<.01%
25961D105,DOUG,DOUGLAS ELLIMAN INC,67934,51217,120.24K,90.65K,+306.4%,<.01%
346563109,FORR,FORRESTER RESH INC,27040,10702,227.41K,90K,+65.5%,<.01%
00191U102,EFOR,EVERFORTH INC,49065,5031,876.79K,89.9K,+11.4%,<.01%
91359V107,UVE,UNIVERSAL INS HLDGS INC,13056,2150,540K,88.92K,+19.7%,<.01%
464287234,EEM,ISHARES TR,68578,1293,4.69M,88.45K,+1.9%,0.02%
42806J700,HTZ,HERTZ GLOBAL HLDGS INC,39052,39052,88.45K,88.45K,NEW,<.01%
82846H405,QXO,QXO INC,261051,5051,4.51M,87.28K,+2%,0.02%
68401U204,OPRX,OPTIMIZERX CORP,15240,15240,87.17K,87.17K,NEW,<.01%
54948X109,LUCD,LUCID DIAGNOSTICS INC,95543,80833,102.23K,86.49K,+549.5%,<.01%
25400Q105,DJT,TRUMP MEDIA & TECHNOLOGY GRO,78750,11056,609.52K,85.57K,+16.3%,<.01%
686330101,IX,ORIX CORP,53601,2246,2.04M,85.44K,+4.4%,<.01%
30049A107,EPM,EVOLUTION PETE CORP,23159,23159,85.22K,85.22K,NEW,<.01%
81369Y308,XLP,SELECT SECTOR SPDR TR,4213,1000,350.01K,83.08K,+31.1%,<.01%
76029L100,RPAY,REPAY HLDGS CORP,291263,19754,1.22M,82.97K,+7.3%,<.01%
405217100,HAIN,HAIN CELESTIAL GROUP INC,319434,147187,178.95K,82.45K,+85.5%,<.01%
464287671,IUSG,ISHARES TR,21976,437,4.13M,82.2K,+2%,0.02%
29259W700,EU,ENCORE ENERGY CORP,118579,60995,155.34K,79.9K,+105.9%,<.01%
86800U302,SMCI,SUPER MICRO COMPUTER INC,13747,2719,403.21K,79.75K,+24.7%,<.01%
56155L108,TUSK,MAMMOTH ENERGY SVCS INC,24392,24392,79.27K,79.27K,NEW,<.01%
89785X101,TBI,TRUEBLUE INC,11260,11260,78.48K,78.48K,NEW,<.01%
770323103,RHI,ROBERT HALF INC.,417518,2518,12.82M,77.3K,+0.6%,0.06%
Y62132108,NVGS,NAVIGATOR HLDGS LTD,23489,4145,437.61K,77.22K,+21.4%,<.01%
46434V449,IMTM,ISHARES TR,38016,1437,2.03M,76.64K,+3.9%,<.01%
001228501,MITT,TPG MTG INVTS TR INC,25466,9674,201.69K,76.62K,+61.3%,<.01%
023139884,OSG,OCTAVE SPECIALTY GROUP INC,12203,12203,76.15K,76.15K,NEW,<.01%
004397105,ARAY,ACCURAY INC DEL,333267,289840,85.92K,74.72K,+667.4%,<.01%
050734201,AEYE,AUDIOEYE INC,12524,12524,72.76K,72.76K,NEW,<.01%
030371108,AVD,AMERICAN VANGUARD CORP,41790,25898,117.01K,72.51K,+163%,<.01%
G6964L206,PSFE,PAYSAFE LIMITED,51964,9428,388.17K,70.43K,+22.2%,<.01%
18270P109,CLAR,CLARUS CORP NEW,22063,22063,69.5K,69.5K,NEW,<.01%
256086109,DCGO,DOCGO INC,244026,132965,125.94K,68.62K,+119.7%,<.01%
74365U107,TARA,PROTARA THERAPEUTICS INC,17929,17929,68.49K,68.49K,NEW,<.01%
64081V109,NRDY,NERDY INC,138361,74618,126.75K,68.36K,+117.1%,<.01%
09352U108,BLND,BLEND LABS INC,55461,39841,94.84K,68.13K,+255.1%,<.01%
559222401,MGA,MAGNA INTL INC,23545,1031,1.55M,67.7K,+4.6%,<.01%
00162Q452,AMLP,ALPS ETF TR,34655,1305,1.8M,67.66K,+3.9%,<.01%
46138E743,PXF,INVESCO EXCH TRADED FD TR II,10377,894,784.89K,67.62K,+9.4%,<.01%
34385P108,LAB,STANDARD BIOTOOLS INC,199864,81314,164.43K,66.9K,+68.6%,<.01%
28106W103,EDIT,EDITAS MEDICINE INC,217785,20367,705.62K,65.99K,+10.3%,<.01%
95082P105,WCC,WESCO INTL INC,11154,191,3.85M,65.98K,+1.7%,0.02%
18270D106,CMTG,CLAROS MTG TR INC,50192,27902,117.95K,65.57K,+125.2%,<.01%
126327105,LAW,CS DISCO INC,53490,17295,202.19K,65.38K,+47.8%,<.01%
02080L102,TKNO,ALPHA TEKNOVA INC,10984,10984,62.39K,62.39K,NEW,<.01%
025072885,AVUS,AMERICAN CENTY ETF TR,6932,485,887.84K,62.12K,+7.5%,<.01%
75585H206,REAX,THE REAL BROKERAGE INC,88448,33986,160.98K,61.85K,+62.4%,<.01%
745848101,LUNG,PULMONX CORP,69158,47571,89.91K,61.84K,+220.4%,<.01%
52635N103,LENZ,LENZ THERAPEUTICS INC,29692,10885,168.65K,61.83K,+57.9%,<.01%
921078101,OUNZ,VANECK MERK GOLD ETF,8392,1597,323.86K,61.63K,+23.5%,<.01%
57164Y107,VAC,MARRIOTT VACATIONS WORLDWIDE,5879,601,598.95K,61.23K,+11.4%,<.01%
58733R102,MELI,MERCADOLIBRE INC,1388,36,2.36M,61.09K,+2.7%,0.01%
136385101,CNQ,CANADIAN NAT RES LTD MED TER,53847,1535,2.13M,60.63K,+2.9%,<.01%
89142B107,CURV,TORRID HLDGS INC,55535,32166,103.85K,60.15K,+137.6%,<.01%
G3R239101,GAMB,GAMBLING COM GROUP LIMITED,54051,31609,102.7K,60.06K,+140.8%,<.01%
G5557R109,LPA,LOGISTIC PROPERTIES OF THE A,17452,17452,58.64K,58.64K,NEW,<.01%
46435U853,USHY,ISHARES TR,101969,1579,3.77M,58.45K,+1.6%,0.02%
14147L108,CRDF,CARDIFF ONCOLOGY INC,44630,44630,58.02K,58.02K,NEW,<.01%
29089Q105,EBS,EMERGENT BIOSOLUTIONS INC,58252,6919,488.15K,57.98K,+13.5%,<.01%
314911108,FRMI,FERMI INC,39753,6241,364.14K,57.17K,+18.6%,<.01%
19249H103,CHRS,COHERUS ONCOLOGY INC,162353,40386,227.29K,56.54K,+33.1%,<.01%
72815G108,MYPS,PLAYSTUDIOS INC,220851,112227,110.2K,56K,+103.3%,<.01%
652526203,NEWT,NEWTEKONE INC,51184,3768,758.04K,55.8K,+7.9%,<.01%
92242T101,VVX,V2X INC,6953,747,518.42K,55.7K,+12%,<.01%
78464A763,SDY,SPDR SERIES TRUST,51258,364,7.8M,55.39K,+0.7%,0.04%
090683103,BTMD,BIOTE CORP,29188,29188,55.16K,55.16K,NEW,<.01%
374275105,GETY,GETTY IMAGES HOLDINGS INC,254100,62559,218.53K,53.8K,+32.7%,<.01%
690145206,OM,OUTSET MED INC,52127,12390,225.19K,53.52K,+31.2%,<.01%
483467106,KLTR,KALTURA INC,96705,41101,125.72K,53.43K,+73.9%,<.01%
G9503X103,WALD,WALDENCAST PLC,30230,30230,53.2K,53.2K,NEW,<.01%
02157E106,ALTI,ALTI GLOBAL INC,14735,14735,53.19K,53.19K,NEW,<.01%
184499101,CLNE,CLEAN ENERGY FUELS CORP,108401,25587,222.22K,52.45K,+30.9%,<.01%
68347P103,OPAL,OPAL FUELS INC,23706,23706,52.15K,52.15K,NEW,<.01%
61218C103,MNTK,MONTAUK RENEWABLES INC,33113,33113,51.66K,51.66K,NEW,<.01%
H5919C104,ONON,ON HLDG AG,9457,1409,334.97K,49.91K,+17.5%,<.01%
715684106,TLK,TELEKOMUNIKASI IND,18124,3705,243.41K,49.76K,+25.7%,<.01%
464287549,IGM,ISHARES TR,5965,300,975.69K,49.07K,+5.3%,<.01%
682189105,ON,ON SEMICONDUCTOR CORP,5377,515,508.34K,48.69K,+10.6%,<.01%
92939U106,WEC,WEC ENERGY GROUP INC,2195,416,256.34K,48.58K,+23.4%,<.01%
92915B106,VYGR,VOYAGER THERAPEUTICS INC,13815,13815,48.35K,48.35K,NEW,<.01%
317585404,FISI,FINANCIAL INSTITUTIONS INC,11144,1220,434.28K,47.54K,+12.3%,<.01%
71953R108,PMI,PICARD MEDICAL INC,290575,290575,47.51K,47.51K,NEW,<.01%
04272H204,ARAI,ARRIVE AI INC,108768,108768,46.66K,46.66K,NEW,<.01%
73642K106,PTLO,PORTILLOS INC,32914,9786,156.01K,46.39K,+42.3%,<.01%
06738E204,BCS,BARCLAYS PLC,106442,1712,2.86M,45.98K,+1.6%,0.01%
05601U105,BRCC,BRC INC,124069,41286,137.72K,45.83K,+49.9%,<.01%
28238P109,EHTH,EHEALTH INC,71678,30467,106.8K,45.4K,+73.9%,<.01%
826917106,SIGA,SIGA TECHNOLOGIES INC,26000,12466,94.64K,45.38K,+92.1%,<.01%
35905A109,FTDR,FRONTDOOR INC,18568,584,1.44M,45.31K,+3.2%,<.01%
055298103,BCBP,BCB BANCORP INC,21945,4195,235.25K,44.97K,+23.6%,<.01%
024013104,AAT,AMERICAN ASSETS TR INC,51190,1773,1.26M,43.78K,+3.6%,<.01%
91704F104,UE,URBAN EDGE PPTYS,23288,1900,532.84K,43.47K,+8.9%,<.01%
597742105,MSBI,MIDLAND STATES BANCORP INC,55043,1361,1.71M,42.38K,+2.5%,<.01%
35471R106,FSP,FRANKLIN STR PPTYS CORP,114912,80987,59.18K,41.71K,+238.7%,<.01%
929566107,WNC,WABASH NATL CORP,21608,3075,291.71K,41.51K,+16.6%,<.01%
17306X102,CTRN,CITI TRENDS INC,16834,681,973.68K,39.39K,+4.2%,<.01%
24477E103,DH,DEFINITIVE HEALTHCARE CORP,101240,46177,84.12K,38.37K,+83.9%,<.01%
69002R103,TEAD,TEADS HLDG CO,83451,48555,64K,37.24K,+139.1%,<.01%
15234Q207,AXIA,AXIA ENERGIA SA,38307,3505,404.52K,37.01K,+10.1%,<.01%
30052F100,EVGO,EVGO INC,19288,19288,36.84K,36.84K,NEW,<.01%
808524755,FNDF,SCHWAB STRATEGIC TR,82191,691,4.34M,36.46K,+0.8%,0.02%
46435G268,SMMD,ISHARES TR,3497,395,320.4K,36.19K,+12.7%,<.01%
05988J103,BAND,BANDWIDTH INC,38417,570,2.43M,36.08K,+1.5%,0.01%
15643U104,LEU,CENTRUS ENERGY CORP,3075,213,516.24K,35.76K,+7.4%,<.01%
594960304,MVIS,MICROVISION INC DEL,190551,108097,62.31K,35.35K,+131.1%,<.01%
20441B704,ELPC,COMPANHIA PARANAENSE DE ENER,54442,2982,634.25K,34.74K,+5.8%,<.01%
464287440,IEF,ISHARES TR,15279,361,1.44M,34.14K,+2.4%,<.01%
26441C204,DUK,DUKE ENERGY CORP NEW,21133,262,2.68M,33.16K,+1.3%,0.01%
700885106,PKBK,PARKE BANCORP INC,8072,994,267.67K,32.96K,+14%,<.01%
38341P102,GOSS,GOSSAMER BIO INC,591254,197515,97.32K,32.51K,+50.2%,<.01%
74365A309,PLX,PROTALIX BIOTHERAPEUTICS INC,13774,13774,32.09K,32.09K,NEW,<.01%
05464C101,AXON,AXON ENTERPRISE INC,657,55,368.33K,30.83K,+9.1%,<.01%
922021605,VTEC,VANGUARD CALIF TAX FREE FDS,4900,306,492.94K,30.78K,+6.7%,<.01%
89214P109,TOWN,TOWNEBANK PORTSMOUTH VA,12795,796,463.69K,28.85K,+6.6%,<.01%
57142B104,MQ,MARQETA INC,48488,6934,196.86K,28.15K,+16.7%,<.01%
958669103,WES,WESTERN MIDSTREAM PARTNERS L,32253,642,1.41M,28.09K,+2%,<.01%
M70700105,NNOX,NANO X IMAGING LTD,99553,23685,115.48K,27.47K,+31.2%,<.01%
45675Y104,III,INFORMATION SVCS GROUP INC,20706,6654,85.1K,27.35K,+47.4%,<.01%
014442107,ALEC,ALECTOR INC,60570,13490,121.75K,27.11K,+28.7%,<.01%
64107A105,NPWR,NET POWER INC,16207,16207,27.07K,27.07K,NEW,<.01%
780087102,RY,ROYAL BK CDA,19915,130,4.12M,26.91K,+0.7%,0.02%
10482B101,BHR,BRAEMAR HOTELS & RESORTS INC,25200,12361,54.43K,26.7K,+96.3%,<.01%
65345M108,NXDR,NEXTDOOR HOLDINGS INC,397860,11672,903.14K,26.5K,+3%,<.01%
87936R205,VIV,TELEFONICA BRASIL SA,23196,1984,305.26K,26.11K,+9.4%,<.01%
40090E106,CIB,GRUPO CIBEST SA,8170,321,648.97K,25.5K,+4.1%,<.01%
87874R308,TTGT,TECHTARGET INC,79581,7068,286.49K,25.44K,+9.7%,<.01%
46435G326,IDEV,ISHARES TR,11550,277,1.03M,24.65K,+2.5%,<.01%
68417L107,OBT,ORANGE CNTY BANCORP INC,7062,651,259.74K,23.94K,+10.2%,<.01%
854502101,SWK,STANLEY BLACK & DECKER INC,122288,252,11.51M,23.72K,+0.2%,0.05%
92189H300,EMLC,VANECK ETF TRUST,10859,922,277.56K,23.57K,+9.3%,<.01%
843380106,SMBC,SOUTHERN MO BANCORP INC,8484,309,646.57K,23.55K,+3.8%,<.01%
319829107,FCF,FIRST COMWLTH FINL CORP PA,55677,1092,1.13M,22.2K,+2%,<.01%
75901B107,RGNX,REGENXBIO INC,141469,1830,1.69M,21.92K,+1.3%,<.01%
005083100,ACTU,ACTUATE THERAPEUTICS INC,13890,13890,21.25K,21.25K,NEW,<.01%
343928107,FLYX,FLYEXCLUSIVE INC,10042,10042,20.08K,20.08K,NEW,<.01%
35473P769,FLIN,FRANKLIN TEMPLETON ETF TR,30816,558,1.1M,19.85K,+1.8%,<.01%
464288877,EFV,ISHARES TR,17864,256,1.37M,19.6K,+1.5%,<.01%
30190A104,FG,F&G ANNUITIES & LIFE INC,9230,722,245.43K,19.2K,+8.5%,<.01%
81369Y886,XLU,SELECT SECTOR SPDR TR,5057,420,229.3K,19.04K,+9.1%,<.01%
26874R108,E,ENI SPA,26085,405,1.22M,18.98K,+1.6%,<.01%
69404D108,PACB,PACIFIC BIOSCIENCES CALIF IN,123782,11084,207.95K,18.62K,+9.8%,<.01%
26210C104,DBX,DROPBOX INC,191840,642,5.27M,17.64K,+0.3%,0.02%
M8744T106,TBLA,TABOOLA.COM LTD,169352,3516,846.76K,17.58K,+2.1%,<.01%
124411109,BY,BYLINE BANCORP INC,67013,455,2.52M,17.14K,+0.7%,0.01%
922908512,VOE,VANGUARD INDEX FDS,9055,83,1.79M,16.4K,+0.9%,<.01%
70336F203,PNBK,PATRIOT NATL BANCORP INC,15982,15982,15.3K,15.3K,NEW,<.01%
576853105,MTRX,MATRIX SVC CO,20579,1105,281.93K,15.14K,+5.7%,<.01%
81369Y407,XLY,SELECT SECTOR SPDR TR,11665,128,1.37M,15.01K,+1.1%,<.01%
762544104,RBBN,RIBBON COMMUNICATIONS INC,20436,6307,47.82K,14.76K,+44.6%,<.01%
04013V108,ACRE,ARES COML REAL ESTATE CORP,20069,3157,90.31K,14.21K,+18.7%,<.01%
29446M102,EQNR,EQUINOR ASA,48624,450,1.53M,14.13K,+0.9%,<.01%
46137V597,PRFZ,INVESCO EXCHANGE TRADED FD T,39784,251,2.22M,14K,+0.6%,0.01%
957090103,WABC,WESTAMERICA BANCORPORATION,60977,234,3.58M,13.73K,+0.4%,0.02%
L02235106,AMBP,ARDAGH METAL PACKAGING S A,182017,2855,862.76K,13.53K,+1.6%,<.01%
46501C100,ISPR,ISPIRE TECHNOLOGY INC,11804,11804,13.22K,13.22K,NEW,<.01%
84445C100,SLND,SOUTHLAND HLDGS INC,19732,19732,13.1K,13.1K,NEW,<.01%
85208T107,CXM,SPRINKLR INC,81311,2525,419.56K,13.03K,+3.2%,<.01%
456941103,INR,INFINITY NAT RES INC,11691,1006,148.48K,12.78K,+9.4%,<.01%
427746102,HRTX,HERON THERAPEUTICS INC,96612,29646,41.23K,12.65K,+44.3%,<.01%
464288281,EMB,ISHARES TR,2350,121,226.6K,11.67K,+5.4%,<.01%
44486Q103,HUMA,HUMACYTE INC,279052,14733,217.77K,11.5K,+5.6%,<.01%
67080N101,NUVB,NUVATION BIO INC,235185,1833,1.34M,10.41K,+0.8%,<.01%
94845U105,WBTN,WEBTOON ENTMT INC,13015,905,148.63K,10.34K,+7.5%,<.01%
225655109,CCAP,CRESCENT CAP BDC INC,27118,918,296.13K,10.02K,+3.5%,<.01%
705015105,PSO,PEARSON PLC,41459,628,658.78K,9.98K,+1.5%,<.01%
92189F791,GDXJ,VANECK ETF TRUST,5096,100,500.69K,9.83K,+2%,<.01%
29103K100,FLD,FOLD HLDGS INC,20609,20609,9.34K,9.34K,NEW,<.01%
747301109,QUAD,QUAD / GRAPHICS INC,13753,1085,115.94K,9.15K,+8.6%,<.01%
042744102,AROW,ARROW FINL CORP,10604,209,434.66K,8.57K,+2%,<.01%
09254L107,MUC,BLACKROCK MUNIHLDNGS CALI,18100,774,198.91K,8.51K,+4.5%,<.01%
464287291,IXN,ISHARES TR,5635,55,814.14K,7.95K,+1%,<.01%
33830T103,FSBC,FIVE STAR BANCORP,24711,148,1.2M,7.21K,+0.6%,<.01%
46429B697,USMV,ISHARES TR,7086,72,683.53K,6.95K,+1%,<.01%
381430107,GSIE,GOLDMAN SACHS ETF TR,11213,144,512.42K,6.58K,+1.3%,<.01%
78468R523,BILS,SPDR SERIES TRUST,32008,61,3.18M,6.06K,+0.2%,0.01%
922042866,VPL,VANGUARD INTL EQUITY INDEX F,2140,51,247.58K,5.9K,+2.4%,<.01%
78468R853,SPSM,SPDR SERIES TRUST,7341,99,423.34K,5.71K,+1.4%,<.01%
09257W100,BXMT,BLACKSTONE MORTGAGE TRUST IN,16439,319,278.64K,5.41K,+2%,<.01%
46138J791,BSCQ,INVESCO EXCH TRD SLF IDX FD,26573,264,518.83K,5.15K,+1%,<.01%
78646V107,SAFE,SAFEHOLD INC,21953,323,344.66K,5.07K,+1.5%,<.01%
64133Q108,NBXG,NEUBERGER NEXT GENERATION,13049,296,215.83K,4.9K,+2.3%,<.01%
74167B109,FRST,PRIMIS FINANCIAL CORP,21095,259,345.33K,4.24K,+1.2%,<.01%
02390A101,AMX,AMERICA MOVIL SAB DE CV,19705,161,512.14K,4.18K,+0.8%,<.01%
25434V104,DFAU,DIMENSIONAL ETF TRUST,55498,79,2.87M,4.08K,+0.1%,0.01%
46641Q191,BBEU,J P MORGAN EXCHANGE TRADED F,2988,46,232.35K,3.58K,+1.6%,<.01%
372303206,GMAB,GENMAB A/S,16862,115,463.2K,3.16K,+0.7%,<.01%
46435G425,ESGU,ISHARES TR,22760,19,3.73M,3.11K,+0.1%,0.02%
97717W208,DHS,WISDOMTREE TR,2527,23,287.27K,2.61K,+0.9%,<.01%
532206109,LIF,LIFE360 INC,31071,45,1.72M,2.49K,+0.1%,<.01%
83422N113,SLDPW,SOLID POWER INC,19236,19236,1.97K,1.97K,NEW,<.01%
78463X756,EWX,SPDR INDEX SHS FDS,3824,26,284.15K,1.93K,+0.7%,<.01%
381430503,GSLC,GOLDMAN SACHS ETF TR,4553,12,645.97K,1.7K,+0.3%,<.01%
504922105,LH,LABCORP HOLDINGS INC,14025,6,3.93M,1.68K,+0%,0.02%
19248A109,UTF,COHEN & STEERS INFRASTRUCTUR,21034,59,580.32K,1.63K,+0.3%,<.01%
464287663,IUSV,ISHARES TR,7963,12,877.12K,1.32K,+0.2%,<.01%
921937835,BND,VANGUARD BD INDEX FDS,131058,17,9.62M,1.25K,+0%,0.04%
46137V613,PRF,INVESCO EXCHANGE TRADED FD T,228572,23,12.35M,1.24K,+0%,0.06%
398438408,GRFS,GRIFOLS S A,11940,166,84.54K,1.18K,+1.4%,<.01%
253393102,DKS,DICKS SPORTING GOODS INC,55109,4,12.5M,907.24,+0%,0.06%
683712129,OPENW,OPENDOOR TECHNOLOGIES INC,44438,1720,22K,851.41,+4%,<.01%
147528103,CASY,CASEYS GEN STORES INC,7641,1,6.07M,794.75,+0%,0.03%
344419106,FMX,FOMENTO ECONOMICO MEXICANO S,2856,6,365.3K,767.43,+0.2%,<.01%
92204A801,VAW,VANGUARD WORLD FD,917,3,209.77K,686.27,+0.3%,<.01%
151290889,CX,CEMEX SA EURO MTN BE 144A,19580,50,234.96K,600,+0.3%,<.01%
683712137,OPENL,OPENDOOR TECHNOLOGIES INC,44438,1720,12.57K,486.41,+4%,<.01%
464287184,FXI,ISHARES TR,49783,15,1.57M,473.85,+0%,<.01%
683712145,OPENZ,OPENDOOR TECHNOLOGIES INC,44438,1720,10.66K,412.8,+4%,<.01%
G87052109,TEL,TE CONNECTIVITY PLC,1748,2,352.4K,403.2,+0.1%,<.01%
92204A603,VIS,VANGUARD WORLD FD,3806,1,1.37M,360.44,+0%,<.01%
464287705,IJJ,ISHARES TR,2652,2,391.72K,295.42,+0.1%,<.01%
78463X202,FEZ,SPDR INDEX SHS FDS,8386,2,575.98K,137.37,+0%,<.01%
46435U218,SUSL,ISHARES TR,4509,1,598.66K,132.77,+0%,<.01%
46641Q233,BBAX,J P MORGAN EXCHANGE TRADED F,4836,2,289.53K,119.74,+0%,<.01%
82835P103,SVM,SILVERCORP METALS INC,10043,9,101.43K,90.9,+0.1%,<.01%
46138E727,PXH,INVESCO EXCH TRADED FD TR II,22098,2,616.09K,55.76,+0%,<.01%
67071L106,NVG,NUVEEN AMT FREE MUN CR INC F,14464,1,185.13K,12.8,+0%,<.01%
97717W588,EPS,WISDOMTREE TR,265154,0,20.63M,0,NO CHANGE,0.1%
97717W570,EZM,WISDOMTREE TR,203578,0,15.43M,0,NO CHANGE,0.07%
025072232,AVGE,AMERICAN CENTY ETF TR,100131,0,9.92M,0,NO CHANGE,0.05%
Y62267409,NMM,NAVIOS MARITIME PARTNERS LP,91347,0,6.4M,0,NO CHANGE,0.03%
02507A606,AVTM,AMERICAN CENTY ETF TR,111192,0,6.05M,0,NO CHANGE,0.03%
78464A334,BWZ,SPDR SERIES TRUST,224699,0,6.01M,0,NO CHANGE,0.03%
78464A599,XSW,SPDR SERIES TRUST,20844,0,3.58M,0,NO CHANGE,0.02%
97717W844,DNL,WISDOMTREE TR,76836,0,3.55M,0,NO CHANGE,0.02%
00214Q708,ARKF,ARK ETF TR,78098,0,3.08M,0,NO CHANGE,0.01%
447462102,HURN,HURON CONSULTING GROUP INC,33557,0,3.03M,0,NO CHANGE,0.01%
G4253H101,JHX,JAMES HARDIE INDS PLC,114183,0,2.99M,0,NO CHANGE,0.01%
52603A208,LC,HAPPEN INC,134226,0,2.78M,0,NO CHANGE,0.01%
92204A207,VDC,VANGUARD WORLD FD,10355,0,2.33M,0,NO CHANGE,0.01%
78433H303,SPYI,NEOS ETF TRUST,39954,0,2.12M,0,NO CHANGE,<.01%
97717X669,DGRW,WISDOMTREE TR,21818,0,2.09M,0,NO CHANGE,<.01%
53656G498,MAGS,LISTED FDS TR,32224,0,2.07M,0,NO CHANGE,<.01%
464288307,IMCG,ISHARES TR,14370,0,1.41M,0,NO CHANGE,<.01%
52468L505,LVHI,LEGG MASON ETF INVT,26813,0,1.09M,0,NO CHANGE,<.01%
09257P105,BTT,BLACKROCK MUN TARGET TERM TR,47381,0,1.08M,0,NO CHANGE,<.01%
00853E404,RYM,RYTHM INC,34897,0,889.18K,0,NO CHANGE,<.01%
448579102,H,HYATT HOTELS CORP,4221,0,818.2K,0,NO CHANGE,<.01%
46138B103,DBC,INVESCO DB COMMDY INDX TRCK,30610,0,816.06K,0,NO CHANGE,<.01%
29382R107,EVC,ENTRAVISION COMMUNICATIONS C,60000,0,782.4K,0,NO CHANGE,<.01%
464287887,IJT,ISHARES TR,4025,0,718.9K,0,NO CHANGE,<.01%
46654Q203,JEPQ,J P MORGAN EXCHANGE TRADED F,11274,0,692.9K,0,NO CHANGE,<.01%
770701100,RVI,ROBINHOOD VENTURES FD I,20000,0,655.6K,0,NO CHANGE,<.01%
518416409,ROUS,LATTICE STRATEGIES TR,9447,0,636.73K,0,NO CHANGE,<.01%
46434V738,IEUR,ISHARES TR,8406,0,631.9K,0,NO CHANGE,<.01%
75526L886,FEGE,RBB FUND TRUST,11527,0,563.9K,0,NO CHANGE,<.01%
G4124C109,GRAB,GRAB HOLDINGS LIMITED,148268,0,558.97K,0,NO CHANGE,<.01%
464288117,IGOV,ISHARES TR,13194,0,541.35K,0,NO CHANGE,<.01%
464288521,USRT,ISHARES TR,8049,0,534.86K,0,NO CHANGE,<.01%
464288828,IHF,ISHARES TR,9545,0,528.12K,0,NO CHANGE,<.01%
37950E648,ASEA,GLOBAL X FDS,26835,0,526.23K,0,NO CHANGE,<.01%
464287861,IEV,ISHARES TR,7193,0,524.01K,0,NO CHANGE,<.01%
464286392,URTH,ISHARES INC,2363,0,478.84K,0,NO CHANGE,<.01%
090043100,BILL,BILL HOLDINGS INC,12964,0,468.78K,0,NO CHANGE,<.01%
872280102,CGBD,CARLYLE SECURED LENDING INC,40295,0,424.31K,0,NO CHANGE,<.01%
060505682,BACPRL,BANK OF AMER CORP,338,0,424.02K,0,NO CHANGE,<.01%
949746804,WFCPRL,WELLS FARGO & CO,350,0,404.95K,0,NO CHANGE,<.01%
37954Y715,BOTZ,GLOBAL X FDS,10063,0,381.79K,0,NO CHANGE,<.01%
42328H109,HLIO,HELIOS TECHNOLOGIES INC,3901,0,348.2K,0,NO CHANGE,<.01%
464289420,IWX,ISHARES TR,3277,0,344.61K,0,NO CHANGE,<.01%
464287341,IXC,ISHARES TR,6779,0,333.05K,0,NO CHANGE,<.01%
92647N527,UITB,VICTORY PORTFOLIOS II,7100,0,332.55K,0,NO CHANGE,<.01%
921910733,ESGV,VANGUARD WORLD FD,2500,0,330.6K,0,NO CHANGE,<.01%
33733E302,FDN,FIRST TR EXCHANGE-TRADED FD,1194,0,316.08K,0,NO CHANGE,<.01%
46432F388,VLUE,ISHARES TR,1514,0,302.59K,0,NO CHANGE,<.01%
759937204,IPO,RENAISSANCE CAP GREENWICH FD,4948,0,294.01K,0,NO CHANGE,<.01%
76655K103,RGTI,RIGETTI COMPUTING INC,15029,0,290.36K,0,NO CHANGE,<.01%
464288372,IGF,ISHARES TR,4309,0,286.98K,0,NO CHANGE,<.01%
464288786,IAK,ISHARES TR,2000,0,281.12K,0,NO CHANGE,<.01%
316092501,FNCL,FIDELITY COVINGTON TRUST,3603,0,275.85K,0,NO CHANGE,<.01%
00768Y560,CWS,ADVISORSHARES TR,4000,0,272.76K,0,NO CHANGE,<.01%
81369Y100,XLB,SELECT SECTOR SPDR TR,4856,0,246.85K,0,NO CHANGE,<.01%
55336V100,MPLX,MPLX LP,4333,0,244.08K,0,NO CHANGE,<.01%
682680103,OKE,ONEOK INC NEW,2794,0,242.91K,0,NO CHANGE,<.01%
124155102,BFLY,BUTTERFLY NETWORK INC,26500,0,223.13K,0,NO CHANGE,<.01%
464288711,JXI,ISHARES TR,2600,0,220.92K,0,NO CHANGE,<.01%
01881G106,AB,ALLIANCEBERNSTEIN HLDG L P,6200,0,218.36K,0,NO CHANGE,<.01%
278274105,EOI,EATON VANCE ENHANCED EQUITY,11000,0,216.26K,0,NO CHANGE,<.01%
25434V781,DISV,DIMENSIONAL ETF TRUST,5260,0,211.08K,0,NO CHANGE,<.01%
67073B106,JPC,NUVEEN PFD & INCOME OPPORTUN,13843,0,109.08K,0,NO CHANGE,<.01%
M25722105,CGEN,COMPUGEN LTD,40000,0,85.6K,0,NO CHANGE,<.01%
67072T108,JFR,NUVEEN FLOATING RATE INCOME,10378,0,79.6K,0,NO CHANGE,<.01%
46655E100,DC,DAKOTA GOLD CORP,15000,0,63.9K,0,NO CHANGE,<.01%
269808101,ECC,EAGLE POINT CR CO,16689,0,62.09K,0,NO CHANGE,<.01%
91688R108,URG,UR-ENERGY INC,11075,0,15.06K,0,NO CHANGE,<.01%
46435U713,IFRA,ISHARES TR,6489,-6,409.06K,-378.23,-0.1%,<.01%
75281A109,RRC,RANGE RES CORP,7287,-11,271K,-409.09,-0.2%,<.01%
88023U101,SGI,SOMNIGROUP INTERNATIONAL INC,3461,-6,271.34K,-470.4,-0.2%,<.01%
233051200,DBEF,DBX ETF TR,31324,-18,1.71M,-983.35,-0.1%,<.01%
446150104,HBAN,HUNTINGTON BANCSHARES INC,26539,-61,470.53K,-1.08K,-0.2%,<.01%
750102105,RXT,RACKSPACE TECHNOLOGY INC,637258,-194,4.16M,-1.27K,-0%,0.02%
15236F100,AXIA,AXIA ENERGIA SA,10245,-135,108.08K,-1.42K,-1.3%,<.01%
87612G101,TRGP,TARGA RES CORP,797,-6,213.71K,-1.61K,-0.7%,<.01%
059460402,BBDO,BANCO BRADESCO S A,16450,-542,49.35K,-1.63K,-3.2%,<.01%
45857P806,IHG,INTERCONTINENTAL HOTELS GROU,3747,-12,648.68K,-2.08K,-0.3%,<.01%
921932703,VOOV,VANGUARD ADMIRAL FDS INC,1679,-10,368.08K,-2.19K,-0.6%,<.01%
745867101,PHM,PULTE GROUP INC,2015,-16,276.48K,-2.2K,-0.8%,<.01%
29251M106,ENTA,ENANTA PHARMACEUTICALS INC,38508,-164,561.45K,-2.39K,-0.4%,<.01%
833635105,SQM,SOCIEDAD QUIMICA Y MINERA DE,6616,-35,489.85K,-2.59K,-0.5%,<.01%
48716P108,KRNY,KEARNY FINL CORP MD,174033,-296,1.65M,-2.8K,-0.2%,<.01%
640491106,NEOG,NEOGEN CORP,10565,-320,94.98K,-2.88K,-2.9%,<.01%
03938L203,MT,ARCELORMITTAL SA LUXEMBOURG,18943,-56,1.14M,-3.37K,-0.3%,<.01%
025072703,AVDE,AMERICAN CENTY ETF TR,12735,-46,1.14M,-4.1K,-0.4%,<.01%
652941105,NXXT,NEXTNRG INC,45641,-12761,15.98K,-4.47K,-21.9%,<.01%
98980W107,ZSPC,ZSPACE INC,0,-39833,0,-4.52K,CLOSE,0%
94188P101,WSBF,WATERSTONE FINL INC MD,31878,-258,660.83K,-5.35K,-0.8%,<.01%
01446U103,ALRS,ALERUS FINL CORP,39225,-175,1.22M,-5.44K,-0.4%,<.01%
37954Y871,URA,GLOBAL X FDS,21993,-125,961.08K,-5.46K,-0.6%,<.01%
74765K105,QSI,QUANTUM SI INC,350816,-6872,310.47K,-6.08K,-1.9%,<.01%
83304A106,SNAP,SNAP INC,33952,-1389,150.75K,-6.17K,-3.9%,<.01%
67576A100,OCUL,OCULAR THERAPEUTIX INC,11897,-635,116.83K,-6.24K,-5.1%,<.01%
25278X109,FANG,DIAMONDBACK ENERGY INC,1335,-36,234.64K,-6.33K,-2.6%,<.01%
059460303,BBD,BANCO BRADESCO S A,17151,-1827,59.51K,-6.34K,-9.6%,<.01%
203937107,CWBC,COMMUNITY WEST BANCSHARES NE,8440,-273,226.69K,-7.33K,-3.1%,<.01%
81369Y852,XLC,SELECT SECTOR SPDR TR,8849,-69,948.04K,-7.39K,-0.8%,<.01%
90184D100,TWST,TWIST BIOSCIENCE CORP,51109,-75,5.26M,-7.72K,-0.1%,0.02%
62914V106,NIO,NIO INC,17308,-1542,87.58K,-7.8K,-8.2%,<.01%
71654V101,PBRA,PETROLEO BRASILEIRO S A,10122,-548,148.19K,-8.02K,-5.1%,<.01%
74006W207,PRAX,PRAXIS PRECISION MEDICINES I,815,-27,272.85K,-9.04K,-3.2%,<.01%
464288604,ISCG,ISHARES TR,35547,-141,2.33M,-9.24K,-0.4%,0.01%
92189F601,NLR,VANECK ETF TRUST,3617,-84,419.48K,-9.74K,-2.3%,<.01%
68373J104,LPRO,OPEN LENDING CORP,167454,-3151,520.78K,-9.8K,-1.8%,<.01%
92189F643,MOAT,VANECK ETF TRUST,11734,-100,1.22M,-10.4K,-0.8%,<.01%
204448104,BVN,COMPANIA DE MINAS BUENAVENTU,10850,-363,317.8K,-10.63K,-3.2%,<.01%
98138H101,WDAY,WORKDAY INC,4285,-87,524.57K,-10.65K,-2%,<.01%
204409601,CIG,CIA ENERGETICA DE MINAS GERA,23290,-6358,48.91K,-13.35K,-21.4%,<.01%
84790A105,SPB,SPECTRUM BRANDS HOLDINGS INC,34066,-157,2.92M,-13.46K,-0.5%,0.01%
12326C105,BFST,BUSINESS FIRST BANCSHARES IN,7301,-457,224.36K,-14.04K,-5.9%,<.01%
90400P101,UGP,ULTRAPAR PARTICIPACOES SA,30795,-2878,154.59K,-14.45K,-8.5%,<.01%
773903109,ROK,ROCKWELL AUTOMATION INC,911,-31,451.14K,-15.35K,-3.3%,<.01%
29278D105,ENIC,ENEL CHILE SA,14057,-3449,63.26K,-15.52K,-19.7%,<.01%
471871202,JSPR,JASPER THERAPEUTICS INC,13538,-37890,5.7K,-15.95K,-73.7%,<.01%
363576109,AJG,GALLAGHER ARTHUR J & CO,20527,-71,4.71M,-16.3K,-0.3%,0.02%
784305104,HTO,H2O AMERICA,29734,-276,1.81M,-16.77K,-0.9%,<.01%
46138E628,KBWB,INVESCO EXCH TRADED FD TR II,2818,-182,262.04K,-16.92K,-6.1%,<.01%
53946R106,LDI,LOANDEPOT INC,37293,-13550,46.62K,-16.94K,-26.7%,<.01%
253868103,DLR,DIGITAL RLTY TR INC,4805,-96,862.84K,-17.24K,-2%,<.01%
770700102,HOOD,ROBINHOOD MKTS INC,609846,-173,61.16M,-17.35K,-0%,0.28%
74317M104,PAL,PROFICIENT AUTO LOGISTICS IN,17879,-2567,121.76K,-17.48K,-12.6%,<.01%
78440P306,SKM,SK TELECOM CO LTD,58495,-564,1.88M,-18.14K,-1%,<.01%
803054204,SAP,SAP SE,20281,-118,3.13M,-18.18K,-0.6%,0.01%
531229755,FWONK,LIBERTY MEDIA CORP DEL,6898,-194,656.25K,-18.46K,-2.7%,<.01%
001055102,AFL,AFLAC INC,2185,-160,256.24K,-18.76K,-6.8%,<.01%
87652V109,TASK,TASKUS INC,38158,-4042,178.58K,-18.92K,-9.6%,<.01%
45784P101,PODD,INSULET CORP,81786,-125,12.45M,-19.03K,-0.2%,0.06%
808524748,FNDC,SCHWAB STRATEGIC TR,6272,-414,304.57K,-20.1K,-6.2%,<.01%
808524730,FNDE,SCHWAB STRATEGIC TR,23687,-508,939.9K,-20.16K,-2.1%,<.01%
88331L108,SKIN,SKINHEALTH SYSTEMS INC,48666,-31870,33.7K,-22.07K,-39.6%,<.01%
92204A306,VDE,VANGUARD WORLD FD,19331,-148,2.9M,-22.22K,-0.8%,0.01%
861012102,STM,STMICROELECTRONICS N V,36799,-304,2.76M,-22.77K,-0.8%,0.01%
03524A108,BUD,ANHEUSER BUSCH INBEV SA NV,22046,-277,1.82M,-22.82K,-1.2%,<.01%
464288224,ICLN,ISHARES TR,10314,-1147,211.34K,-23.5K,-10%,<.01%
803866300,SSL,SASOL LTD,23489,-2505,230.66K,-24.6K,-9.6%,<.01%
74727A104,QCRH,QCR HLDGS INC,3237,-264,315.12K,-25.7K,-7.5%,<.01%
46429B671,MCHI,ISHARES TR,18733,-514,955.85K,-26.23K,-2.7%,<.01%
704551100,BTU,PEABODY ENGR CORP,36664,-1142,847.67K,-26.4K,-3%,<.01%
46435U135,IHAK,ISHARES TR,8525,-442,517.55K,-26.83K,-4.9%,<.01%
52466B103,LZ,LEGALZOOM COM INC,229320,-4383,1.41M,-26.87K,-1.9%,<.01%
23292B104,HEPS,D MARKET ELECTR SVCS & TRADI,0,-10284,0,-26.94K,CLOSE,0%
204149108,CTBI,COMMUNITY TR BANCORP INC,3073,-376,222.38K,-27.21K,-10.9%,<.01%
02319V103,ABEV,AMBEV SA,40645,-8857,127.63K,-27.81K,-17.9%,<.01%
05759B305,BKKT,BAKKT INC,14495,-3756,113.21K,-29.33K,-20.6%,<.01%
13646K108,CP,CANADIAN PACIFIC KANSAS CITY,15842,-348,1.37M,-30.15K,-2.1%,<.01%
29444U700,EQIX,EQUINIX INC,23294,-29,24.28M,-30.23K,-0.1%,0.11%
29415C101,EOSE,EOS ENERGY ENTERPRISES INC,67615,-5149,397.57K,-30.28K,-7.1%,<.01%
46137V241,SPHQ,INVESCO EXCHANGE TRADED FD T,12499,-345,1.13M,-31.08K,-2.7%,<.01%
40051E202,ASR,GRUPO AEROPORTUARIO DEL SURE,746,-102,228.91K,-31.3K,-12%,<.01%
969904101,WSM,WILLIAMS SONOMA INC,1214,-135,283.02K,-31.47K,-10%,<.01%
133034108,CAC,CAMDEN NATL CORP,7788,-583,422.26K,-31.61K,-7%,<.01%
18885T306,CLPR,CLIPPER RLTY INC,0,-10680,0,-32.25K,CLOSE,0%
G5698W116,LXFR,LUXFER HLDGS PLC,21945,-1815,395.89K,-32.74K,-7.6%,<.01%
27828Y108,ETV,EATON VANCE TAX-MANAGED BUY-,110696,-2269,1.65M,-33.76K,-2%,<.01%
74587V107,PBYI,PUMA BIOTECHNOLOGY INC,10671,-4230,86.54K,-34.31K,-28.4%,<.01%
G8726T105,TK,TEEKAY CORPORATION LTD,15373,-3447,153.73K,-34.47K,-18.3%,<.01%
46222L108,IONQ,IONQ INC,7846,-651,417.9K,-34.67K,-7.7%,<.01%
04650F101,ATAI,ATAIBECKLEY INC,0,-10019,0,-35.47K,CLOSE,0%
36831E108,GCMG,GCM GROSVENOR INC,31506,-2902,387.52K,-35.69K,-8.4%,<.01%
98954M200,Z,ZILLOW GROUP INC,58872,-1142,1.86M,-36K,-1.9%,<.01%
68621T102,OBK,ORIGIN BANCORP INC,17048,-717,872.02K,-36.68K,-4%,<.01%
48268K101,KT,KT CORP,23100,-2127,399.16K,-36.75K,-8.4%,<.01%
683712103,OPEN,OPENDOOR TECHNOLOGIES INC,2931209,-8156,13.54M,-37.68K,-0.3%,0.06%
68622E104,BARK,BARK INC,0,-75817,0,-38.41K,CLOSE,0%
126408103,CSX,CSX CORP,30225,-822,1.44M,-39.07K,-2.6%,<.01%
98585N106,YEXT,YEXT INC,0,-10209,0,-39.2K,CLOSE,0%
373737105,GGB,GERDAU SA,0,-11041,0,-39.86K,CLOSE,0%
38059T106,GFI,GOLD FIELDS LTD,14119,-1205,474.26K,-40.48K,-7.9%,<.01%
85208R101,CEF,SPROTT ASSET MANAGEMENT LP,66548,-1008,2.68M,-40.55K,-1.5%,0.01%
G3730V105,FTAI,FTAI AVIATION LTD,1471,-150,397.95K,-40.58K,-9.3%,<.01%
18914F103,CLOV,CLOVER HEALTH INVESTMENTS CO,33534,-7823,175.72K,-40.99K,-18.9%,<.01%
12468P104,AI,C3 AI INC,19510,-4571,177.35K,-41.55K,-19%,<.01%
05964H105,SAN,BANCO SANTANDER SA,332187,-3040,4.58M,-41.95K,-0.9%,0.02%
22890A302,ORBS,EIGHTCO HOLDINGS INC,229283,-60585,159.47K,-42.14K,-20.9%,<.01%
624580106,MOV,MOVADO GROUP INC,13942,-1072,548.06K,-42.14K,-7.1%,<.01%
46990A102,JRVR,JAMES RIV GROUP HOLDINGS INC,22654,-9709,99.68K,-42.72K,-30%,<.01%
637372202,NRC,NRC HEALTH,13108,-2054,282.74K,-44.3K,-13.5%,<.01%
697900108,PAAS,PAN AMERN SILVER CORP,9736,-1019,436.08K,-45.64K,-9.5%,<.01%
91912E105,VALE,VALE S A,60363,-3059,907.87K,-46.01K,-4.8%,<.01%
351858105,FNV,FRANCO NEV CORP,3919,-221,816.91K,-46.07K,-5.3%,<.01%
881624209,TEVA,TEVA PHARMACEUTICAL INDS LTD,41170,-1363,1.39M,-46.18K,-3.2%,<.01%
91359E105,UHT,UNIVERSAL HEALTH RLTY INCOME,31448,-1053,1.38M,-46.18K,-3.2%,<.01%
902653104,UDR,UDR INC,30703,-1178,1.23M,-47.03K,-3.7%,<.01%
888787108,TOST,TOAST INC,115685,-1696,3.22M,-47.18K,-1.4%,0.01%
609207105,MDLZ,MONDELEZ INTL INC,14844,-824,858.58K,-47.66K,-5.3%,<.01%
34959J108,FTV,FORTIVE CORP,4290,-795,262.08K,-48.57K,-15.6%,<.01%
74767V109,QS,QUANTUMSCAPE CORP,38688,-6453,292.48K,-48.78K,-14.3%,<.01%
46138E297,EELV,INVESCO EXCH TRADED FD TR II,15581,-1766,433.15K,-49.09K,-10.2%,<.01%
756109104,O,REALTY INCOME CORP,3261,-797,202.04K,-49.38K,-19.6%,<.01%
81369Y704,XLI,SELECT SECTOR SPDR TR,3674,-268,680.45K,-49.64K,-6.8%,<.01%
74930B105,RBB,RBB BANCORP,8989,-1812,246.43K,-49.68K,-16.8%,<.01%
464287499,IWR,ISHARES TR,89821,-452,9.91M,-49.86K,-0.5%,0.05%
17133Q502,CHT,CHUNGHWA TELECOM CO LTD,54021,-1134,2.39M,-50.19K,-2.1%,0.01%
67623L307,OPAD,OFFERPAD SOLUTIONS INC,0,-78220,0,-51.25K,CLOSE,0%
680277100,OSBC,OLD SECOND BANCORP INC DEL,50309,-2198,1.17M,-51.26K,-4.2%,<.01%
573075108,MRTN,MARTEN TRANS LTD,12917,-3055,224.11K,-53K,-19.1%,<.01%
75686R202,RRBI,RED RIVER BANCSHARES INC,5394,-588,492.37K,-53.67K,-9.8%,<.01%
G9470A102,VTEX,VTEX,139237,-13479,556.95K,-53.92K,-8.8%,<.01%
92556W104,VIA,VIA TRANSN INC,54613,-2977,990.68K,-54K,-5.2%,<.01%
G4690M101,IBEX,IBEX LTD,13093,-1847,397.63K,-56.09K,-12.4%,<.01%
46138E354,SPLV,INVESCO EXCH TRADED FD TR II,3747,-751,280.64K,-56.25K,-16.7%,<.01%
45781M101,INVA,INNOVIVA INC,28979,-2508,658.11K,-56.96K,-8%,<.01%
023576101,AMTB,AMERANT BANCORP INC,15432,-2239,393.82K,-57.14K,-12.7%,<.01%
922908652,VXF,VANGUARD INDEX FDS,4753,-233,1.17M,-57.36K,-4.7%,<.01%
464287879,IJS,ISHARES TR,6441,-430,880.35K,-58.77K,-6.3%,<.01%
456837103,ING,ING GROEP N.V.,68255,-1875,2.14M,-58.84K,-2.7%,<.01%
320866106,FMBH,FIRST MID BANCSHARES INC,12218,-1250,587.56K,-60.11K,-9.3%,<.01%
92857W308,VOD,VODAFONE GROUP PLC,52443,-4578,693.55K,-60.54K,-8%,<.01%
22053A107,QNCX,QUINCE THERAPEUTICS INC,0,-600105,0,-60.85K,CLOSE,0%
88034P109,TME,TENCENT MUSIC ENTMT GROUP,19116,-7318,159.62K,-61.11K,-27.7%,<.01%
45826J105,NTLA,INTELLIA THERAPEUTICS INC,49375,-3723,835.42K,-62.99K,-7%,<.01%
78573M104,SABR,SABRE CORP,240411,-30499,502.46K,-63.74K,-11.3%,<.01%
682095104,OFLX,OMEGA FLEX INC,11409,-2061,358.11K,-64.69K,-15.3%,<.01%
18452B209,CLSK,CLEANSPARK INC,26696,-4678,388.43K,-68.06K,-14.9%,<.01%
62878D100,NABL,N-ABLE INC,61894,-18838,227.15K,-69.14K,-23.3%,<.01%
N07059210,ASML,ASML HLDG NV,10755,-35,21.4M,-69.63K,-0.3%,0.1%
019770106,ALLO,ALLOGENE THERAPEUTICS INC,580371,-33818,1.21M,-70.34K,-5.5%,<.01%
464287762,IYH,ISHARES TR,5460,-1056,365.88K,-70.76K,-16.2%,<.01%
153527205,CENTA,CENTRAL GARDEN & PET CO,39395,-1832,1.53M,-71.03K,-4.4%,<.01%
349381103,FIGR,FIGURE TECHNOLOGY SOLUTIO,18973,-2338,582.66K,-71.8K,-11%,<.01%
71601V105,WOOF,PETCO HEALTH & WELLNESS CO I,115713,-26936,314.74K,-73.27K,-18.9%,<.01%
92837L109,VIST,VISTA ENERGY S.A.B. DE C.V.,18401,-1165,1.17M,-74.33K,-6%,<.01%
400506101,PAC,GRUPO AEROPORTUNARIO DEL PAC,1018,-300,257.71K,-75.95K,-22.8%,<.01%
Y2990R101,HAFN,HAFNIA LTD,0,-10000,0,-76K,CLOSE,0%
925652109,VICI,VICI PPTYS INC,44197,-2864,1.17M,-76.04K,-6.1%,<.01%
79589L106,IOT,SAMSARA INC,464396,-2361,15.06M,-76.57K,-0.5%,0.07%
88688T209,TLRY,TILRAY BRANDS INC,32409,-17143,145.52K,-76.97K,-34.6%,<.01%
40131M109,GH,GUARDANT HEALTH INC,7455,-514,1.12M,-77.11K,-6.4%,<.01%
71654V408,PBR,PETROLEO BRASILEIRO S A,83212,-4821,1.34M,-77.91K,-5.5%,<.01%
874060205,TAK,TAKEDA PHARMACEUTICAL CO LTD,99417,-4899,1.59M,-78.53K,-4.7%,<.01%
48553T106,BZ,KANZHUN LIMITED,23982,-6117,308.65K,-78.73K,-20.3%,<.01%
13321L108,CCJ,CAMECO CORP,15445,-793,1.57M,-80.77K,-4.9%,<.01%
G2662B103,CRML,CRITICAL METALS CORP,23402,-7981,239.87K,-81.81K,-25.4%,<.01%
453038408,IMO,IMPERIAL OIL LTD,11444,-731,1.28M,-81.89K,-6%,<.01%
75062E106,RFL,RAFAEL HLDGS INC,164963,-24997,541.08K,-81.99K,-13.2%,<.01%
88031M109,TS,TENARIS S A,15123,-1511,839.16K,-83.84K,-9.1%,<.01%
43538H103,HLLY,HOLLEY INC,0,-27477,0,-84.35K,CLOSE,0%
92971A109,MAPS,WM TECHNOLOGY INC,0,-129121,0,-85.01K,CLOSE,0%
00827B106,AFRM,AFFIRM HLDGS INC,8002,-1059,652.56K,-86.36K,-11.7%,<.01%
45256X103,IBRX,IMMUNITYBIO INC,15100,-10000,132.2K,-87.55K,-39.8%,<.01%
75282U104,RNGR,RANGER ENERGY SVCS INC,14942,-5499,239.22K,-88.04K,-26.9%,<.01%
G65163100,JOBY,JOBY AVIATION INC,4024835,-10042,35.9M,-89.57K,-0.2%,0.17%
29082A107,EMBJ,EMBRAER S.A.,3910,-1408,249.45K,-89.83K,-26.5%,<.01%
226552107,CXDO,CREXENDO INC,0,-14763,0,-91.09K,CLOSE,0%
898920103,HURA,TUHURA BIOSCIENCES INC,42171,-39145,98.68K,-91.6K,-48.1%,<.01%
86272C103,STRA,STRATEGIC ED INC,26094,-1196,2M,-91.64K,-4.4%,<.01%
842587107,SO,SOUTHERN CO,32166,-965,3.08M,-92.36K,-2.9%,0.01%
G25839104,CCEP,COCA-COLA EUROPACIFIC PARTNE,14660,-939,1.47M,-93.97K,-6%,<.01%
87807B107,TRP,TC ENERGY CORP,22372,-1419,1.48M,-94.07K,-6%,<.01%
17243V102,CNK,CINEMARK HLDGS INC,22135,-2993,702.36K,-94.97K,-11.9%,<.01%
867224107,SU,SUNCOR ENERGY INC NEW,17776,-1780,954.21K,-95.55K,-9.1%,<.01%
389375106,GTN,GRAY MEDIA INC,46440,-24184,184.37K,-96.01K,-34.2%,<.01%
92189K105,HODL,VANECK BITCOIN ETF,16158,-5842,268.38K,-97.04K,-26.6%,<.01%
92206C706,VGIT,VANGUARD SCOTTSDALE FDS,18110,-1650,1.07M,-97.32K,-8.4%,<.01%
921910709,EDV,VANGUARD WORLD FD,4590,-1500,298.75K,-97.63K,-24.6%,<.01%
456788108,INFY,INFOSYS LTD,39384,-9338,413.14K,-97.96K,-19.2%,<.01%
46434V407,SHYG,ISHARES TR,19208,-2317,814.62K,-98.27K,-10.8%,<.01%
Y0207T100,ASC,ARDMORE SHIPPING CORP,19084,-7102,267.37K,-99.5K,-27.1%,<.01%
198516106,COLM,COLUMBIA SPORTSWEAR CO,25415,-1621,1.57M,-100.21K,-6%,<.01%
896095106,TCBK,TRICO BANCSHARES,13178,-1892,709.66K,-101.89K,-12.6%,<.01%
405552100,HLN,HALEON PLC,72543,-11134,676.82K,-103.88K,-13.3%,<.01%
808524797,SCHD,SCHWAB STRATEGIC TR,273905,-3283,8.69M,-104.1K,-1.2%,0.04%
52603B107,TREE,LENDINGTREE INC,13457,-2372,596.01K,-105.06K,-15%,<.01%
45167R104,IEX,IDEX CORP,4148,-464,941.32K,-105.3K,-10.1%,<.01%
18453H106,CCO,CLEAR CHANNEL OUTDOOR HLDGS,0,-45264,0,-107.28K,CLOSE,0%
157085101,CERS,CERUS CORP,2406330,-36911,7.03M,-107.78K,-1.5%,0.03%
064149107,BNS,BANK NOVA SCOTIA B C,24306,-1252,2.11M,-108.72K,-4.9%,<.01%
16208T102,CLDT,CHATHAM LODGING TR,112098,-8284,1.48M,-109.6K,-6.9%,<.01%
379378201,GNL,GLOBAL NET LEASE INC,10239,-12398,91.54K,-110.84K,-54.8%,<.01%
925283103,VSNT,VERSANT MEDIA GROUP INC,177360,-3081,6.39M,-110.95K,-1.7%,0.03%
767204100,RIO,RIO TINTO PLC,24137,-1215,2.29M,-115.34K,-4.8%,0.01%
00206R102,T,AT&T INC,54171,-5742,1.12M,-118.86K,-9.6%,<.01%
29977A105,EVR,EVERCORE INC,94525,-349,32.27M,-119.16K,-0.4%,0.15%
438333106,HNST,HONEST CO INC,0,-40978,0,-120.47K,CLOSE,0%
294821608,ERIC,TELEFONAKTIEBOLAGET LM ERICS,78680,-10885,877.28K,-121.37K,-12.2%,<.01%
440327104,HMN,HORACE MANN EDUCATORS CORP N,22498,-2374,1.16M,-122.62K,-9.5%,<.01%
75629V104,RXRX,RECURSION PHARMACEUTICALS IN,0,-40048,0,-122.95K,CLOSE,0%
G75398100,RZLV,REZOLVE AI PLC,54925,-39045,173.01K,-122.99K,-41.6%,<.01%
548661107,LOW,LOWES COS INC,19228,-559,4.24M,-123.25K,-2.8%,0.02%
800422107,JBSS,SANFILIPPO JOHN B & SON INC,4731,-1459,406.79K,-125.45K,-23.6%,<.01%
14167L103,CDNA,CAREDX INC,14666,-4426,417.98K,-126.14K,-23.2%,<.01%
095306106,BLBD,BLUE BIRD CORP,27422,-1602,2.17M,-126.49K,-5.5%,<.01%
H2927K103,AMRZ,AMRIZE LTD,7714,-2390,411.16K,-127.39K,-23.7%,<.01%
01438T106,ALDX,ALDEYRA THERAPEUTICS INC,206593,-59925,440.04K,-127.64K,-22.5%,<.01%
45784M108,INV,INNVENTURE INC,74896,-25430,379.72K,-128.93K,-25.3%,<.01%
53578P105,LNKB,LINKBANCORP INC,0,-15545,0,-129.65K,CLOSE,0%
535219109,LIND,LINDBLAD EXPEDITIONS HLDGS I,7186,-4611,202.93K,-130.21K,-39.1%,<.01%
74736L109,QTWO,Q2 HLDGS INC,10168,-2717,489.08K,-130.69K,-21.1%,<.01%
63001N106,NATL,NCR ATLEOS CORPORATION,4664,-3036,202.46K,-131.79K,-39.4%,<.01%
530909100,LLYVA,LIBERTY LIVE HOLDINGS INC,17135,-1311,1.74M,-132.75K,-7.1%,<.01%
N82405106,STLA,STELLANTIS N.V,29106,-23330,167.07K,-133.91K,-44.5%,<.01%
76954A103,RIVN,RIVIAN AUTOMOTIVE INC,172055,-7729,2.99M,-134.1K,-4.3%,0.01%
761624105,REX,REX AMERICAN RES CORP,21201,-2974,957.23K,-134.28K,-12.3%,<.01%
97717W851,DXJ,WISDOMTREE TR,9434,-774,1.64M,-134.31K,-7.6%,<.01%
03168L105,AMRX,AMNEAL PHARMACEUTICALS INC,0,-10819,0,-134.48K,CLOSE,0%
587376104,MBWM,MERCANTILE BK CORP,17704,-2371,1.02M,-136.14K,-11.8%,<.01%
43940T109,HOPE,HOPE BANCORP INC,49169,-10128,672.63K,-138.55K,-17.1%,<.01%
025072877,AVUV,AMERICAN CENTY ETF TR,6127,-1129,764.41K,-140.86K,-15.6%,<.01%
74276R102,PRVA,PRIVIA HEALTH GROUP INC,16810,-5604,432.52K,-144.19K,-25%,<.01%
04206A101,ARLO,ARLO TECHNOLOGIES INC,0,-10163,0,-144.62K,CLOSE,0%
600544100,MLKN,MILLERKNOLL INC,24860,-7194,508.64K,-147.19K,-22.4%,<.01%
36472T109,TDAY,USA TODAY CO INC,114055,-17403,975.17K,-148.8K,-13.2%,<.01%
86959K105,SUZ,SUZANO S A,0,-14871,0,-148.86K,CLOSE,0%
410495204,HAFC,HANMI FINL CORP,72112,-4615,2.34M,-149.53K,-6%,0.01%
23204X103,CTOS,CUSTOM TRUCK ONE SOURCE INC,38698,-12922,457.02K,-152.61K,-25%,<.01%
438128308,HMC,HONDA MOTOR CO LTD,18763,-5646,508.68K,-153.07K,-23.1%,<.01%
Y2106R110,LPG,DORIAN LPG LTD,70278,-4428,2.44M,-154.01K,-5.9%,0.01%
81369Y605,XLF,SELECT SECTOR SPDR TR,33615,-2876,1.8M,-154.18K,-7.9%,<.01%
06849F108,B,BARRICK MNG CORP,42702,-4203,1.57M,-154.38K,-9%,<.01%
465562106,ITUB,ITAU UNIBANCO HLDG S A,96657,-18955,789.69K,-154.86K,-16.4%,<.01%
464287168,DVY,ISHARES TR,22102,-998,3.45M,-155.99K,-4.3%,0.02%
91879Q109,MTN,VAIL RESORTS INC,2634,-1169,358.66K,-159.18K,-30.7%,<.01%
124830878,CBL,CBL & ASSOC PPTYS INC,33193,-3011,1.76M,-159.85K,-8.3%,<.01%
046224101,ASTE,ASTEC INDS INC,13192,-2649,807.19K,-162.09K,-16.7%,<.01%
8676EP108,STKL,SUNOPTA INC,0,-25424,0,-164.75K,CLOSE,0%
606710200,MITK,MITEK SYS INC,20678,-8287,416.25K,-166.82K,-28.6%,<.01%
171077407,NAGE,NIAGEN BIOSCIENCE INC,0,-37857,0,-166.95K,CLOSE,0%
127537207,CDZI,CADIZ INC,0,-34117,0,-167.51K,CLOSE,0%
92214X106,VREX,VAREX IMAGING CORP,31206,-16388,325.48K,-170.93K,-34.4%,<.01%
10949T109,BRSP,BRIGHTSPIRE CAPITAL INC,51109,-31422,278.55K,-171.25K,-38.1%,<.01%
25434V724,DFUV,DIMENSIONAL ETF TRUST,44291,-3138,2.44M,-172.62K,-6.6%,0.01%
03762U105,ARI,APOLLO COML REAL ESTATE FIN,0,-16351,0,-172.66K,CLOSE,0%
683416101,OOMA,OOMA INC,0,-11873,0,-172.75K,CLOSE,0%
46641Q225,BBCA,J P MORGAN EXCHANGE TRADED F,4051,-1761,402.66K,-175.04K,-30.3%,<.01%
282914100,EGHT,8X8 INC NEW,250444,-103355,428.26K,-176.74K,-29.2%,<.01%
479167108,JOUT,JOHNSON OUTDOORS INC,10877,-3880,500.76K,-178.63K,-26.3%,<.01%
58502B106,MD,PEDIATRIX MEDICAL GROUP INC,31950,-7131,809.29K,-180.63K,-18.2%,<.01%
64828T201,RITM,RITHM CAPITAL CORP,0,-19197,0,-181.98K,CLOSE,0%
B9151N105,TTAM,TITAN AMER SA,0,-12220,0,-183.06K,CLOSE,0%
346232101,FOR,FORESTAR GROUP INC,21500,-5838,680.48K,-184.77K,-21.4%,<.01%
Y2065G121,DHT,DHT HOLDINGS INC,112739,-11344,1.86M,-187.52K,-9.1%,<.01%
464288661,IEI,ISHARES TR,2467,-1604,289.77K,-188.41K,-39.4%,<.01%
25434V609,DFAT,DIMENSIONAL ETF TRUST,8314,-2770,581.13K,-193.62K,-25%,<.01%
20848V105,CCSI,CONSENSUS CLOUD SOLUTIONS IN,8617,-5077,328.74K,-193.69K,-37.1%,<.01%
855244109,SBUX,STARBUCKS CORP,19535,-1911,2M,-195.28K,-8.9%,<.01%
939653101,ELME,ELME COMMUNITIES,71512,-133332,105.84K,-197.33K,-65.1%,<.01%
31946M103,FCNCA,FIRST CTZNS BANCSHARES INC D,148,-96,307.96K,-199.76K,-39.3%,<.01%
69354N106,PRAA,PRA GROUP INC,20913,-10600,397.14K,-201.29K,-33.6%,<.01%
539439109,LYG,LLOYDS BANKING GROUP PLC,249216,-34666,1.45M,-202.1K,-12.2%,<.01%
025072604,AVEM,AMERICAN CENTY ETF TR,21308,-2099,2.06M,-202.53K,-9%,<.01%
146869102,CVNA,CARVANA CO,0,-645,0,-202.66K,CLOSE,0%
74982T103,RXO,RXO INC,17865,-7385,492.89K,-203.75K,-29.2%,<.01%
11271J107,BN,BROOKFIELD CORP,38315,-4809,1.63M,-204.81K,-11.2%,<.01%
89679M104,TFPM,TRIPLE FLAG PRECIOUS METAL,0,-5911,0,-205.19K,CLOSE,0%
447011107,HUN,HUNTSMAN CORP,40475,-19343,429.85K,-205.42K,-32.3%,<.01%
799566104,SANA,SANA BIOTECHNOLOGY INC,128792,-58935,449.48K,-205.68K,-31.4%,<.01%
15135U109,CVE,CENOVUS ENERGY INC,64144,-8322,1.59M,-206.47K,-11.5%,<.01%
253651202,DBD,DIEBOLD NIXDORF INC,0,-2740,0,-206.71K,CLOSE,0%
758849103,REG,REGENCY CTRS CORP,0,-2734,0,-206.89K,CLOSE,0%
128246105,CVGW,CALAVO GROWERS INC,0,-8036,0,-207.25K,CLOSE,0%
05965X109,BSAC,BANCO SANTANDER CHILE NEW,0,-6243,0,-208.5K,CLOSE,0%
N4732M103,JBS,JBS N.V.,0,-11643,0,-209.11K,CLOSE,0%
H8817H100,RIG,TRANSOCEAN LTD,0,-31780,0,-210.7K,CLOSE,0%
05946K101,BBVA,BANCO BILBAO VIZCAYA ARGENTA,107957,-8447,2.71M,-211.68K,-7.3%,0.01%
37733W204,GSK,GSK PLC,47975,-4042,2.51M,-211.88K,-7.8%,0.01%
055622104,BP,BP PLC,50950,-5735,1.88M,-211.9K,-10.1%,<.01%
74168J101,PRME,PRIME MEDICINE INC,16503,-57510,60.9K,-212.21K,-77.7%,<.01%
92345Y106,VRSK,VERISK ANALYTICS INC,0,-1127,0,-213.78K,CLOSE,0%
375916103,GIL,GILDAN ACTIVEWEAR INC,6756,-4145,348.63K,-213.89K,-38%,<.01%
808541106,MATV,MATIV HOLDINGS INC,38262,-28467,289.64K,-215.49K,-42.7%,<.01%
87256C101,TKO,TKO GROUP HOLDINGS INC,0,-1074,0,-216.59K,CLOSE,0%
N5505D105,MICC,MAGNUM ICE CREAM CO NV,0,-14520,0,-217.07K,CLOSE,0%
359694106,FUL,FULLER H B CO,0,-3520,0,-217.13K,CLOSE,0%
87241L109,TFII,TFI INTERNATIONAL INC,2736,-1523,392.86K,-218.69K,-35.8%,<.01%
988498101,YUM,YUM BRANDS INC,0,-1413,0,-219.69K,CLOSE,0%
874039100,TSM,TAIWAN SEMICONDUCTOR MANUFAC,78148,-461,37.32M,-220.16K,-0.6%,0.17%
911922102,USLM,UNITED STS LIME & MINERALS I,0,-1687,0,-220.34K,CLOSE,0%
58450V104,MAX,MEDIAALPHA INC,15367,-17554,193.16K,-220.65K,-53.3%,<.01%
N00985106,AER,AERCAP HOLDINGS NV,0,-1609,0,-220.73K,CLOSE,0%
69366J200,PTCT,PTC THERAPEUTICS INC,19611,-2710,1.6M,-221.05K,-12.1%,<.01%
45174J509,IHRT,IHEARTMEDIA INC,70029,-51628,300.43K,-221.48K,-42.4%,<.01%
85207H104,PHYS,SPROTT ASSET MANAGEMENT LP,7921,-7371,238.99K,-222.39K,-48.2%,<.01%
422347104,HTLD,HEARTLAND EXPRESS INC,16422,-14715,249.95K,-223.97K,-47.3%,<.01%
866683105,SNCY,SUN CTRY AIRLS HLDGS INC,0,-13605,0,-224.75K,CLOSE,0%
858927106,STEL,STELLAR BANCORP INC,5983,-5769,235.25K,-226.84K,-49.1%,<.01%
38150K103,AAAU,GOLDMAN SACHS PHYSICAL GOLD,0,-4920,0,-227.25K,CLOSE,0%
29273V100,ET,ENERGY TRANSFER L P,174187,-11971,3.33M,-228.88K,-6.4%,0.02%
35473P710,FLKR,FRANKLIN TEMPLETON ETF TR,6317,-3500,417.4K,-231.26K,-35.7%,<.01%
726503105,PAA,PLAINS ALL AMERN PIPELINE L,13742,-10398,305.89K,-231.45K,-43.1%,<.01%
828806109,SPG,SIMON PPTY GROUP INC NEW,1689,-1036,377.79K,-231.73K,-38%,<.01%
732908108,PONY,PONY AI INC,0,-24586,0,-232.09K,CLOSE,0%
85256A109,STGW,STAGWELL INC,14764,-31419,109.7K,-233.44K,-68%,<.01%
502431109,LHX,L3HARRIS TECHNOLOGIES INC,1948,-808,566.2K,-234.85K,-29.3%,<.01%
679369108,OLPX,OLAPLEX HLDGS INC,0,-115921,0,-235.32K,CLOSE,0%
04302A104,AIP,ARTERIS INC,91199,-4856,4.43M,-235.95K,-5.1%,0.02%
635017106,FIZZ,NATIONAL BEVERAGE CORP,0,-7025,0,-236.39K,CLOSE,0%
989817101,ZUMZ,ZUMIEZ INC,15361,-13283,273.43K,-236.44K,-46.4%,<.01%
371901109,GNTX,GENTEX CORP,0,-10903,0,-238.23K,CLOSE,0%
37892E102,GIC,GLOBAL INDUSTRIAL COMPANY,0,-7581,0,-238.95K,CLOSE,0%
92206C649,VTWV,VANGUARD SCOTTSDALE FDS,0,-1433,0,-239.66K,CLOSE,0%
23285D109,CTKB,CYTEK BIOSCIENCES INC,90100,-54292,399.14K,-240.51K,-37.6%,<.01%
136375102,CNI,CANADIAN NATL RY CO,0,-2343,0,-240.82K,CLOSE,0%
55616P104,M,MACYS INC,0,-13608,0,-246.18K,CLOSE,0%
Y1771G102,CMRE,COSTAMARE INC,53771,-18057,753.87K,-253.16K,-25.1%,<.01%
626717102,MUR,MURPHY OIL CORP,22214,-7812,723.28K,-254.35K,-26%,<.01%
46429B598,INDA,ISHARES TR,7573,-5165,374.03K,-255.1K,-40.5%,<.01%
831865209,AOS,SMITH A O CORP,0,-3885,0,-256.17K,CLOSE,0%
80105N105,SNY,SANOFI SA,15620,-6008,666.35K,-256.3K,-27.8%,<.01%
091955104,ETHW,BITWISE ETHEREUM ETF,81581,-22768,920.24K,-256.82K,-21.8%,<.01%
09290C103,DYNF,BLACKROCK ETF TRUST,5155,-3781,350.61K,-257.16K,-42.3%,<.01%
808524888,SCHC,SCHWAB STRATEGIC TR,0,-5514,0,-257.72K,CLOSE,0%
639027101,NATR,NATURES SUNSHINE PRODS INC,0,-10768,0,-258.32K,CLOSE,0%
H50430232,LOGI,LOGITECH INTL S A,0,-2866,0,-261.18K,CLOSE,0%
110448107,BTI,BRITISH AMERN TOB PLC,59343,-4238,3.67M,-261.74K,-6.7%,0.02%
004225108,ACAD,ACADIA PHARMACEUTICALS INC,16394,-10395,414.77K,-262.99K,-38.8%,<.01%
78468R622,JNK,SPDR SERIES TRUST,0,-2776,0,-265.72K,CLOSE,0%
874080104,TAL,TAL ED GROUP,0,-23428,0,-266.38K,CLOSE,0%
124765108,CAE,CAE INC,0,-10245,0,-266.88K,CLOSE,0%
G27907107,DOLE,DOLE PLC,0,-18683,0,-266.97K,CLOSE,0%
37247D106,GNW,GENWORTH FINL INC,0,-33050,0,-268.37K,CLOSE,0%
457152106,INGM,INGRAM MICRO HLDG CORP,0,-11594,0,-270.27K,CLOSE,0%
05464T104,AXSM,AXSOME THERAPEUTICS INC.,7730,-1105,1.89M,-270.47K,-12.5%,<.01%
464287606,IJK,ISHARES TR,3178,-2303,373.38K,-270.58K,-42%,<.01%
03463K760,CARY,ANGEL OAK FUNDS TRUST,0,-13082,0,-271.76K,CLOSE,0%
062540109,BOH,BANK HAWAII CORP,5669,-3370,462K,-274.64K,-37.3%,<.01%
M4R82T106,FVRR,FIVERR INTL LTD,0,-27436,0,-274.91K,CLOSE,0%
00486H105,ADTN,ADTRAN HOLDINGS INC,14571,-19788,202.54K,-275.05K,-57.6%,<.01%
806857108,SLB,SLB LIMITED,0,-5384,0,-276.66K,CLOSE,0%
405024100,HAE,HAEMONETICS CORP MASS,17295,-3703,1.3M,-277.73K,-17.6%,<.01%
039697107,ARDX,ARDELYX INC,240798,-54697,1.23M,-278.95K,-18.5%,<.01%
80007P869,SD,SANDRIDGE ENERGY INC,0,-17115,0,-279.15K,CLOSE,0%
92763W103,VIPS,VIPSHOP HLDGS LTD,0,-17901,0,-281.41K,CLOSE,0%
651229106,NWL,NEWELL BRANDS INC,242560,-45871,1.49M,-281.65K,-15.9%,<.01%
302301106,EZPW,EZCORP INC,0,-11197,0,-284.18K,CLOSE,0%
00402L107,ASO,ACADEMY SPORTS & OUTDOORS IN,0,-5037,0,-284.32K,CLOSE,0%
464288182,AAXJ,ISHARES TR,4760,-2387,567.95K,-284.81K,-33.4%,<.01%
67077M108,NTR,NUTRIEN LTD,10173,-4529,640.37K,-285.09K,-30.8%,<.01%
464287408,IVE,ISHARES TR,62242,-1256,14.13M,-285.19K,-2%,0.07%
00737L103,CVSA,COVISTA INC,17646,-2310,2.2M,-287.96K,-11.6%,0.01%
69344D408,PHI,PLDT INC,0,-13728,0,-288.83K,CLOSE,0%
008474108,AEM,AGNICO EAGLE MINES LTD,9344,-1865,1.45M,-289.33K,-16.6%,<.01%
74386T105,PFS,PROVIDENT FINL SVCS INC,52636,-12289,1.24M,-290.51K,-18.9%,<.01%
08862E109,BYND,BEYOND MEAT INC,1243738,-388009,932.8K,-291.01K,-23.8%,<.01%
74347R107,SSO,PROSHARES TR,0,-5636,0,-292.4K,CLOSE,0%
92206C409,VCSH,VANGUARD SCOTTSDALE FDS,5104,-3719,403.39K,-293.93K,-42.2%,<.01%
00081T108,ACCO,ACCO BRANDS CORP,49251,-70662,204.88K,-293.95K,-58.9%,<.01%
G8192H106,SPNT,SIRIUSPOINT LTD,0,-13686,0,-294.8K,CLOSE,0%
42727J102,HRTG,HERITAGE INSURANCE HLDGS INC,18939,-11311,493.93K,-294.99K,-37.4%,<.01%
171340102,CHD,CHURCH & DWIGHT CO INC,33156,-3049,3.21M,-295.39K,-8.4%,0.01%
31847R102,FAF,FIRST AMERN FINL CORP,0,-4901,0,-295.48K,CLOSE,0%
00091E109,ABSI,ABSCI CORPORATION,0,-99022,0,-297.07K,CLOSE,0%
320218100,THFF,FIRST FINANCIAL CORPORATION,13690,-3840,1.06M,-297.37K,-21.9%,<.01%
002896207,ANF,ABERCROMBIE & FITCH CO,12233,-3318,1.1M,-298.65K,-21.3%,<.01%
92764N102,VIR,VIR BIOTECHNOLOGY INC,66567,-29443,678.32K,-300.02K,-30.7%,<.01%
44107P104,HST,HOST HOTELS & RESORTS INC,909662,-12659,21.57M,-300.14K,-1.4%,0.1%
M6191J100,FROG,JFROG LTD,6295,-3310,572.09K,-300.81K,-34.5%,<.01%
71367G102,PWP,PERELLA WEINBERG PARTNERS,0,-16622,0,-301.86K,CLOSE,0%
091749101,BITW,BITWISE 10 CRYPTO INDEX ETF,0,-6908,0,-308.14K,CLOSE,0%
72147K108,PPC,PILGRIMS PRIDE CORP,0,-8243,0,-311.26K,CLOSE,0%
92337U302,TONX,TON STRATEGY CO,0,-126446,0,-312.32K,CLOSE,0%
464287556,IBB,ISHARES TR,5062,-1655,962.72K,-314.76K,-24.6%,<.01%
719405102,PLAB,PHOTRONICS INC,0,-7798,0,-315.12K,CLOSE,0%
866966104,SUNB,SUNBELT RENTALS HOLDINGS INC,4634,-4244,346.67K,-317.49K,-47.8%,<.01%
910873405,UMC,UNITED MICROELECTRONICS CORP,196950,-11920,5.36M,-324.34K,-5.7%,0.02%
829933100,SIRI,SIRIUSXM HOLDINGS INC,156252,-11037,4.62M,-326.03K,-6.6%,0.02%
05156V102,AUPH,AURINIA PHARMACEUTICALS INC,0,-22088,0,-327.34K,CLOSE,0%
45168D104,IDXX,IDEXX LABS INC,0,-588,0,-330.39K,CLOSE,0%
46434G822,EWJ,ISHARES INC,4908,-3605,457.78K,-336.25K,-42.3%,<.01%
647581206,EDU,NEW ORIENTAL ED & TECHNOLOGY,0,-5943,0,-336.54K,CLOSE,0%
30161N101,EXC,EXELON CORP,37129,-7234,1.73M,-337.25K,-16.3%,<.01%
828730200,SFNC,SIMMONS FIRST NATL CORP,123078,-14893,2.79M,-337.33K,-10.8%,0.01%
36118L106,FUTU,FUTU HLDGS LTD,0,-2477,0,-338.75K,CLOSE,0%
G8726X106,TNK,TEEKAY TANKERS LTD,36793,-5238,2.39M,-339.79K,-12.5%,0.01%
47215P106,JD,JD.COM INC,109167,-13457,2.78M,-342.89K,-11%,0.01%
55272X607,MFA,MFA FINL INC,172953,-35634,1.68M,-345.29K,-17.1%,<.01%
34984V209,FET,FORUM ENERGY TECHNOLOGIES IN,0,-5906,0,-346.45K,CLOSE,0%
256135203,RDY,DR REDDYS LABS LTD,106098,-23971,1.54M,-347.34K,-18.4%,<.01%
29882P106,EWCZ,EUROPEAN WAX CTR INC,0,-60737,0,-351.06K,CLOSE,0%
98850P109,YUMC,YUM CHINA HLDGS INC,0,-7236,0,-352.96K,CLOSE,0%
55024U109,LITE,LUMENTUM HLDGS INC,22484,-412,19.29M,-353.52K,-1.8%,0.09%
00653Q102,AHCO,ADAPTHEALTH CORP,33728,-33938,351.45K,-353.63K,-50.2%,<.01%
02072L565,BOXX,EA SERIES TRUST,11589,-3028,1.36M,-354.55K,-20.7%,<.01%
904767803,UL,UNILEVER PLC,36509,-5954,2.19M,-357.95K,-14%,0.01%
256163106,DOCU,DOCUSIGN INC,275974,-8076,12.26M,-358.74K,-2.8%,0.06%
941848103,WAT,WATERS CORP,0,-1205,0,-358.85K,CLOSE,0%
76131D103,QSR,RESTAURANT BRANDS INTL INC,0,-4857,0,-358.95K,CLOSE,0%
681116109,OLLI,OLLIES BARGAIN OUTLET HLDGS,0,-3931,0,-361.81K,CLOSE,0%
824348106,SHW,SHERWIN WILLIAMS CO,4084,-1060,1.41M,-365.01K,-20.6%,<.01%
056752108,BIDU,BAIDU INC,7509,-3222,858.2K,-368.24K,-30%,<.01%
464287515,IGV,ISHARES TR,207653,-4082,18.81M,-369.83K,-1.9%,0.09%
703481101,PTEN,PATTERSON-UTI ENERGY INC,233123,-40330,2.14M,-370.23K,-14.7%,<.01%
10948W103,AAMI,ACADIAN ASSET MANAGEMENT INC,0,-6839,0,-372.18K,CLOSE,0%
678026105,OIS,OIL STS INTL INC,108122,-46476,866.06K,-372.27K,-30.1%,<.01%
980228308,WDS,WOODSIDE ENERGY GROUP LTD,66397,-19284,1.28M,-372.57K,-22.5%,<.01%
G6375R107,NESR,NATIONAL ENERGY SERVICES REU,67888,-12494,2.03M,-373.95K,-15.5%,<.01%
72815L107,PLTK,PLAYTIKA HLDG CORP,32633,-100576,121.39K,-374.14K,-75.5%,<.01%
910340108,UFCS,UNITED FIRE GROUP INC,47644,-7148,2.5M,-374.84K,-13%,0.01%
464288810,IHI,ISHARES TR,0,-7063,0,-376.83K,CLOSE,0%
21871X109,CRBG,COREBRIDGE FINL INC,0,-15834,0,-377.81K,CLOSE,0%
G3398L118,FIHL,PELAGOS INS CAP LTD,95814,-15538,2.33M,-378.35K,-14%,0.01%
74316P579,AKRE,PROFESIONALLY MANAGED PORTFO,81984,-7114,4.36M,-378.39K,-8%,0.02%
628464109,MYE,MYERS INDS INC,48766,-10817,1.72M,-381.95K,-18.2%,<.01%
393222104,GPRE,GREEN PLAINS INC,0,-23239,0,-382.28K,CLOSE,0%
12510Q100,CCC,CCC INTELLIGENT SOLUTIONS HL,0,-64050,0,-384.3K,CLOSE,0%
743713109,PRLB,PROTO LABS INC,0,-6788,0,-387.05K,CLOSE,0%
Y41053102,INSW,INTERNATIONAL SEAWAYS INC,51699,-5069,3.96M,-388.23K,-8.9%,0.02%
05990K106,BANC,BANC OF CALIFORNIA INC,17424,-19342,355.96K,-395.15K,-52.6%,<.01%
807066105,SCHL,SCHOLASTIC CORP,35286,-8677,1.62M,-399.14K,-19.7%,<.01%
05508R106,BGS,B & G FOODS INC,24624,-100634,98K,-400.53K,-80.3%,<.01%
917047102,URBN,URBAN OUTFITTERS INC,3828,-5666,271.25K,-401.49K,-59.7%,<.01%
381430529,GBIL,GOLDMAN SACHS ETF TR,2259,-4047,226.23K,-405.29K,-64.2%,<.01%
501044101,KR,KROGER CO,0,-5641,0,-408.18K,CLOSE,0%
88162G103,TTEK,TETRA TECH INC NEW,0,-13566,0,-408.6K,CLOSE,0%
77664L207,ROOT,ROOT INC,0,-9261,0,-409.06K,CLOSE,0%
831754106,SWBI,SMITH & WESSON BRANDS INC,0,-28606,0,-409.92K,CLOSE,0%
374297109,GTY,GETTY RLTY CORP NEW,36201,-12368,1.21M,-412.6K,-25.5%,<.01%
02157Q109,ANRO,ALTO NEUROSCIENCE INC,7988,-15739,210.8K,-415.35K,-66.3%,<.01%
42226K105,HR,HEALTHCARE RLTY TR,337718,-20697,6.81M,-417.46K,-5.8%,0.03%
464287655,IWM,ISHARES TR,56534,-1390,16.99M,-417.63K,-2.4%,0.08%
58463J304,MPT,MEDICAL PROPERTIES TRUST INC,783911,-90429,3.62M,-417.78K,-10.3%,0.02%
835699307,SONY,SONY GROUP CORP,105623,-20904,2.12M,-419.33K,-16.5%,<.01%
87484T108,TALO,TALOS ENERGY INC,0,-26677,0,-420.43K,CLOSE,0%
G61188101,LBTYA,LIBERTY GLOBAL LTD,401415,-37354,4.56M,-424.72K,-8.5%,0.02%
603158106,MTX,MINERALS TECHNOLOGIES INC,24007,-5779,1.78M,-427.48K,-19.4%,<.01%
03589W102,ANNX,ANNEXON INC,120010,-75754,685.26K,-432.56K,-38.7%,<.01%
433000106,HIMS,HIMS & HERS HEALTH INC,14695,-12478,509.48K,-432.61K,-45.9%,<.01%
092528504,CLOA,BLACKROCK ETF TRUST II,0,-8385,0,-434.61K,CLOSE,0%
N3168P101,FER,FERROVIAL SE,0,-6685,0,-434.86K,CLOSE,0%
72201Y101,PDI,PIMCO DYNAMIC INCOME FD,46840,-26043,782.23K,-434.92K,-35.7%,<.01%
G9618E107,WTM,WHITE MTNS INS GROUP LTD,0,-198,0,-435.01K,CLOSE,0%
353514102,FELE,FRANKLIN ELEC INC,7645,-4082,819.48K,-437.56K,-34.8%,<.01%
493732101,KFRC,KFORCE INC,38002,-9335,1.78M,-438K,-19.7%,<.01%
610236101,MNRO,MONRO INC,14139,-25711,241.91K,-439.91K,-64.5%,<.01%
189054109,CLX,CLOROX CO DEL,0,-4258,0,-441.21K,CLOSE,0%
955306105,WST,WEST PHARMACEUTICAL SVSC INC,0,-1764,0,-442.16K,CLOSE,0%
16115Q308,GTLS,CHART INDS INC,1834,-2128,383.2K,-444.62K,-53.7%,<.01%
615111101,ONT,MONTROSE ENVIRONMENTAL GROUP,0,-20405,0,-446.67K,CLOSE,0%
884903808,TRI,THOMSON REUTERS CORP,0,-4977,0,-447.85K,CLOSE,0%
421906108,HCSG,HEALTHCARE SVCS GROUP INC,119322,-18280,2.93M,-448.96K,-13.3%,0.01%
90353W103,UI,UBIQUITI INC,420,-845,224.38K,-451.43K,-66.8%,<.01%
69374H881,COWZ,PACER FDS TR,0,-7230,0,-452.31K,CLOSE,0%
30260D103,FIGS,FIGS INC,0,-30752,0,-454.21K,CLOSE,0%
48238T109,OPLN,OPENLANE INC,0,-15702,0,-457.71K,CLOSE,0%
64031N108,NNI,NELNET INC,2322,-3463,309.59K,-461.72K,-59.9%,<.01%
71363P106,PRDO,PERDOCEO ED CORP,0,-12437,0,-462.79K,CLOSE,0%
78464A870,XBI,SPDR SERIES TRUST,4612,-2938,729.9K,-464.97K,-38.9%,<.01%
83570H108,SONO,SONOS INC,182507,-34384,2.47M,-465.22K,-15.9%,0.01%
878742204,TECK,TECK RESOURCES LTD,0,-9038,0,-467.73K,CLOSE,0%
46641Q217,BBJP,J P MORGAN EXCHANGE TRADED F,9366,-6215,705.32K,-468.03K,-39.9%,<.01%
36164V800,GLIBK,GCI LIBERTY INC,0,-12678,0,-471.75K,CLOSE,0%
52110M109,LAZ,LAZARD INC,5349,-11322,224.33K,-474.82K,-67.9%,<.01%
81369Y506,XLE,SELECT SECTOR SPDR TR,88666,-8948,4.71M,-475.23K,-9.2%,0.02%
922908538,VOT,VANGUARD INDEX FDS,3302,-1552,1.01M,-475.38K,-32%,<.01%
293792107,EPD,ENTERPRISE PRODS PARTNERS L,44742,-13011,1.64M,-478.28K,-22.5%,<.01%
46432F339,QUAL,ISHARES TR,16623,-2181,3.65M,-478.56K,-11.6%,0.02%
69888T207,PARR,PAR PAC HOLDINGS INC,0,-7640,0,-478.57K,CLOSE,0%
929236107,WDFC,WD 40 CO,3896,-1987,949.21K,-484.11K,-33.8%,<.01%
681936100,OHI,OMEGA HEALTHCARE INVS INC,32924,-10190,1.57M,-485.86K,-23.6%,<.01%
53190C102,LTH,LIFE TIME GROUP HOLDINGS INC,0,-18047,0,-486.19K,CLOSE,0%
45841N107,IBKR,INTERACTIVE BROKERS GROUP IN,0,-7323,0,-491.17K,CLOSE,0%
34965K107,FTRE,FORTREA HLDGS INC,341742,-28310,5.95M,-492.59K,-7.7%,0.03%
248019101,DLX,DELUXE CORP MEDIUM TERM NTS,74663,-20652,1.78M,-493.17K,-21.7%,<.01%
56418H100,MAN,MANPOWERGROUP INC WIS,44493,-14785,1.5M,-499.29K,-24.9%,<.01%
609027107,MCRI,MONARCH CASINO & RESORT INC,8978,-3805,1.18M,-500.78K,-29.8%,<.01%
67018T105,NUS,NU SKIN ENTERPRISES INC,0,-68793,0,-500.81K,CLOSE,0%
974637100,WGO,WINNEBAGO INDS INC,0,-16178,0,-501.36K,CLOSE,0%
722304102,PDD,PDD HOLDINGS INC,5067,-6606,386.5K,-503.89K,-56.6%,<.01%
66987V109,NVS,NOVARTIS AG,43358,-3217,6.8M,-504.17K,-6.9%,0.03%
496902404,KGC,KINROSS GOLD CORP,0,-16533,0,-504.6K,CLOSE,0%
48123V102,ZD,ZIFF DAVIS INC,0,-12133,0,-509.1K,CLOSE,0%
675232102,OII,OCEANEERING INTL INC,0,-14394,0,-510.55K,CLOSE,0%
G50871105,JAZZ,JAZZ PHARMACEUTICALS PLC,1651,-2137,397.84K,-514.95K,-56.4%,<.01%
16935C109,CHYM,CHIME FINL INC,2291398,-25216,46.93M,-516.42K,-1.1%,0.22%
89377M109,TMDX,TRANSMEDICS GROUP INC,0,-5195,0,-516.43K,CLOSE,0%
900111204,TKC,TURKCELL ILETISIM,59352,-88911,348.99K,-522.8K,-60%,<.01%
G76279101,ROIV,ROIVANT SCIENCES LTD,6918,-14800,244.83K,-523.77K,-68.1%,<.01%
22788C105,CRWD,CROWDSTRIKE HLDGS INC,630445,-688,481.12M,-525.04K,-0.1%,2.2%
30219Q106,EXFY,EXPENSIFY INC,254220,-293801,455.05K,-525.9K,-53.6%,<.01%
66611T108,NFBK,NORTHFIELD BANCORP INC DEL,18321,-35810,269.87K,-527.48K,-66.2%,<.01%
76171L106,REYN,REYNOLDS CONSUMER PRODS INC,7964,-19743,213.82K,-530.08K,-71.3%,<.01%
92556V106,VTRS,VIATRIS INC,42996,-33490,682.78K,-531.82K,-43.8%,<.01%
92839U206,VC,VISTEON CORP,0,-5878,0,-535.55K,CLOSE,0%
G6700G107,NVT,NVENT ELEC PLC,49805,-3193,8.45M,-541.56K,-6%,0.04%
03784Y200,APLE,APPLE HOSPITALITY REIT INC,29165,-32407,490.26K,-544.76K,-52.6%,<.01%
29357K103,ENVA,ENOVA INTL INC,0,-4012,0,-544.95K,CLOSE,0%
60786M105,MC,MOELIS & CO,27541,-8345,1.8M,-545.94K,-23.3%,<.01%
464287473,IWS,ISHARES TR,0,-3747,0,-546.1K,CLOSE,0%
G42706104,HG,HAMILTON INSURANCE GROUP LTD,70618,-16129,2.4M,-547.42K,-18.6%,0.01%
30049H102,EVLV,EVOLV TECHNOLOGIES HLDNGS IN,227963,-95539,1.32M,-554.13K,-29.5%,<.01%
G6359F137,NBR,NABORS INDUSTRIES LTD,5031,-6619,422.65K,-556.06K,-56.8%,<.01%
92204H400,MUNY,VANGUARD NY TAX FREE FDS,77012,-5382,8.01M,-559.73K,-6.5%,0.04%
72201R833,MINT,PIMCO ETF TR,7470,-5576,753.07K,-562.13K,-42.7%,<.01%
46284V101,IRM,IRON MTN INC DEL,97425,-4465,12.31M,-563.97K,-4.4%,0.06%
630402105,NSSC,NAPCO SEC TECHNOLOGIES INC,13902,-15411,528K,-585.32K,-52.6%,<.01%
790148100,JOE,ST JOE CO,30088,-9360,1.88M,-586.22K,-23.7%,<.01%
16411R208,LNG,CHENIERE ENERGY INC,0,-2099,0,-595.64K,CLOSE,0%
74435K204,PUK,PRUDENTIAL PLC,10884,-22227,291.79K,-595.89K,-67.1%,<.01%
984017103,XHR,XENIA HOTELS & RESORTS INC,41879,-29377,852.66K,-598.12K,-41.2%,<.01%
81369Y209,XLV,SELECT SECTOR SPDR TR,8989,-3771,1.43M,-598.32K,-29.6%,<.01%
G6674U108,NVCR,NOVOCURE LTD,274961,-39773,4.17M,-602.56K,-12.6%,0.02%
64082B102,NRDS,NERDWALLET INC,0,-58392,0,-606.11K,CLOSE,0%
G2717C106,CWK,CUSHMAN AND WAKEFIELD LTD,27322,-45916,365.84K,-614.82K,-62.7%,<.01%
78464A300,SLYV,SPDR SERIES TRUST,0,-6531,0,-617.7K,CLOSE,0%
92338C103,VLTO,VERALTO CORP,36774,-7014,3.26M,-622K,-16%,0.02%
118440106,BKE,BUCKLE INC,21442,-14761,904.87K,-622.93K,-40.8%,<.01%
464287242,LQD,ISHARES TR,3068,-5713,334.67K,-623.2K,-65.1%,<.01%
633707104,NBHC,NATIONAL BK HLDGS CORP,60678,-14097,2.7M,-626.33K,-18.9%,0.01%
404280406,HSBC,HSBC HLDGS PLC,49984,-6664,4.75M,-633.68K,-11.8%,0.02%
92189F106,GDX,VANECK ETF TRUST,18503,-8400,1.4M,-633.79K,-31.2%,<.01%
922042858,VWO,VANGUARD INTL EQUITY INDEX F,99114,-10668,5.92M,-636.77K,-9.7%,0.03%
859241101,STRL,STERLING INFRASTRUCTURE INC,2511,-761,2.11M,-638.7K,-23.3%,<.01%
78464A847,SPMD,SPDR SERIES TRUST,0,-10786,0,-638.74K,CLOSE,0%
14057J101,CFFN,CAPITOL FED FINL INC,496579,-75232,4.23M,-640.22K,-13.2%,0.02%
G0772R208,NTB,BANK OF N T BUTTERFIELD & SO,68214,-10925,4.06M,-650.04K,-13.8%,0.02%
146229109,CRI,CARTERS INC,57686,-15859,2.37M,-652.76K,-21.6%,0.01%
29414B104,EPAM,EPAM SYS INC,3770,-8235,299.15K,-653.45K,-68.6%,<.01%
529043408,LXP,LXP INDUSTRIAL TRUST,13881,-12187,747.89K,-656.62K,-46.8%,<.01%
G98239109,XP,XP INC,0,-34518,0,-657.23K,CLOSE,0%
19260Q107,COIN,COINBASE GLOBAL INC,268920,-4497,39.31M,-657.42K,-1.6%,0.18%
46432F842,IEFA,ISHARES TR,261365,-6813,25.24M,-658K,-2.5%,0.12%
29332G102,EHAB,ENHABIT INC,0,-47268,0,-666.01K,CLOSE,0%
52736R102,LEVI,LEVI STRAUSS & CO NEW,0,-36686,0,-678.32K,CLOSE,0%
82509L107,SHOP,SHOPIFY INC,48341,-5954,5.52M,-679.83K,-11%,0.03%
23954D109,DAWN,DAY ONE BIOPHARMACEUTICALS I,0,-31854,0,-682.95K,CLOSE,0%
320209109,FFBC,1ST FINL BANCORP,21470,-20197,726.35K,-683.28K,-48.5%,<.01%
63942X106,NVTS,NAVITAS SEMICONDUCTOR CORP,0,-77933,0,-683.47K,CLOSE,0%
524660107,LEG,LEGGETT & PLATT INC,356964,-58476,4.18M,-684.75K,-14.1%,0.02%
95040Q104,WELL,WELLTOWER INC,6504,-3019,1.48M,-685.2K,-31.7%,<.01%
G0084W101,ADNT,ADIENT PLC,68178,-37371,1.25M,-686.88K,-35.4%,<.01%
98954M101,ZG,ZILLOW GROUP INC,8448,-21898,265.01K,-686.94K,-72.2%,<.01%
29249E109,ACT,ENACT HLDGS INC,5303,-15125,242.4K,-691.36K,-74%,<.01%
084680107,BBT,BEACON FINANCIAL CORP.,14977,-22714,456.04K,-691.62K,-60.3%,<.01%
902788108,UMBF,UMB FINL CORP,3974,-4901,567.31K,-699.64K,-55.2%,<.01%
N3144W105,XPRO,EXPRO GROUP HOLDINGS NV,31861,-47434,470.59K,-700.6K,-59.8%,<.01%
92206C623,VTWG,VANGUARD SCOTTSDALE FDS,9222,-2453,2.65M,-705.68K,-21%,0.01%
37954Y830,COPX,GLOBAL X FDS,5226,-9200,402.26K,-708.15K,-63.8%,<.01%
389930207,BTC,GRAYSCALE BITCOIN MINI TR ET,0,-23753,0,-712.35K,CLOSE,0%
311900104,FAST,FASTENAL CO,0,-15441,0,-716.47K,CLOSE,0%
402635502,GPOR,GULFPORT ENERGY CORP,0,-3393,0,-717.86K,CLOSE,0%
G81276100,SIG,SIGNET JEWELERS LIMITED,4369,-8342,376.61K,-719.09K,-65.6%,<.01%
44952J104,CRGY,CRESCENT ENERGY COMPANY,0,-53513,0,-722.43K,CLOSE,0%
G0593M107,AZN,ASTRAZENECA PLC,32151,-3819,6.1M,-724.15K,-10.6%,0.03%
901109108,TPC,TUTOR PERINI CORP,10334,-8750,857.41K,-725.99K,-45.8%,<.01%
75960P104,RELY,REMITLY GLOBAL INC,214148,-32789,4.8M,-734.8K,-13.3%,0.02%
653656108,NICE,NICE LTD,0,-6699,0,-738.63K,CLOSE,0%
G2143T103,CMPR,CIMPRESS PLC,44859,-7263,4.56M,-738.65K,-13.9%,0.02%
78454L100,SM,SM ENERGY COMPANY,0,-23696,0,-738.85K,CLOSE,0%
875372203,TNDM,TANDEM DIABETES CARE INC,0,-39007,0,-747.76K,CLOSE,0%
780259305,SHEL,SHELL PLC,57229,-9663,4.44M,-749.27K,-14.4%,0.02%
316841105,FIG,FIGMA INC,716749,-41587,12.97M,-752.31K,-5.5%,0.06%
921932885,IVOO,VANGUARD ADMIRAL FDS INC,7101,-5773,926.03K,-752.85K,-44.8%,<.01%
29275Y102,ENS,ENERSYS,29788,-3221,6.96M,-753.12K,-9.8%,0.03%
156504300,CCS,CENTURY COMMUNITIES INC,10056,-10621,720.6K,-761.09K,-51.4%,<.01%
432748101,HTH,HILLTOP HLDGS INC,102137,-19635,3.96M,-761.45K,-16.1%,0.02%
87918A105,TDOC,TELADOC HEALTH INC,268062,-89869,2.27M,-762.09K,-25.1%,0.01%
46333X108,IRWD,IRONWOOD PHARMACEUTICALS INC,561588,-181135,2.36M,-762.58K,-24.4%,0.01%
172755100,CRUS,CIRRUS LOGIC INC,22861,-5169,3.4M,-767.75K,-18.4%,0.02%
00510N102,TIC,TIC SOLUTIONS INC,106175,-95779,858.96K,-774.85K,-47.4%,<.01%
H11356104,BG,BUNGE GLOBAL SA,0,-6126,0,-779.2K,CLOSE,0%
252784301,DRH,DIAMONDROCK HOSPITALITY CO,300307,-64054,3.66M,-780.18K,-17.6%,0.02%
G68707101,PAGS,PAGSEGURO DIGITAL LTD,54378,-86272,492.12K,-780.76K,-61.3%,<.01%
46429B655,FLOT,ISHARES TR,3994,-15335,203.89K,-782.85K,-79.3%,<.01%
G61188127,LBTYK,LIBERTY GLOBAL LTD,0,-67025,0,-786.2K,CLOSE,0%
464288356,CMF,ISHARES TR,19886,-13656,1.15M,-787.12K,-40.7%,<.01%
00857U206,AGL,AGILON HEALTH INC,60530,-7481,6.49M,-801.81K,-11%,0.03%
12047B105,BMBL,BUMBLE INC,227493,-252824,727.98K,-809.04K,-52.6%,<.01%
782011100,RSI,RUSH STREET INTERACTIVE INC,71073,-27552,2.11M,-819.4K,-27.9%,<.01%
674215207,CHRD,CHORD ENERGY CORPORATION,3362,-7213,384.26K,-824.41K,-68.2%,<.01%
057665200,BCPC,BALCHEM CORP,3099,-4936,523.61K,-833.99K,-61.4%,<.01%
36237H101,GIII,G III APPAREL GROUP LTD,48191,-24792,1.62M,-835.74K,-34%,<.01%
G4412G101,HLF,HERBALIFE LTD,0,-56808,0,-836.21K,CLOSE,0%
172573107,CRCL,CIRCLE INTERNET GROUP INC,219996,-13352,13.78M,-836.24K,-5.7%,0.06%
G52694109,KNSA,KINIKSA PHARMACEUTICALS INTL,29746,-13204,1.9M,-844.4K,-30.7%,<.01%
697435105,PANW,PALO ALTO NETWORKS INC,94219,-2480,32.13M,-845.73K,-2.6%,0.15%
G7997W102,SDRL,SEADRILL LTD,16934,-22712,640.44K,-858.97K,-57.3%,<.01%
902685106,UDMY,UDEMY INC,0,-189711,0,-876.47K,CLOSE,0%
01625V104,ALHC,ALIGNMENT HEALTHCARE INC,47425,-37724,1.13M,-898.21K,-44.3%,<.01%
577933104,MMS,MAXIMUS INC,0,-14019,0,-898.63K,CLOSE,0%
26884L109,EQT,EQT CORP,7546,-16911,401.2K,-899.12K,-69.1%,<.01%
78648T100,SAFT,SAFETY INS GROUP INC,21995,-12101,1.65M,-905.89K,-35.5%,<.01%
808524409,SCHV,SCHWAB STRATEGIC TR,41626,-26318,1.45M,-916.13K,-38.7%,<.01%
12685J105,CABO,CABLE ONE INC,0,-10069,0,-918.39K,CLOSE,0%
09261X102,BXSL,BLACKSTONE SECD LENDING FD,31922,-39329,756.86K,-932.48K,-55.2%,<.01%
184496107,CLH,CLEAN HARBORS INC,2341,-3128,699.43K,-934.57K,-57.2%,<.01%
03463K752,UYLD,ANGEL OAK FUNDS TRUST,12066,-18605,615.43K,-948.95K,-60.7%,<.01%
922907746,VTEB,VANGUARD MUN BD FDS,168675,-18885,8.53M,-955.2K,-10.1%,0.04%
095924106,OTF,BLUE OWL TECHNOLOGY FIN CORP,273177,-95110,2.83M,-984.39K,-25.8%,0.01%
56585A102,MPC,MARATHON PETE CORP,25439,-3861,6.5M,-987.16K,-13.2%,0.03%
372460105,GPC,GENUINE PARTS CO,11028,-8368,1.3M,-987.24K,-43.1%,<.01%
464287374,IGE,ISHARES TR,18557,-17629,1.04M,-990.4K,-48.7%,<.01%
464288513,HYG,ISHARES TR,9815,-12682,784.91K,-1.01M,-56.4%,<.01%
589400100,MCY,MERCURY GENL CORP NEW,50918,-9579,5.43M,-1.02M,-15.8%,0.03%
F21107101,CSTM,CONSTELLIUM SE,234061,-32051,7.46M,-1.02M,-12%,0.03%
78781J109,SAIL,SAILPOINT INC,0,-78937,0,-1.05M,CLOSE,0%
018581108,BFH,BREAD FINANCIAL HOLDINGS INC,0,-14015,0,-1.05M,CLOSE,0%
78463X509,SPEM,SPDR INDEX SHS FDS,21739,-20321,1.13M,-1.05M,-48.3%,<.01%
426927109,HTBK,HERITAGE COMM CORP,0,-84642,0,-1.06M,CLOSE,0%
61225M102,GLUE,MONTE ROSA THERAPEUTICS INC,18959,-43744,458.81K,-1.06M,-69.8%,<.01%
922042742,VT,VANGUARD INTL EQUITY INDEX F,47166,-6759,7.4M,-1.06M,-12.5%,0.03%
06652K103,BKU,BANKUNITED INC,50313,-22116,2.44M,-1.07M,-30.5%,0.01%
Y7542C130,STNG,SCORPIO TANKERS INC,106517,-15629,7.38M,-1.08M,-12.8%,0.03%
46982L108,J,JACOBS SOLUTIONS INC,0,-8520,0,-1.08M,CLOSE,0%
642045108,AESI,ATLAS ENERGY SOLUTIONS INC,60375,-65794,1M,-1.09M,-52.1%,<.01%
058498106,BALL,BALL CORP,182372,-17629,11.38M,-1.1M,-8.8%,0.05%
21874C102,CNM,CORE & MAIN INC,0,-22289,0,-1.1M,CLOSE,0%
217204106,CPRT,COPART INC,414019,-39540,11.67M,-1.11M,-8.7%,0.05%
292554102,ECPG,ENCORE CAP GROUP INC,59694,-11949,5.57M,-1.11M,-16.7%,0.03%
83012A109,TSLX,SIXTH STREET SPECIALTY LENDI,0,-60723,0,-1.12M,CLOSE,0%
464288646,IGSB,ISHARES TR,0,-21478,0,-1.13M,CLOSE,0%
68278B107,OS,ONESTREAM INC,0,-47170,0,-1.13M,CLOSE,0%
313745101,FRT,FEDERAL RLTY INVT TR NEW,114715,-9195,14.16M,-1.14M,-7.4%,0.07%
199333105,CMCO,COLUMBUS MCKINNON CORP N Y,59126,-75178,894.57K,-1.14M,-56%,<.01%
413160102,HLIT,HARMONIC INC,10642,-70563,173.78K,-1.15M,-86.9%,<.01%
G037AX101,AMBA,AMBARELLA INC,18945,-13463,1.63M,-1.16M,-41.5%,<.01%
75734B100,RDDT,REDDIT INC,133232,-6675,23.13M,-1.16M,-4.8%,0.11%
760759100,RSG,REPUBLIC SVCS INC,9754,-5438,2.08M,-1.16M,-35.8%,<.01%
G3223R108,EG,EVEREST GROUP LTD,29403,-3265,10.5M,-1.17M,-10%,0.05%
53815P108,RAMP,LIVERAMP HLDGS INC,23914,-31025,900.12K,-1.17M,-56.5%,<.01%
04010E109,AGX,ARGAN INC,3777,-1487,3.02M,-1.19M,-28.2%,0.01%
87164F105,SNDX,SYNDAX PHARMACEUTICALS INC,54835,-54788,1.2M,-1.2M,-50%,<.01%
464287226,AGG,ISHARES TR,108177,-12103,10.71M,-1.2M,-10.1%,0.05%
05605H100,BWXT,BWX TECHNOLOGIES INC,5880,-6162,1.14M,-1.2M,-51.2%,<.01%
24665A103,DK,DELEK US HLDGS INC NEW,0,-26631,0,-1.2M,CLOSE,0%
231561101,CW,CURTISS WRIGHT CORP,24545,-1586,18.6M,-1.2M,-6.1%,0.09%
922908744,VTV,VANGUARD INDEX FDS,76018,-5585,16.57M,-1.22M,-6.8%,0.08%
02553E106,AEO,AMERICAN EAGLE OUTFITTERS IN,78357,-70790,1.35M,-1.22M,-47.5%,<.01%
518613203,LAUR,LAUREATE ED INC,65415,-33878,2.38M,-1.23M,-34.1%,0.01%
09174C104,BITB,BITWISE BITCOIN ETF TR,118044,-38639,3.76M,-1.23M,-24.7%,0.02%
127190304,CACI,CACI INTL INC,0,-2274,0,-1.24M,CLOSE,0%
57776J100,MXL,MAXLINEAR INC,29368,-9712,3.76M,-1.24M,-24.9%,0.02%
44980X109,IPGP,IPG PHOTONICS CORP,3095,-10650,363.11K,-1.25M,-77.5%,<.01%
489170100,KMT,KENNAMETAL INC,27465,-35670,962.66K,-1.25M,-56.5%,<.01%
G5509L101,LIVN,LIVANOVA PLC,0,-19673,0,-1.25M,CLOSE,0%
64115T104,NTCT,NETSCOUT SYS INC,102819,-29105,4.48M,-1.27M,-22.1%,0.02%
109641100,EAT,BRINKER INTL INC,19037,-7600,3.2M,-1.28M,-28.5%,0.01%
892331307,TM,TOYOTA MOTOR CORP,12601,-7585,2.12M,-1.28M,-37.6%,<.01%
929328102,WSFS,WSFS FINL CORP,7504,-16923,575.79K,-1.3M,-69.3%,<.01%
10576N102,BRZE,BRAZE INC,233014,-60435,5.05M,-1.31M,-20.6%,0.02%
60646V105,MCW,MISTER CAR WASH INC,0,-192366,0,-1.34M,CLOSE,0%
922908751,VB,VANGUARD INDEX FDS,25482,-4430,7.72M,-1.34M,-14.8%,0.04%
904708104,UNF,UNIFIRST CORP MASS,1112,-5078,294.1K,-1.34M,-82%,<.01%
18467V109,YOU,CLEAR SECURE INC,12767,-24234,711.52K,-1.35M,-65.5%,<.01%
25264R207,DHIL,DIAMOND HILL INVT GROUP INC,0,-7874,0,-1.36M,CLOSE,0%
49926D109,KN,KNOWLES CORP,0,-53561,0,-1.38M,CLOSE,0%
13057Q305,CRC,CALIFORNIA RES CORP,15843,-26688,837.6K,-1.41M,-62.7%,<.01%
922908595,VBK,VANGUARD INDEX FDS,1687,-3921,616.84K,-1.43M,-69.9%,<.01%
46641Q332,JEPI,J P MORGAN EXCHANGE TRADED F,0,-25482,0,-1.44M,CLOSE,0%
71385M107,PRM,PERIMETER SOLUTIONS INC,371588,-40551,13.25M,-1.45M,-9.8%,0.06%
921908844,VIG,VANGUARD SPECIALIZED FUNDS,368338,-6131,87.16M,-1.45M,-1.6%,0.4%
70975L107,PEN,PENUMBRA INC,2011,-4607,634.97K,-1.45M,-69.6%,<.01%
872540109,TJX,TJX COS INC NEW,329336,-9660,49.89M,-1.46M,-2.8%,0.23%
75943R102,RLAY,RELAY THERAPEUTICS INC,126829,-78481,2.37M,-1.47M,-38.2%,0.01%
G16910120,BLSH,BULLISH,0,-41140,0,-1.47M,CLOSE,0%
07831C103,BRBR,BELLRING BRANDS INC,87673,-113796,1.13M,-1.47M,-56.5%,<.01%
754907103,RYN,RAYONIER INC,0,-71597,0,-1.48M,CLOSE,0%
46266C105,IQV,IQVIA HLDGS INC,88387,-7680,17.08M,-1.48M,-8%,0.08%
443573100,HUBS,HUBSPOT INC,40646,-8148,7.42M,-1.49M,-16.7%,0.03%
40171V100,GWRE,GUIDEWIRE SOFTWARE INC,0,-9966,0,-1.49M,CLOSE,0%
113004105,BAM,BROOKFIELD ASSET MANAGMT LTD,4721,-33244,211.72K,-1.49M,-87.6%,<.01%
46817M107,JXN,JACKSON FINANCIAL INC,7720,-14628,790.48K,-1.5M,-65.5%,<.01%
69121K104,OBDC,BLUE OWL CAPITAL CORPORATION,475181,-139441,5.17M,-1.52M,-22.7%,0.02%
05350V106,AVNS,AVANOS MED INC,35796,-61185,890.61K,-1.52M,-63.1%,<.01%
87612E106,TGT,TARGET CORP,240182,-11713,31.37M,-1.53M,-4.6%,0.14%
68170A108,OMDA,OMADA HEALTH INC,78742,-69920,1.73M,-1.53M,-47%,<.01%
126117100,CNA,CNA FINL CORP,16721,-32040,812.82K,-1.56M,-65.7%,<.01%
05465C100,AX,AXOS FINANCIAL INC,9540,-16049,929.1K,-1.56M,-62.7%,<.01%
554489104,VRE,VERIS RESIDENTIAL INC,0,-85677,0,-1.62M,CLOSE,0%
525327102,LDOS,LEIDOS HOLDINGS INC,0,-10422,0,-1.62M,CLOSE,0%
01609W102,BABA,ALIBABA GROUP HLDG LTD,44326,-17012,4.25M,-1.63M,-27.7%,0.02%
31188V100,FSLY,FASTLY INC,0,-56883,0,-1.65M,CLOSE,0%
743606105,PB,PROSPERITY BANCSHARES INC,272487,-22661,19.9M,-1.65M,-7.7%,0.09%
816300107,SIGI,SELECTIVE INS GROUP INC,27629,-17183,2.68M,-1.67M,-38.3%,0.01%
87724P106,TMHC,TAYLOR MORRISON HOME CORP,0,-28658,0,-1.67M,CLOSE,0%
G65431127,NE,NOBLE CORP PLC,83702,-44763,3.12M,-1.67M,-34.8%,0.01%
231021106,CMI,CUMMINS INC,63535,-2377,45.31M,-1.7M,-3.6%,0.21%
89417E109,TRV,TRAVELERS COMPANIES INC,85289,-5147,28.16M,-1.7M,-5.7%,0.13%
65487K100,LASR,NLIGHT INC,34669,-24527,2.41M,-1.71M,-41.4%,0.01%
18539C105,CWENA,CLEARWAY ENERGY INC,0,-43862,0,-1.72M,CLOSE,0%
G39387108,GFS,GLOBALFOUNDRIES INC,23766,-21010,1.96M,-1.73M,-46.9%,<.01%
98978V103,ZTS,ZOETIS INC,7206,-24362,517.83K,-1.75M,-77.2%,<.01%
256746108,DLTR,DOLLAR TREE INC,80847,-14574,9.78M,-1.76M,-15.3%,0.05%
G491BT108,IVZ,INVESCO LTD,847307,-67077,22.36M,-1.77M,-7.3%,0.1%
666807102,NOC,NORTHROP GRUMMAN CORP,709,-3481,361.14K,-1.77M,-83.1%,<.01%
05368V106,AVNT,AVIENT CORPORATION,22193,-49453,820.26K,-1.83M,-69%,<.01%
92206C102,VGSH,VANGUARD SCOTTSDALE FDS,26313,-31485,1.53M,-1.83M,-54.5%,<.01%
88224Q107,TCBI,TEXAS CAP BANCSHARES INC,34404,-17798,3.55M,-1.84M,-34.1%,0.02%
33768G107,FCFS,FIRSTCASH HOLDINGS INC,6005,-8565,1.3M,-1.85M,-58.8%,<.01%
464289438,IWY,ISHARES TR,9039,-6377,2.63M,-1.85M,-41.4%,0.01%
81730H109,S,SENTINELONE INC,2011451,-109503,34.13M,-1.86M,-5.2%,0.16%
30214U102,EXPO,EXPONENT INC,0,-28559,0,-1.86M,CLOSE,0%
909907107,UBSI,UNITED BANKSHARES INC WEST V,22564,-40850,1.03M,-1.87M,-64.4%,<.01%
922908611,VBR,VANGUARD INDEX FDS,20112,-7719,4.89M,-1.88M,-27.7%,0.02%
302491303,FMC,FMC CORP,129228,-163179,1.49M,-1.88M,-55.8%,<.01%
92343V104,VZ,VERIZON COMMUNICATIONS INC,146799,-44666,6.22M,-1.89M,-23.3%,0.03%
67059N108,NTNX,NUTANIX INC,532375,-37516,27.13M,-1.91M,-6.6%,0.13%
76680R206,RNG,RINGCENTRAL INC,0,-51692,0,-1.92M,CLOSE,0%
37959E102,GL,GLOBE LIFE INC,108346,-10999,19.36M,-1.97M,-9.2%,0.09%
G3198U102,ESNT,ESSENT GROUP LTD,33622,-30947,2.16M,-1.99M,-47.9%,<.01%
04010L103,ARCC,ARES CAPITAL CORP,96304,-107516,1.78M,-1.99M,-52.8%,<.01%
93403J106,WRBY,WARBY PARKER INC,80725,-66924,2.45M,-2.03M,-45.3%,0.01%
97717Y691,WCLD,WISDOMTREE TR,68605,-63411,2.2M,-2.03M,-48%,0.01%
852234103,XYZ,BLOCK INC,15549,-26917,1.18M,-2.05M,-63.4%,<.01%
G3323L100,FN,FABRINET,0,-3945,0,-2.06M,CLOSE,0%
71424F105,PR,PERMIAN RESOURCES CORP,149804,-114109,2.76M,-2.1M,-43.2%,0.01%
89400J107,TRU,TRANSUNION,0,-30382,0,-2.1M,CLOSE,0%
81764X103,TTAN,SERVICETITAN INC,18220,-29891,1.29M,-2.11M,-62.1%,<.01%
31816X106,FLY,FIREFLY AEROSPACE INC,178688,-72471,5.25M,-2.13M,-28.9%,0.02%
G51502105,JCI,JOHNSON CONTROLS INTERNATION,265948,-14687,38.86M,-2.15M,-5.2%,0.18%
921937819,BIV,VANGUARD BD INDEX FDS,0,-27850,0,-2.15M,CLOSE,0%
75524B104,RBC,RBC BEARINGS INC,17802,-3352,11.47M,-2.16M,-15.8%,0.05%
172062101,CINF,CINCINNATI FINL CORP,1465,-11749,271.28K,-2.18M,-88.9%,<.01%
78467Y107,MDY,STATE STR SPDR S&P MIDCAP 40,14582,-3127,10.26M,-2.2M,-17.7%,0.05%
343873105,FFIC,FLUSHING FINL CORP,0,-144980,0,-2.23M,CLOSE,0%
668074305,NWE,NORTHWESTERN ENERGY GROUP IN,29534,-31163,2.12M,-2.23M,-51.3%,<.01%
26884U109,EPR,EPR PPTYS,12465,-38633,723.07K,-2.24M,-75.6%,<.01%
02043Q107,ALNY,ALNYLAM PHARMACEUTICALS INC,15410,-7461,4.64M,-2.25M,-32.6%,0.02%
501242101,KLIC,KULICKE & SOFFA INDS INC,0,-34311,0,-2.25M,CLOSE,0%
35137L105,FOXA,FOX CORP,4938,-43438,257.58K,-2.27M,-89.8%,<.01%
46434V621,DGRO,ISHARES TR,106477,-30049,8.07M,-2.28M,-22%,0.04%
665859104,NTRS,NORTHERN TR CORP,125067,-13130,21.74M,-2.28M,-9.5%,0.1%
366651107,IT,GARTNER INC,144808,-17628,18.77M,-2.28M,-10.9%,0.09%
35671D857,FCX,FREEPORT MCMORAN INC,853716,-36653,53.69M,-2.31M,-4.1%,0.25%
012653101,ALB,ALBEMARLE CORP,43967,-17107,5.94M,-2.31M,-28%,0.03%
38526M106,LOPE,GRAND CANYON ED INC,0,-13719,0,-2.33M,CLOSE,0%
016255101,ALGN,ALIGN TECHNOLOGY INC,52134,-13965,8.79M,-2.36M,-21.1%,0.04%
G8473T100,STE,STERIS PLC,32346,-11234,6.81M,-2.37M,-25.8%,0.03%
31620R303,FNF,FIDELITY NATL FINL INC,97342,-50362,4.59M,-2.38M,-34.1%,0.02%
55306N104,MKSI,MKS INC.,21702,-5373,9.65M,-2.39M,-19.8%,0.04%
72201R627,LONZ,PIMCO ETF TR,0,-48494,0,-2.39M,CLOSE,0%
74758T303,QLYS,QUALYS INC,7429,-17419,1.02M,-2.4M,-70.1%,<.01%
780287108,RGLD,ROYAL GOLD INC,33402,-12060,6.67M,-2.41M,-26.5%,0.03%
980745103,WWD,WOODWARD INC,22150,-5737,9.42M,-2.44M,-20.6%,0.04%
00912X302,AL,AIR LEASE CORP,0,-37896,0,-2.46M,CLOSE,0%
69932A204,PSKY,PARAMOUNT SKYDANCE CORP,0,-273861,0,-2.47M,CLOSE,0%
G3265R107,APTV,APTIV PLC,6598,-40579,404.98K,-2.49M,-86%,<.01%
53115L104,LBRT,LIBERTY ENERGY INC,0,-87028,0,-2.51M,CLOSE,0%
09290D101,BLK,BLACKROCK INC,28097,-2615,27.02M,-2.51M,-8.5%,0.12%
G0450A105,ACGL,ARCH CAP GROUP LTD,0,-26299,0,-2.52M,CLOSE,0%
631103108,NDAQ,NASDAQ INC,129736,-32135,10.23M,-2.53M,-19.9%,0.05%
244199105,DE,DEERE & CO,8413,-4002,5.34M,-2.54M,-32.2%,0.02%
718546104,PSX,PHILLIPS 66,262569,-15039,44.39M,-2.54M,-5.4%,0.2%
358039105,FRPT,FRESHPET INC,0,-43743,0,-2.58M,CLOSE,0%
03852U106,ARMK,ARAMARK,370351,-46422,21.07M,-2.64M,-11.1%,0.1%
989701107,ZION,ZIONS BANCORPORATION NATL AS,84565,-38274,5.85M,-2.65M,-31.2%,0.03%
81369Y803,XLK,SELECT SECTOR SPDR TR,89197,-13944,16.99M,-2.66M,-13.5%,0.08%
302081104,EXLS,EXLSERVICE HLDGS INC,39299,-104407,1.02M,-2.7M,-72.7%,<.01%
808513105,SCHW,SCHWAB CHARLES CORP,195776,-29356,18.06M,-2.71M,-13%,0.08%
044186104,ASH,ASHLAND INC,55328,-41200,3.65M,-2.71M,-42.7%,0.02%
285512109,EA,ELECTRONIC ARTS INC,30568,-13270,6.27M,-2.72M,-30.3%,0.03%
26622P107,DOCS,DOXIMITY INC,47595,-131387,987.11K,-2.72M,-73.4%,<.01%
880779103,TEX,TEREX CORP NEW,16659,-37768,1.21M,-2.73M,-69.4%,<.01%
530307305,LBRDK,LIBERTY BROADBAND CORP,27684,-82669,920.77K,-2.75M,-74.9%,<.01%
608190104,MHK,MOHAWK INDS INC,176992,-22725,21.47M,-2.76M,-11.4%,0.1%
03743Q108,APA,APA CORPORATION,47245,-85628,1.54M,-2.79M,-64.4%,<.01%
49845K101,KVYO,KLAVIYO INC,47432,-185913,716.22K,-2.81M,-79.7%,<.01%
24703L202,DELL,DELL TECHNOLOGIES INC,84549,-6541,36.48M,-2.82M,-7.2%,0.17%
552848103,MTG,MGIC INVT CORP WIS,226592,-100557,6.39M,-2.84M,-30.7%,0.03%
V7780T103,RCL,ROYAL CARIBBEAN GROUP,0,-10417,0,-2.87M,CLOSE,0%
237266101,DAR,DARLING INGREDIENTS INC,116020,-52681,6.34M,-2.88M,-31.2%,0.03%
03076K108,ABCB,AMERIS BANCORP,7100,-32081,640.81K,-2.9M,-81.9%,<.01%
252131107,DXCM,DEXCOM INC,92014,-43510,6.2M,-2.93M,-32.1%,0.03%
946784105,WAY,WAYSTAR HLDG CORP,41497,-143668,851.93K,-2.95M,-77.6%,<.01%
537008104,LFUS,LITTELFUSE INC,741,-6511,337.4K,-2.96M,-89.8%,<.01%
48251W104,KKR,KKR & CO INC,142000,-32684,13.03M,-3M,-18.7%,0.06%
349553107,FTS,FORTIS INC,274795,-53076,15.73M,-3.04M,-16.2%,0.07%
03769M106,APO,APOLLO GLOBAL MGMT INC,32831,-26058,3.88M,-3.08M,-44.2%,0.02%
913903100,UHS,UNIVERSAL HLTH SVCS INC,1612,-20824,239.71K,-3.1M,-92.8%,<.01%
72352L106,PINS,PINTEREST INC,122959,-147630,2.59M,-3.1M,-54.6%,0.01%
92204A108,VCR,VANGUARD WORLD FD,2099,-7876,832.48K,-3.12M,-79%,<.01%
565394103,CART,MAPLEBEAR INC,102632,-66003,4.86M,-3.13M,-39.1%,0.02%
705573103,PEGA,PEGASYSTEMS INC,0,-75775,0,-3.22M,CLOSE,0%
921910873,MGC,VANGUARD WORLD FD,146188,-11944,40M,-3.27M,-7.6%,0.18%
294429105,EFX,EQUIFAX INC,85221,-20612,13.53M,-3.27M,-19.5%,0.06%
94106L109,WM,WASTE MGMT INC DEL,2968,-14889,661.61K,-3.32M,-83.4%,<.01%
032654105,ADI,ANALOG DEVICES INC,49457,-8371,19.64M,-3.32M,-14.5%,0.09%
421298100,HAYW,HAYWARD HLDGS INC,84392,-193098,1.46M,-3.34M,-69.6%,<.01%
384109104,GGG,GRACO INC,0,-39909,0,-3.38M,CLOSE,0%
75513E101,RTX,RTX CORPORATION,108476,-17937,20.58M,-3.4M,-14.2%,0.09%
20602D101,CNXC,CONCENTRIX CORP,115380,-152457,2.59M,-3.42M,-56.9%,0.01%
117043109,BC,BRUNSWICK CORP,31387,-40565,2.64M,-3.42M,-56.4%,0.01%
464287150,ITOT,ISHARES TR,50933,-20968,8.37M,-3.44M,-29.2%,0.04%
78467V608,SRLN,SSGA ACTIVE ETF TR,0,-85916,0,-3.45M,CLOSE,0%
192446102,CTSH,COGNIZANT TECHNOLOGY SOLUTIO,0,-57097,0,-3.5M,CLOSE,0%
14040H105,COF,CAPITAL ONE FINL CORP,177220,-17472,35.55M,-3.51M,-9%,0.16%
521865204,LEA,LEAR CORP,32253,-26262,4.32M,-3.52M,-44.9%,0.02%
46138E230,IDLV,INVESCO EXCH TRADED FD TR II,22420,-102425,773.34K,-3.53M,-82%,<.01%
92204A884,VOX,VANGUARD WORLD FD,1986,-19336,365.29K,-3.56M,-90.7%,<.01%
49338L103,KEYS,KEYSIGHT TECHNOLOGIES INC,46244,-10203,16.19M,-3.57M,-18.1%,0.07%
464287457,SHY,ISHARES TR,0,-43396,0,-3.58M,CLOSE,0%
55354G100,MSCI,MSCI INC,22717,-6618,12.72M,-3.71M,-22.6%,0.06%
197236102,COLB,COLUMBIA BKG SYS INC,320277,-116855,10.26M,-3.75M,-26.7%,0.05%
320517105,FHN,FIRST HORIZON CORPORATION,109374,-149613,2.8M,-3.84M,-57.8%,0.01%
L8681T102,SPOT,SPOTIFY TECHNOLOGY S A,47512,-8416,21.81M,-3.86M,-15%,0.1%
14149Y108,CAH,CARDINAL HEALTH INC,0,-18493,0,-3.91M,CLOSE,0%
464287648,IWO,ISHARES TR,7916,-9941,3.12M,-3.92M,-55.7%,0.01%
624756102,MLI,MUELLER INDS INC,240410,-32253,29.55M,-3.96M,-11.8%,0.14%
172908105,CTAS,CINTAS CORP,23835,-23452,4.05M,-3.99M,-49.6%,0.02%
109194100,BFAM,BRIGHT HORIZONS FAM SOL IN D,100844,-56354,7.15M,-3.99M,-35.8%,0.03%
90364P105,PATH,UIPATH INC,723565,-368710,7.87M,-4.01M,-33.8%,0.04%
172967424,C,CITIGROUP INC,386211,-28979,54.05M,-4.06M,-7%,0.25%
025537101,AEP,AMERICAN ELEC PWR CO INC,9402,-29723,1.29M,-4.07M,-76%,<.01%
46120E602,ISRG,INTUITIVE SURGICAL INC,35634,-10538,14.17M,-4.19M,-22.8%,0.07%
921909768,VXUS,VANGUARD STAR FDS,917505,-49116,78.44M,-4.2M,-5.1%,0.36%
85208M102,SFM,SPROUTS FMRS MKT INC,3587,-49657,303.39K,-4.2M,-93.3%,<.01%
803607100,SRPT,SAREPTA THERAPEUTICS INC,131822,-238659,2.37M,-4.29M,-64.4%,0.01%
29084Q100,EME,EMCOR GROUP INC,45206,-5168,37.52M,-4.29M,-10.3%,0.17%
09062X103,BIIB,BIOGEN INC,132142,-19934,28.55M,-4.31M,-13.1%,0.13%
25179M103,DVN,DEVON ENERGY CORP NEW,397235,-104290,16.41M,-4.31M,-20.8%,0.08%
03831W108,APP,APPLOVIN CORP,161193,-8371,83.05M,-4.31M,-4.9%,0.38%
493267108,KEY,KEYCORP,0,-217163,0,-4.35M,CLOSE,0%
77543R102,ROKU,ROKU INC,87542,-31684,12.09M,-4.38M,-26.6%,0.06%
389637109,GBTC,GRAYSCALE BITCOIN TRUST ETF,20835,-96271,948.41K,-4.38M,-82.2%,<.01%
11133T103,BR,BROADRIDGE FINL SOLUTIONS IN,0,-27048,0,-4.39M,CLOSE,0%
920253101,VMI,VALMONT INDS INC,16486,-7786,9.52M,-4.5M,-32.1%,0.04%
67103H107,ORLY,OREILLY AUTOMOTIVE INC,5045,-48882,464.59K,-4.5M,-90.6%,<.01%
89832Q109,TFC,TRUIST FINL CORP,4543,-91768,226.31K,-4.57M,-95.3%,<.01%
31488V107,FERG,FERGUSON ENTERPRISES INC,3165,-19350,751.21K,-4.59M,-85.9%,<.01%
88579Y101,MMM,3M CO,46738,-28368,7.57M,-4.59M,-37.8%,0.03%
100557107,SAM,BOSTON BEER INC,10691,-26237,1.89M,-4.64M,-71%,<.01%
25862V105,DV,DOUBLEVERIFY HLDGS INC,131984,-435055,1.43M,-4.72M,-76.7%,<.01%
031162100,AMGN,AMGEN INC,14567,-13072,5.27M,-4.73M,-47.3%,0.02%
92276F100,VTR,VENTAS INC,156680,-54527,13.91M,-4.84M,-25.8%,0.06%
74251V102,PFG,PRINCIPAL FINANCIAL GROUP IN,12451,-45523,1.34M,-4.91M,-78.5%,<.01%
G4474Y214,JHG,JANUS HENDERSON GROUP PLC,323925,-94730,16.83M,-4.92M,-22.6%,0.08%
343412102,FLR,FLUOR CORP,128883,-94659,6.75M,-4.96M,-42.3%,0.03%
G8060N102,ST,SENSATA TECHNOLOGIES HLDG PL,41433,-104882,1.98M,-5.01M,-71.7%,<.01%
929160109,VMC,VULCAN MATLS CO,0,-18452,0,-5.02M,CLOSE,0%
733174700,BPOP,POPULAR INC,65194,-30612,10.7M,-5.03M,-32%,0.05%
G7709Q104,RPRX,ROYALTY PHARMA PLC,0,-104778,0,-5.03M,CLOSE,0%
01973R101,ALSN,ALLISON TRANSMISSION HLDGS I,5275,-44752,594.71K,-5.05M,-89.5%,<.01%
40412C101,HCA,HCA HEALTHCARE INC,3216,-13167,1.25M,-5.13M,-80.4%,<.01%
052769106,ADSK,AUTODESK INC,23075,-26537,4.49M,-5.16M,-53.5%,0.02%
532457108,LLY,ELI LILLY & CO,106721,-4328,128M,-5.19M,-3.9%,0.59%
889478103,TOL,TOLL BROTHERS INC,128217,-31591,21.12M,-5.2M,-19.8%,0.1%
075887109,BDX,BECTON DICKINSON & CO,15985,-34613,2.42M,-5.24M,-68.4%,0.01%
921946810,VIGI,VANGUARD WHITEHALL FDS,28249,-56560,2.64M,-5.28M,-66.7%,0.01%
91307C102,UTHR,UNITED THERAPEUTICS CORP DEL,26102,-9813,14.14M,-5.32M,-27.3%,0.07%
37940X102,GPN,GLOBAL PMTS INC,22790,-74039,1.65M,-5.37M,-76.5%,<.01%
562750109,MANH,MANHATTAN ASSOCIATES INC,42755,-38883,5.95M,-5.41M,-47.6%,0.03%
04247X102,AWI,ARMSTRONG WORLD INDS INC NEW,38594,-33776,6.19M,-5.42M,-46.7%,0.03%
70450Y103,PYPL,PAYPAL HLDGS INC,206590,-126103,8.92M,-5.45M,-37.9%,0.04%
46138G649,QQQM,INVESCO EXCH TRADED FD TR II,273436,-18029,82.84M,-5.46M,-6.2%,0.38%
693718108,PCAR,PACCAR INC,0,-47428,0,-5.48M,CLOSE,0%
G0176J109,ALLE,ALLEGION PLC,2232,-39382,313.58K,-5.53M,-94.6%,<.01%
78463V107,GLD,SPDR GOLD TR,122053,-15147,44.96M,-5.58M,-11%,0.21%
87265H109,TPH,TRI POINTE HOMES INC,0,-119915,0,-5.6M,CLOSE,0%
919794107,VLY,VALLEY NATL BANCORP,457226,-386096,6.7M,-5.66M,-45.8%,0.03%
574795100,MASI,MASIMO CORP,0,-32217,0,-5.73M,CLOSE,0%
49271V100,KDP,KEURIG DR PEPPER INC,0,-218828,0,-5.76M,CLOSE,0%
00724F101,ADBE,ADOBE INC,109004,-28214,22.35M,-5.78M,-20.6%,0.1%
49456B101,KMI,KINDER MORGAN INC DEL,437717,-181197,13.99M,-5.79M,-29.3%,0.06%
364760108,GAP,GAP INC,584106,-311013,10.91M,-5.81M,-34.7%,0.05%
883556102,TMO,THERMO FISHER SCIENTIFIC INC,4707,-11702,2.36M,-5.87M,-71.3%,0.01%
461202103,INTU,INTUIT,39173,-22642,10.22M,-5.91M,-36.6%,0.05%
464285204,IAU,ISHARES GOLD TR,635258,-79338,47.97M,-5.99M,-11.1%,0.22%
894164102,TNL,TRAVEL PLUS LEISURE CO,9896,-78392,756.37K,-5.99M,-88.8%,<.01%
28176E108,EW,EDWARDS LIFESCIENCES CORP,111370,-67672,10.07M,-6.12M,-37.8%,0.05%
464287630,IWN,ISHARES TR,7977,-27679,1.76M,-6.12M,-77.6%,<.01%
403949100,DINO,HF SINCLAIR CORP,283389,-88022,19.74M,-6.13M,-23.7%,0.09%
29786A106,ETSY,ETSY INC,54201,-81426,4.08M,-6.13M,-60%,0.02%
921943858,VEA,VANGUARD TAX-MANAGED FDS,467923,-88540,33.34M,-6.31M,-15.9%,0.15%
74624M102,P,EVERPURE INC,60183,-80073,4.74M,-6.31M,-57.1%,0.02%
00846U101,A,AGILENT TECHNOLOGIES INC,176837,-47885,23.49M,-6.36M,-21.3%,0.11%
174610105,CFG,CITIZENS FINL GROUP INC,415311,-91437,29.1M,-6.41M,-18%,0.13%
013872106,AA,ALCOA CORP,259878,-123906,13.55M,-6.46M,-32.3%,0.06%
92204A405,VFH,VANGUARD WORLD FD,4408,-49153,580.15K,-6.47M,-91.8%,<.01%
48020Q107,JLL,JONES LANG LASALLE INC,0,-21319,0,-6.49M,CLOSE,0%
55087P104,LYFT,LYFT INC,0,-488749,0,-6.5M,CLOSE,0%
379577208,GMED,GLOBUS MED INC,0,-76295,0,-6.57M,CLOSE,0%
126650100,CVS,CVS HEALTH CORP,193784,-63651,20.05M,-6.58M,-24.7%,0.09%
969457100,WMB,WILLIAMS COS INC,33684,-89022,2.5M,-6.62M,-72.5%,0.01%
88025U109,TXG,10X GENOMICS INC,526390,-174294,20.18M,-6.68M,-24.9%,0.09%
46625H100,JPM,JPMORGAN CHASE & CO,374144,-20745,122.47M,-6.79M,-5.3%,0.56%
92206C714,VONV,VANGUARD SCOTTSDALE FDS,12168,-64144,1.29M,-6.82M,-84.1%,<.01%
32054K103,FR,FIRST INDL RLTY TR INC,53408,-112661,3.27M,-6.91M,-67.8%,0.02%
759351604,RGA,REINSURANCE GROUP AMER INC,38150,-32676,8.11M,-6.95M,-46.1%,0.04%
30161Q104,EXEL,EXELIXIS INC,451768,-127773,24.58M,-6.95M,-22%,0.11%
025816109,AXP,AMERICAN EXPRESS CO,3522,-20633,1.19M,-6.98M,-85.4%,<.01%
580135101,MCD,MCDONALDS CORP,8874,-25860,2.4M,-6.99M,-74.5%,0.01%
464287507,IJH,ISHARES TR,100359,-92090,7.74M,-7.1M,-47.9%,0.04%
743315103,PGR,PROGRESSIVE CORP,70816,-33103,15.47M,-7.23M,-31.9%,0.07%
60937P106,MDB,MONGODB INC,76244,-21613,25.61M,-7.26M,-22.1%,0.12%
30212P303,EXPE,EXPEDIA GROUP INC,159697,-28553,40.86M,-7.31M,-15.2%,0.19%
892672106,TW,TRADEWEB MKTS INC,45340,-73659,4.52M,-7.34M,-61.9%,0.02%
680223104,ORI,OLD REP INTL CORP,61335,-179499,2.51M,-7.35M,-74.5%,0.01%
69343T107,PJT,PJT PARTNERS INC,0,-52763,0,-7.37M,CLOSE,0%
650111107,NYT,NEW YORK TIMES CO MTN BE,342750,-105916,23.99M,-7.41M,-23.6%,0.11%
30231G102,XOM,EXXON MOBIL CORP,347803,-54865,47.55M,-7.5M,-13.6%,0.22%
90384S303,ULTA,ULTA BEAUTY INC,36519,-16729,16.47M,-7.54M,-31.4%,0.08%
69047Q102,OVV,OVINTIV INC,0,-127358,0,-7.56M,CLOSE,0%
947890109,WBS,WEBSTER FINL CORP,17069,-99173,1.3M,-7.58M,-85.3%,<.01%
693475105,PNC,PNC FINL SVCS GROUP INC,208652,-30849,51.37M,-7.6M,-12.9%,0.24%
92826C839,V,VISA INC,195446,-22197,67.06M,-7.62M,-10.2%,0.31%
N20944109,CNH,CNH INDL N V,57978,-681017,651.1K,-7.65M,-92.2%,<.01%
57636Q104,MA,MASTERCARD INCORPORATED,81773,-14991,42M,-7.7M,-15.5%,0.19%
031100100,AME,AMETEK INC,48110,-32142,11.64M,-7.78M,-40.1%,0.05%
78467V707,ULST,SSGA ACTIVE ETF TR,0,-193126,0,-7.82M,CLOSE,0%
418056107,HAS,HASBRO INC,137718,-95210,11.37M,-7.86M,-40.9%,0.05%
902973304,USB,US BANCORP,168392,-130913,10.17M,-7.91M,-43.7%,0.05%
910047109,UAL,UNITED AIRLS HLDGS INC,133249,-58964,18.12M,-8.02M,-30.7%,0.08%
78468R887,SMLV,SPDR SERIES TRUST,10817,-51201,1.7M,-8.06M,-82.6%,<.01%
835495102,SON,SONOCO PRODS CO,34598,-144127,1.95M,-8.12M,-80.6%,<.01%
87162W100,SNX,TD SYNNEX CORPORATION,0,-48183,0,-8.13M,CLOSE,0%
533900106,LECO,LINCOLN ELEC HLDGS INC,67445,-31203,17.91M,-8.28M,-31.6%,0.08%
457187102,INGR,INGREDION INC,16615,-88334,1.57M,-8.37M,-84.2%,<.01%
45337C102,INCY,INCYTE CORP,424682,-74153,48.14M,-8.41M,-14.9%,0.22%
099724106,BWA,BORGWARNER INC,424655,-128011,28.2M,-8.5M,-23.2%,0.13%
891092108,TTC,TORO CO,171961,-87390,16.75M,-8.51M,-33.7%,0.08%
G3922B107,G,GENPACT LIMITED,169002,-311025,4.65M,-8.55M,-64.8%,0.02%
72348N109,PNFP,PINNACLE FINL PARTNERS INC,146831,-84791,14.81M,-8.55M,-36.6%,0.07%
254687106,DIS,DISNEY WALT CO,45846,-89654,4.41M,-8.63M,-66.2%,0.02%
N14506104,ESTC,ELASTIC N V,40206,-153079,2.29M,-8.73M,-79.2%,0.01%
122017106,BURL,BURLINGTON STORES INC,65040,-27700,20.6M,-8.78M,-29.9%,0.1%
20825C104,COP,CONOCOPHILLIPS,54668,-84541,5.68M,-8.79M,-60.7%,0.03%
260003108,DOV,DOVER CORP,8702,-39530,1.95M,-8.86M,-82%,<.01%
918204108,VFC,V F CORP,660589,-533764,11.02M,-8.9M,-44.7%,0.05%
20030N101,CMCSA,COMCAST CORP NEW,42160,-364024,1.04M,-8.94M,-89.6%,<.01%
88160R101,TSLA,TESLA INC,413671,-21264,173.99M,-8.94M,-4.9%,0.8%
36467J108,GLPI,GAMING & LEISURE P,195512,-201802,8.71M,-8.99M,-50.8%,0.04%
31620M106,FIS,FIDELITY NATL INFORMATION SV,43937,-232589,1.71M,-9.04M,-84.1%,<.01%
191216100,KO,COCA COLA CO,179433,-111672,14.58M,-9.08M,-38.4%,0.07%
22052L104,CTVA,CORTEVA INC,4907,-109085,415.61K,-9.24M,-95.7%,<.01%
G54950103,LIN,LINDE PLC,38171,-17842,19.81M,-9.26M,-31.9%,0.09%
88033G407,THC,TENET HEALTHCARE CORP,62150,-49552,11.63M,-9.27M,-44.4%,0.05%
464287622,IWB,ISHARES TR,492609,-22679,201.72M,-9.29M,-4.4%,0.93%
G25508105,CRH,CRH PLC,7406,-86797,792.45K,-9.29M,-92.1%,<.01%
922475108,VEEV,VEEVA SYS INC,82775,-52609,14.69M,-9.34M,-38.9%,0.07%
G0692U109,AXS,AXIS CAP HLDGS LTD,178117,-87084,19.14M,-9.36M,-32.8%,0.09%
863667101,SYK,STRYKER CORPORATION,28828,-30046,9.08M,-9.46M,-51%,0.04%
31428X106,FDX,FEDEX CORP,179434,-30359,56.19M,-9.51M,-14.5%,0.26%
16679L109,CHWY,CHEWY INC,69872,-493778,1.37M,-9.7M,-87.6%,<.01%
33829M101,FIVE,FIVE BELOW INC,115763,-54053,20.81M,-9.72M,-31.8%,0.1%
57667L107,MTCH,MATCH GROUP INC NEW,637067,-258095,24.24M,-9.82M,-28.8%,0.11%
74275K108,PCOR,PROCORE TECHNOLOGIES INC,34403,-243717,1.4M,-9.9M,-87.6%,<.01%
882681109,TXRH,TEXAS ROADHOUSE INC,127842,-51282,24.7M,-9.91M,-28.6%,0.11%
445658107,JBHT,HUNT J B TRANS SVCS INC,278159,-34260,80.51M,-9.92M,-11%,0.37%
911312106,UPS,UNITED PARCEL SVCS INC,186382,-92429,20.04M,-9.94M,-33.2%,0.09%
98980L101,ZM,ZOOM COMMUNICATIONS INC,314566,-116360,27.15M,-10.04M,-27%,0.13%
459506101,IFF,INTERNATIONAL FLAVORS&FRAGRA,15459,-126780,1.22M,-10.04M,-89.1%,<.01%
929740108,WAB,WABTEC,10353,-37626,2.79M,-10.14M,-78.4%,0.01%
H1467J104,CB,CHUBB LIMITED,197868,-29840,67.42M,-10.17M,-13.1%,0.31%
00090Q103,ADT,ADT INC DEL,536535,-1569513,3.49M,-10.2M,-74.5%,0.02%
37637K108,GTLB,GITLAB INC,281359,-334675,8.59M,-10.22M,-54.3%,0.04%
192422103,CGNX,COGNEX CORP,99395,-143313,7.2M,-10.38M,-59%,0.03%
576323109,MTZ,MASTEC INC,40032,-25091,16.66M,-10.44M,-38.5%,0.08%
82982L103,SITE,SITEONE LANDSCAPE SUPPLY INC,17385,-91499,1.99M,-10.47M,-84%,<.01%
443201108,HWM,HOWMET AEROSPACE INC,0,-45431,0,-10.47M,CLOSE,0%
464287200,IVV,ISHARES TR,173789,-14170,130.15M,-10.61M,-7.5%,0.6%
517834107,LVS,LAS VEGAS SANDS CORP,201788,-229805,9.32M,-10.61M,-53.2%,0.04%
478160104,JNJ,JOHNSON & JOHNSON,306145,-41821,77.75M,-10.62M,-12%,0.36%
127097103,CTRA,COTERRA ENERGY INC,0,-305875,0,-10.75M,CLOSE,0%
228368106,CCK,CROWN HLDGS INC,56741,-96370,6.34M,-10.78M,-62.9%,0.03%
87165B103,SYF,SYNCHRONY FINANCIAL,0,-158697,0,-10.79M,CLOSE,0%
G0750C108,AXTA,AXALTA COATING SYS LTD,10000,-315688,342.2K,-10.8M,-96.9%,<.01%
086516101,BBY,BEST BUY INC,105307,-143216,7.99M,-10.87M,-57.6%,0.04%
070830104,BBWI,BATH & BODY WORKS INC,310352,-475837,7.18M,-11.01M,-60.5%,0.03%
902494103,TSN,TYSON FOODS INC,306843,-194984,17.57M,-11.16M,-38.9%,0.08%
776696106,ROP,ROPER TECHNOLOGIES INC,1210,-33361,409.48K,-11.29M,-96.5%,<.01%
683344105,ONTO,ONTO INNOVATION INC,3598,-29869,1.36M,-11.3M,-89.2%,<.01%
37045V100,GM,GENERAL MTRS CO,876604,-146967,67.57M,-11.33M,-14.4%,0.31%
34354P105,FLS,FLOWSERVE CORP,5525,-155118,409.74K,-11.5M,-96.6%,<.01%
09061G101,BMRN,BIOMARIN PHARMACEUTICAL INC,197988,-203622,11.33M,-11.65M,-50.7%,0.05%
337738108,FISV,FISERV INC,0,-209902,0,-11.71M,CLOSE,0%
632307104,NTRA,NATERA INC,148901,-43909,40.42M,-11.92M,-22.8%,0.19%
883203101,TXT,TEXTRON INC,225906,-130771,20.72M,-12M,-36.7%,0.1%
742718109,PG,PROCTER & GAMBLE CO,167388,-83236,24.55M,-12.21M,-33.2%,0.11%
78468R804,LGLV,SPDR SERIES TRUST,15210,-69467,2.76M,-12.61M,-82%,0.01%
92206C680,VONG,VANGUARD SCOTTSDALE FDS,110723,-99833,14.15M,-12.76M,-47.4%,0.07%
539830109,LMT,LOCKHEED MARTIN CORP,66452,-25079,33.85M,-12.78M,-27.4%,0.16%
446413106,HII,HUNTINGTON INGALLS INDS INC,18548,-45742,5.19M,-12.8M,-71.1%,0.02%
651639106,NEM,NEWMONT CORP,373055,-137621,34.84M,-12.85M,-26.9%,0.16%
369550108,GD,GENERAL DYNAMICS CORP,96447,-36360,34.17M,-12.88M,-27.4%,0.16%
125523100,CI,THE CIGNA GROUP,39713,-47407,10.95M,-13.07M,-54.4%,0.05%
58155Q103,MCK,MCKESSON CORP,20166,-17474,15.24M,-13.2M,-46.4%,0.07%
26614N102,DD,DUPONT DE NEMOURS INC,0,-291888,0,-13.37M,CLOSE,0%
751212101,RL,RALPH LAUREN CORP,38749,-33375,15.55M,-13.4M,-46.3%,0.07%
64110L106,NFLX,NETFLIX INC.,418220,-188564,29.86M,-13.46M,-31.1%,0.14%
369604301,GE,GE AEROSPACE,244985,-36038,91.56M,-13.47M,-12.8%,0.42%
G87110105,FTI,TECHNIPFMC PLC,907970,-203171,60.2M,-13.47M,-18.3%,0.28%
464287465,EFA,ISHARES TR,313036,-130488,32.52M,-13.56M,-29.4%,0.15%
219350105,GLW,CORNING INC,171416,-53356,43.78M,-13.63M,-23.7%,0.2%
247361702,DAL,DELTA AIR LINES INC,578248,-148730,54.16M,-13.93M,-20.5%,0.25%
617446448,MS,MORGAN STANLEY,77021,-67784,16.1M,-14.17M,-46.8%,0.07%
243537107,DECK,DECKERS OUTDOOR CORP,101974,-142790,10.13M,-14.18M,-58.3%,0.05%
452327109,ILMN,ILLUMINA INC,267932,-80984,47.11M,-14.24M,-23.2%,0.22%
12572Q105,CME,CME GROUP INC,15371,-64537,3.39M,-14.25M,-80.8%,0.02%
03076C106,AMP,AMERIPRISE FINL INC,29551,-31670,13.56M,-14.53M,-51.7%,0.06%
58506Q109,MEDP,MEDPACE HLDGS INC,38375,-27669,20.32M,-14.65M,-41.9%,0.09%
78409V104,SPGI,S&P GLOBAL INC,56202,-36732,22.89M,-14.96M,-39.5%,0.11%
550021109,LULU,LULULEMON ATHLETICA INC,9066,-131997,1.04M,-15.07M,-93.6%,<.01%
22266T109,CPNG,COUPANG INC,223844,-868957,3.89M,-15.09M,-79.5%,0.02%
256677105,DG,DOLLAR GEN CORP,238084,-131949,27.41M,-15.19M,-35.7%,0.13%
084670702,BRK.B,BERKSHIRE HATHAWAY INC DEL,272201,-30834,136.21M,-15.43M,-10.2%,0.63%
92537N108,VRT,VERTIV HOLDINGS CO,165912,-46277,55.55M,-15.49M,-21.8%,0.26%
09260D107,BX,BLACKSTONE INC,213871,-133377,25.17M,-15.69M,-38.4%,0.12%
876030107,TPR,TAPESTRY INC,186952,-108836,27.37M,-15.93M,-36.8%,0.13%
860630102,SF,STIFEL FINL CORP,81332,-230237,5.67M,-16.06M,-73.9%,0.03%
143130102,KMX,CARMAX INC,310642,-310656,16.43M,-16.43M,-50%,0.08%
90353T100,UBER,UBER TECHNOLOGIES INC,311526,-227893,22.48M,-16.44M,-42.2%,0.1%
96208T104,WEX,WEX INC,0,-108008,0,-16.53M,CLOSE,0%
143658300,CCL,CARNIVAL CORP,0,-642211,0,-16.62M,CLOSE,0%
45073V108,ITT,ITT INC,34958,-85231,6.91M,-16.86M,-70.9%,0.03%
512807306,LRCX,LAM RESEARCH CORP,279306,-38973,121.03M,-16.89M,-12.2%,0.56%
278865100,ECL,ECOLAB INC,1573,-61368,438.35K,-17.1M,-97.5%,<.01%
880770102,TER,TERADYNE INC,128353,-36182,62.1M,-17.51M,-22%,0.29%
009066101,ABNB,AIRBNB INC,506551,-123529,72.49M,-17.68M,-19.6%,0.33%
57060D108,MKTX,MARKETAXESS HLDGS INC,16146,-157745,1.83M,-17.9M,-90.7%,<.01%
281020107,EIX,EDISON INTL,1106048,-241016,82.35M,-17.94M,-17.9%,0.38%
58933Y105,MRK,MERCK & CO INC,799214,-142139,102.7M,-18.26M,-15.1%,0.47%
681919106,OMC,OMNICOM GROUP INC,23257,-253293,1.69M,-18.45M,-91.6%,<.01%
571748102,MRSH,MARSH & MCLENNAN COS INC,83429,-110892,13.91M,-18.48M,-57.1%,0.06%
75886F107,REGN,REGENERON PHARMACEUTICALS,48105,-30197,30M,-18.83M,-38.6%,0.14%
922908637,VV,VANGUARD INDEX FDS,103393,-54772,35.56M,-18.84M,-34.6%,0.16%
22160K105,COST,COSTCO WHOLESALE CORPORATION,98607,-20561,92.24M,-19.23M,-17.3%,0.43%
23331A109,DHI,D R HORTON INC,39923,-121978,6.5M,-19.87M,-75.3%,0.03%
74762E102,PWR,QUANTA SVCS INC,213233,-29049,153.54M,-20.92M,-12%,0.71%
64125C109,NBIX,NEUROCRINE BIOSCIENCES INC,640304,-125678,107.91M,-21.18M,-16.4%,0.5%
169656105,CMG,CHIPOTLE MEXICAN GRILL INC,166382,-632688,5.66M,-21.51M,-79.2%,0.03%
36828A101,GEV,GE VERNOVA INC,81722,-18580,96.01M,-21.83M,-18.5%,0.44%
46432F834,IXUS,ISHARES TR,2409,-237976,229.88K,-22.71M,-99%,<.01%
713448108,PEP,PEPSICO INC,246261,-168827,33.34M,-22.86M,-40.7%,0.15%
69331C108,PCG,PG&E CORP,4324529,-1384397,72.74M,-23.29M,-24.2%,0.34%
02079K107,GOOG,ALPHABET INC,957826,-68933,338.43M,-24.36M,-6.7%,1.6%
11135F101,AVGO,BROADCOM INC,764997,-65354,288.98M,-24.69M,-7.9%,1.3%
464287689,IWV,ISHARES TR,116454,-58305,49.66M,-24.86M,-33.4%,0.23%
464287598,IWD,ISHARES TR,57583,-103043,13.96M,-24.98M,-64.2%,0.06%
81762P102,NOW,SERVICENOW INC,236153,-259704,23.45M,-25.78M,-52.4%,0.11%
110122108,BMY,BRISTOL-MYERS SQUIBB CO,1252740,-468885,72.18M,-27.02M,-27.2%,0.33%
69608A108,PLTR,PALANTIR TECHNOLOGIES INC,305395,-236013,35.63M,-27.54M,-43.6%,0.16%
79466L302,CRM,SALESFORCE INC,400588,-176084,62.76M,-27.59M,-30.5%,0.29%
931142103,WMT,WALMART INC,681087,-247550,77.14M,-28.04M,-26.7%,0.36%
235851102,DHR,DANAHER CORP DEL,60943,-152600,11.61M,-29.07M,-71.5%,0.05%
438516106,HON,HONEYWELL INTL INC,0,-132965,0,-30.05M,CLOSE,0%
34959E109,FTNT,FORTINET INC,333612,-201548,51.25M,-30.96M,-37.7%,0.24%
23804L103,DDOG,DATADOG INC,250859,-126185,65.31M,-32.85M,-33.5%,0.3%
464287101,OEF,ISHARES TR,619212,-96202,226.55M,-35.2M,-13.4%,1%
15135B101,CNC,CENTENE CORP DEL,1474796,-553930,94.67M,-35.56M,-27.3%,0.44%
773121108,RKLB,ROCKET LAB CORP,25437,-363264,2.59M,-36.93M,-93.5%,0.01%
199908104,FIX,COMFORT SYS USA INC,71032,-18833,140.78M,-37.33M,-21%,0.65%
040413205,ANET,ARISTA NETWORKS INC,494124,-259638,83.94M,-44.11M,-34.4%,0.39%
76009N100,UPBD,UPBOUND GROUP INC,1770257,-2133429,37.56M,-45.27M,-54.7%,0.17%
78468R663,BIL,SPDR SERIES TRUST,4256087,-521112,390.03M,-47.75M,-10.9%,1.8%
G6683N103,NU,NU HLDGS LTD,703804,-3594756,9.4M,-48.03M,-83.6%,0.04%
30303M102,META,META PLATFORMS INC,856435,-86036,482.42M,-48.46M,-9.1%,2.2%
46090E103,QQQ,INVESCO QQQ TR,381075,-68099,280.62M,-50.15M,-15.2%,1.3%
958102105,WDC,WESTERN DIGITAL CORP,195864,-80248,125.1M,-51.26M,-29.1%,0.58%
594918104,MSFT,MICROSOFT CORP,1145651,-146066,427.35M,-54.49M,-11.3%,2%
595112103,MU,MICRON TECHNOLOGY INC,251329,-54138,290.11M,-62.49M,-17.7%,1.3%
67066G104,NVDA,NVIDIA CORPORATION,4601434,-312881,920.7M,-62.6M,-6.4%,4.2%
922908769,VTI,VANGUARD INDEX FDS,1033118,-184973,382.3M,-68.45M,-15.2%,1.8%
02079K305,GOOGL,ALPHABET INC,1103268,-227467,394.27M,-81.29M,-17.1%,1.8%
458140100,INTC,INTEL CORP,926753,-703235,129.4M,-98.19M,-43.1%,0.6%
80004C200,SNDK,SANDISK CORP,40840,-46690,92.86M,-106.16M,-53.3%,0.43%
037833100,AAPL,APPLE INC,2313582,-382269,669.46M,-110.61M,-14.2%,3.1%
78462F103,SPY,STATE STR SPDR S&P 500 ETF T,701535,-161497,523.89M,-120.6M,-18.7%,2.4%
023135106,AMZN,AMAZON COM INC,1149737,-756411,274.03M,-180.28M,-39.7%,1.3%
833445109,SNOW,SNOWFLAKE INC,414553,-753227,105.5M,-191.7M,-64.5%,0.49%
38141G104,GS,GOLDMAN SACHS GROUP INC,41734,-222055,42.21M,-224.58M,-84.2%,0.19%
Total,,,,,21.68B,-2.96B,-13.7%,100%
