CUSIP,Ticker,Company,Shares,Delta_Shares,Value,Delta_Value,Delta,Portfolio%
92189F676,SMH,VANECK ETF TRUST,17372,17372,11.39M,11.39M,NEW,1%
482480100,KLAC,KLA CORP,23230,20922,7.01M,6.31M,+906.5%,0.62%
922908736,VUG,VANGUARD INDEX FDS,85781,70922,7.39M,6.11M,+477.3%,0.65%
921910709,EDV,VANGUARD WORLD FD,122588,79101,7.98M,5.15M,+181.9%,0.7%
92206C102,VGSH,VANGUARD SCOTTSDALE FDS,171380,81618,9.97M,4.75M,+90.9%,0.88%
78463V107,GLD,SPDR GOLD TR,16163,10729,5.95M,3.95M,+197.4%,0.53%
30303M102,META,META PLATFORMS INC,25278,5452,14.24M,3.07M,+27.5%,1.3%
46438F101,IBIT,ISHARES BITCOIN TRUST ETF,69615,69615,2.32M,2.32M,NEW,0.2%
92204A702,VGT,VANGUARD WORLD FD,22459,17654,2.68M,2.11M,+367.4%,0.24%
09261X102,BXSL,BLACKSTONE SECD LENDING FD,115773,81503,2.74M,1.93M,+237.8%,0.24%
09857L108,BKNG,BOOKING HOLDINGS INC,9575,9192,1.71M,1.64M,+2400%,0.15%
594918104,MSFT,MICROSOFT CORP,52648,3670,19.64M,1.37M,+7.5%,1.7%
12811T571,CAIE,CALAMOS ETF TR,283681,42308,7.72M,1.15M,+17.5%,0.68%
88160R101,TSLA,TESLA INC,30578,2700,12.86M,1.14M,+9.7%,1.1%
Y2573F102,FLEX,FLEX LTD,5541,5541,898.03K,898.03K,NEW,0.08%
314352105,FDXF,FEDEX FGHT HLDG CO INC,5306,5306,801.26K,801.26K,NEW,0.07%
82509L107,SHOP,SHOPIFY INC,20436,6451,2.33M,736.58K,+46.1%,0.21%
82846H405,QXO,QXO INC,43031,30063,743.58K,519.49K,+231.8%,0.07%
43849R105,HONA,HONEYWELL AEROSPACE INC,2349,2349,519.32K,519.32K,NEW,0.05%
64110L106,NFLX,NETFLIX INC.,51612,7093,3.69M,506.44K,+15.9%,0.33%
464288687,PFF,ISHARES TR,15799,15799,481.72K,481.72K,NEW,0.04%
G6683N103,NU,NU HLDGS LTD,33726,33726,450.58K,450.58K,NEW,0.04%
464289867,AOR,ISHARES TR,28027,5936,1.95M,412.55K,+26.9%,0.17%
26614N201,DD,DUPONT DE NEMOURS INC,2968,2968,402.58K,402.58K,NEW,0.04%
550021109,LULU,LULULEMON ATHLETICA INC,5686,3130,649.23K,357.38K,+122.5%,0.06%
343412102,FLR,FLUOR CORP,6758,6758,354.07K,354.07K,NEW,0.03%
71531T105,PSUS,PERSHING SQUARE USA LTD,9085,9085,339.6K,339.6K,NEW,0.03%
032108722,IDVO,AMPLIFY ETF TR,22959,7490,964.28K,314.58K,+48.4%,0.09%
81369Y704,XLI,SELECT SECTOR SPDR TR,43753,1671,8.1M,309.52K,+4%,0.72%
67092P201,NULG,NUSHARES ETF TR,2584,2584,302.48K,302.48K,NEW,0.03%
958102105,WDC,WESTERN DIGITAL CORP,2268,462,1.45M,295.03K,+25.6%,0.13%
67092P409,NUMG,NUSHARES ETF TR,5877,5877,275.98K,275.98K,NEW,0.02%
464287614,IWF,ISHARES TR,2171,2171,269.59K,269.59K,NEW,0.02%
464288588,MBB,ISHARES TR,2759,2759,260.78K,260.78K,NEW,0.02%
452327109,ILMN,ILLUMINA INC,1416,1416,248.98K,248.98K,NEW,0.02%
45259A258,GRNJ,TIDAL TRUST III,27471,7887,863.69K,247.97K,+40.3%,0.08%
808524300,SCHG,SCHWAB STRATEGIC TR,234282,7109,7.93M,240.57K,+3.1%,0.7%
464288752,ITB,ISHARES TR,2266,2266,236.8K,236.8K,NEW,0.02%
67092P300,NULV,NUSHARES ETF TR,4686,4686,234.25K,234.25K,NEW,0.02%
023135106,AMZN,AMAZON COM INC,87168,970,20.78M,231.19K,+1.1%,1.8%
910047109,UAL,UNITED AIRLS HLDGS INC,1682,1682,228.74K,228.74K,NEW,0.02%
126650100,CVS,CVS HEALTH CORP,2206,2206,228.18K,228.18K,NEW,0.02%
67000B104,NOVT,NOVANTA INC,1379,1379,223.73K,223.73K,NEW,0.02%
55306N104,MKSI,MKS INC.,501,501,222.84K,222.84K,NEW,0.02%
D18190898,DB,DEUTSCHE BK AG,6533,6533,220.56K,220.56K,NEW,0.02%
863667101,SYK,STRYKER CORPORATION,695,695,218.91K,218.91K,NEW,0.02%
464287804,IJR,ISHARES TR,15340,1474,2.28M,218.61K,+10.6%,0.2%
921910840,MGV,VANGUARD WORLD FD,1333,1333,217.94K,217.94K,NEW,0.02%
09260K101,BSTZ,BLACKROCK SCIENCE & TECHNOLO,7255,7255,217.87K,217.87K,NEW,0.02%
192422103,CGNX,COGNEX CORP,2988,2988,216.39K,216.39K,NEW,0.02%
46138E875,PIZ,INVESCO EXCH TRADED FD TR II,3772,3772,210.85K,210.85K,NEW,0.02%
67092P508,NUMV,NUSHARES ETF TR,4848,4848,210.84K,210.84K,NEW,0.02%
609207105,MDLZ,MONDELEZ INTL INC,3506,3506,202.79K,202.79K,NEW,0.02%
33939L837,IQDF,FLEXSHARES TR,5835,5835,201.66K,201.66K,NEW,0.02%
336920103,FPX,FIRST TR EXCHANGE-TRADED FD,970,970,200K,200K,NEW,0.02%
464287887,IJT,ISHARES TR,1120,1120,199.95K,199.95K,NEW,0.02%
316188309,FBND,FIDELITY MERRIMACK STR TR,4389,4389,199.67K,199.67K,NEW,0.02%
78464A359,CWB,SPDR SERIES TRUST,1843,1843,198.71K,198.71K,NEW,0.02%
620076307,MSI,MOTOROLA SOLUTIONS INC,476,476,197.81K,197.81K,NEW,0.02%
92189F692,PPH,VANECK ETF TRUST,1800,1800,196.83K,196.83K,NEW,0.02%
771049103,RBLX,ROBLOX CORP,24995,3600,1.36M,195.77K,+16.8%,0.12%
337318109,FFA,FIRST TR ENHANCED EQUITY,8754,8754,195.74K,195.74K,NEW,0.02%
464287176,TIP,ISHARES TR,1774,1774,194.15K,194.15K,NEW,0.02%
33733F101,FAD,FIRST TR EXCHANGE-TRADED ALP,970,970,193.97K,193.97K,NEW,0.02%
281020107,EIX,EDISON INTL,2604,2604,193.87K,193.87K,NEW,0.02%
46138E867,PIE,INVESCO EXCH TRADED FD TR II,5766,5766,192.55K,192.55K,NEW,0.02%
87612G101,TRGP,TARGA RES CORP,717,717,192.38K,192.38K,NEW,0.02%
46641Q209,JPIN,J P MORGAN EXCHANGE TRADED F,2660,2660,192.31K,192.31K,NEW,0.02%
75734B100,RDDT,REDDIT INC,1098,1098,190.59K,190.59K,NEW,0.02%
97717X669,DGRW,WISDOMTREE TR,1987,1987,190K,190K,NEW,0.02%
33734X200,FGD,FIRST TR EXCHANGE-TRADED FD,5855,5855,187.3K,187.3K,NEW,0.02%
12811T530,CAIQ,CALAMOS ETF TR,6838,6838,183.6K,183.6K,NEW,0.02%
464287150,ITOT,ISHARES TR,10256,1109,1.68M,182.18K,+12.1%,0.15%
81369Y860,XLRE,SELECT SECTOR SPDR TR,4121,4121,181.46K,181.46K,NEW,0.02%
33733E203,FBT,FIRST TR EXCHANGE-TRADED FD,730,730,180.96K,180.96K,NEW,0.02%
29364G103,ETR,ENTERGY CORP NEW,1562,1562,179.41K,179.41K,NEW,0.02%
81369Y886,XLU,SELECT SECTOR SPDR TR,15886,3947,720.26K,178.95K,+33.1%,0.06%
808524201,SCHX,SCHWAB STRATEGIC TR,6068,6068,178.59K,178.59K,NEW,0.02%
921946794,VYMI,VANGUARD WHITEHALL FDS,1773,1773,174.11K,174.11K,NEW,0.02%
929740108,WAB,WABTEC,645,645,173.91K,173.91K,NEW,0.02%
26441C204,DUK,DUKE ENERGY CORP NEW,1360,1360,172.15K,172.15K,NEW,0.02%
773903109,ROK,ROCKWELL AUTOMATION INC,346,346,171.3K,171.3K,NEW,0.02%
46138E214,IDHQ,INVESCO EXCH TRADED FD TR II,3913,3913,171.04K,171.04K,NEW,0.02%
816851109,SRE,SEMPRA,1837,1837,170.31K,170.31K,NEW,0.02%
874039100,TSM,TAIWAN SEMICONDUCTOR MANUFAC,1029,355,491.56K,169.59K,+52.7%,0.04%
194162103,CL,COLGATE PALMOLIVE CO,1849,1849,169.52K,169.52K,NEW,0.01%
74460D109,PSA,PUBLIC STORAGE,527,527,167.88K,167.88K,NEW,0.01%
032654105,ADI,ANALOG DEVICES INC,419,419,166.57K,166.57K,NEW,0.01%
74347R404,MVV,PROSHARES TR,1808,1808,166.44K,166.44K,NEW,0.01%
464287473,IWS,ISHARES TR,1010,1010,166.25K,166.25K,NEW,0.01%
46435G334,EWU,ISHARES TR,3572,3572,164.81K,164.81K,NEW,0.01%
887389104,TKR,TIMKEN CO,1131,1131,164.36K,164.36K,NEW,0.01%
464287440,IEF,ISHARES TR,1706,1706,161.34K,161.34K,NEW,0.01%
032108664,HACK,AMPLIFY ETF TR,1534,1534,160.96K,160.96K,NEW,0.01%
464286400,EWZ,ISHARES INC,4608,4608,158.98K,158.98K,NEW,0.01%
L8681T102,SPOT,SPOTIFY TECHNOLOGY S A,344,344,157.94K,157.94K,NEW,0.01%
009158106,APD,AIR PRODUCTS AND CHEMICALS I,538,538,157.73K,157.73K,NEW,0.01%
81369Y100,XLB,SELECT SECTOR SPDR TR,15260,3096,775.66K,157.37K,+25.5%,0.07%
059695106,BCV,BANCROFT FD LTD,6046,6046,157.13K,157.13K,NEW,0.01%
895436103,TY,TRI CONTL CORP,4538,4538,156.21K,156.21K,NEW,0.01%
49338L103,KEYS,KEYSIGHT TECHNOLOGIES INC,446,446,156.13K,156.13K,NEW,0.01%
336433107,FSLR,FIRST SOLAR INC,660,660,155.73K,155.73K,NEW,0.01%
808524714,SCHJ,SCHWAB STRATEGIC TR,6280,6280,154.87K,154.87K,NEW,0.01%
464287622,IWB,ISHARES TR,374,374,153.15K,153.15K,NEW,0.01%
35671D857,FCX,FREEPORT MCMORAN INC,2434,2434,153.1K,153.1K,NEW,0.01%
46438M106,ETHB,ISHARES STAKED ETHEREUM TR E,7533,7533,152.91K,152.91K,NEW,0.01%
95040Q104,WELL,WELLTOWER INC,671,671,152.3K,152.3K,NEW,0.01%
854502101,SWK,STANLEY BLACK & DECKER INC,1606,1606,151.15K,151.15K,NEW,0.01%
97717W786,AIVI,WISDOMTREE TR,2679,2679,150.83K,150.83K,NEW,0.01%
46435G409,IVLU,ISHARES TR,3584,3584,149.88K,149.88K,NEW,0.01%
89055F103,BLD,TOPBUILD COR,423,423,149.87K,149.87K,NEW,0.01%
97717W604,DES,WISDOMTREE TR,3684,3684,149.85K,149.85K,NEW,0.01%
125269100,CF,CF INDUSTRIES HOLD,1383,1383,149.72K,149.72K,NEW,0.01%
879360105,TDY,TELEDYNE TECHNOLOGIES INC,222,222,148.05K,148.05K,NEW,0.01%
33739P103,FTLS,FIRST TR EXCH TRADED FD III,2002,2002,147.75K,147.75K,NEW,0.01%
88339J105,TTD,THE TRADE DESK INC,8168,8168,147.68K,147.68K,NEW,0.01%
733174700,BPOP,POPULAR INC,898,898,147.43K,147.43K,NEW,0.01%
25179M103,DVN,DEVON ENERGY CORP NEW,3526,3526,145.7K,145.7K,NEW,0.01%
46137V688,KNCT,INVESCO EXCHANGE TRADED FD T,689,689,145.33K,145.33K,NEW,0.01%
92189F817,VNM,VANECK ETF TRUST,7820,7820,144.44K,144.44K,NEW,0.01%
056525108,BMI,BADGER METER INC,969,969,143.79K,143.79K,NEW,0.01%
46138G649,QQQM,INVESCO EXCH TRADED FD TR II,471,471,142.58K,142.58K,NEW,0.01%
G5960L103,MDT,MEDTRONIC PLC,1819,1819,142.34K,142.34K,NEW,0.01%
680033107,ONB,OLD NATL BANCORP IND,5486,5486,142.09K,142.09K,NEW,0.01%
27828G107,EVT,EATON VANCE TAX ADVT DIV INC,5108,5108,141.39K,141.39K,NEW,0.01%
49456B101,KMI,KINDER MORGAN INC DEL,4360,4360,139.4K,139.4K,NEW,0.01%
42824C109,HPE,HEWLETT PACKARD ENTERPRISE C,3084,3084,139.12K,139.12K,NEW,0.01%
46434V886,HEWJ,ISHARES TR,2153,2153,138.93K,138.93K,NEW,0.01%
42704L104,HRI,HERC HLDGS INC,968,968,138.75K,138.75K,NEW,0.01%
743315103,PGR,PROGRESSIVE CORP,633,633,138.29K,138.29K,NEW,0.01%
37733W204,GSK,GSK PLC,2626,2626,137.63K,137.63K,NEW,0.01%
74347R842,UWM,PROSHARES TR,2028,2028,136.37K,136.37K,NEW,0.01%
460146103,IP,INTERNATIONAL PAPER CO,3566,3566,135.88K,135.88K,NEW,0.01%
517834107,LVS,LAS VEGAS SANDS CORP,2921,2921,134.92K,134.92K,NEW,0.01%
464286772,EWY,ISHARES INC,668,668,134.87K,134.87K,NEW,0.01%
909911109,UBCP,UNITED BANCORP INC OHIO,8471,8471,134.52K,134.52K,NEW,0.01%
68902V107,OTIS,OTIS WORLDWIDE CORP,1861,1861,133.25K,133.25K,NEW,0.01%
759351604,RGA,REINSURANCE GROUP AMER INC,613,613,130.35K,130.35K,NEW,0.01%
253868103,DLR,DIGITAL RLTY TR INC,724,724,130.02K,130.02K,NEW,0.01%
33939L407,GUNR,FLEXSHARES TR,2631,2631,129.66K,129.66K,NEW,0.01%
78463X541,GNR,SPDR INDEX SHS FDS,1892,1892,127.33K,127.33K,NEW,0.01%
46429B689,EFAV,ISHARES TR,1444,1444,126.67K,126.67K,NEW,0.01%
46137V779,PKB,INVESCO EXCHANGE TRADED FD T,1129,1129,126.53K,126.53K,NEW,0.01%
464288828,IHF,ISHARES TR,2280,2280,126.15K,126.15K,NEW,0.01%
74736K101,QRVO,QORVO INC,1351,1351,126.01K,126.01K,NEW,0.01%
G4740B105,ICHR,ICHOR HOLDINGS,1119,1119,125.64K,125.64K,NEW,0.01%
902494103,TSN,TYSON FOODS INC,2185,2185,125.11K,125.11K,NEW,0.01%
46137V639,IGPT,INVESCO EXCHANGE TRADED FD T,1200,1200,124.92K,124.92K,NEW,0.01%
667340103,NWBI,NORTHWEST BANCSHARES INC,8226,8226,124.71K,124.71K,NEW,0.01%
03823U102,AAOI,APPLIED OPTOELECTRONICS INC,831,831,123.12K,123.12K,NEW,0.01%
M7518J104,ODD,ODDITY TECH LTD,8111,8111,122.72K,122.72K,NEW,0.01%
36266G107,GEHC,GE HEALTHCARE TECHNOLOGIES I,1913,1913,122.46K,122.46K,NEW,0.01%
29250N105,ENB,ENBRIDGE INC,2223,2223,120.52K,120.52K,NEW,0.01%
922042775,VEU,VANGUARD INTL EQUITY INDEX F,1435,1435,120.19K,120.19K,NEW,0.01%
65339F101,NEE,NEXTERA ENERGY INC,1369,1369,120.16K,120.16K,NEW,0.01%
257651109,DCI,DONALDSON INC,1333,1333,119.64K,119.64K,NEW,0.01%
370334104,GIS,GENERAL MILLS INC,3420,3420,119.02K,119.02K,NEW,0.01%
756109104,O,REALTY INCOME CORP,1910,1910,118.34K,118.34K,NEW,0.01%
52110M109,LAZ,LAZARD INC,2808,2808,117.77K,117.77K,NEW,0.01%
42722X106,HFWA,HERITAGE FINL CORP WASH,3971,3971,117.62K,117.62K,NEW,0.01%
316773100,FITB,FIFTH THIRD BANCORP,2086,2086,117.59K,117.59K,NEW,0.01%
29273V100,ET,ENERGY TRANSFER L P,6124,6124,117.08K,117.08K,NEW,0.01%
12503M108,CBOE,CBOE GLOBAL MKTS INC,480,480,116.54K,116.54K,NEW,0.01%
260003108,DOV,DOVER CORP,516,516,115.73K,115.73K,NEW,0.01%
384802104,GWW,WW GRAINGER INC,85,85,115.63K,115.63K,NEW,0.01%
929160109,VMC,VULCAN MATLS CO,391,391,115.35K,115.35K,NEW,0.01%
368802104,GAM,GENERAL AMERN INVS CO INC,1809,1809,115.32K,115.32K,NEW,0.01%
571748102,MRSH,MARSH & MCLENNAN COS INC,691,691,115.2K,115.2K,NEW,0.01%
294429105,EFX,EQUIFAX INC,724,724,114.91K,114.91K,NEW,0.01%
453204109,PI,IMPINJ INC,800,800,114.58K,114.58K,NEW,0.01%
171340102,CHD,CHURCH & DWIGHT CO INC,1164,1164,112.77K,112.77K,NEW,<.01%
464287739,IYR,ISHARES TR,1101,1101,112.58K,112.58K,NEW,<.01%
857477103,STT,STATE STR CORP,660,660,111.98K,111.98K,NEW,<.01%
74144T108,TROW,PRICE T ROWE GROUP INC,984,984,111.87K,111.87K,NEW,<.01%
693506107,PPG,PPG INDS INC,907,907,110.01K,110.01K,NEW,<.01%
969904101,WSM,WILLIAMS SONOMA INC,470,470,109.56K,109.56K,NEW,<.01%
20441A102,SBS,COMPANHIA DE SANEAMENTO BASI,18530,18530,107.1K,107.1K,NEW,<.01%
464286533,EEMV,ISHARES INC,1416,1416,106.62K,106.62K,NEW,<.01%
33737A108,GRID,FIRST TR EXCHANGE-TRADED FD,555,555,106.39K,106.39K,NEW,<.01%
293828877,XOVR,ENTREPRENEURSHARES SERIES TR,5050,5050,106.3K,106.3K,NEW,<.01%
G6700G107,NVT,NVENT ELEC PLC,625,625,106.01K,106.01K,NEW,<.01%
47233W109,JEF,JEFFERIES FINANCIAL GROUP IN,2119,2119,105.91K,105.91K,NEW,<.01%
34959J108,FTV,FORTIVE CORP,1733,1733,105.84K,105.84K,NEW,<.01%
72201R866,MUNI,PIMCO ETF TR,2000,2000,105.2K,105.2K,NEW,<.01%
72201Y101,PDI,PIMCO DYNAMIC INCOME FD,6294,6294,105.11K,105.11K,NEW,<.01%
81762P102,NOW,SERVICENOW INC,24680,1058,2.45M,105.04K,+4.5%,0.22%
27828N102,ETY,EATON VANCE TAX-MANAGED DIVE,7215,7215,104.91K,104.91K,NEW,<.01%
464288570,DSI,ISHARES TR,735,735,104.66K,104.66K,NEW,<.01%
464288273,SCZ,ISHARES TR,1262,1262,103.83K,103.83K,NEW,<.01%
464286764,EWP,ISHARES INC,1745,1745,103.64K,103.64K,NEW,<.01%
874054109,TTWO,TAKE-TWO INTERACTIVE SOFTWAR,412,412,103.11K,103.11K,NEW,<.01%
55405Y100,MTSI,MACOM TECH SOLUTIONS HLDGS I,271,271,103.08K,103.08K,NEW,<.01%
98850P109,YUMC,YUM CHINA HLDGS INC,2517,2517,102.87K,102.87K,NEW,<.01%
78464A888,XHB,SPDR SERIES TRUST,20692,890,2.39M,102.85K,+4.5%,0.21%
27828U106,ETO,EATON VANCE TAX-ADVANTAGED G,3329,3329,102.77K,102.77K,NEW,<.01%
52468L406,LVHD,LEGG MASON ETF INVT,2312,2312,101.74K,101.74K,NEW,<.01%
98978V103,ZTS,ZOETIS INC,1413,1413,101.54K,101.54K,NEW,<.01%
92189H409,HYD,VANECK ETF TRUST,1969,1969,101.42K,101.42K,NEW,<.01%
78468R663,BIL,SPDR SERIES TRUST,1100,1100,100.8K,100.8K,NEW,<.01%
81369Y605,XLF,SELECT SECTOR SPDR TR,127887,1865,6.86M,99.98K,+1.5%,0.61%
74340W103,PLD,PROLOGIS INC.,736,736,99.71K,99.71K,NEW,<.01%
26923G301,BBC,ETFIS SER TR I,1890,1890,99.58K,99.58K,NEW,<.01%
464287226,AGG,ISHARES TR,1000,1000,98.96K,98.96K,NEW,<.01%
97717W703,DWM,WISDOMTREE TR,1350,1350,98.84K,98.84K,NEW,<.01%
33733B100,FIW,FIRST TR EXCHANGE-TRADED FD,900,900,98.57K,98.57K,NEW,<.01%
00768Y206,AADR,ADVISORSHARES TR,1200,1200,98.54K,98.54K,NEW,<.01%
892331307,TM,TOYOTA MOTOR CORP,573,573,96.5K,96.5K,NEW,<.01%
515098101,LSTR,LANDSTAR SYS INC,461,461,95.34K,95.34K,NEW,<.01%
78464A870,XBI,SPDR SERIES TRUST,10818,601,1.71M,95.11K,+5.9%,0.15%
922020805,VTIP,VANGUARD MALVERN FDS,1892,1892,95.05K,95.05K,NEW,<.01%
92206C771,VMBS,VANGUARD SCOTTSDALE FDS,2029,2029,94.98K,94.98K,NEW,<.01%
G25839104,CCEP,COCA-COLA EUROPACIFIC PARTNE,948,948,94.87K,94.87K,NEW,<.01%
G7709Q104,RPRX,ROYALTY PHARMA PLC,1688,1688,94.65K,94.65K,NEW,<.01%
09251A104,BDJ,BLACKROCK ENHANCED EQUITY DI,9863,9863,94.39K,94.39K,NEW,<.01%
941848103,WAT,WATERS CORP,251,251,94.14K,94.14K,NEW,<.01%
921937827,BSV,VANGUARD BD INDEX FDS,1200,1200,93.49K,93.49K,NEW,<.01%
071813109,BAX,BAXTER INTL INC,4356,4356,92.87K,92.87K,NEW,<.01%
601137102,MRP,MILLROSE PPTYS INC,3086,3086,92.73K,92.73K,NEW,<.01%
55024U109,LITE,LUMENTUM HLDGS INC,108,108,92.67K,92.67K,NEW,<.01%
90353T100,UBER,UBER TECHNOLOGIES INC,8723,1280,629.45K,92.36K,+17.2%,0.06%
14149Y108,CAH,CARDINAL HEALTH INC,385,385,91.42K,91.42K,NEW,<.01%
15135B101,CNC,CENTENE CORP DEL,1417,1417,90.93K,90.93K,NEW,<.01%
209115104,ED,CONSOLIDATED EDISON INC,820,820,90.72K,90.72K,NEW,<.01%
494368103,KMB,KIMBERLY-CLARK CORP,820,820,90.01K,90.01K,NEW,<.01%
78467V848,TOTL,SSGA ACTIVE ETF TR,2278,2278,89.89K,89.89K,NEW,<.01%
775109200,RCI,ROGERS COMMUNICATIONS INC,2758,2758,89.64K,89.64K,NEW,<.01%
023586100,UHAL,U HAUL HOLDING COMPANY,1368,1368,89.52K,89.52K,NEW,<.01%
680223104,ORI,OLD REP INTL CORP,2187,2187,89.49K,89.49K,NEW,<.01%
464287507,IJH,ISHARES TR,1156,1156,89.11K,89.11K,NEW,<.01%
540424108,L,LOEWS CORP,787,787,89.1K,89.1K,NEW,<.01%
67077M108,NTR,NUTRIEN LTD,1415,1415,89.08K,89.08K,NEW,<.01%
45073V108,ITT,ITT INC,450,450,89.06K,89.06K,NEW,<.01%
464287879,IJS,ISHARES TR,651,651,88.97K,88.97K,NEW,<.01%
534187109,LNC,LINCOLN NATL CORP IND,2513,2513,88.83K,88.83K,NEW,<.01%
98419M100,XYL,XYLEM INC,751,751,88.78K,88.78K,NEW,<.01%
983793100,XPO,XPO INC,431,431,88.39K,88.39K,NEW,<.01%
74758T303,QLYS,QUALYS INC,641,641,88.13K,88.13K,NEW,<.01%
74347B698,SMDV,PROSHARES TR,1135,1135,87.43K,87.43K,NEW,<.01%
464287291,IXN,ISHARES TR,605,605,87.41K,87.41K,NEW,<.01%
46641Q134,JIRE,J P MORGAN EXCHANGE TRADED F,1051,1051,86.7K,86.7K,NEW,<.01%
33738R506,RDVY,FIRST TR EXCHANGE TRADED FD,1067,1067,86.46K,86.46K,NEW,<.01%
72352L106,PINS,PINTEREST INC,4106,4106,86.35K,86.35K,NEW,<.01%
101507101,STEW,SRH TOTAL RETURN FUND INC,4802,4802,85.96K,85.96K,NEW,<.01%
78464A722,XPH,SPDR SERIES TRUST,1297,1297,85.95K,85.95K,NEW,<.01%
780910105,RVT,ROYCE SMALL CAP TRUST INC,4647,4647,85.83K,85.83K,NEW,<.01%
46137V100,PPA,INVESCO EXCHANGE TRADED FD T,483,483,85.32K,85.32K,NEW,<.01%
904767803,UL,UNILEVER PLC,1417,1417,85.19K,85.19K,NEW,<.01%
82982L103,SITE,SITEONE LANDSCAPE SUPPLY INC,742,742,84.89K,84.89K,NEW,<.01%
19247R103,RFI,COHEN & STEERS TOTAL RETURN,7485,7485,84.73K,84.73K,NEW,<.01%
835699307,SONY,SONY GROUP CORP,4212,4212,84.49K,84.49K,NEW,<.01%
744573106,PEG,PUBLIC SVC ENTERPRISE GROUP,1039,1039,84.33K,84.33K,NEW,<.01%
464287432,TLT,ISHARES TR,976,976,84.31K,84.31K,NEW,<.01%
78464A540,XTL,SPDR SERIES TRUST,370,370,84.17K,84.17K,NEW,<.01%
46641Q837,JPST,J P MORGAN EXCHANGE TRADED F,1652,1652,83.52K,83.52K,NEW,<.01%
00768Y560,CWS,ADVISORSHARES TR,1224,1224,83.47K,83.47K,NEW,<.01%
78470E106,EFAX,SPDR INDEX SHS FDS,1533,1533,82.97K,82.97K,NEW,<.01%
92206C706,VGIT,VANGUARD SCOTTSDALE FDS,1400,1400,82.57K,82.57K,NEW,<.01%
92338C103,VLTO,VERALTO CORP,930,930,82.47K,82.47K,NEW,<.01%
29786A106,ETSY,ETSY INC,1091,1091,82.19K,82.19K,NEW,<.01%
91347P105,OLED,UNIVERSAL DISPLAY CORP,947,947,82K,82K,NEW,<.01%
808524409,SCHV,SCHWAB STRATEGIC TR,2355,2355,81.98K,81.98K,NEW,<.01%
91529Y106,UNM,UNUM GROUP,914,914,81.71K,81.71K,NEW,<.01%
626717102,MUR,MURPHY OIL CORP,2504,2504,81.54K,81.54K,NEW,<.01%
46138G847,PBD,INVESCO EXCH TRADED FD TR II,4153,4153,81.4K,81.4K,NEW,<.01%
97717W547,WTV,WISDOMTREE TR,800,800,81.38K,81.38K,NEW,<.01%
070830104,BBWI,BATH & BODY WORKS INC,1377,1377,81.06K,81.06K,NEW,<.01%
670657105,NEA,NUVEEN AMT FREE QLTY MUN INC,6903,6903,81.04K,81.04K,NEW,<.01%
426281101,JKHY,HENRY JACK & ASSOC INC,588,588,80.99K,80.99K,NEW,<.01%
197236102,COLB,COLUMBIA BKG SYS INC,2522,2522,80.83K,80.83K,NEW,<.01%
45687V106,IR,INGERSOLL RAND INC,985,985,80.76K,80.76K,NEW,<.01%
04621X108,AIZ,ASSURANT INC,300,300,80.56K,80.56K,NEW,<.01%
46137V357,RSP,INVESCO EXCHANGE TRADED FD T,3502,378,745.13K,80.43K,+12.1%,0.07%
M87915274,TSEM,TOWER SEMICONDUCTOR LTD,305,305,79.5K,79.5K,NEW,<.01%
512816109,LAMR,LAMAR ADVERTISING CO,509,509,79.42K,79.42K,NEW,<.01%
030420103,AWK,AMERICAN WTR WKS CO INC NEW,601,601,79.08K,79.08K,NEW,<.01%
922908629,VO,VANGUARD INDEX FDS,973,973,78.43K,78.43K,NEW,<.01%
00162Q858,SDOG,ALPS ETF TR,1143,1143,77.98K,77.98K,NEW,<.01%
81369Y209,XLV,SELECT SECTOR SPDR TR,4808,489,762.78K,77.58K,+11.3%,0.07%
032108409,DIVO,AMPLIFY ETF TR,17855,1697,815.98K,77.55K,+10.5%,0.07%
724078209,PIPR,PIPER SANDLER COMPANIES,1068,1068,77.26K,77.26K,NEW,<.01%
422704106,HL,HECLA MINING COMPANY,5000,5000,77.15K,77.15K,NEW,<.01%
876030107,TPR,TAPESTRY INC,527,527,77.1K,77.1K,NEW,<.01%
33736M103,RBLD,FIRST TR EXCHANGE-TRADED FD,855,855,76.95K,76.95K,NEW,<.01%
46138G672,RWK,INVESCO EXCH TRADED FD TR II,525,525,76.79K,76.79K,NEW,<.01%
78468R671,FITE,SPDR SERIES TRUST,682,682,76.64K,76.64K,NEW,<.01%
15101Q207,CLS,CELESTICA INC,210,210,76.61K,76.61K,NEW,<.01%
075887109,BDX,BECTON DICKINSON & CO,505,505,76.4K,76.4K,NEW,<.01%
04010L103,ARCC,ARES CAPITAL CORP,4055,4055,75.14K,75.14K,NEW,<.01%
27827X101,EIM,EATON VANCE MUN BD FD,7500,7500,74.7K,74.7K,NEW,<.01%
37954Y293,MLPX,GLOBAL X FDS,1000,1000,73.66K,73.66K,NEW,<.01%
501044101,KR,KROGER CO,1322,1322,73.41K,73.41K,NEW,<.01%
18915M107,NET,CLOUDFLARE INC,12422,299,3.05M,73.34K,+2.5%,0.27%
85208J109,FUND,SPROTT FOCUS TR INC,7723,7723,73.21K,73.21K,NEW,<.01%
46429B671,MCHI,ISHARES TR,1428,1428,72.85K,72.85K,NEW,<.01%
013872106,AA,ALCOA CORP,1391,1391,72.53K,72.53K,NEW,<.01%
631103108,NDAQ,NASDAQ INC,920,920,72.52K,72.52K,NEW,<.01%
06829D107,RONB,BARON ETF TR,2965,2965,72.35K,72.35K,NEW,<.01%
03938L203,MT,ARCELORMITTAL SA LUXEMBOURG,1200,1200,72.26K,72.26K,NEW,<.01%
46435G243,SUSB,ISHARES TR,12478,2890,311.83K,72.22K,+30.1%,0.03%
46140H106,DBA,INVESCO DB MULTI-SECTOR COMM,2670,2670,71.21K,71.21K,NEW,<.01%
883203101,TXT,TEXTRON INC,776,776,71.18K,71.18K,NEW,<.01%
464289529,INDY,ISHARES TR,1631,1631,70.87K,70.87K,NEW,<.01%
27828S101,ETG,EATON VANCE TX ADV GLBL DIV,3007,3007,70.78K,70.78K,NEW,<.01%
78468R622,JNK,SPDR SERIES TRUST,734,734,70.74K,70.74K,NEW,<.01%
922908652,VXF,VANGUARD INDEX FDS,287,287,70.66K,70.66K,NEW,<.01%
780087102,RY,ROYAL BK CDA,341,341,70.58K,70.58K,NEW,<.01%
889478103,TOL,TOLL BROTHERS INC,428,428,70.51K,70.51K,NEW,<.01%
09062X103,BIIB,BIOGEN INC,326,326,70.51K,70.51K,NEW,<.01%
30161N101,EXC,EXELON CORP,1510,1510,70.4K,70.4K,NEW,<.01%
83406F102,SOFI,SOFI TECHNOLOGIES INC,3916,3916,70.21K,70.21K,NEW,<.01%
46434V621,DGRO,ISHARES TR,917,917,69.52K,69.52K,NEW,<.01%
46654Q781,JPEF,J P MORGAN EXCHANGE TRADED F,865,865,69.49K,69.49K,NEW,<.01%
G02602103,DOX,AMDOCS LTD,1357,1357,68.59K,68.59K,NEW,<.01%
589400100,MCY,MERCURY GENL CORP NEW,641,641,68.31K,68.31K,NEW,<.01%
92206C573,VTC,VANGUARD SCOTTSDALE FDS,888,888,68.2K,68.2K,NEW,<.01%
086516101,BBY,BEST BUY INC,894,894,67.85K,67.85K,NEW,<.01%
92047W101,VVV,VALVOLINE INC,1715,1715,67.81K,67.81K,NEW,<.01%
02553E106,AEO,AMERICAN EAGLE OUTFITTERS IN,3907,3907,67.2K,67.2K,NEW,<.01%
55261F104,MTB,M & T BK CORP,282,282,67.19K,67.19K,NEW,<.01%
H2906T109,GRMN,GARMIN LTD,283,283,67.16K,67.16K,NEW,<.01%
92189F643,MOAT,VANECK ETF TRUST,644,644,66.95K,66.95K,NEW,<.01%
G7S00T104,PNR,PENTAIR PLC,858,858,65.78K,65.78K,NEW,<.01%
464287572,IOO,ISHARES TR,477,477,65.15K,65.15K,NEW,<.01%
78468R556,XOP,SPDR SERIES TRUST,421,421,64.94K,64.94K,NEW,<.01%
093671105,HRB,BLOCK H & R INC,1697,1697,64.62K,64.62K,NEW,<.01%
33733E302,FDN,FIRST TR EXCHANGE-TRADED FD,244,244,64.59K,64.59K,NEW,<.01%
65473P105,NI,NISOURCE INC,1354,1354,64.38K,64.38K,NEW,<.01%
384109104,GGG,GRACO INC,845,845,63.89K,63.89K,NEW,<.01%
172908105,CTAS,CINTAS CORP,4379,371,744.78K,63.1K,+9.3%,0.07%
063671101,BMO,BANK MONTREAL MEDIUM,354,354,62.55K,62.55K,NEW,<.01%
032095101,APH,AMPHENOL CORP,7054,354,1.24M,62.42K,+5.3%,0.11%
85256A109,STGW,STAGWELL INC,8399,8399,62.41K,62.41K,NEW,<.01%
311900104,FAST,FASTENAL CO,1292,1292,62.04K,62.04K,NEW,<.01%
922475108,VEEV,VEEVA SYS INC,347,347,61.58K,61.58K,NEW,<.01%
446150104,HBAN,HUNTINGTON BANCSHARES INC,3472,3472,61.56K,61.56K,NEW,<.01%
749607107,RLI,RLI CORP,1042,1042,61.55K,61.55K,NEW,<.01%
942622200,WSO,WATSCO INC,147,147,61.26K,61.26K,NEW,<.01%
464287770,IYG,ISHARES TR,677,677,61.25K,61.25K,NEW,<.01%
464287630,IWN,ISHARES TR,276,276,61.05K,61.05K,NEW,<.01%
00548F105,PEO,ADAM NAT RES FD INC,2465,2465,60.94K,60.94K,NEW,<.01%
09073M104,TECH,BIO-TECHNE CORP,860,860,60.76K,60.76K,NEW,<.01%
19260Q107,COIN,COINBASE GLOBAL INC,415,415,60.67K,60.67K,NEW,<.01%
464288513,HYG,ISHARES TR,758,758,60.62K,60.62K,NEW,<.01%
26922B527,BGIG,ETF SER SOLUTIONS,1687,1687,60.55K,60.55K,NEW,<.01%
G0403H108,AON,AON PLC,182,182,60.37K,60.37K,NEW,<.01%
464286608,EZU,ISHARES INC,865,865,60.12K,60.12K,NEW,<.01%
40434L105,HPQ,HP INC,2727,2727,59.84K,59.84K,NEW,<.01%
G3223R108,EG,EVEREST GROUP LTD,168,168,59.84K,59.84K,NEW,<.01%
088606108,BHP,BHP BILLITON LIMITED,718,718,59.82K,59.82K,NEW,<.01%
85208R101,CEF,SPROTT ASSET MANAGEMENT LP,1486,1486,59.78K,59.78K,NEW,<.01%
18467V109,YOU,CLEAR SECURE INC,1071,1071,59.69K,59.69K,NEW,<.01%
218937100,CNR,CORE NATURAL RESOURCES INC,742,742,59.38K,59.38K,NEW,<.01%
278865100,ECL,ECOLAB INC,1114,213,310.37K,59.34K,+23.6%,0.03%
81369Y852,XLC,SELECT SECTOR SPDR TR,12827,553,1.37M,59.24K,+4.5%,0.12%
83443Q103,SOLS,SOLSTICE ADVANCED MATLS INC,665,665,58.92K,58.92K,NEW,<.01%
378973507,GSAT,GLOBALSTAR INC,722,722,58.71K,58.71K,NEW,<.01%
346375108,FORM,FORMFACTOR INC,365,365,58.38K,58.38K,NEW,<.01%
406216101,HAL,HALLIBURTON CO,1718,1718,58.33K,58.33K,NEW,<.01%
808524607,SCHA,SCHWAB STRATEGIC TR,1613,1613,58.28K,58.28K,NEW,<.01%
06829D404,BCFN,BARON ETF TR,2740,2740,58.16K,58.16K,NEW,<.01%
654902204,NOK,NOKIA CORP,4370,4370,58.04K,58.04K,NEW,<.01%
464287515,IGV,ISHARES TR,3388,637,306.95K,57.71K,+23.2%,0.03%
464287408,IVE,ISHARES TR,254,254,57.58K,57.58K,NEW,<.01%
02005N100,ALLY,ALLY FINL INC,1233,1233,56.66K,56.66K,NEW,<.01%
68235P108,OGS,ONE GAS INC,732,732,56.42K,56.42K,NEW,<.01%
98389B100,XEL,XCEL ENERGY INC,702,702,56.37K,56.37K,NEW,<.01%
78440X887,SLG,SL GREEN RLTY CORP,1086,1086,56.22K,56.22K,NEW,<.01%
18469P209,EMO,CLEARBRIDGE ENERGY MIDSTREAM,1119,1119,56.04K,56.04K,NEW,<.01%
78464A631,XAR,SPDR SERIES TRUST,197,197,55.91K,55.91K,NEW,<.01%
09290C848,BIDD,BLACKROCK ETF TRUST,1852,1852,55.6K,55.6K,NEW,<.01%
G491BT108,IVZ,INVESCO LTD,2106,2106,55.58K,55.58K,NEW,<.01%
358039105,FRPT,FRESHPET INC,934,934,55.22K,55.22K,NEW,<.01%
184496107,CLH,CLEAN HARBORS INC,184,184,54.97K,54.97K,NEW,<.01%
451107106,IDA,IDACORP INC,362,362,54.77K,54.77K,NEW,<.01%
46138E651,PIO,INVESCO EXCH TRADED FD TR II,1200,1200,53.96K,53.96K,NEW,<.01%
136375102,CNI,CANADIAN NATL RY CO,450,450,53.63K,53.63K,NEW,<.01%
37959E102,GL,GLOBE LIFE INC,300,300,53.6K,53.6K,NEW,<.01%
971378104,WSC,WILLSCOT HLDGS CORP,1853,1853,53.48K,53.48K,NEW,<.01%
464287499,IWR,ISHARES TR,484,484,53.38K,53.38K,NEW,<.01%
80105N105,SNY,SANOFI SA,1239,1239,52.84K,52.84K,NEW,<.01%
55336V100,MPLX,MPLX LP,936,936,52.72K,52.72K,NEW,<.01%
92939U106,WEC,WEC ENERGY GROUP INC,450,450,52.55K,52.55K,NEW,<.01%
64110D104,NTAP,NETAPP INC,339,339,52.46K,52.46K,NEW,<.01%
46138E263,CGW,INVESCO EXCH TRADED FD TR II,798,798,52.45K,52.45K,NEW,<.01%
589378108,MRCY,MERCURY SYS INC,428,428,52.36K,52.36K,NEW,<.01%
46138E354,SPLV,INVESCO EXCH TRADED FD TR II,699,699,52.35K,52.35K,NEW,<.01%
921946810,VIGI,VANGUARD WHITEHALL FDS,558,558,52.11K,52.11K,NEW,<.01%
090043100,BILL,BILL HOLDINGS INC,1434,1434,51.85K,51.85K,NEW,<.01%
46137V449,EQWL,INVESCO EXCHANGE TRADED FD T,400,400,51.61K,51.61K,NEW,<.01%
989207105,ZBRA,ZEBRA TECHNOLOGIES CORPORATI,196,196,51.6K,51.6K,NEW,<.01%
48666K109,KBH,KB HOME,820,820,51.32K,51.32K,NEW,<.01%
770700102,HOOD,ROBINHOOD MKTS INC,511,511,51.23K,51.23K,NEW,<.01%
21036P108,STZ,CONSTELLATION BRANDS INC,367,367,51.12K,51.12K,NEW,<.01%
46120E602,ISRG,INTUITIVE SURGICAL INC,2549,128,1.01M,50.9K,+5.3%,0.09%
464286665,EPP,ISHARES INC,950,950,50.6K,50.6K,NEW,<.01%
693718108,PCAR,PACCAR INC,2703,421,324.69K,50.57K,+18.4%,0.03%
929236107,WDFC,WD 40 CO,206,206,50.19K,50.19K,NEW,<.01%
02072L375,TBG,EA SERIES TRUST,1361,1361,49.62K,49.62K,NEW,<.01%
46137V464,XMMO,INVESCO EXCHANGE TRADED FD T,46822,291,7.97M,49.51K,+0.6%,0.7%
25243Q205,DEO,DIAGEO PLC,612,612,49.19K,49.19K,NEW,<.01%
46137V720,PEJ,INVESCO EXCHANGE TRADED FD T,736,736,49K,49K,NEW,<.01%
Y8162K204,SBLK,STAR BULK CARRIERS CORP.,1960,1960,48.94K,48.94K,NEW,<.01%
26969P108,EXP,EAGLE MATLS INC,217,217,48.83K,48.83K,NEW,<.01%
G8267P108,SW,SMURFIT WESTROCK PLC,1050,1050,48.57K,48.57K,NEW,<.01%
90364P105,PATH,UIPATH INC,4400,4400,47.83K,47.83K,NEW,<.01%
52106W103,LGI,LAZARD GLOBAL TOTAL RETURN &,2574,2574,47.57K,47.57K,NEW,<.01%
172062101,CINF,CINCINNATI FINL CORP,257,257,47.55K,47.55K,NEW,<.01%
46138G664,RWJ,INVESCO EXCH TRADED FD TR II,795,795,47.3K,47.3K,NEW,<.01%
00971T101,AKAM,AKAMAI TECHNOLOGIES INC,400,400,47.28K,47.28K,NEW,<.01%
37954Y442,CLOU,GLOBAL X FDS,2076,2076,47.21K,47.21K,NEW,<.01%
25434V880,DFAX,DIMENSIONAL ETF TRUST,1279,1279,47.12K,47.12K,NEW,<.01%
833034101,SNA,SNAP ON INC,117,117,47.08K,47.08K,NEW,<.01%
681936100,OHI,OMEGA HEALTHCARE INVS INC,981,981,46.75K,46.75K,NEW,<.01%
579780206,MKC,MCCORMICK & CO INC,926,926,46.69K,46.69K,NEW,<.01%
35473P108,DIVI,FRANKLIN TEMPLETON ETF TR,1077,1077,46.01K,46.01K,NEW,<.01%
921909768,VXUS,VANGUARD STAR FDS,538,538,46.01K,46.01K,NEW,<.01%
362397101,GAB,GABELLI EQUITY TR INC,8113,8113,45.92K,45.92K,NEW,<.01%
940923105,WBI,WATERBRIDGE INFRASTRUCTURE L,1333,1333,45.68K,45.68K,NEW,<.01%
921913869,BNDP,VANGUARD QUANTITATIVE FDS,609,609,45.26K,45.26K,NEW,<.01%
32020R109,FFIN,FIRST FINL BANKSHARES INC,1306,1306,45.19K,45.19K,NEW,<.01%
12811P108,CHY,CALAMOS CONV & HIGH INCOME F,3305,3305,45.02K,45.02K,NEW,<.01%
808524847,SCHH,SCHWAB STRATEGIC TR,1900,1900,44.99K,44.99K,NEW,<.01%
64129H104,NML,NEUBERGER ENGY INFRSTR & INC,4430,4430,44.92K,44.92K,NEW,<.01%
91912E105,VALE,VALE S A,2980,2980,44.82K,44.82K,NEW,<.01%
291011104,EMR,EMERSON ELEC CO,4826,312,690.89K,44.67K,+6.9%,0.06%
808524706,SCHE,SCHWAB STRATEGIC TR,1226,1226,44.45K,44.45K,NEW,<.01%
056752108,BIDU,BAIDU INC,386,386,44.12K,44.12K,NEW,<.01%
761624105,REX,REX AMERICAN RES CORP,975,975,44.02K,44.02K,NEW,<.01%
78433H303,SPYI,NEOS ETF TRUST,826,826,43.85K,43.85K,NEW,<.01%
30034W106,EVRG,EVERGY INC,507,507,43.82K,43.82K,NEW,<.01%
04016X101,ARGX,ARGENX SE,47,47,43.61K,43.61K,NEW,<.01%
047726104,BATRA,ATLANTA BRAVES HLDGS INC,770,770,43.36K,43.36K,NEW,<.01%
56501R106,MFC,MANULIFE FINL CORP,1070,1070,43.33K,43.33K,NEW,<.01%
33740F771,DFEB,FIRST TR EXCHNG TRADED FD VI,855,855,43.17K,43.17K,NEW,<.01%
655663102,NDSN,NORDSON CORP,142,142,42.84K,42.84K,NEW,<.01%
G4474Y214,JHG,JANUS HENDERSON GROUP PLC,821,821,42.65K,42.65K,NEW,<.01%
452308109,ITW,ILLINOIS TOOL WKS INC,1182,157,319.7K,42.46K,+15.3%,0.03%
486606106,KYN,KAYNE ANDERSON ENERGY INFRST,3063,3063,42.36K,42.36K,NEW,<.01%
464289180,EUFN,ISHARES TR,1083,1083,42.23K,42.23K,NEW,<.01%
302520101,FNB,F N B CORP,2205,2205,42.07K,42.07K,NEW,<.01%
665859104,NTRS,NORTHERN TR CORP,242,242,42.07K,42.07K,NEW,<.01%
958669103,WES,WESTERN MIDSTREAM PARTNERS L,959,959,41.96K,41.96K,NEW,<.01%
526107107,LII,LENNOX INTL INC,73,73,41.83K,41.83K,NEW,<.01%
H01301128,ALC,ALCON AG,618,618,41.47K,41.47K,NEW,<.01%
74834L100,DGX,QUEST DIAGNOSTICS INC,195,195,41.33K,41.33K,NEW,<.01%
464287663,IUSV,ISHARES TR,375,375,41.31K,41.31K,NEW,<.01%
97717W877,DEW,WISDOMTREE TR,601,601,41.28K,41.28K,NEW,<.01%
464287184,FXI,ISHARES TR,1306,1306,41.26K,41.26K,NEW,<.01%
46434G863,ESGE,ISHARES INC,5153,754,281.82K,41.24K,+17.1%,0.02%
750940108,RAL,RALLIANT CORP,559,559,41.16K,41.16K,NEW,<.01%
37950E259,ARGT,GLOBAL X FDS,450,450,41.09K,41.09K,NEW,<.01%
76155X100,RVMD,REVOLUTION MEDICINES INC,219,219,41.03K,41.03K,NEW,<.01%
46137V811,PTF,INVESCO EXCHANGE TRADED FD T,300,300,40.89K,40.89K,NEW,<.01%
039483102,ADM,ARCHER DANIELS MIDLAND CO,531,531,40.6K,40.6K,NEW,<.01%
012653101,ALB,ALBEMARLE CORP,300,300,40.51K,40.51K,NEW,<.01%
74967X103,RH,RH,245,245,40.36K,40.36K,NEW,<.01%
760759100,RSG,REPUBLIC SVCS INC,189,189,40.27K,40.27K,NEW,<.01%
062540109,BOH,BANK HAWAII CORP,492,492,40.09K,40.09K,NEW,<.01%
00764C109,AVK,ADVENT CONV & INCOME FD,3052,3052,39.98K,39.98K,NEW,<.01%
97717X701,HEDJ,WISDOMTREE TR,700,700,39.9K,39.9K,NEW,<.01%
53815P108,RAMP,LIVERAMP HLDGS INC,1058,1058,39.82K,39.82K,NEW,<.01%
48242W106,KBR,KBR INC,1150,1150,39.71K,39.71K,NEW,<.01%
742718109,PG,PROCTER & GAMBLE CO,7592,269,1.11M,39.45K,+3.7%,0.1%
464287721,IYW,ISHARES TR,156,156,39.41K,39.41K,NEW,<.01%
374297109,GTY,GETTY RLTY CORP NEW,1179,1179,39.34K,39.34K,NEW,<.01%
464288786,IAK,ISHARES TR,278,278,39.04K,39.04K,NEW,<.01%
33768G107,FCFS,FIRSTCASH HOLDINGS INC,180,180,38.94K,38.94K,NEW,<.01%
552848103,MTG,MGIC INVT CORP WIS,1380,1380,38.92K,38.92K,NEW,<.01%
46137V605,DJD,INVESCO EXCHANGE TRADED FD T,614,614,38.91K,38.91K,NEW,<.01%
298736109,EEFT,EURONET WORLDWIDE INC,530,530,38.79K,38.79K,NEW,<.01%
38149W432,GTOP,GOLDMAN SACHS ETF TR,777,777,38.69K,38.69K,NEW,<.01%
09253N104,MHD,BLACKROCK MUNIHOLDINGS FD IN,3234,3234,38.48K,38.48K,NEW,<.01%
46138E180,PSCD,INVESCO EXCH TRADED FD TR II,325,325,38.47K,38.47K,NEW,<.01%
09254E103,MYI,BLACKROCK MUNIYIELD QUALITY,3460,3460,38.44K,38.44K,NEW,<.01%
46654Q203,JEPQ,J P MORGAN EXCHANGE TRADED F,622,622,38.25K,38.25K,NEW,<.01%
46138E842,DWAS,INVESCO EXCH TRADED FD TR II,300,300,38.2K,38.2K,NEW,<.01%
038336103,ATR,APTARGROUP INC,304,304,38.06K,38.06K,NEW,<.01%
97717W802,DTH,WISDOMTREE TR,702,702,37.99K,37.99K,NEW,<.01%
78377T107,RHP,RYMAN HOSPITALITY PPTYS INC,294,294,37.79K,37.79K,NEW,<.01%
18914E106,GLO,CLOUGH GLOBAL OPPORTUNITIES,6133,6133,37.54K,37.54K,NEW,<.01%
00384X301,AGEM,ABRDN FDS,759,759,37.46K,37.46K,NEW,<.01%
86887Q109,SSSS,SURO CAPITAL CORP,2973,2973,37.28K,37.28K,NEW,<.01%
00214Q104,ARKK,ARK ETF TR,460,460,37.18K,37.18K,NEW,<.01%
46138E172,PSCC,INVESCO EXCH TRADED FD TR II,1050,1050,37.03K,37.03K,NEW,<.01%
682189105,ON,ON SEMICONDUCTOR CORP,391,391,36.97K,36.97K,NEW,<.01%
38149W630,GPIQ,GOLDMAN SACHS ETF TR,622,622,36.9K,36.9K,NEW,<.01%
45841N107,IBKR,INTERACTIVE BROKERS GROUP IN,424,424,36.87K,36.87K,NEW,<.01%
37960A669,SDIV,GLOBAL X FDS,1500,1500,36.66K,36.66K,NEW,<.01%
97717Y857,USMF,WISDOMTREE TR,671,671,36.4K,36.4K,NEW,<.01%
80004C200,SNDK,SANDISK CORP,413,16,939.49K,36.4K,+4%,0.08%
86800U302,SMCI,SUPER MICRO COMPUTER INC,1235,1235,36.21K,36.21K,NEW,<.01%
29082A107,EMBJ,EMBRAER S.A.,567,567,36.17K,36.17K,NEW,<.01%
533900106,LECO,LINCOLN ELEC HLDGS INC,136,136,36.11K,36.11K,NEW,<.01%
92189F700,MOO,VANECK ETF TRUST,455,455,36.04K,36.04K,NEW,<.01%
898202106,TRUP,TRUPANION INC,1450,1450,35.92K,35.92K,NEW,<.01%
267475101,DY,DYCOM INDS INC,71,71,35.9K,35.9K,NEW,<.01%
832696405,SJM,SMUCKER J M CO,318,318,35.82K,35.82K,NEW,<.01%
78433H675,QQQI,NEOS ETF TRUST,631,631,35.82K,35.82K,NEW,<.01%
G66721104,NCLH,NORWEGIAN CRUISE LINE HLDGS,1687,1687,35.61K,35.61K,NEW,<.01%
45337C102,INCY,INCYTE CORP,314,314,35.6K,35.6K,NEW,<.01%
46137V472,XMHQ,INVESCO EXCHANGE TRADED FD T,315,315,35.56K,35.56K,NEW,<.01%
46436E619,EUSB,ISHARES TR,817,817,35.5K,35.5K,NEW,<.01%
57667L107,MTCH,MATCH GROUP INC NEW,929,929,35.35K,35.35K,NEW,<.01%
02376R102,AAL,AMERICAN AIRLINES GROUP INC,1951,1951,35.26K,35.26K,NEW,<.01%
L6388F110,TIGO,MILLICOM INTL CELLULAR S A,388,388,35.19K,35.19K,NEW,<.01%
938824109,WAFD,WAFD INC,913,913,35.05K,35.05K,NEW,<.01%
210322673,CEFZ,ELEVATION SERIES TRUST,4248,4248,34.96K,34.96K,NEW,<.01%
N53745100,LYB,LYONDELLBASELL INDUSTRIES NV,663,663,34.92K,34.92K,NEW,<.01%
48251W104,KKR,KKR & CO INC,10154,375,931.93K,34.42K,+3.8%,0.08%
66765N105,NWN,NORTHWEST NAT HLDG CO,700,700,34.34K,34.34K,NEW,<.01%
38149W622,GPIX,GOLDMAN SACHS ETF TR,617,617,34.28K,34.28K,NEW,<.01%
26923G202,BBP,ETFIS SER TR I,356,356,34.27K,34.27K,NEW,<.01%
69318G106,PBF,PBF ENERGY INC,750,750,34.14K,34.14K,NEW,<.01%
62944T105,NVR,NVR INC,5,5,34.07K,34.07K,NEW,<.01%
032108524,QDVO,AMPLIFY ETF TR,1138,1138,33.95K,33.95K,NEW,<.01%
316092840,FDVV,FIDELITY COVINGTON TRUST,563,563,33.94K,33.94K,NEW,<.01%
97717X651,DGRS,WISDOMTREE TR,568,568,33.71K,33.71K,NEW,<.01%
49926D109,KN,KNOWLES CORP,811,811,33.64K,33.64K,NEW,<.01%
695156109,PKG,PACKAGING CORP AMER,141,141,33.6K,33.6K,NEW,<.01%
624758108,MWA,MUELLER WTR PRODS INC,1294,1294,33.42K,33.42K,NEW,<.01%
382550101,GT,GOODYEAR TIRE & RUBR CO,5000,5000,33K,33K,NEW,<.01%
04316A108,APAM,ARTISAN PARTNERS ASSET MGMT,950,950,32.8K,32.8K,NEW,<.01%
573874104,MRVL,MARVELL TECHNOLOGY INC,20311,110,6.05M,32.77K,+0.5%,0.53%
053015103,ADP,AUTOMATIC DATA PROCESSING IN,1665,146,372.88K,32.7K,+9.6%,0.03%
85571B105,STWD,STARWOOD PPTY TR INC,1976,1976,32.37K,32.37K,NEW,<.01%
36240B109,GCV,GABELLI CONV & INC SECS FD I,6900,6900,32.29K,32.29K,NEW,<.01%
97717X578,XSOE,WISDOMTREE TR,650,650,31.97K,31.97K,NEW,<.01%
053332102,AZO,AUTOZONE INC,93,10,297.22K,31.96K,+12%,0.03%
46137V142,PHO,INVESCO EXCHANGE TRADED FD T,460,460,31.78K,31.78K,NEW,<.01%
G3323L100,FN,FABRINET,56,56,31.71K,31.71K,NEW,<.01%
H1467J104,CB,CHUBB LIMITED,93,93,31.69K,31.69K,NEW,<.01%
48020Q107,JLL,JONES LANG LASALLE INC,102,102,31.61K,31.61K,NEW,<.01%
40416E103,HCI,HCI GROUP INC,180,180,31.55K,31.55K,NEW,<.01%
46284V101,IRM,IRON MTN INC DEL,249,249,31.45K,31.45K,NEW,<.01%
500754106,KHC,KRAFT HEINZ CO,1330,1330,31.41K,31.41K,NEW,<.01%
78464A201,SLYG,SPDR SERIES TRUST,263,263,31.33K,31.33K,NEW,<.01%
42226K105,HR,HEALTHCARE RLTY TR,1552,1552,31.3K,31.3K,NEW,<.01%
29444U700,EQIX,EQUINIX INC,30,30,31.18K,31.18K,NEW,<.01%
573284106,MLM,MARTIN MARIETTA MATLS INC,54,54,31.14K,31.14K,NEW,<.01%
559663109,MGY,MAGNOLIA OIL & GAS CORP,1217,1217,31.12K,31.12K,NEW,<.01%
200525103,CBSH,COMMERCE BANCSHARES INC,536,536,30.95K,30.95K,NEW,<.01%
912008109,USFD,US FOODS HLDG CORP,300,300,30.68K,30.68K,NEW,<.01%
829073105,SSD,SIMPSON MFG INC,146,146,30.57K,30.57K,NEW,<.01%
464287705,IJJ,ISHARES TR,207,207,30.54K,30.54K,NEW,<.01%
22788C105,CRWD,CROWDSTRIKE HLDGS INC,2047,40,1.56M,30.53K,+2%,0.14%
97717W778,DIM,WISDOMTREE TR,354,354,30.17K,30.17K,NEW,<.01%
46435U549,EAGG,ISHARES TR,633,633,30.01K,30.01K,NEW,<.01%
913903100,UHS,UNIVERSAL HLTH SVCS INC,200,200,29.74K,29.74K,NEW,<.01%
46138E362,SPHD,INVESCO EXCH TRADED FD TR II,578,578,29.4K,29.4K,NEW,<.01%
09061G101,BMRN,BIOMARIN PHARMACEUTICAL INC,513,513,29.35K,29.35K,NEW,<.01%
36467J108,GLPI,GAMING & LEISURE P,658,658,29.29K,29.29K,NEW,<.01%
83444M101,SOLV,SOLVENTUM CORP,379,379,29.24K,29.24K,NEW,<.01%
253393102,DKS,DICKS SPORTING GOODS INC,128,128,29.03K,29.03K,NEW,<.01%
92345Y106,VRSK,VERISK ANALYTICS INC,160,160,28.73K,28.73K,NEW,<.01%
237194105,DRI,DARDEN RESTAURANTS INC,139,139,28.64K,28.64K,NEW,<.01%
006212104,ADX,ADAMS DIVERSIFIED EQUITY FD,1119,1119,28.59K,28.59K,NEW,<.01%
05561Q201,BOKF,BOK FINL CORP,205,205,28.47K,28.47K,NEW,<.01%
149150104,CATY,CATHAY GEN BANCORP,457,457,28.3K,28.3K,NEW,<.01%
81141R100,SE,SEA LTD,6186,291,592.8K,27.89K,+4.9%,0.05%
14316J108,CG,CARLYLE GROUP INC,660,660,27.8K,27.8K,NEW,<.01%
445658107,JBHT,HUNT J B TRANS SVCS INC,96,96,27.79K,27.79K,NEW,<.01%
427096508,HTGC,HERCULES CAPITAL INC,1761,1761,27.77K,27.77K,NEW,<.01%
46138E115,PSCT,INVESCO EXCH TRADED FD TR II,300,300,27.72K,27.72K,NEW,<.01%
78467J100,SSNC,SS&C TECH HLDGS,445,445,27.61K,27.61K,NEW,<.01%
M7S64L123,PGY,PAGAYA TECHNOLOGIES LTD,1512,1512,27.59K,27.59K,NEW,<.01%
G16252101,BIP,BROOKFIELD INFRASTRUCTURE PA,756,756,27.59K,27.59K,NEW,<.01%
G5S37H101,MRX,MAREX GROUP PLC,450,450,27.43K,27.43K,NEW,<.01%
464288208,IMCB,ISHARES TR,284,284,27.42K,27.42K,NEW,<.01%
500643200,KFY,KORN FERRY,410,410,27.28K,27.28K,NEW,<.01%
33734X135,FXO,FIRST TR EXCHANGE-TRADED FD,435,435,27.17K,27.17K,NEW,<.01%
922908637,VV,VANGUARD INDEX FDS,79,79,27.17K,27.17K,NEW,<.01%
97717W315,DEM,WISDOMTREE TR,505,505,27.16K,27.16K,NEW,<.01%
92838X805,NCV,VIRTUS CONVERTIBLE & INCOME,1529,1529,26.9K,26.9K,NEW,<.01%
707569109,PENN,PENN ENTERTAINMENT INC,1256,1256,26.83K,26.83K,NEW,<.01%
464285204,IAU,ISHARES GOLD TR,355,355,26.81K,26.81K,NEW,<.01%
25809K105,DASH,DOORDASH INC,2349,145,433.46K,26.76K,+6.6%,0.04%
77543R102,ROKU,ROKU INC,193,193,26.66K,26.66K,NEW,<.01%
14448C104,CARR,CARRIER GLOBAL CORPORATION,6083,363,446.19K,26.63K,+6.3%,0.04%
29362U104,ENTG,ENTEGRIS INC,148,148,26.62K,26.62K,NEW,<.01%
06829D206,BCGD,BARON ETF TR,1000,1000,26.44K,26.44K,NEW,<.01%
760125104,RTO,RENTOKIL INITIAL PLC,923,923,26.41K,26.41K,NEW,<.01%
N00985106,AER,AERCAP HOLDINGS NV,4798,181,699.45K,26.39K,+3.9%,0.06%
50077B207,KTOS,KRATOS DEFENSE & SEC SOLUTIO,526,526,26.23K,26.23K,NEW,<.01%
95790A101,IGI,WESTERN ASSET INVT GRADE OPP,1625,1625,26.18K,26.18K,NEW,<.01%
134429109,CPB,THE CAMPBELLS COMPANY,1174,1174,26.14K,26.14K,NEW,<.01%
318672706,FBP,FIRST BANCORP CORPORATION,998,998,26.02K,26.02K,NEW,<.01%
12504L109,CBRE,CBRE GROUP INC,191,191,25.73K,25.73K,NEW,<.01%
091955104,ETHW,BITWISE ETHEREUM ETF,2279,2279,25.71K,25.71K,NEW,<.01%
174610105,CFG,CITIZENS FINL GROUP INC,366,366,25.65K,25.65K,NEW,<.01%
26701L100,BROS,DUTCH BROS INC,357,357,25.64K,25.64K,NEW,<.01%
29084Q100,EME,EMCOR GROUP INC,31,31,25.42K,25.42K,NEW,<.01%
76131D103,QSR,RESTAURANT BRANDS INTL INC,350,350,25.38K,25.38K,NEW,<.01%
G48833118,WFRD,WEATHERFORD INTL PLC,311,311,25.38K,25.38K,NEW,<.01%
45780R101,IBP,INSTALLED BLDG PRODS INC,110,110,25.28K,25.28K,NEW,<.01%
98983L108,ZWS,ZURN ELKAY WATER SOLNS CORP,500,500,25.27K,25.27K,NEW,<.01%
78351F107,RYAN,RYAN SPECIALTY HOLDINGS INC,664,664,25.07K,25.07K,NEW,<.01%
808524870,SCHP,SCHWAB STRATEGIC TR,943,943,24.99K,24.99K,NEW,<.01%
43300A203,HLT,HILTON WORLDWIDE HLDGS INC,1749,75,577.98K,24.78K,+4.5%,0.05%
97717W869,DFE,WISDOMTREE TR,343,343,24.69K,24.69K,NEW,<.01%
683344105,ONTO,ONTO INNOVATION INC,65,65,24.6K,24.6K,NEW,<.01%
464287341,IXC,ISHARES TR,500,500,24.57K,24.57K,NEW,<.01%
808524862,SCHO,SCHWAB STRATEGIC TR,1009,1009,24.36K,24.36K,NEW,<.01%
63938C108,NAVI,NAVIENT CORPORATION,2860,2860,24.34K,24.34K,NEW,<.01%
679295105,OKTA,OKTA INC,178,178,24.29K,24.29K,NEW,<.01%
46138G698,RWL,INVESCO EXCH TRADED FD TR II,190,190,24.27K,24.27K,NEW,<.01%
902252105,TYL,TYLER TECHNOLOGIES INC,83,83,24.27K,24.27K,NEW,<.01%
147528103,CASY,CASEYS GEN STORES INC,30,30,24.18K,24.18K,NEW,<.01%
67103X102,OFG,OFG BANCORP,485,485,23.78K,23.78K,NEW,<.01%
98311A105,WH,WYNDHAM HOTELS & RESORTS INC,282,282,23.75K,23.75K,NEW,<.01%
292765104,EPAC,ENERPAC TOOL GROUP CORP,661,661,23.7K,23.7K,NEW,<.01%
78464A714,XRT,SPDR SERIES TRUST,4960,270,435.19K,23.69K,+5.8%,0.04%
92204A207,VDC,VANGUARD WORLD FD,105,105,23.68K,23.68K,NEW,<.01%
46138E727,PXH,INVESCO EXCH TRADED FD TR II,835,835,23.28K,23.28K,NEW,<.01%
536797103,LAD,LITHIA MTRS INC,80,80,23.24K,23.24K,NEW,<.01%
41013T105,PDT,HANCOCK JOHN PREM DIVID FD,1790,1790,23.18K,23.18K,NEW,<.01%
880779103,TEX,TEREX CORP NEW,318,318,22.99K,22.99K,NEW,<.01%
726503105,PAA,PLAINS ALL AMERN PIPELINE L,1033,1033,22.98K,22.98K,NEW,<.01%
639057207,NWG,NATWEST GROUP PLC,1300,1300,22.92K,22.92K,NEW,<.01%
576323109,MTZ,MASTEC INC,55,55,22.88K,22.88K,NEW,<.01%
04280A100,ARWR,ARROWHEAD PHARMACEUTICALS IN,280,280,22.8K,22.8K,NEW,<.01%
00182C103,ANIP,ANI PHARMACEUTICALS INC,275,275,22.77K,22.77K,NEW,<.01%
46137V803,PEZ,INVESCO EXCHANGE TRADED FD T,220,220,22.76K,22.76K,NEW,<.01%
00847J105,AGYS,AGILYSYS INC,217,217,22.68K,22.68K,NEW,<.01%
46138E339,SPMO,INVESCO EXCH TRADED FD TR II,140,140,22.67K,22.67K,NEW,<.01%
464287671,IUSG,ISHARES TR,120,120,22.57K,22.57K,NEW,<.01%
21874C102,CNM,CORE & MAIN INC,466,466,22.48K,22.48K,NEW,<.01%
67092P854,NUHY,NUSHARES ETF TR,1048,1048,22.46K,22.46K,NEW,<.01%
12541W209,CHRW,C H ROBINSON WORLDWIDE IN,119,119,22.41K,22.41K,NEW,<.01%
00162Q387,OUSA,ALPS ETF TR,384,384,22.4K,22.4K,NEW,<.01%
389375106,GTN,GRAY MEDIA INC,5630,5630,22.35K,22.35K,NEW,<.01%
464287390,ILF,ISHARES TR,662,662,22.34K,22.34K,NEW,<.01%
G8473T100,STE,STERIS PLC,106,106,22.32K,22.32K,NEW,<.01%
363576109,AJG,GALLAGHER ARTHUR J & CO,97,97,22.3K,22.3K,NEW,<.01%
76954A103,RIVN,RIVIAN AUTOMOTIVE INC,1280,1280,22.21K,22.21K,NEW,<.01%
427866108,HSY,HERSHEY CO,126,126,22.11K,22.11K,NEW,<.01%
36262G101,GXO,GXO LOGISTICS INCORPORATED,436,436,22.11K,22.11K,NEW,<.01%
925283103,VSNT,VERSANT MEDIA GROUP INC,613,613,22.08K,22.08K,NEW,<.01%
56035L104,MAIN,MAIN STR CAP CORP,425,425,22.05K,22.05K,NEW,<.01%
092508100,BTZ,BLACKROCK CR ALLOCATION,2150,2150,21.97K,21.97K,NEW,<.01%
67073D102,JQC,NUVEEN CR STRATEGIES INCOME,4510,4510,21.92K,21.92K,NEW,<.01%
26210C104,DBX,DROPBOX INC,797,797,21.89K,21.89K,NEW,<.01%
N07059210,ASML,ASML HLDG NV,736,11,1.46M,21.88K,+1.5%,0.13%
91359E105,UHT,UNIVERSAL HEALTH RLTY INCOME,489,489,21.46K,21.46K,NEW,<.01%
636274409,NGG,NATIONAL GRID PLC,259,259,21.46K,21.46K,NEW,<.01%
893641100,TDG,TRANSDIGM GROUP INC,16,16,21.31K,21.31K,NEW,<.01%
46138G508,BKLN,INVESCO EXCH TRADED FD TR II,1045,1045,21.29K,21.29K,NEW,<.01%
06417N103,OZK,BANK OZK LITTLE ROCK ARK,408,408,21.25K,21.25K,NEW,<.01%
457669307,INSM,INSMED INC,199,199,21.22K,21.22K,NEW,<.01%
21037T109,CEG,CONSTELLATION ENERGY CORP,85,85,21.11K,21.11K,NEW,<.01%
90290T882,UMI,USCF ETF TR,357,357,21.01K,21.01K,NEW,<.01%
M0740A108,DRTS,ALPHA TAU MEDICAL LTD,1668,1668,20.98K,20.98K,NEW,<.01%
97717W281,DGS,WISDOMTREE TR,323,323,20.9K,20.9K,NEW,<.01%
97717X131,IQDG,WISDOMTREE TR,485,485,20.89K,20.89K,NEW,<.01%
84615Q103,SPCX,SPACE EXPLORATION TECHN CORP,122,122,20.84K,20.84K,NEW,<.01%
921932844,IVOV,VANGUARD ADMIRAL FDS INC,182,182,20.76K,20.76K,NEW,<.01%
464288109,ILCV,ISHARES TR,204,204,20.65K,20.65K,NEW,<.01%
127387108,CDNS,CADENCE DESIGN SYSTEM INC,55,55,20.64K,20.64K,NEW,<.01%
368678108,GENC,GENCOR INDS INC,1380,1380,20.59K,20.59K,NEW,<.01%
46137V696,GGME,INVESCO EXCHANGE TRADED FD T,340,340,20.47K,20.47K,NEW,<.01%
N97284108,NBIS,NEBIUS GROUP N.V.,74,74,20.44K,20.44K,NEW,<.01%
67059N108,NTNX,NUTANIX INC,400,400,20.38K,20.38K,NEW,<.01%
36162J106,GEO,GEO GROUP INC,685,685,20.24K,20.24K,NEW,<.01%
00214Q302,ARKG,ARK ETF TR,479,479,20.16K,20.16K,NEW,<.01%
7591EP100,RF,REGIONS FINANCIAL CORP NEW,667,667,20.14K,20.14K,NEW,<.01%
98956P102,ZBH,ZIMMER BIOMET HOLDINGS INC,230,230,19.84K,19.84K,NEW,<.01%
191216100,KO,COCA COLA CO,10508,244,854K,19.83K,+2.4%,0.08%
128118106,CGO,CALAMOS GLOBAL TOTAL RETURN,1447,1447,19.77K,19.77K,NEW,<.01%
98980L101,ZM,ZOOM COMMUNICATIONS INC,227,227,19.6K,19.6K,NEW,<.01%
G29183103,ETN,EATON CORP PLC,7331,46,3.12M,19.6K,+0.6%,0.28%
883556102,TMO,THERMO FISHER SCIENTIFIC INC,1016,39,509.38K,19.55K,+4%,0.04%
91307C102,UTHR,UNITED THERAPEUTICS CORP DEL,36,36,19.51K,19.51K,NEW,<.01%
453038408,IMO,IMPERIAL OIL LTD,174,174,19.5K,19.5K,NEW,<.01%
70432V102,PAYC,PAYCOM SOFTWARE INC,155,155,19.48K,19.48K,NEW,<.01%
681919106,OMC,OMNICOM GROUP INC,267,267,19.45K,19.45K,NEW,<.01%
46434V738,IEUR,ISHARES TR,258,258,19.39K,19.39K,NEW,<.01%
922042742,VT,VANGUARD INTL EQUITY INDEX F,123,123,19.3K,19.3K,NEW,<.01%
921946406,VYM,VANGUARD WHITEHALL FDS,2712,122,428.58K,19.28K,+4.7%,0.04%
60770K107,MRNA,MODERNA INC,275,275,19.23K,19.23K,NEW,<.01%
720190206,PDM,PIEDMONT REALTY TRUST INC,2095,2095,19.17K,19.17K,NEW,<.01%
92189F106,GDX,VANECK ETF TRUST,254,254,19.14K,19.14K,NEW,<.01%
637417106,NNN,NNN REIT INC,411,411,19.12K,19.12K,NEW,<.01%
925550105,VIAV,VIAVI SOLUTIONS INC,400,400,19.1K,19.1K,NEW,<.01%
46434G772,EWT,ISHARES INC,175,175,19.01K,19.01K,NEW,<.01%
37954Y657,PFFD,GLOBAL X FDS,1015,1015,18.97K,18.97K,NEW,<.01%
92857W308,VOD,VODAFONE GROUP PLC,1426,1426,18.85K,18.85K,NEW,<.01%
635017106,FIZZ,NATIONAL BEVERAGE CORP,602,602,18.78K,18.78K,NEW,<.01%
368736104,GNRC,GENERAC HLDGS INC,64,64,18.74K,18.74K,NEW,<.01%
651639106,NEM,NEWMONT CORP,200,200,18.68K,18.68K,NEW,<.01%
46269C102,IRDM,IRIDIUM COMMUNICATIONS INC,340,340,18.65K,18.65K,NEW,<.01%
42328H109,HLIO,HELIOS TECHNOLOGIES INC,207,207,18.48K,18.48K,NEW,<.01%
74251V102,PFG,PRINCIPAL FINANCIAL GROUP IN,171,171,18.44K,18.44K,NEW,<.01%
92840R101,NFJ,VIRTUS DIVIDEND INTEREST & P,1208,1208,18.35K,18.35K,NEW,<.01%
219948106,CPAY,CORPAY INC,55,55,18.33K,18.33K,NEW,<.01%
919794107,VLY,VALLEY NATL BANCORP,1250,1250,18.31K,18.31K,NEW,<.01%
375916103,GIL,GILDAN ACTIVEWEAR INC,354,354,18.27K,18.27K,NEW,<.01%
464288448,IDV,ISHARES TR,439,439,18.19K,18.19K,NEW,<.01%
405552100,HLN,HALEON PLC,1944,1944,18.14K,18.14K,NEW,<.01%
521865204,LEA,LEAR CORP,135,135,18.1K,18.1K,NEW,<.01%
46435G326,IDEV,ISHARES TR,203,203,18.07K,18.07K,NEW,<.01%
29452E101,EQH,EQUITABLE HLDGS INC,410,410,17.99K,17.99K,NEW,<.01%
109194100,BFAM,BRIGHT HORIZONS FAM SOL IN D,253,253,17.93K,17.93K,NEW,<.01%
72201R833,MINT,PIMCO ETF TR,176,176,17.74K,17.74K,NEW,<.01%
058498106,BALL,BALL CORP,284,284,17.72K,17.72K,NEW,<.01%
G25457105,CRDO,CREDO TECHNOLOGY GROUP HOLDI,65,65,17.68K,17.68K,NEW,<.01%
46137V118,PSP,INVESCO EXCHANGE TRADED FD T,317,317,17.66K,17.66K,NEW,<.01%
19247L106,RQI,COHEN & STEERS QUALITY INCOM,1426,1426,17.55K,17.55K,NEW,<.01%
97717W844,DNL,WISDOMTREE TR,380,380,17.55K,17.55K,NEW,<.01%
46138G805,BAB,INVESCO EXCH TRADED FD TR II,653,653,17.53K,17.53K,NEW,<.01%
706327103,PBA,PEMBINA PIPELINE CORP,374,374,17.3K,17.3K,NEW,<.01%
636180101,NFG,NATIONAL FUEL GAS CO,224,224,17.3K,17.3K,NEW,<.01%
03990B101,ARES,ARES MANAGEMENT CORPORATION,155,155,17.25K,17.25K,NEW,<.01%
477143101,JBLU,JETBLUE AIRWAYS CORP,2986,2986,17.11K,17.11K,NEW,<.01%
46138E784,PCY,INVESCO EXCH TRADED FD TR II,788,788,17.06K,17.06K,NEW,<.01%
37940X102,GPN,GLOBAL PMTS INC,234,234,16.98K,16.98K,NEW,<.01%
05969A105,TBBK,BANCORP INC DEL,270,270,16.91K,16.91K,NEW,<.01%
88033G407,THC,TENET HEALTHCARE CORP,90,90,16.84K,16.84K,NEW,<.01%
609839105,MPWR,MONOLITHIC PWR SYS INC,12,12,16.59K,16.59K,NEW,<.01%
27829G106,ETJ,EATON VANCE RISK-MANAGED DIV,2005,2005,16.58K,16.58K,NEW,<.01%
05534B760,BCE,BCE INC,770,770,16.56K,16.56K,NEW,<.01%
278277108,EOS,EATON VANCE ENHANCED EQUITY,750,750,16.53K,16.53K,NEW,<.01%
443573100,HUBS,HUBSPOT INC,90,90,16.43K,16.43K,NEW,<.01%
518439104,EL,LAUDER ESTEE COS INC,208,208,16.42K,16.42K,NEW,<.01%
26817Q886,DX,DYNEX CAP INC,1250,1250,16.39K,16.39K,NEW,<.01%
529043408,LXP,LXP INDUSTRIAL TRUST,303,303,16.33K,16.33K,NEW,<.01%
302130109,EXPD,EXPEDITORS INTL WASH INC,100,100,16.3K,16.3K,NEW,<.01%
69351T106,PPL,PPL CORP,447,447,16.25K,16.25K,NEW,<.01%
199908104,FIX,COMFORT SYS USA INC,8,8,16.14K,16.14K,NEW,<.01%
464287523,SOXX,ISHARES TR,848,25,543.12K,16.01K,+3%,0.05%
22160K105,COST,COSTCO WHOLESALE CORPORATION,8589,17,8.03M,15.9K,+0.2%,0.71%
40170T106,GUG,GUGGENHEIM ACTIVE ALLOC FD,995,995,15.9K,15.9K,NEW,<.01%
754907103,RYN,RAYONIER INC,745,745,15.85K,15.85K,NEW,<.01%
464287754,IYJ,ISHARES TR,95,95,15.83K,15.83K,NEW,<.01%
56064Q107,MEGI,NYLI CBRE GBL INFR MEGTRNDS,1040,1040,15.81K,15.81K,NEW,<.01%
86562M209,SMFG,SUMITOMO MITSUI FIN GRP INC,670,670,15.8K,15.8K,NEW,<.01%
88642R109,TDW,TIDEWATER INC NEW,236,236,15.75K,15.75K,NEW,<.01%
00123Q104,AGNC,AGNC INVT CORP,1433,1433,15.62K,15.62K,NEW,<.01%
35473P686,FLTW,FRANKLIN TEMPLETON ETF TR,148,148,15.62K,15.62K,NEW,<.01%
464288794,IAI,ISHARES TR,89,89,15.61K,15.61K,NEW,<.01%
06829D701,BROL,BARON ETF TR,610,610,15.59K,15.59K,NEW,<.01%
835495102,SON,SONOCO PRODS CO,276,276,15.55K,15.55K,NEW,<.01%
77926X320,DRAM,ROUNDHILL ETF TRUST,210,210,15.52K,15.52K,NEW,<.01%
35905A109,FTDR,FRONTDOOR INC,200,200,15.52K,15.52K,NEW,<.01%
285512109,EA,ELECTRONIC ARTS INC,2227,75,456.62K,15.38K,+3.5%,0.04%
806407102,HSIC,SCHEIN HENRY INC,184,184,15.38K,15.38K,NEW,<.01%
N20944109,CNH,CNH INDL N V,1368,1368,15.36K,15.36K,NEW,<.01%
33733E708,FTDS,FIRST TR EXCHANGE-TRADED FD,250,250,15.34K,15.34K,NEW,<.01%
464286509,EWC,ISHARES INC,265,265,15.25K,15.25K,NEW,<.01%
464287275,IXP,ISHARES TR,135,135,15.23K,15.23K,NEW,<.01%
682143102,OMER,OMEROS CORP,1600,1600,15.22K,15.22K,NEW,<.01%
08265T208,BSY,BENTLEY SYS INC,504,504,15.06K,15.06K,NEW,<.01%
337345102,QTEC,FIRST TR EXCHANGE-TRADED FD,45,45,15.06K,15.06K,NEW,<.01%
49446R109,KIM,KIMCO REALTY CORP,594,594,15.06K,15.06K,NEW,<.01%
78410G104,SBAC,SBA COMMUNICATIONS CORP,85,85,15K,15K,NEW,<.01%
87807B107,TRP,TC ENERGY CORP,226,226,14.98K,14.98K,NEW,<.01%
723484101,PNW,PINNACLE WEST CAP CORP,140,140,14.98K,14.98K,NEW,<.01%
09789C770,HYSA,BONDBLOXX ETF TRUST,1000,1000,14.97K,14.97K,NEW,<.01%
46435G516,ESGD,ISHARES TR,145,145,14.91K,14.91K,NEW,<.01%
N3167Y103,RACE,FERRARI N V,40,40,14.89K,14.89K,NEW,<.01%
776696106,ROP,ROPER TECHNOLOGIES INC,44,44,14.89K,14.89K,NEW,<.01%
894164102,TNL,TRAVEL PLUS LEISURE CO,194,194,14.83K,14.83K,NEW,<.01%
049560105,ATO,ATMOS ENERGY CORP,86,86,14.82K,14.82K,NEW,<.01%
65249B109,NWSA,NEWS CORP NEW,595,595,14.77K,14.77K,NEW,<.01%
092524107,BGY,BLACKROCK ENHANCED INTL DIV,2550,2550,14.64K,14.64K,NEW,<.01%
911549103,UAMY,UNITED STATES ANTIMONY CORP,2000,2000,14.52K,14.52K,NEW,<.01%
06368B504,FNGS,BANK MONTREAL MEDIUM,200,200,14.52K,14.52K,NEW,<.01%
464287564,ICF,ISHARES TR,213,213,14.41K,14.41K,NEW,<.01%
Y27183600,GSL,GLOBAL SHIP LEASE INC,383,383,14.38K,14.38K,NEW,<.01%
46187W107,INVH,INVITATION HOMES INC,476,476,14.38K,14.38K,NEW,<.01%
69346N107,PDX,PIMCO DYNAMIC INCOME STRATEG,675,675,14.05K,14.05K,NEW,<.01%
783513203,RYAAY,RYANAIR HOLDINGS PLC,217,217,14.05K,14.05K,NEW,<.01%
46138G102,XSLV,INVESCO EXCH TRADED FD TR II,267,267,13.99K,13.99K,NEW,<.01%
05329W102,AN,AUTONATION INC,10193,75,1.89M,13.93K,+0.7%,0.17%
57633B100,MHH,MASTECH HLDGS INC,1800,1800,13.91K,13.91K,NEW,<.01%
85208P832,REXC,SPROTT FDS TR,705,705,13.9K,13.9K,NEW,<.01%
890110109,TMP,TOMPKINS FINL CORP,147,147,13.89K,13.89K,NEW,<.01%
33718M105,FDM,FIRST TR EXCHANGE-TRADED FD,149,149,13.87K,13.87K,NEW,<.01%
46435U853,USHY,ISHARES TR,374,374,13.85K,13.85K,NEW,<.01%
051774107,AUR,AURORA INNOVATION INC,2029,2029,13.84K,13.84K,NEW,<.01%
78464A755,XME,SPDR SERIES TRUST,129,129,13.81K,13.81K,NEW,<.01%
737446104,POST,POST HLDGS INC,156,156,13.77K,13.77K,NEW,<.01%
74348A467,NOBL,PROSHARES TR,244,244,13.7K,13.7K,NEW,<.01%
97717W422,EPI,WISDOMTREE TR,320,320,13.69K,13.69K,NEW,<.01%
90290N109,USAC,USA COMPRESSION PARTNERS LP,519,519,13.69K,13.69K,NEW,<.01%
084423102,WRB,BERKLEY W R CORP,193,193,13.61K,13.61K,NEW,<.01%
016255101,ALGN,ALIGN TECHNOLOGY INC,80,80,13.49K,13.49K,NEW,<.01%
33734X846,CIBR,FIRST TR EXCHANGE-TRADED FD,9073,150,815.23K,13.48K,+1.7%,0.07%
808524672,SCHY,SCHWAB STRATEGIC TR,424,424,13.45K,13.45K,NEW,<.01%
828806109,SPG,SIMON PPTY GROUP INC NEW,60,60,13.42K,13.42K,NEW,<.01%
19248A109,UTF,COHEN & STEERS INFRASTRUCTUR,485,485,13.38K,13.38K,NEW,<.01%
63633D104,NHI,NATIONAL HEALTH INVS INC,175,175,13.35K,13.35K,NEW,<.01%
00846U101,A,AGILENT TECHNOLOGIES INC,100,100,13.28K,13.28K,NEW,<.01%
921910733,ESGV,VANGUARD WORLD FD,100,100,13.22K,13.22K,NEW,<.01%
629156407,NL,NLI HOLDINGS INC,2200,2200,13.09K,13.09K,NEW,<.01%
97717Y683,GCC,WISDOMTREE TR,575,575,13.02K,13.02K,NEW,<.01%
78463X400,GXC,SPDR INDEX SHS FDS,150,150,12.98K,12.98K,NEW,<.01%
81369Y308,XLP,SELECT SECTOR SPDR TR,2841,156,236K,12.96K,+5.8%,0.02%
26922A420,QTUM,ETF SER SOLUTIONS,78,78,12.84K,12.84K,NEW,<.01%
464287846,IYY,ISHARES TR,70,70,12.76K,12.76K,NEW,<.01%
001055102,AFL,AFLAC INC,109,109,12.72K,12.72K,NEW,<.01%
922907746,VTEB,VANGUARD MUN BD FDS,250,250,12.64K,12.64K,NEW,<.01%
87165B103,SYF,SYNCHRONY FINANCIAL,166,166,12.62K,12.62K,NEW,<.01%
G61188127,LBTYK,LIBERTY GLOBAL LTD,1146,1146,12.61K,12.61K,NEW,<.01%
97717Y527,USFR,WISDOMTREE TR,250,250,12.59K,12.59K,NEW,<.01%
92343E102,VRSN,VERISIGN INC,50,50,12.58K,12.58K,NEW,<.01%
46138E149,PSCH,INVESCO EXCH TRADED FD TR II,240,240,12.57K,12.57K,NEW,<.01%
955306105,WST,WEST PHARMACEUTICAL SVSC INC,35,35,12.56K,12.56K,NEW,<.01%
053611109,AVY,AVERY DENNISON CORP,77,77,12.5K,12.5K,NEW,<.01%
40412C101,HCA,HCA HEALTHCARE INC,2447,32,953.98K,12.48K,+1.3%,0.08%
46429B663,HDV,ISHARES TR,455,455,12.47K,12.47K,NEW,<.01%
09257A108,BCX,BLACKROCK RES & COMMODITIES,1100,1100,12.44K,12.44K,NEW,<.01%
46138G706,TAN,INVESCO EXCH TRADED FD TR II,210,210,12.42K,12.42K,NEW,<.01%
30225T102,EXR,EXTRA SPACE STORAGE INC,85,85,12.42K,12.42K,NEW,<.01%
035710839,NLY,ANNALY CAPITAL MANAGEMENT IN,550,550,12.3K,12.3K,NEW,<.01%
15643U104,LEU,CENTRUS ENERGY CORP,73,73,12.26K,12.26K,NEW,<.01%
20848V105,CCSI,CONSENSUS CLOUD SOLUTIONS IN,316,316,12.06K,12.06K,NEW,<.01%
428291108,HXL,HEXCEL CORP NEW,120,120,12.01K,12.01K,NEW,<.01%
464286178,GHYG,ISHARES INC,265,265,12K,12K,NEW,<.01%
189054109,CLX,CLOROX CO DEL,125,125,11.95K,11.95K,NEW,<.01%
92647X830,VFLO,VICTORY PORTFOLIOS II,260,260,11.89K,11.89K,NEW,<.01%
009066101,ABNB,AIRBNB INC,4030,83,576.69K,11.88K,+2.1%,0.05%
50050N103,KTB,KONTOOR BRANDS INC,142,142,11.84K,11.84K,NEW,<.01%
08862E109,BYND,BEYOND MEAT INC,65750,15750,49.31K,11.81K,+31.5%,<.01%
14808P109,CASS,CASS INFORMATION SYS INC,230,230,11.8K,11.8K,NEW,<.01%
31188V100,FSLY,FASTLY INC,642,642,11.79K,11.79K,NEW,<.01%
33735J101,FTA,FIRST TR EXCHANGE-TRADED ALP,121,121,11.71K,11.71K,NEW,<.01%
72348N109,PNFP,PINNACLE FINL PARTNERS INC,116,116,11.7K,11.7K,NEW,<.01%
33939L886,RAVI,FLEXSHARES TR,155,155,11.69K,11.69K,NEW,<.01%
224408104,CR,CRANE COMPANY,52,52,11.6K,11.6K,NEW,<.01%
33740F276,EIPI,FIRST TR EXCHNG TRADED FD VI,528,528,11.53K,11.53K,NEW,<.01%
75644T100,RCAT,RED CAT HLDGS INC,1083,1083,11.53K,11.53K,NEW,<.01%
829933100,SIRI,SIRIUSXM HOLDINGS INC,390,390,11.52K,11.52K,NEW,<.01%
146869102,CVNA,CARVANA CO,175,175,11.52K,11.52K,NEW,<.01%
216648501,COO,COOPER COS INC,160,160,11.47K,11.47K,NEW,<.01%
45784P101,PODD,INSULET CORP,75,75,11.42K,11.42K,NEW,<.01%
921946885,VWOB,VANGUARD WHITEHALL FDS,169,169,11.4K,11.4K,NEW,<.01%
617700109,MORN,MORNINGSTAR INC,73,73,11.39K,11.39K,NEW,<.01%
46132L107,VBF,INVESCO BD FD,750,750,11.37K,11.37K,NEW,<.01%
384747101,GRAL,GRAIL INC,166,166,11.33K,11.33K,NEW,<.01%
G3265R107,APTV,APTIV PLC,179,179,10.99K,10.99K,NEW,<.01%
32051X108,FHB,FIRST HAWAIIAN INC,372,372,10.9K,10.9K,NEW,<.01%
606822104,MUFG,MITSUBISHI UFJ FINANCIAL GRO,548,548,10.9K,10.9K,NEW,<.01%
674599162,OXYWS,OCCIDENTAL PETE CORP,406,406,10.81K,10.81K,NEW,<.01%
89677Q107,TCOM,TRIP COM GROUP LTD,270,270,10.76K,10.76K,NEW,<.01%
101137107,BSX,BOSTON SCIENTIFIC CORP,3454,252,147.42K,10.76K,+7.9%,0.01%
088929104,BGC,BGC GROUP INC,1000,1000,10.69K,10.69K,NEW,<.01%
464287762,IYH,ISHARES TR,159,159,10.65K,10.65K,NEW,<.01%
14021T102,CGIC,CAPITAL GROUP INTERNATIONAL,292,292,10.63K,10.63K,NEW,<.01%
92556V106,VTRS,VIATRIS INC,668,668,10.61K,10.61K,NEW,<.01%
22052L104,CTVA,CORTEVA INC,8428,125,713.77K,10.59K,+1.5%,0.06%
143130102,KMX,CARMAX INC,200,200,10.58K,10.58K,NEW,<.01%
27829L105,EOT,EATON VANCE NATL MUN OPPORT,600,600,10.57K,10.57K,NEW,<.01%
12514G108,CDW,CDW CORP,75,75,10.55K,10.55K,NEW,<.01%
044186104,ASH,ASHLAND INC,160,160,10.54K,10.54K,NEW,<.01%
18913Y103,GLV,CLOUGH GLOBAL DIVID & INCOME,1586,1586,10.53K,10.53K,NEW,<.01%
66538H641,ISMD,NORTHERN LTS FD TR IV,208,208,10.42K,10.42K,NEW,<.01%
12811T522,CAGE,CALAMOS ETF TR,374,374,10.36K,10.36K,NEW,<.01%
04650F101,ATAI,ATAIBECKLEY INC,1960,1960,10.33K,10.33K,NEW,<.01%
00162Q395,OUSM,ALPS ETF TR,217,217,10.31K,10.31K,NEW,<.01%
11133T103,BR,BROADRIDGE FINL SOLUTIONS IN,75,75,10.27K,10.27K,NEW,<.01%
459200101,IBM,INTERNATIONAL BUSINESS MACHS,3500,36,984.23K,10.12K,+1%,0.09%
66538H187,FDLS,NORTHERN LTS FD TR IV,237,237,10.02K,10.02K,NEW,<.01%
042068205,ARM,ARM HOLDINGS PLC,28,28,9.93K,9.93K,NEW,<.01%
79589L106,IOT,SAMSARA INC,305,305,9.89K,9.89K,NEW,<.01%
81369Y407,XLY,SELECT SECTOR SPDR TR,10410,84,1.22M,9.85K,+0.8%,0.11%
064058100,BK,BANK OF NY MELLON CORP,68,68,9.8K,9.8K,NEW,<.01%
608190104,MHK,MOHAWK INDS INC,80,80,9.71K,9.71K,NEW,<.01%
33739E108,FPE,FIRST TR EXCH TRADED FD III,541,541,9.68K,9.68K,NEW,<.01%
00162Q379,OEFA,ALPS ETF TR,280,280,9.66K,9.66K,NEW,<.01%
874060205,TAK,TAKEDA PHARMACEUTICAL CO LTD,602,602,9.65K,9.65K,NEW,<.01%
17243V102,CNK,CINEMARK HLDGS INC,300,300,9.52K,9.52K,NEW,<.01%
001084102,AGCO,AGCO CORP,79,79,9.46K,9.46K,NEW,<.01%
803054204,SAP,SAP SE,61,61,9.44K,9.44K,NEW,<.01%
18914C100,GLQ,CLOUGH GLOBAL EQUITY FD,1091,1091,9.4K,9.4K,NEW,<.01%
05722G100,BKR,BAKER HUGHES COMPANY,169,169,9.36K,9.36K,NEW,<.01%
40167F101,GOF,GUGGENHEIM STRATEGIC OPPORTU,855,855,9.34K,9.34K,NEW,<.01%
55616P104,M,MACYS INC,395,395,9.3K,9.3K,NEW,<.01%
888787108,TOST,TOAST INC,334,334,9.29K,9.29K,NEW,<.01%
464288661,IEI,ISHARES TR,79,79,9.28K,9.28K,NEW,<.01%
33735T109,FDD,FIRST TR EXCHANGE-TRADED FD,500,500,9.28K,9.28K,NEW,<.01%
74982T103,RXO,RXO INC,336,336,9.27K,9.27K,NEW,<.01%
46434G814,EWM,ISHARES INC,341,341,9.19K,9.19K,NEW,<.01%
808524680,SCHQ,SCHWAB STRATEGIC TR,290,290,9.08K,9.08K,NEW,<.01%
97717W760,DLS,WISDOMTREE TR,108,108,9.05K,9.05K,NEW,<.01%
61945C103,MOS,MOSAIC CO,425,425,9.01K,9.01K,NEW,<.01%
464287838,IYM,ISHARES TR,50,50,8.98K,8.98K,NEW,<.01%
95790K109,WDI,WESTERN ASSET DIVERSIFIED IN,661,661,8.96K,8.96K,NEW,<.01%
46436E718,SGOV,ISHARES TR,4537,89,456.7K,8.96K,+2%,0.04%
446413106,HII,HUNTINGTON INGALLS INDS INC,32,32,8.96K,8.96K,NEW,<.01%
G2004J103,CCL,CARNIVAL CORP LTD,313,313,8.94K,8.94K,NEW,<.01%
57164Y107,VAC,MARRIOTT VACATIONS WORLDWIDE,88,88,8.92K,8.92K,NEW,<.01%
34354P105,FLS,FLOWSERVE CORP,120,120,8.9K,8.9K,NEW,<.01%
46138J775,POWA,INVESCO EXCH TRD SLF IDX FD,100,100,8.88K,8.88K,NEW,<.01%
92276F100,VTR,VENTAS INC,100,100,8.88K,8.88K,NEW,<.01%
553368101,MP,MP MATERIALS CORP,158,158,8.85K,8.85K,NEW,<.01%
060505682,BACPRL,BANK OF AMER CORP,7,7,8.78K,8.78K,NEW,<.01%
928881101,VNT,VONTIER CORPORATION,300,300,8.7K,8.7K,NEW,<.01%
45781V101,IIPR,INNOVATIVE INDL PPTYS INC,139,139,8.61K,8.61K,NEW,<.01%
26922B865,SEA,ETF SER SOLUTIONS,525,525,8.56K,8.56K,NEW,<.01%
092501105,BOE,BLACKROCK ENHANCED GLOBAL,705,705,8.52K,8.52K,NEW,<.01%
630402105,NSSC,NAPCO SEC TECHNOLOGIES INC,224,224,8.51K,8.51K,NEW,<.01%
37954Y137,HEAL,GLOBAL X FDS,308,308,8.5K,8.5K,NEW,<.01%
871607107,SNPS,SYNOPSYS INC,19,19,8.48K,8.48K,NEW,<.01%
31946M103,FCNCA,FIRST CTZNS BANCSHARES INC D,4,4,8.32K,8.32K,NEW,<.01%
871332102,SLVM,SYLVAMO CORP,220,220,8.32K,8.32K,NEW,<.01%
704326107,PAYX,PAYCHEX INC,84,84,8.26K,8.26K,NEW,<.01%
28852N109,EFC,ELLINGTON FINANCIAL INC,600,600,8.17K,8.17K,NEW,<.01%
92189F601,NLR,VANECK ETF TRUST,70,70,8.12K,8.12K,NEW,<.01%
46137V852,PTH,INVESCO EXCHANGE TRADED FD T,135,135,8.07K,8.07K,NEW,<.01%
872590104,TMUS,T-MOBILE US INC,1632,48,273.74K,8.05K,+3%,0.02%
354613101,BEN,FRANKLIN RESOURCES INC,241,241,8.02K,8.02K,NEW,<.01%
35473P744,FLJP,FRANKLIN TEMPLETON ETF TR,200,200,7.95K,7.95K,NEW,<.01%
80359A205,PDYN,PALLADYNE AI CORP,1303,1303,7.92K,7.92K,NEW,<.01%
450913108,IAG,IAMGOLD CORP,500,500,7.92K,7.92K,NEW,<.01%
023608102,AEE,AMEREN CORP,70,70,7.91K,7.91K,NEW,<.01%
46138E537,PZA,INVESCO EXCH TRADED FD TR II,335,335,7.88K,7.88K,NEW,<.01%
099502106,BAH,BOOZ ALLEN HAMILTON HLDG COR,129,129,7.83K,7.83K,NEW,<.01%
66537J796,PTL,NORTHERN LTS FD TR IV,27,27,7.82K,7.82K,NEW,<.01%
091748202,BITC,BITWISE FUNDS TRUST,215,215,7.8K,7.81K,NEW,<.01%
P31076105,CPA,COPA HOLDINGS SA,50,50,7.78K,7.78K,NEW,<.01%
66538H393,RISN,NORTHERN LTS FD TR IV,253,253,7.77K,7.77K,NEW,<.01%
66538H658,BLES,NORTHERN LTS FD TR IV,162,162,7.74K,7.74K,NEW,<.01%
11276H106,BIPC,BROOKFIELD INFRASTRUCTURE CO,201,201,7.74K,7.74K,NEW,<.01%
06829D305,BCSM,BARON ETF TR,310,310,7.73K,7.73K,NEW,<.01%
595017104,MCHP,MICROCHIP TECHNOLOGY INC.,84,84,7.66K,7.66K,NEW,<.01%
464288638,IGIB,ISHARES TR,144,144,7.66K,7.66K,NEW,<.01%
404280406,HSBC,HSBC HLDGS PLC,80,80,7.61K,7.61K,NEW,<.01%
09258G104,BST,BLACKROCK SCIENCE & TECHNOLO,150,150,7.61K,7.61K,NEW,<.01%
46641Q241,BBAG,J P MORGAN EXCHANGE TRADED F,165,165,7.58K,7.58K,NEW,<.01%
896442308,TRIN,TRINITY CAP INC,423,423,7.57K,7.57K,NEW,<.01%
35137L105,FOXA,FOX CORP,145,145,7.56K,7.56K,NEW,<.01%
06760L100,BGH,BARINGS GLOBAL SHORT DURATIO,527,527,7.43K,7.43K,NEW,<.01%
833635105,SQM,SOCIEDAD QUIMICA Y MINERA DE,100,100,7.4K,7.4K,NEW,<.01%
731068102,PII,POLARIS INC,108,108,7.39K,7.39K,NEW,<.01%
92189H839,BUZZ,VANECK ETF TRUST,200,200,7.39K,7.39K,NEW,<.01%
52736R102,LEVI,LEVI STRAUSS & CO NEW,297,297,7.38K,7.38K,NEW,<.01%
530307305,LBRDK,LIBERTY BROADBAND CORP,222,222,7.37K,7.37K,NEW,<.01%
464288851,IEO,ISHARES TR,67,67,7.36K,7.36K,NEW,<.01%
86333M108,LRN,STRIDE INC,85,85,7.33K,7.33K,NEW,<.01%
16679L109,CHWY,CHEWY INC,371,371,7.29K,7.29K,NEW,<.01%
65158N102,NMRK,NEWMARK GROUP INC,480,480,7.25K,7.25K,NEW,<.01%
464289438,IWY,ISHARES TR,25,25,7.25K,7.25K,NEW,<.01%
741623102,PRMB,PRIMO BRANDS CORPORATION,295,295,7.21K,7.21K,NEW,<.01%
41021P103,HPS,HANCOCK JOHN PFD INCOME FD I,495,495,7.2K,7.2K,NEW,<.01%
09260D107,BX,BLACKSTONE INC,17555,61,2.07M,7.18K,+0.3%,0.18%
09260U109,BCAT,BLACKROCK CAP ALLOCATION TER,450,450,7.17K,7.17K,NEW,<.01%
46137V753,PBJ,INVESCO EXCHANGE TRADED FD T,151,151,7.12K,7.12K,NEW,<.01%
53656F417,METV,LISTED FDS TR,380,380,7.01K,7.01K,NEW,<.01%
225310101,CACC,CREDIT ACCEP CORP MICH,11,11,7K,7.01K,NEW,<.01%
46654Q484,JCAL,J P MORGAN EXCHANGE TRADED F,139,139,7K,7K,NEW,<.01%
157210105,CEVA,CEVA INC,148,148,6.98K,6.98K,NEW,<.01%
90274D382,MLPB,UBS AG LONDON BRANCH,242,242,6.97K,6.97K,NEW,<.01%
M9T951109,ZIM,ZIM INTEGRATED SHIPPING SERV,267,267,6.94K,6.94K,NEW,<.01%
09260E105,BMEZ,BLACKROCK HEALTH SCIENCES TE,450,450,6.91K,6.91K,NEW,<.01%
N14506104,ESTC,ELASTIC N V,121,121,6.9K,6.9K,NEW,<.01%
808524805,SCHF,SCHWAB STRATEGIC TR,248,248,6.87K,6.87K,NEW,<.01%
31847R102,FAF,FIRST AMERN FINL CORP,100,100,6.86K,6.86K,NEW,<.01%
94987E109,ERH,ALLSPRING UTILITIES AND HIGH,562,562,6.79K,6.79K,NEW,<.01%
359694106,FUL,FULLER H B CO,116,116,6.76K,6.76K,NEW,<.01%
642045108,AESI,ATLAS ENERGY SOLUTIONS INC,405,405,6.73K,6.73K,NEW,<.01%
928254101,VIRT,VIRTU FINL INC,112,112,6.67K,6.67K,NEW,<.01%
904708104,UNF,UNIFIRST CORP MASS,25,25,6.61K,6.61K,NEW,<.01%
008492100,ADC,AGREE RLTY CORP,87,87,6.59K,6.59K,NEW,<.01%
62914V106,NIO,NIO INC,1300,1300,6.58K,6.58K,NEW,<.01%
397624206,GEFB,GREIF INC,70,70,6.55K,6.55K,NEW,<.01%
464288836,IHE,ISHARES TR,11310,66,1.12M,6.53K,+0.6%,0.1%
126501105,CTS,CTS CORP,100,100,6.52K,6.52K,NEW,<.01%
00400R601,WBIF,ABSOLUTE SHS TR,182,182,6.5K,6.5K,NEW,<.01%
364760108,GAP,GAP INC,343,343,6.41K,6.41K,NEW,<.01%
00301W105,AEF,ABRDN EMERGING MARKETS EX CH,664,664,6.38K,6.38K,NEW,<.01%
884903881,TRI.TO,THOMSON REUTERS CORP,76,76,6.21K,6.21K,NEW,<.01%
46641Q399,BBUS,J P MORGAN EXCHANGE TRADED F,46,46,6.2K,6.2K,NEW,<.01%
89834G760,CLSE,TRUST FOR PROFESSIONAL MANAG,179,179,6.11K,6.11K,NEW,<.01%
235851102,DHR,DANAHER CORP DEL,3146,32,599.27K,6.1K,+1%,0.05%
46137Y500,CVY,INVESCO EXCHANGE TRADED FD T,210,210,6.06K,6.06K,NEW,<.01%
46641Q373,BBIN,J P MORGAN EXCHANGE TRADED F,77,77,6.01K,6.01K,NEW,<.01%
929042109,VNO,VORNADO RLTY TR,153,153,6.01K,6.01K,NEW,<.01%
397624107,GEF,GREIF INC,80,80,5.96K,5.96K,NEW,<.01%
705573103,PEGA,PEGASYSTEMS INC,198,198,5.93K,5.93K,NEW,<.01%
95058W100,WEN,WENDYS CO,710,710,5.89K,5.89K,NEW,<.01%
01881G106,AB,ALLIANCEBERNSTEIN HLDG L P,165,165,5.81K,5.81K,NEW,<.01%
531229755,FWONK,LIBERTY MEDIA CORP DEL,55,55,5.81K,5.81K,NEW,<.01%
464288281,EMB,ISHARES TR,60,60,5.79K,5.79K,NEW,<.01%
817565104,SCI,SERVICE CORP INTL,76,76,5.77K,5.77K,NEW,<.01%
78464A607,RWR,SPDR SERIES TRUST,51,51,5.76K,5.76K,NEW,<.01%
26740W109,QBTS,D-WAVE QUANTUM INC,240,240,5.76K,5.76K,NEW,<.01%
810186106,SMG,SCOTTS MIRACLE-GRO CO,84,84,5.72K,5.72K,NEW,<.01%
122017106,BURL,BURLINGTON STORES INC,18,18,5.7K,5.7K,NEW,<.01%
892356106,TSCO,TRACTOR SUPPLY CO,180,180,5.69K,5.69K,NEW,<.01%
959802109,WU,WESTERN UN CO,725,725,5.58K,5.58K,NEW,<.01%
093712107,BE,BLOOM ENERGY CORP,18,18,5.53K,5.53K,NEW,<.01%
464289875,AOM,ISHARES TR,110,110,5.49K,5.49K,NEW,<.01%
866796105,SLF,SUN LIFE FINANCIAL INC.,70,70,5.46K,5.46K,NEW,<.01%
049468101,TEAM,ATLASSIAN CORPORATION,70,70,5.45K,5.45K,NEW,<.01%
09247F209,BKT,BLACKROCK INCOME TR INC,495,495,5.31K,5.31K,NEW,<.01%
11135F101,AVGO,BROADCOM INC,22745,14,8.59M,5.29K,+0.1%,0.76%
558256103,MSGE,MADISON SQUARE GARDEN ENTMT,4931,65,398.9K,5.26K,+1.3%,0.04%
78573L106,SBRA,SABRA HEALTH CARE REIT INC,268,268,5.22K,5.22K,NEW,<.01%
73757R102,PSTL,POSTAL REALTY TRUST INC,211,211,5.19K,5.19K,NEW,<.01%
02083X103,PINE,ALPINE INCOME PPTY TR INC,250,250,5.18K,5.18K,NEW,<.01%
06738E204,BCS,BARCLAYS PLC,191,191,5.14K,5.14K,NEW,<.01%
Y2065G121,DHT,DHT HOLDINGS INC,310,310,5.13K,5.13K,NEW,<.01%
632307104,NTRA,NATERA INC,19,19,5.11K,5.11K,NEW,<.01%
46429B655,FLOT,ISHARES TR,100,100,5.11K,5.11K,NEW,<.01%
67075G103,JGH,NUVEEN GLOBAL HIGH INCOME FD,400,400,5.09K,5.09K,NEW,<.01%
20369C106,CHCT,COMMUNITY HEALTHCARE TR INC,278,278,5.08K,5.08K,NEW,<.01%
319829107,FCF,FIRST COMWLTH FINL CORP PA,250,250,5.08K,5.08K,NEW,<.01%
693656100,PVH,PVH CORPORATION,68,68,5.05K,5.05K,NEW,<.01%
46137V332,RSPH,INVESCO EXCHANGE TRADED FD T,150,150,4.98K,4.98K,NEW,<.01%
09290C103,DYNF,BLACKROCK ETF TRUST,73,73,4.96K,4.96K,NEW,<.01%
029899101,AWR,AMER STATES WTR CO,60,60,4.96K,4.96K,NEW,<.01%
45688C107,NGVT,INGEVITY CORP,66,66,4.93K,4.93K,NEW,<.01%
67090X107,JCE,NUVEEN CORE EQUITY ALPHA FD,300,300,4.91K,4.91K,NEW,<.01%
36249W104,GGZ,GABELLI GLOBAL SMALL & MID C,298,298,4.84K,4.84K,NEW,<.01%
97717X156,QSIG,WISDOMTREE TR,100,100,4.83K,4.83K,NEW,<.01%
46434V613,IUSB,ISHARES TR,103,103,4.75K,4.75K,NEW,<.01%
00162Q668,EDOG,ALPS ETF TR,200,200,4.75K,4.75K,NEW,<.01%
98421M106,XRX,XEROX HOLDINGS CORP,1500,1500,4.7K,4.7K,NEW,<.01%
Y64177101,ECO,OKEANIS ECO TANKERS COR,93,93,4.64K,4.64K,NEW,<.01%
02390A101,AMX,AMERICA MOVIL SAB DE CV,177,177,4.61K,4.61K,NEW,<.01%
33739Q507,FCVT,FIRST TR EXCHANGE-TRADED FD,85,85,4.57K,4.57K,NEW,<.01%
97717X198,QIG,WISDOMTREE TR,100,100,4.44K,4.44K,NEW,<.01%
040413205,ANET,ARISTA NETWORKS INC,2794,26,474.67K,4.42K,+0.9%,0.04%
36467W109,GME,GAMESTOP CORP,198,198,4.37K,4.37K,NEW,<.01%
P73684113,OSW,ONESPAWORLD HOLDINGS LIMITED,151,151,4.27K,4.27K,NEW,<.01%
G65773106,NAT,NORDIC AMERICAN TANKERS LIMI,771,771,4.27K,4.27K,NEW,<.01%
929566107,WNC,WABASH NATL CORP,316,316,4.27K,4.27K,NEW,<.01%
00162Q593,SBIO,ALPS ETF TR,66,66,4.27K,4.27K,NEW,<.01%
02072L656,DIVD,EA SERIES TRUST,100,100,4.25K,4.25K,NEW,<.01%
686688102,ORA,ORMAT TECHNOLOGIES INC,39,39,4.25K,4.25K,NEW,<.01%
974637100,WGO,WINNEBAGO INDS INC,135,135,4.22K,4.22K,NEW,<.01%
78464A805,SPTM,SPDR SERIES TRUST,46,46,4.18K,4.18K,NEW,<.01%
46435G474,FALN,ISHARES TR,152,152,4.15K,4.15K,NEW,<.01%
925652109,VICI,VICI PPTYS INC,156,156,4.14K,4.14K,NEW,<.01%
205887102,CAG,CONAGRA BRANDS INC,306,306,4.12K,4.12K,NEW,<.01%
78468R853,SPSM,SPDR SERIES TRUST,71,71,4.09K,4.09K,NEW,<.01%
03852U106,ARMK,ARAMARK,72,72,4.09K,4.09K,NEW,<.01%
49428J109,KE,KIMBALL ELECTRONICS INC,159,159,4.07K,4.07K,NEW,<.01%
875465106,SKT,TANGER INC,103,103,4.05K,4.05K,NEW,<.01%
739128106,POWL,POWELL INDS INC,14,14,4.04K,4.04K,NEW,<.01%
25459Y207,QQQE,DIREXION SHARES ETF TRUST,33,33,4.03K,4.03K,NEW,<.01%
09257R101,BGB,BLACKSTONE STRATEGIC CRED 20,350,350,3.96K,3.96K,NEW,<.01%
053774105,CAR,AVIS BUDGET GROUP INC,27,27,3.95K,3.95K,NEW,<.01%
75630B402,NIXX,NIXXY INC,2631,2631,3.95K,3.95K,NEW,<.01%
559222401,MGA,MAGNA INTL INC,60,60,3.94K,3.94K,NEW,<.01%
37954A303,XRN,CHIRON REAL ESTATE INC,105,105,3.94K,3.94K,NEW,<.01%
60786M105,MC,MOELIS & CO,60,60,3.93K,3.93K,NEW,<.01%
50208A102,SCD,LMP CAP & INCOME FD INC,250,250,3.91K,3.91K,NEW,<.01%
92189H300,EMLC,VANECK ETF TRUST,153,153,3.9K,3.9K,NEW,<.01%
78464A508,SPYV,SPDR SERIES TRUST,64,64,3.9K,3.9K,NEW,<.01%
530307107,LBRDA,LIBERTY BROADBAND CORP,117,117,3.89K,3.89K,NEW,<.01%
07373V105,BEAM,BEAM THERAPEUTICS INC,111,111,3.82K,3.82K,NEW,<.01%
89422G107,TVTX,TRAVERE THERAPEUTICS INC,67,67,3.8K,3.8K,NEW,<.01%
74347G440,BITO,PROSHARES TR,476,476,3.8K,3.8K,NEW,<.01%
942749102,WTS,WATTS WATER TECHNOLOGIES INC,10,10,3.79K,3.79K,NEW,<.01%
46428R107,GSG,ISHARES S&P GSCI COMMODITY-,130,130,3.72K,3.72K,NEW,<.01%
26922A602,VBND,ETF SER SOLUTIONS,85,85,3.71K,3.71K,NEW,<.01%
92189F429,PFXF,VANECK ETF TRUST,206,206,3.67K,3.67K,NEW,<.01%
881624209,TEVA,TEVA PHARMACEUTICAL INDS LTD,108,108,3.66K,3.66K,NEW,<.01%
301505731,THNQ,EXCHANGE TRADED CONCEPTS TRU,40,40,3.65K,3.65K,NEW,<.01%
861012102,STM,STMICROELECTRONICS N V,48,48,3.6K,3.6K,NEW,<.01%
890516107,TR,TOOTSIE ROLL INDS INC,90,90,3.56K,3.56K,NEW,<.01%
46429B598,INDA,ISHARES TR,71,71,3.51K,3.51K,NEW,<.01%
74933W114,SPIT,RBB FD INC,100,100,3.49K,3.49K,NEW,<.01%
31556C106,FRVO,FERVO ENERGY CO,119,119,3.48K,3.48K,NEW,<.01%
78464A532,XTN,SPDR SERIES TRUST,30,30,3.47K,3.47K,NEW,<.01%
163851108,CC,CHEMOURS CO,169,169,3.47K,3.47K,NEW,<.01%
G7738W106,SFL,SFL CORPORATION LTD,339,339,3.46K,3.46K,NEW,<.01%
047726302,BATRK,ATLANTA BRAVES HLDGS INC,66,66,3.43K,3.43K,NEW,<.01%
46436E353,IBRN,ISHARES TR,88,88,3.42K,3.42K,NEW,<.01%
33734X192,SKYY,FIRST TR EXCHANGE-TRADED FD,25,25,3.36K,3.36K,NEW,<.01%
46429B366,CMBS,ISHARES TR,68,68,3.31K,3.31K,NEW,<.01%
74348T102,PSEC,PROSPECT CAP CORP,1424,1424,3.29K,3.29K,NEW,<.01%
42968F108,PCF,HIGH INCOME SECS FD,600,600,3.28K,3.28K,NEW,<.01%
27828Y108,ETV,EATON VANCE TAX-MANAGED BUY-,220,220,3.27K,3.27K,NEW,<.01%
67577C105,OCGN,OCUGEN INC,2100,2100,3.21K,3.21K,NEW,<.01%
62855J104,MYGN,MYRIAD GENETICS INC,561,561,3.2K,3.2K,NEW,<.01%
767292105,RIOT,RIOT PLATFORMS INC,116,116,3.17K,3.17K,NEW,<.01%
025072604,AVEM,AMERICAN CENTY ETF TR,33,33,3.14K,3.14K,NEW,<.01%
88322Q108,TGTX,TG THERAPEUTICS INC,57,57,3.13K,3.13K,NEW,<.01%
00217D100,ASTS,AST SPACEMOBILE INC,35,35,3.11K,3.11K,NEW,<.01%
025072703,AVDE,AMERICAN CENTY ETF TR,35,35,3.11K,3.11K,NEW,<.01%
136069101,CM,CANADIAN IMPERIAL BANK OF CO,27,27,3.1K,3.1K,NEW,<.01%
526057302,LENB,LENNAR CORP,35,35,3.1K,3.1K,NEW,<.01%
008474108,AEM,AGNICO EAGLE MINES LTD,20,20,3.1K,3.1K,NEW,<.01%
03524A108,BUD,ANHEUSER BUSCH INBEV SA NV,38,38,3.09K,3.09K,NEW,<.01%
252131107,DXCM,DEXCOM INC,45,45,3.03K,3.03K,NEW,<.01%
52661A108,DRS,LEONARDO DRS INC,71,71,3.02K,3.02K,NEW,<.01%
31620R303,FNF,FIDELITY NATL FINL INC,63,63,2.97K,2.97K,NEW,<.01%
G4412G101,HLF,HERBALIFE LTD,226,226,2.97K,2.97K,NEW,<.01%
980228308,WDS,WOODSIDE ENERGY GROUP LTD,153,153,2.96K,2.96K,NEW,<.01%
596278101,MIDD,MIDDLEBY CORP,17,17,2.92K,2.92K,NEW,<.01%
26923G822,PFFA,ETFIS SER TR I,141,141,2.89K,2.89K,NEW,<.01%
68628V308,ORN,ORION GROUP HLDGS INC,170,170,2.86K,2.86K,NEW,<.01%
46435U663,ESML,ISHARES TR,51,51,2.85K,2.85K,NEW,<.01%
437076102,HD,HOME DEPOT INC,4719,8,1.66M,2.82K,+0.2%,0.15%
0076CA104,AEG,AEGON LTD,332,332,2.8K,2.8K,NEW,<.01%
444859102,HUM,HUMANA INC,7,7,2.78K,2.78K,NEW,<.01%
02072L433,ROE,EA SERIES TRUST,65,65,2.77K,2.77K,NEW,<.01%
770323103,RHI,ROBERT HALF INC.,90,90,2.76K,2.76K,NEW,<.01%
69343T107,PJT,PJT PARTNERS INC,18,18,2.72K,2.72K,NEW,<.01%
N5505D105,MICC,MAGNUM ICE CREAM CO NV,156,156,2.72K,2.72K,NEW,<.01%
78081T104,RGT,ROYCE GLOBAL TRUST INC,191,191,2.71K,2.71K,NEW,<.01%
09661T826,BKGI,BNY MELLON ETF TRUST,60,60,2.7K,2.7K,NEW,<.01%
500472303,PHG,KONINKLIJKE PHILIPS N V,98,98,2.66K,2.66K,NEW,<.01%
29772L108,ETON,ETON PHARMACEUTICALS INC,73,73,2.63K,2.63K,NEW,<.01%
M22465104,CHKP,CHECK POINT SOFTWARE TECH LT,20,20,2.63K,2.63K,NEW,<.01%
19247G107,COHR,COHERENT CORP,7,7,2.63K,2.63K,NEW,<.01%
05463X106,AXGN,AXOGEN INC,57,57,2.62K,2.62K,NEW,<.01%
896945201,TRIP,TRIPADVISOR INC,190,190,2.6K,2.6K,NEW,<.01%
950810101,WSBC,WESBANCO INC,66,66,2.58K,2.58K,NEW,<.01%
500255104,KSS,KOHLS CORP,145,145,2.57K,2.57K,NEW,<.01%
07831C103,BRBR,BELLRING BRANDS INC,197,197,2.55K,2.55K,NEW,<.01%
046433108,ATRO,ASTRONICS CORP,31,31,2.52K,2.52K,NEW,<.01%
46138G599,IBBQ,INVESCO EXCH TRADED FD TR II,77,77,2.52K,2.52K,NEW,<.01%
G9600F104,VGNT,VERSIGENT PLC,59,59,2.48K,2.48K,NEW,<.01%
46138B103,DBC,INVESCO DB COMMDY INDX TRCK,93,93,2.47K,2.47K,NEW,<.01%
03168L105,AMRX,AMNEAL PHARMACEUTICALS INC,141,141,2.44K,2.44K,NEW,<.01%
46432F388,VLUE,ISHARES TR,12,12,2.4K,2.4K,NEW,<.01%
001744101,AMN,AMN HEALTHCARE SVCS INC,74,74,2.4K,2.4K,NEW,<.01%
21874A106,CORZ,CORE SCIENTIFIC INC NEW,94,94,2.4K,2.4K,NEW,<.01%
138035704,CGC,CANOPY GROWTH CORPORATION,2478,2478,2.35K,2.35K,NEW,<.01%
G50871105,JAZZ,JAZZ PHARMACEUTICALS PLC,10,10,2.35K,2.35K,NEW,<.01%
37954Y384,BUG,GLOBAL X FDS,61,61,2.33K,2.33K,NEW,<.01%
46641Q647,JMUB,J P MORGAN EXCHANGE TRADED F,46,46,2.33K,2.33K,NEW,<.01%
722014107,PHK,PIMCO HIGH INCOME FD,500,500,2.33K,2.33K,NEW,<.01%
896239100,TRMB,TRIMBLE INC,45,45,2.3K,2.3K,NEW,<.01%
09254F100,MQY,BLACKROCK MUNIYILD QULT FD I,197,197,2.29K,2.29K,NEW,<.01%
230770109,CPIX,CUMBERLAND PHARMACEUTICALS I,352,352,2.29K,2.29K,NEW,<.01%
74280R205,UFO,PROCURE ETF TRUST II,45,45,2.28K,2.28K,NEW,<.01%
46132K109,VPV,INVESCO PA VALUE MUN INC TR,200,200,2.26K,2.26K,NEW,<.01%
09259E108,TCPC,BLACKROCK TCP CAPITAL CORP,667,667,2.24K,2.24K,NEW,<.01%
G51502105,JCI,JOHNSON CONTROLS INTERNATION,4753,15,694.39K,2.19K,+0.3%,0.06%
87975E776,NASA,TEMA ETF TRUST,72,72,2.19K,2.19K,NEW,<.01%
24477V105,DFTX,DEFINIUM THERAPEUTICS INC,46,46,2.16K,2.16K,NEW,<.01%
46132H106,VCV,INVESCO CALIF VALUE MUN INCO,200,200,2.16K,2.16K,NEW,<.01%
670656107,NRK,NUVEEN NY AMT FREE,200,200,2.14K,2.14K,NEW,<.01%
67071L106,NVG,NUVEEN AMT FREE MUN CR INC F,166,166,2.12K,2.12K,NEW,<.01%
01877R108,ARLP,ALLIANCE RESOURCE PARTNERS L,87,87,2.1K,2.1K,NEW,<.01%
37954Y848,SIL,GLOBAL X FDS,27,27,2.08K,2.08K,NEW,<.01%
83085C115,SKY,SKY HARBOUR GROUP CORPORATIO,4482,4482,2.06K,2.06K,NEW,<.01%
14057J101,CFFN,CAPITOL FED FINL INC,242,242,2.06K,2.06K,NEW,<.01%
054748306,FABC,FABRICAI INC,555,555,2.05K,2.05K,NEW,<.01%
74347R305,DDM,PROSHARES TR,31,31,2.04K,2.04K,NEW,<.01%
31154R109,FPI,FARMLAND PARTNERS INC,210,210,2.03K,2.03K,NEW,<.01%
419870100,HE,HAWAIIAN ELEC INDS INC MTN B,150,150,2.03K,2.03K,NEW,<.01%
248356107,DNN,DENISON MINES CORP,663,663,2.03K,2.03K,NEW,<.01%
110448107,BTI,BRITISH AMERN TOB PLC,32,32,1.98K,1.98K,NEW,<.01%
09581B103,OWL,BLUE OWL CAPITAL INC,225,225,1.97K,1.97K,NEW,<.01%
985817105,YELP,YELP INC,80,80,1.96K,1.96K,NEW,<.01%
229663109,CUBE,CUBESMART,49,49,1.96K,1.96K,NEW,<.01%
78440P306,SKM,SK TELECOM CO LTD,60,60,1.93K,1.93K,NEW,<.01%
M8T80P204,NEXN,NEXXEN INTL LTD,212,212,1.92K,1.92K,NEW,<.01%
46432F875,IYLD,ISHARES TR,86,86,1.91K,1.91K,NEW,<.01%
412822108,HOG,HARLEY DAVIDSON INC,75,75,1.83K,1.83K,NEW,<.01%
26884L109,EQT,EQT CORP,34,34,1.83K,1.83K,NEW,<.01%
01626W101,ALIT,ALIGHT INC,3180,3180,1.78K,1.78K,NEW,<.01%
87918A105,TDOC,TELADOC HEALTH INC,210,210,1.78K,1.78K,NEW,<.01%
37954Y236,DTCR,GLOBAL X FDS,59,59,1.78K,1.78K,NEW,<.01%
80401C100,SATL,SATELLOGIC INC,308,308,1.76K,1.76K,NEW,<.01%
206787103,CNDT,CONDUENT INC,1200,1200,1.75K,1.75K,NEW,<.01%
74347B573,SPXN,PROSHARES TR,21,21,1.74K,1.74K,NEW,<.01%
G16258108,BEP,BROOKFIELD RENEWABLE ENERGY,50,50,1.74K,1.74K,NEW,<.01%
H8817H100,RIG,TRANSOCEAN LTD,355,355,1.74K,1.74K,NEW,<.01%
10316T104,BOX,BOX INC,65,65,1.73K,1.73K,NEW,<.01%
25402D102,DOCN,DIGITALOCEAN HLDGS INC,11,11,1.7K,1.7K,NEW,<.01%
58506Q109,MEDP,MEDPACE HLDGS INC,3,3,1.7K,1.7K,NEW,<.01%
053484101,AVB,AVALONBAY CMNTYS INC,9,9,1.7K,1.7K,NEW,<.01%
64125C109,NBIX,NEUROCRINE BIOSCIENCES INC,10,10,1.69K,1.69K,NEW,<.01%
921908844,VIG,VANGUARD SPECIALIZED FUNDS,6124,7,1.45M,1.66K,+0.1%,0.13%
88688T209,TLRY,TILRAY BRANDS INC,364,364,1.64K,1.64K,NEW,<.01%
743606105,PB,PROSPERITY BANCSHARES INC,22,22,1.61K,1.61K,NEW,<.01%
G61188101,LBTYA,LIBERTY GLOBAL LTD,140,140,1.59K,1.59K,NEW,<.01%
87971M103,TU,TELUS CORPORATION,150,150,1.59K,1.59K,NEW,<.01%
890930308,TPYP,TORTOISE CAPITAL SERIES TRUS,38,38,1.58K,1.58K,NEW,<.01%
65340P106,NXE,NEXGEN ENERGY LTD,168,168,1.58K,1.58K,NEW,<.01%
72703X106,PL,PLANET LABS PBC,48,48,1.57K,1.57K,NEW,<.01%
68389X204,ORCLPR,ORACLE CORP,35,35,1.57K,1.57K,NEW,<.01%
87283Q404,TDVG,T ROWE PRICE EXCHANGE-TRADED,32,32,1.56K,1.56K,NEW,<.01%
859241101,STRL,STERLING INFRASTRUCTURE INC,2,2,1.53K,1.53K,NEW,<.01%
29337E102,ELVN,ENLIVEN THERAPEUTICS INC,30,30,1.53K,1.53K,NEW,<.01%
035255108,ANIK,ANIKA THERAPEUTICS INC,104,104,1.52K,1.52K,NEW,<.01%
740367404,PFBC,PREFERRED BK LOS ANGELES CA,14,14,1.52K,1.52K,NEW,<.01%
74767V109,QS,QUANTUMSCAPE CORP,200,200,1.51K,1.51K,NEW,<.01%
37954Y814,FINX,GLOBAL X FDS,61,61,1.5K,1.5K,NEW,<.01%
92206C870,VCIT,VANGUARD SCOTTSDALE FDS,18,18,1.49K,1.49K,NEW,<.01%
27829F108,EXG,EATON VANCE TAX-MANAGED GLOB,150,150,1.47K,1.47K,NEW,<.01%
293792107,EPD,ENTERPRISE PRODS PARTNERS L,6085,40,223.7K,1.47K,+0.7%,0.02%
65290E101,NXT,NEXTPOWER INC,12,12,1.45K,1.45K,NEW,<.01%
37966B778,ORBX,GLOBAL X FDS,26,26,1.41K,1.41K,NEW,<.01%
91733P107,USAR,USA RARE EARTH INC,64,64,1.38K,1.38K,NEW,<.01%
33734Y109,FYX,FIRST TR EXCHANGE-TRADED ALP,9,9,1.36K,1.36K,NEW,<.01%
674215207,CHRD,CHORD ENERGY CORPORATION,12,12,1.34K,1.34K,NEW,<.01%
025072810,FDG,AMERICAN CENTY ETF TR,10,10,1.33K,1.33K,NEW,<.01%
21871N101,CXW,CORECIVIC INC,43,43,1.31K,1.31K,NEW,<.01%
882927726,HWAY,THEMES ETF TR,33,33,1.3K,1.3K,NEW,<.01%
172755100,CRUS,CIRRUS LOGIC INC,9,9,1.29K,1.29K,NEW,<.01%
46434V456,IQLT,ISHARES TR,26,26,1.29K,1.29K,NEW,<.01%
68622V106,OGN,ORGANON & CO,92,92,1.25K,1.25K,NEW,<.01%
557437100,MCN,XAI MADISON EQUITY PREMIUM I,224,224,1.24K,1.24K,NEW,<.01%
957090103,WABC,WESTAMERICA BANCORPORATION,21,21,1.22K,1.22K,NEW,<.01%
02072L607,FRDM,EA SERIES TRUST,16,16,1.2K,1.2K,NEW,<.01%
52468L505,LVHI,LEGG MASON ETF INVT,29,29,1.17K,1.17K,NEW,<.01%
03770N101,APGE,APOGEE THERAPEUTICS INC,9,9,1.14K,1.14K,NEW,<.01%
33734X754,EMDM,FIRST TR EXCHANGE-TRADED FD,26,26,1.12K,1.12K,NEW,<.01%
09175A206,BMNR,BITMINE IMMERSION TECHS INC,82,82,1.1K,1.1K,NEW,<.01%
46431W648,IETC,ISHARES U S ETF TR,10,10,1.07K,1.07K,NEW,<.01%
558868105,MDGL,MADRIGAL PHARMACEUTICALS INC,2,2,1.07K,1.07K,NEW,<.01%
22410J106,CBRL,CRACKER BARREL OLD CTRY STOR,20,20,1.07K,1.07K,NEW,<.01%
65406E102,NIC,NICOLET BANKSHARES INC,6,6,1.05K,1.05K,NEW,<.01%
37954Y673,PAVE,GLOBAL X FDS,18,18,1.05K,1.05K,NEW,<.01%
302491303,FMC,FMC CORP,90,90,1.03K,1.03K,NEW,<.01%
729132100,PLXS,PLEXUS CORP,3,3,1.03K,1.03K,NEW,<.01%
15118V207,CELH,CELSIUS HLDGS INC,35,35,1.02K,1.02K,NEW,<.01%
464286343,POWR,ISHARES INC,37,37,1.02K,1.02K,NEW,<.01%
46138M109,FXB,INVESCO CURRENCYSHARES BRIT,8,8,1.02K,1.02K,NEW,<.01%
13321L108,CCJ,CAMECO CORP,10,10,1.02K,1.02K,NEW,<.01%
108621103,BWB,BRIDGEWATER BANCSHARES INC,48,48,1.02K,1.02K,NEW,<.01%
30190A104,FG,F&G ANNUITIES & LIFE INC,38,38,1.01K,1.01K,NEW,<.01%
801056102,SANM,SANMINA CORP,4,4,1K,1K,NEW,<.01%
15135U109,CVE,CENOVUS ENERGY INC,40,40,993,993,NEW,<.01%
885160101,THO,THOR INDS INC,13,13,978,978,NEW,<.01%
535555106,LNN,LINDSAY CORP,8,8,939,939,NEW,<.01%
92838U801,NCZ,VIRTUS CONVERTIBLE & INC FD,59,59,939,939,NEW,<.01%
880191101,EMF,TEMPLETON EMERGING MKTS FD,40,40,929,929,NEW,<.01%
60649T107,MG,MISTRAS GROUP INC,53,53,927,927,NEW,<.01%
423452101,HP,HELMERICH & PAYNE INC,28,28,922,922,NEW,<.01%
596680108,MSEX,MIDDLESEX WTR CO,16,16,917,917,NEW,<.01%
45676K103,INFQ,INFLEQTION INC,67,67,893,893,NEW,<.01%
65341B106,XIFR,XPLR INFRASTRUCTURE LP,75,75,886,886,NEW,<.01%
98390R102,XNDU.TO,XANADU QUANTUM TECHNOLO LTD,72,72,878,878,NEW,<.01%
34965K107,FTRE,FORTREA HLDGS INC,50,50,873,873,NEW,<.01%
74766W108,QUBT,QUANTUM COMPUTING INC,88,88,852,852,NEW,<.01%
297602104,ETD,ETHAN ALLEN INTERIORS INC,38,38,840,840,NEW,<.01%
76655K103,RGTI,RIGETTI COMPUTING INC,43,43,840,840,NEW,<.01%
75524W108,RMAX,RE/MAX HLDGS INC,85,85,839,839,NEW,<.01%
G38644103,GCT,GIGACLOUD TECHNOLOGY INC,25,25,790,790,NEW,<.01%
05580M108,RILY,BRC GROUP HOLDINGS INC,97,97,780,780,NEW,<.01%
92841M101,NIE,VIRTUS EQUITY & CONV INCM FD,13778,29,370.08K,778.94,+0.2%,0.03%
131193104,CALY,CALLAWAY GOLF CO,40,40,746,746,NEW,<.01%
464287713,IYZ,ISHARES TR,17,17,734,734,NEW,<.01%
M15342104,AUDC,AUDIOCODES LTD,75,75,726,726,NEW,<.01%
36164V800,GLIBK,LIBERTY CAP CORP,33,33,712,712,NEW,<.01%
025072760,MID,AMERICAN CENTY ETF TR,10,10,691,691,NEW,<.01%
84790A105,SPB,SPECTRUM BRANDS HOLDINGS INC,8,8,686,686,NEW,<.01%
45768S105,IOSP,INNOSPEC INC,8,8,679,679,NEW,<.01%
21867A105,CLB,CORE LABORATORIES INC,58,58,675,675,NEW,<.01%
47103U845,JAAA,JANUS DETROIT STR TR,13,13,661,661,NEW,<.01%
18539C204,CWEN,CLEARWAY ENERGY INC,19,19,650,650,NEW,<.01%
G3922B107,G,GENPACT LIMITED,23,23,633,633,NEW,<.01%
896522109,TRN,TRINITY INDS INC,18,18,623,623,NEW,<.01%
651229106,NWL,NEWELL BRANDS INC,99,99,608,608,NEW,<.01%
74349Y837,PSQ,PROSHARES TR,23,23,577,577,NEW,<.01%
743312100,PRGS,PROGRESS SOFTWARE CORP,17,17,576,576,NEW,<.01%
15961R303,CHPT,CHARGEPOINT HOLDINGS INC,93,93,550,550,NEW,<.01%
37954Y327,COLO,GLOBAL X FDS,13,13,542,542,NEW,<.01%
67073B106,JPC,NUVEEN PFD & INCOME OPPORTUN,67,67,528,528,NEW,<.01%
05464T104,AXSM,AXSOME THERAPEUTICS INC.,2,2,512,512,NEW,<.01%
67079K100,SMR,NUSCALE PWR CORP,51,51,512,512,NEW,<.01%
76118Y104,REZI,RESIDEO TECHNOLOGIES INC,16,16,507,507,NEW,<.01%
45781M101,INVA,INNOVIVA INC,21,21,484,484,NEW,<.01%
29430C102,VSTS,VESTIS CORPORATION,33,33,480,480,NEW,<.01%
20337X109,VISN,VISTANCE NETWORKS INC,37,37,473,473,NEW,<.01%
98149E303,GLDM,WORLD GOLD TR,6,6,464,464,NEW,<.01%
704551100,BTU,PEABODY ENGR CORP,19,19,440,440,NEW,<.01%
640491106,NEOG,NEOGEN CORP,47,47,423,423,NEW,<.01%
61744H105,MSD,MORGAN STANLEY EMKT DBT FD I,57,57,417,417,NEW,<.01%
46266C105,IQV,IQVIA HLDGS INC,2,2,387,387,NEW,<.01%
37954Y624,DRIV,GLOBAL X FDS,10,10,386,386,NEW,<.01%
156727109,CRNC,CERENCE INC,34,34,385,385,NEW,<.01%
06849F108,B,BARRICK MNG CORP,10,10,368,368,NEW,<.01%
500767306,KWEB,KRANESHARES TRUST,15,15,368,368,NEW,<.01%
33829M101,FIVE,FIVE BELOW INC,2,2,360,360,NEW,<.01%
18538R103,CLW,CLEARWATER PAPER CORP,22,22,349,349,NEW,<.01%
683712103,OPEN,OPENDOOR TECHNOLOGIES INC,75,75,347,347,NEW,<.01%
74348A210,RWM,PROSHARES TR,24,24,319,319,NEW,<.01%
83671M105,SOBO,SOUTH BOW CORP,9,9,318,318,NEW,<.01%
92852X103,VTS,VITESSE ENERGY INC,18,18,284,284,NEW,<.01%
G87110105,FTI,TECHNIPFMC PLC,4,4,260,260,NEW,<.01%
115637209,BF.B,BROWN FORMAN CORP,9,9,251,251,NEW,<.01%
20602D101,CNXC,CONCENTRIX CORP,11,11,247,247,NEW,<.01%
92511U102,VRRM,VERRA MOBILITY CORP,53,53,226,226,NEW,<.01%
27826S103,EVF,EATON VANCE SR INCOME TR,43,43,215,215,NEW,<.01%
765504105,RR,RICHTECH ROBOTICS INC,100,100,211,211,NEW,<.01%
98421M114,XRXDW,XEROX HOLDINGS CORP,750,750,207,207,NEW,<.01%
686330101,IX,ORIX CORP,5,5,205,205,NEW,<.01%
46138E719,IFLN,INVESCO EXCH TRADED FD TR II,11,11,202,202,NEW,<.01%
46435U366,IDRV,ISHARES TR,5,5,191,191,NEW,<.01%
33740F490,LALT,FIRST TR EXCHNG TRADED FD VI,7,7,169,169,NEW,<.01%
85208P303,URNM,SPROTT FDS TR,3,3,158,158,NEW,<.01%
74349Y746,EUM,PROSHARES TR,10,10,155,155,NEW,<.01%
46435G672,IAGG,ISHARES TR,3,3,152,152,NEW,<.01%
539439109,LYG,LLOYDS BANKING GROUP PLC,26,26,151,151,NEW,<.01%
46137V456,XMVM,INVESCO EXCHANGE TRADED FD T,9385,2,665.57K,141.84,+0%,0.06%
25434V609,DFAT,DIMENSIONAL ETF TRUST,12199,2,852.71K,139.8,+0%,0.08%
05350V106,AVNS,AVANOS MED INC,5,5,125,125,NEW,<.01%
N52A8C105,INIO,INNIO NV,3,3,119,119,NEW,<.01%
46137V662,PJP,INVESCO EXCHANGE TRADED FD T,12101,1,1.43M,118.45,+0%,0.13%
46137V506,PFM,INVESCO EXCHANGE TRADED FD T,38929,2,2.16M,110.91,+0%,0.19%
09228F103,BB,BLACKBERRY LTD,9,9,110,110,NEW,<.01%
07373B109,BEEM,BEAM GLOBAL,80,80,104,104,NEW,<.01%
74022D407,PDS,PRECISION DRILLING CORP,1,1,104,104,NEW,<.01%
46137V712,BMVP,INVESCO EXCHANGE TRADED FD T,56975,2,2.92M,102.56,+0%,0.26%
29082K105,EMBC,EMBECTA CORP,31,31,102,102,NEW,<.01%
83067L208,SKLZ,FIRY INC,10,10,102,102,NEW,<.01%
381430529,GBIL,GOLDMAN SACHS ETF TR,1,1,101,101,NEW,<.01%
46137V241,SPHQ,INVESCO EXCHANGE TRADED FD T,24554,1,2.21M,90.1,+0%,0.2%
86765K109,SUN,SUNOCO LP/SUNOCO FIN CORP,1,1,68,68,NEW,<.01%
46137V613,PRF,INVESCO EXCHANGE TRADED FD T,59446,1,3.21M,54.03,+0%,0.28%
37954Y343,MLPA,GLOBAL X FDS,6787,1,360.24K,53.08,+0%,0.03%
36467W117,GME,GAMESTOP CORP NEW,18,18,51,51,NEW,<.01%
952845105,WFG,WEST FRASER TIMBER CO LTD,1,1,40,40,NEW,<.01%
49177J102,KVUE,KENVUE INC,122571,2,2.34M,38.22,+0%,0.21%
25659T107,DLB,DOLBY LABORATORIES INC,1,1,33,33,NEW,<.01%
G9460G119,,VALARIS LTD,4,4,33,33,NEW,<.01%
12769G100,CZR,CAESARS ENTERTAINMENT INC NE,1,1,31,31,NEW,<.01%
83175M205,SNN,SMITH & NEPHEW PLC,1,1,30,30,NEW,<.01%
457651107,INVX,INNOVEX INTERNATIONAL INC,1,1,27,27,NEW,<.01%
83410S108,SOHU,SOHU COM LTD,2,2,27,27,NEW,<.01%
150870103,CE,CELANESE CORP DEL,1,1,26,26,NEW,<.01%
91167Q100,BNO,UNITED STS BRENT OIL FD LP,1,1,26,26,NEW,<.01%
50186V102,LPL,LG DISPLAY CO LTD,6,6,22,22,NEW,<.01%
92766K403,SPCE,VIRGIN GALACTIC HOLDINGS INC,7,7,21,21,NEW,<.01%
64107N206,LSAK,LESAKA TECHNOLOGIES INC,4,4,20,20,NEW,<.01%
630087302,NNVC,NANOVIRICIDES INC,10,10,14,14,NEW,<.01%
683712129,OPENW,OPENDOOR TECHNOLOGIES INC,2,2,1,1,NEW,<.01%
683712137,OPENL,OPENDOOR TECHNOLOGIES INC,2,2,1,1,NEW,<.01%
683712145,OPENZ,OPENDOOR TECHNOLOGIES INC,2,2,1,1,NEW,<.01%
922908512,VOE,VANGUARD INDEX FDS,23837,0,4.71M,0,NO CHANGE,0.42%
464288869,IWC,ISHARES TR,20048,0,4.01M,0,NO CHANGE,0.35%
464287689,IWV,ISHARES TR,9363,0,3.99M,0,NO CHANGE,0.35%
45258H106,IMMX,IMMIX BIOPHARMA INC,337552,0,3.48M,0,NO CHANGE,0.31%
922908538,VOT,VANGUARD INDEX FDS,8815,0,2.7M,0,NO CHANGE,0.24%
46137V159,CSD,INVESCO EXCHANGE TRADED FD T,15758,0,2.36M,0,NO CHANGE,0.21%
084670108,BRK.A,BERKSHIRE HATHAWAY INC DEL,3,0,2.25M,0,NO CHANGE,0.2%
13646K108,CP,CANADIAN PACIFIC KANSAS CITY,25403,0,2.2M,0,NO CHANGE,0.19%
78464A102,XNTK,SPDR SERIES TRUST,5110,0,2M,0,NO CHANGE,0.18%
278642103,EBAY,EBAY INC.,17182,0,1.92M,0,NO CHANGE,0.17%
46137V498,XSMO,INVESCO EXCHANGE TRADED FD T,20296,0,1.9M,0,NO CHANGE,0.17%
92206C680,VONG,VANGUARD SCOTTSDALE FDS,13317,0,1.7M,0,NO CHANGE,0.15%
92189F726,BBH,VANECK ETF TRUST,7439,0,1.51M,0,NO CHANGE,0.13%
315616102,FFIV,F5 INC,3558,0,1.48M,0,NO CHANGE,0.13%
25434V500,DFAS,DIMENSIONAL ETF TRUST,17625,0,1.45M,0,NO CHANGE,0.13%
97717W851,DXJ,WISDOMTREE TR,8054,0,1.4M,0,NO CHANGE,0.12%
922042718,VSS,VANGUARD INTL EQUITY INDEX F,8457,0,1.3M,0,NO CHANGE,0.12%
46137V597,PRFZ,INVESCO EXCHANGE TRADED FD T,21970,0,1.23M,0,NO CHANGE,0.11%
171779309,CIEN,CIENA CORP,2263,0,1.11M,0,NO CHANGE,0.1%
46137V548,PID,INVESCO EXCHANGE TRADED FD T,48086,0,1.07M,0,NO CHANGE,0.09%
125523100,CI,THE CIGNA GROUP,3839,0,1.06M,0,NO CHANGE,0.09%
97717W109,DTD,WISDOMTREE TR,11090,0,1.03M,0,NO CHANGE,0.09%
315912808,ONEQ,FIDELITY COMWLTH TR,9247,0,954.48K,0,NO CHANGE,0.08%
97717W570,EZM,WISDOMTREE TR,12490,0,946.54K,0,NO CHANGE,0.08%
155123102,CET,CENTRAL SECS CORP,16394,0,859.85K,0,NO CHANGE,0.08%
74347R206,QLD,PROSHARES TR,8782,0,849.75K,0,NO CHANGE,0.08%
98138H101,WDAY,WORKDAY INC,6786,0,830.74K,0,NO CHANGE,0.07%
26922A842,JETS,ETF SER SOLUTIONS,24753,0,822.29K,0,NO CHANGE,0.07%
25434V708,DFAC,DIMENSIONAL ETF TRUST,18091,0,802.52K,0,NO CHANGE,0.07%
758750103,RRX,REGAL REXNORD CORPORATION,3308,0,787.93K,0,NO CHANGE,0.07%
526057104,LEN,LENNAR CORP,8509,0,769.98K,0,NO CHANGE,0.07%
58733R102,MELI,MERCADOLIBRE INC,422,0,716.3K,0,NO CHANGE,0.06%
000361105,AIR,AAR CORP,5000,0,714.65K,0,NO CHANGE,0.06%
294821608,ERIC,TELEFONAKTIEBOLAGET LM ERICS,61525,0,686.01K,0,NO CHANGE,0.06%
97717W588,EPS,WISDOMTREE TR,8575,0,667.05K,0,NO CHANGE,0.06%
902973304,USB,US BANCORP,10658,0,643.77K,0,NO CHANGE,0.06%
46137V480,XSVM,INVESCO EXCHANGE TRADED FD T,9240,0,643.01K,0,NO CHANGE,0.06%
95082P105,WCC,WESCO INTL INC,1836,0,634.21K,0,NO CHANGE,0.06%
020002101,ALL,ALLSTATE CORP,2624,0,624.36K,0,NO CHANGE,0.06%
V7780T103,RCL,ROYAL CARIBBEAN GROUP,1935,0,614.42K,0,NO CHANGE,0.05%
46137V563,PEY,INVESCO EXCHANGE TRADED FD T,24452,0,566.79K,0,NO CHANGE,0.05%
880770102,TER,TERADYNE INC,1136,0,549.64K,0,NO CHANGE,0.05%
36242H104,GDV,GABELLI DIVID & INCOME TR,18050,0,530.66K,0,NO CHANGE,0.05%
392709101,GRBK,GREEN BRICK PARTNERS INC,6469,0,517.78K,0,NO CHANGE,0.05%
21044C107,ROAD,CONSTRUCTION PARTNERS INC,4350,0,516.65K,0,NO CHANGE,0.05%
75524B104,RBC,RBC BEARINGS INC,783,0,504.3K,0,NO CHANGE,0.04%
26142V105,DKNG,DRAFTKINGS INC NEW,19772,0,499.44K,0,NO CHANGE,0.04%
78468R606,SPHY,SPDR SERIES TRUST,21276,0,498.71K,0,NO CHANGE,0.04%
89679M104,TFPM,TRIPLE FLAG PRECIOUS METAL,16487,0,494.12K,0,NO CHANGE,0.04%
136385101,CNQ,CANADIAN NAT RES LTD MED TER,12445,0,491.58K,0,NO CHANGE,0.04%
011659109,ALK,ALASKA AIR GROUP INC,9416,0,491.54K,0,NO CHANGE,0.04%
97717W505,DON,WISDOMTREE TR,8464,0,478.39K,0,NO CHANGE,0.04%
337344105,QQEW,FIRST TR EXCHANGE-TRADED FD,2965,0,473.21K,0,NO CHANGE,0.04%
28176E108,EW,EDWARDS LIFESCIENCES CORP,5010,0,453.2K,0,NO CHANGE,0.04%
90384S303,ULTA,ULTA BEAUTY INC,1004,0,452.6K,0,NO CHANGE,0.04%
750236101,RDN,RADIAN GROUP INC,11456,0,431.55K,0,NO CHANGE,0.04%
409735206,BTO,HANCOCK JOHN FINL OPPTYS,10784,0,425.11K,0,NO CHANGE,0.04%
33734X176,FXL,FIRST TR EXCHANGE-TRADED FD,1950,0,423.58K,0,NO CHANGE,0.04%
87162W100,SNX,TD SYNNEX CORPORATION,1559,0,416.78K,0,NO CHANGE,0.04%
25434V724,DFUV,DIMENSIONAL ETF TRUST,7491,0,412.08K,0,NO CHANGE,0.04%
23331A109,DHI,D R HORTON INC,2441,0,397.59K,0,NO CHANGE,0.04%
552953101,MGM,MGM RESORTS INTERNATIONAL,8252,0,394.51K,0,NO CHANGE,0.03%
464288877,EFV,ISHARES TR,5132,0,392.86K,0,NO CHANGE,0.03%
29670G102,WTRG,ESSENTIAL UTILS INC,9972,0,382.03K,0,NO CHANGE,0.03%
N6596X109,NXPI,NXP SEMICONDUCTORS N V,1350,0,379.39K,0,NO CHANGE,0.03%
10922N103,BHF,BRIGHTHOUSE FINL INC,5978,0,378.41K,0,NO CHANGE,0.03%
77311W101,RKT,ROCKET COS INC,23811,0,375.02K,0,NO CHANGE,0.03%
11271J107,BN,BROOKFIELD CORP,8654,0,368.57K,0,NO CHANGE,0.03%
33735K108,FTC,FIRST TR EXCHANGE-TRADED ALP,1896,0,367.39K,0,NO CHANGE,0.03%
27579R104,EWBC,EAST WEST BANCORP INC,2835,0,365.97K,0,NO CHANGE,0.03%
464287648,IWO,ISHARES TR,911,0,358.9K,0,NO CHANGE,0.03%
464287606,IJK,ISHARES TR,2956,0,347.35K,0,NO CHANGE,0.03%
09290D101,BLK,BLACKROCK INC,344,0,330.78K,0,NO CHANGE,0.03%
G1466R173,BORR,BORR DRILLING LTD,80000,0,330.4K,0,NO CHANGE,0.03%
78464A763,SDY,SPDR SERIES TRUST,2109,0,320.95K,0,NO CHANGE,0.03%
336917109,FDL,FIRST TR EXCHANGE-TRADED FD,6507,0,316.64K,0,NO CHANGE,0.03%
69374H881,COWZ,PACER FDS TR,5052,0,314.24K,0,NO CHANGE,0.03%
722304102,PDD,PDD HOLDINGS INC,4092,0,312.14K,0,NO CHANGE,0.03%
128125101,CSQ,CALAMOS STRATEGIC TOTAL RETU,14834,0,304.99K,0,NO CHANGE,0.03%
464287465,EFA,ISHARES TR,2901,0,301.37K,0,NO CHANGE,0.03%
46435U218,SUSL,ISHARES TR,2200,0,292.07K,0,NO CHANGE,0.03%
780915104,RMT,ROYCE MICRO-CAP TR INC,19948,0,292.05K,0,NO CHANGE,0.03%
97717W562,EES,WISDOMTREE TR,4290,0,290.82K,0,NO CHANGE,0.03%
50212V100,LPLA,LPL FINL HLDGS INC,1025,0,288.72K,0,NO CHANGE,0.03%
577081102,MAT,MATTEL INC,20759,0,288.13K,0,NO CHANGE,0.03%
504922105,LH,LABCORP HOLDINGS INC,1004,0,281.16K,0,NO CHANGE,0.02%
92537N108,VRT,VERTIV HOLDINGS CO,820,0,274.55K,0,NO CHANGE,0.02%
92189F452,MORT,VANECK ETF TRUST,26455,0,274.07K,0,NO CHANGE,0.02%
12811L107,CHW,CALAMOS GBL DYN INCOME FUND,29300,0,261.06K,0,NO CHANGE,0.02%
47215P106,JD,JD.COM INC,9969,0,254.01K,0,NO CHANGE,0.02%
97717W307,DLN,WISDOMTREE TR,2576,0,248.12K,0,NO CHANGE,0.02%
33733E104,FTCS,FIRST TR EXCHANGE-TRADED FD,2641,0,248.04K,0,NO CHANGE,0.02%
45259A241,GRNI,TIDAL TRUST III,11730,0,247.5K,0,NO CHANGE,0.02%
464287481,IWP,ISHARES TR,1679,0,245.82K,0,NO CHANGE,0.02%
751212101,RL,RALPH LAUREN CORP,606,0,243.36K,0,NO CHANGE,0.02%
464287168,DVY,ISHARES TR,1530,0,239.09K,0,NO CHANGE,0.02%
40415F101,HDB,HDFC BANK LTD,9146,0,236.24K,0,NO CHANGE,0.02%
41013V100,HTD,HANCOCK JOHN TAX-ADVANTAGED,8954,0,228.24K,0,NO CHANGE,0.02%
33739Q705,KNG,FIRST TR EXCHANGE-TRADED FD,4473,0,225.89K,0,NO CHANGE,0.02%
256746108,DLTR,DOLLAR TREE INC,1828,0,221.08K,0,NO CHANGE,0.02%
97717W208,DHS,WISDOMTREE TR,1936,0,220.09K,0,NO CHANGE,0.02%
92189F486,FLTR,VANECK ETF TRUST,8300,0,212.56K,0,NO CHANGE,0.02%
G96629103,WTW,WILLIS TOWERS WATSON PLC LTD,755,0,197.38K,0,NO CHANGE,0.02%
87911L108,THW,ABRDN WORLD HEALTHCARE FUND,14333,0,192.06K,0,NO CHANGE,0.02%
67066V101,NAD,NUVEEN QUALITY MUNCP INCOME,13804,0,167.31K,0,NO CHANGE,0.01%
46131M106,VGM,INVESCO TR INVT GRADE MUNS,15100,0,160.06K,0,NO CHANGE,0.01%
46131J103,VKQ,INVESCO MUNICIPAL TRUST,15400,0,154.62K,0,NO CHANGE,0.01%
228309100,CRWS,CROWN CRAFTS INC,10000,0,28.4K,0,NO CHANGE,<.01%
00180N101,HKD,AMTD DIGITAL INC,12500,0,19.88K,0,NO CHANGE,<.01%
61174X109,MNST,MONSTER BEVERAGE CORP NEW,4281,-1,411.5K,-96.12,-0%,0.04%
6706EW100,SPXX,NUVEEN S&P 500 DYNAMIC OVERW,25742,-11,479.83K,-205.04,-0%,0.04%
46137V837,PDP,INVESCO EXCHANGE TRADED FD T,42767,-2,6.49M,-303.46,-0%,0.57%
28414H103,ELAN,ELANCO ANIMAL HEALTH INC,40767,-21,1M,-516.81,-0.1%,0.09%
45168D104,IDXX,IDEXX LABS INC,408,-1,214.58K,-525.92,-0.2%,0.02%
254067101,DDS,DILLARDS INC,818,-1,432.19K,-528.36,-0.1%,0.04%
75574U101,RC,READY CAPITAL CORP,16346,-416,28.61K,-728.01,-2.5%,<.01%
345370860,F,FORD MTR CO,43521,-64,604.95K,-889.61,-0.1%,0.05%
33734H106,FVD,FIRST TR EXCHANGE-TRADED FD,29082,-20,1.4M,-963.6,-0.1%,0.12%
14040H105,COF,CAPITAL ONE FINL CORP,2871,-5,575.98K,-1K,-0.2%,0.05%
778296103,ROST,ROSS STORES INC,1008,-5,214.66K,-1.06K,-0.5%,0.02%
907818108,UNP,UNION PAC CORP,5083,-4,1.38M,-1.09K,-0.1%,0.12%
717081103,PFE,PFIZER INC,21899,-49,527.32K,-1.18K,-0.2%,0.05%
46432F396,MTUM,ISHARES TR,3104,-4,1.06M,-1.37K,-0.1%,0.09%
231021106,CMI,CUMMINS INC,2318,-2,1.65M,-1.43K,-0.1%,0.15%
74762E102,PWR,QUANTA SVCS INC,2112,-2,1.52M,-1.44K,-0.1%,0.13%
46137V647,PSI,INVESCO EXCHANGE TRADED FD T,4307,-8,808.94K,-1.5K,-0.2%,0.07%
375558103,GILD,GILEAD SCIENCES INC,7422,-12,937.74K,-1.52K,-0.2%,0.08%
46435G425,ESGU,ISHARES TR,1631,-10,266.95K,-1.64K,-0.6%,0.02%
25434V807,DFIV,DIMENSIONAL ETF TRUST,10571,-31,571.05K,-1.67K,-0.3%,0.05%
40171V100,GWRE,GUIDEWIRE SOFTWARE INC,1357,-14,166.98K,-1.72K,-1%,0.01%
97717W794,DOL,WISDOMTREE TR,10980,-24,816.5K,-1.78K,-0.2%,0.07%
682680103,OKE,ONEOK INC NEW,3859,-21,335.5K,-1.83K,-0.5%,0.03%
443201108,HWM,HOWMET AEROSPACE INC,8888,-7,2.39M,-1.88K,-0.1%,0.21%
97717W406,AIVL,WISDOMTREE TR,6713,-15,880.28K,-1.97K,-0.2%,0.08%
55826T102,SPHR,SPHERE ENTERTAINMENT CO,4003,-12,692.64K,-2.08K,-0.3%,0.06%
09256A109,CII,BLACKROCK ENHANCED LARGE CAP,11889,-80,310.9K,-2.09K,-0.7%,0.03%
78467Y107,MDY,STATE STR SPDR S&P MIDCAP 40,579,-3,407.33K,-2.11K,-0.5%,0.04%
83088M102,SWKS,SKYWORKS SOLUTIONS INC,3848,-32,260.9K,-2.17K,-0.8%,0.02%
921910873,MGC,VANGUARD WORLD FD,1280,-8,350.38K,-2.19K,-0.6%,0.03%
464287861,IEV,ISHARES TR,44846,-32,3.27M,-2.33K,-0.1%,0.29%
92686J106,VKTX,VIKING THERAPEUTICS INC,108643,-60,4.24M,-2.34K,-0.1%,0.37%
46434V860,TFLO,ISHARES TR,8126,-47,411.44K,-2.38K,-0.6%,0.04%
169656105,CMG,CHIPOTLE MEXICAN GRILL INC,6610,-75,224.76K,-2.55K,-1.1%,0.02%
12572Q105,CME,CME GROUP INC,8700,-12,1.92M,-2.65K,-0.1%,0.17%
025816109,AXP,AMERICAN EXPRESS CO,9425,-8,3.19M,-2.71K,-0.1%,0.28%
36239Q109,GGT,GABELLI MULTIMEDIA TR INC,12482,-667,52.55K,-2.81K,-5.1%,<.01%
031162100,AMGN,AMGEN INC,11683,-8,4.23M,-2.9K,-0.1%,0.37%
780259305,SHEL,SHELL PLC,2205,-38,171K,-2.95K,-1.7%,0.02%
16119P108,CHTR,CHARTER COMMUNICATIONS INC,1061,-22,150.83K,-3.13K,-2%,0.01%
110122108,BMY,BRISTOL-MYERS SQUIBB CO,20230,-55,1.17M,-3.17K,-0.3%,0.1%
718172109,PM,PHILIP MORRIS INTL INC,2573,-18,465.43K,-3.26K,-0.7%,0.04%
478160104,JNJ,JOHNSON & JOHNSON,10495,-13,2.67M,-3.3K,-0.1%,0.24%
03769M106,APO,APOLLO GLOBAL MGMT INC,4340,-29,513.47K,-3.43K,-0.7%,0.05%
66987V109,NVS,NOVARTIS AG,3614,-22,566.45K,-3.45K,-0.6%,0.05%
464287192,IYT,ISHARES TR,10008,-44,868.22K,-3.82K,-0.4%,0.08%
G87052109,TEL,TE CONNECTIVITY PLC,1371,-19,276.41K,-3.83K,-1.4%,0.02%
366651107,IT,GARTNER INC,2161,-30,280.11K,-3.89K,-1.4%,0.02%
464288372,IGF,ISHARES TR,4203,-60,279.92K,-4K,-1.4%,0.02%
46137V233,XLG,INVESCO EXCHANGE TRADED FD T,46216,-66,2.83M,-4.04K,-0.1%,0.25%
844741108,LUV,SOUTHWEST AIRLS CO,16156,-80,830.72K,-4.11K,-0.5%,0.07%
94106B101,WCN,WASTE CONNECTIONS INC,1260,-26,210.03K,-4.33K,-2%,0.02%
502431109,LHX,L3HARRIS TECHNOLOGIES INC,1285,-15,373.41K,-4.36K,-1.2%,0.03%
25746U109,D,DOMINION ENERGY INC,9611,-65,656.34K,-4.44K,-0.7%,0.06%
260557103,DOW,DOW HLDGS INC,5246,-163,143.53K,-4.46K,-3%,0.01%
46137V787,PBE,INVESCO EXCHANGE TRADED FD T,20218,-50,1.81M,-4.48K,-0.2%,0.16%
03027X100,AMT,AMERICAN TOWER CORP,1446,-28,236.52K,-4.58K,-1.9%,0.02%
574599106,MAS,MASCO CORP,6801,-61,553.43K,-4.96K,-0.9%,0.05%
59156R108,MET,METLIFE INC,10304,-60,871.78K,-5.08K,-0.6%,0.08%
00162Q452,AMLP,ALPS ETF TR,5102,-98,264.54K,-5.08K,-1.9%,0.02%
16411R208,LNG,CHENIERE ENERGY INC,6863,-22,1.64M,-5.26K,-0.3%,0.14%
036752103,ELV,ELEVANCE HEALTH INC FORMERLY,2709,-14,1.05M,-5.41K,-0.5%,0.09%
126408103,CSX,CSX CORP,69282,-114,3.29M,-5.42K,-0.2%,0.29%
670346105,NUE,NUCOR CORP,2797,-25,623.05K,-5.57K,-0.9%,0.06%
464286822,EWW,ISHARES INC,5073,-78,381.83K,-5.87K,-1.5%,0.03%
247361702,DAL,DELTA AIR LINES INC,6633,-64,621.25K,-5.99K,-1%,0.05%
55825T103,MSGS,MADISON SQUARE GRDN SPRT COR,3656,-15,1.47M,-6.03K,-0.4%,0.13%
00326W106,ASGI,ABRDN GLOBAL INFRA INCOME FU,12463,-260,289.75K,-6.04K,-2%,0.03%
58155Q103,MCK,MCKESSON CORP,1197,-8,904.76K,-6.05K,-0.7%,0.08%
289074106,ECF,ELLSWORTH GROWTH & INCOME FD,52289,-467,690.75K,-6.17K,-0.9%,0.06%
90138F102,TWLO,TWILIO INC,2172,-30,448.15K,-6.19K,-1.4%,0.04%
92532F100,VRTX,VERTEX PHARMACEUTICALS INC,3202,-13,1.59M,-6.46K,-0.4%,0.14%
697435105,PANW,PALO ALTO NETWORKS INC,13577,-19,4.63M,-6.48K,-0.1%,0.41%
92206C409,VCSH,VANGUARD SCOTTSDALE FDS,3405,-82,269.11K,-6.48K,-2.4%,0.02%
512807306,LRCX,LAM RESEARCH CORP,72370,-15,31.36M,-6.5K,-0%,2.8%
58933Y105,MRK,MERCK & CO INC,9515,-51,1.22M,-6.55K,-0.5%,0.11%
539830109,LMT,LOCKHEED MARTIN CORP,2447,-13,1.25M,-6.62K,-0.5%,0.11%
03831W108,APP,APPLOVIN CORP,3348,-13,1.72M,-6.7K,-0.4%,0.15%
963320106,WHR,WHIRLPOOL CORP,5122,-173,201.91K,-6.82K,-3.3%,0.02%
824348106,SHW,SHERWIN WILLIAMS CO,3471,-20,1.2M,-6.89K,-0.6%,0.11%
78409V104,SPGI,S&P GLOBAL INC,2225,-17,906.2K,-6.92K,-0.8%,0.08%
89832Q109,TFC,TRUIST FINL CORP,8118,-149,404.46K,-7.42K,-1.8%,0.04%
46090A887,GSY,INVESCO ACTIVELY MANAGED EXC,5760,-149,288.85K,-7.47K,-2.5%,0.03%
969457100,WMB,WILLIAMS COS INC,6506,-101,483.65K,-7.51K,-1.5%,0.04%
69932A204,PSKY,PARAMOUNT SKYDANCE CORP,21489,-791,211.88K,-7.8K,-3.6%,0.02%
03743Q108,APA,APA CORPORATION,7979,-240,259.88K,-7.82K,-2.9%,0.02%
867224107,SU,SUNCOR ENERGY INC NEW,9823,-150,527.32K,-8.05K,-1.5%,0.05%
493267108,KEY,KEYCORP,27376,-370,631.02K,-8.53K,-1.3%,0.06%
872340104,TSI,TCW STRATEGIC INCOME FD INC,38028,-2000,171.51K,-9.02K,-5%,0.02%
G1151C101,ACN,ACCENTURE PLC IRELAND,1374,-73,170.99K,-9.08K,-5%,0.02%
693475105,PNC,PNC FINL SVCS GROUP INC,2284,-37,562.26K,-9.11K,-1.6%,0.05%
872540109,TJX,TJX COS INC NEW,6884,-61,1.04M,-9.24K,-0.9%,0.09%
855244109,SBUX,STARBUCKS CORP,74899,-95,7.65M,-9.71K,-0.1%,0.68%
34959E109,FTNT,FORTINET INC,54346,-64,8.35M,-9.83K,-0.1%,0.74%
337738108,FISV,FISERV INC,4914,-205,241.04K,-10.06K,-4%,0.02%
842587107,SO,SOUTHERN CO,3507,-106,335.65K,-10.15K,-2.9%,0.03%
64110W102,NTES,NETEASE COM INC,25290,-80,3.24M,-10.25K,-0.3%,0.29%
78464A698,KRE,SPDR SERIES TRUST,16196,-143,1.21M,-10.7K,-0.9%,0.11%
67103H107,ORLY,OREILLY AUTOMOTIVE INC,2100,-120,193.39K,-11.05K,-5.4%,0.02%
G0450A105,ACGL,ARCH CAP GROUP LTD,3811,-115,369.9K,-11.16K,-2.9%,0.03%
886364231,GRNY,TIDAL TRUST I,66468,-411,1.84M,-11.36K,-0.6%,0.16%
22822V101,CCI,CROWN CASTLE INC,2659,-154,201.37K,-11.66K,-5.5%,0.02%
256677105,DG,DOLLAR GEN CORP,2034,-103,234.13K,-11.86K,-4.8%,0.02%
45866F104,ICE,INTERCONTINENTAL EXCHANGE IN,3251,-97,400.22K,-11.94K,-2.9%,0.04%
44267T102,HHH,HOWARD HUGHES HOLDINGS INC,9466,-170,676.73K,-12.15K,-1.8%,0.06%
464287234,EEM,ISHARES TR,51646,-182,3.53M,-12.45K,-0.4%,0.31%
M5216V106,GLBE,GLOBAL E ONLINE LTD,6814,-366,236.65K,-12.71K,-5.1%,0.02%
78464A797,KBE,SPDR SERIES TRUST,4191,-189,285.89K,-12.89K,-4.3%,0.03%
92206C714,VONV,VANGUARD SCOTTSDALE FDS,21451,-123,2.28M,-13.08K,-0.6%,0.2%
46625H100,JPM,JPMORGAN CHASE & CO,15662,-41,5.13M,-13.42K,-0.3%,0.45%
983134107,WYNN,WYNN RESORTS LTD,7226,-139,701.53K,-13.49K,-1.9%,0.06%
75513E101,RTX,RTX CORPORATION,13818,-72,2.62M,-13.66K,-0.5%,0.23%
025537101,AEP,AMERICAN ELEC PWR CO INC,4458,-100,609.9K,-13.68K,-2.2%,0.05%
74347R107,SSO,PROSHARES TR,4941,-207,332.93K,-13.95K,-4%,0.03%
74164M108,PRI,PRIMERICA INC,912,-50,259.19K,-14.21K,-5.2%,0.02%
91879Q109,MTN,VAIL RESORTS INC,6977,-105,949.92K,-14.3K,-1.5%,0.08%
808513105,SCHW,SCHWAB CHARLES CORP,10886,-159,1M,-14.67K,-1.4%,0.09%
33939L662,HYGV,FLEXSHARES TR,6369,-388,256.42K,-15.62K,-5.7%,0.02%
46137V621,PGF,INVESCO EXCHANGE TRADED FD T,17407,-1140,238.65K,-15.63K,-6.1%,0.02%
55305B101,MHO,M/I HOMES INC,2831,-98,455.2K,-15.76K,-3.3%,0.04%
219350105,GLW,CORNING INC,9859,-62,2.52M,-15.84K,-0.6%,0.22%
023586506,UHALB,U HAUL HOLDING COMPANY,19824,-278,1.14M,-16.04K,-1.4%,0.1%
46137V738,PWV,INVESCO EXCHANGE TRADED FD T,13152,-216,996.53K,-16.37K,-1.6%,0.09%
46434G822,EWJ,ISHARES INC,17745,-176,1.66M,-16.42K,-1%,0.15%
464288810,IHI,ISHARES TR,29444,-338,1.45M,-16.7K,-1.1%,0.13%
369550108,GD,GENERAL DYNAMICS CORP,547,-48,193.89K,-17.01K,-8.1%,0.02%
00287Y109,ABBV,ABBVIE INC,18395,-69,4.63M,-17.36K,-0.4%,0.41%
22266T109,CPNG,COUPANG INC,36749,-1000,638.33K,-17.37K,-2.6%,0.06%
57636Q104,MA,MASTERCARD INCORPORATED,9434,-34,4.85M,-17.46K,-0.4%,0.43%
538034109,LYV,LIVE NATION ENTERTAINMENT IN,2203,-96,403.33K,-17.58K,-4.2%,0.04%
30212P303,EXPE,EXPEDIA GROUP INC,2337,-71,597.99K,-18.17K,-2.9%,0.05%
464287556,IBB,ISHARES TR,3206,-97,609.78K,-18.45K,-2.9%,0.05%
988498101,YUM,YUM BRANDS INC,2458,-116,392.94K,-18.54K,-4.5%,0.03%
75886F107,REGN,REGENERON PHARMACEUTICALS,586,-30,365.39K,-18.71K,-4.9%,0.03%
75700L108,RRR,RED ROCK RESORTS INC,12690,-290,825.61K,-18.87K,-2.2%,0.07%
714046109,RVTY,REVVITY INC,3124,-170,347.58K,-18.91K,-5.2%,0.03%
060505104,BAC,BANK OF AMER CORP,78179,-349,4.45M,-19.89K,-0.4%,0.39%
37954Y459,RYLD,GLOBAL X FDS,143819,-1249,2.3M,-19.97K,-0.9%,0.2%
666807102,NOC,NORTHROP GRUMMAN CORP,345,-40,175.71K,-20.37K,-10.4%,0.02%
169905106,CHH,CHOICE HOTELS INTL INC,3511,-186,387.21K,-20.51K,-5%,0.03%
92790A504,JOET,VIRTUS ETF TR II,36312,-450,1.68M,-20.83K,-1.2%,0.15%
30231G102,XOM,EXXON MOBIL CORP,5720,-155,782.03K,-21.19K,-2.6%,0.07%
88579Y101,MMM,3M CO,2643,-131,427.98K,-21.21K,-4.7%,0.04%
668771108,GEN,GEN DIGITAL INC,16213,-858,403.54K,-21.36K,-5%,0.04%
713448108,PEP,PEPSICO INC,4054,-160,548.84K,-21.66K,-3.8%,0.05%
G2143T103,CMPR,CIMPRESS PLC,9474,-223,963.51K,-22.68K,-2.3%,0.09%
78463X871,GWX,SPDR INDEX SHS FDS,4862,-543,212.76K,-23.76K,-10%,0.02%
74743L100,Q,QNITY ELECTRONICS INC,3724,-146,608.17K,-23.84K,-3.8%,0.05%
934423104,WBD,WARNER BROS DISCOVERY INC,10266,-898,273.69K,-23.94K,-8%,0.02%
615369105,MCO,MOODYS CORP,2146,-54,971.99K,-24.46K,-2.5%,0.09%
790148100,JOE,ST JOE CO,29034,-400,1.82M,-25.05K,-1.4%,0.16%
192446102,CTSH,COGNIZANT TECHNOLOGY SOLUTIO,4041,-649,156.5K,-25.14K,-13.8%,0.01%
911312106,UPS,UNITED PARCEL SVCS INC,4920,-242,528.88K,-26.01K,-4.7%,0.05%
92189H607,OIH,VANECK ETF TRUST,487,-70,181.18K,-26.04K,-12.6%,0.02%
46428Q109,SLV,ISHARES SILVER TR,2880,-526,153.97K,-28.12K,-15.4%,0.01%
91913Y100,VLO,VALERO ENERGY CORP,4417,-108,1.15M,-28.13K,-2.4%,0.1%
89417E109,TRV,TRAVELERS COMPANIES INC,5017,-86,1.66M,-28.39K,-1.7%,0.15%
55354G100,MSCI,MSCI INC,1694,-52,948.81K,-29.13K,-3%,0.08%
674599105,OXY,OCCIDENTAL PETE CORP,18911,-600,918.52K,-29.14K,-3.1%,0.08%
302081104,EXLS,EXLSERVICE HLDGS INC,5541,-1132,143.29K,-29.27K,-17%,0.01%
03076C106,AMP,AMERIPRISE FINL INC,541,-64,248.19K,-29.36K,-10.6%,0.02%
46434G103,IEMG,ISHARES INC,5748,-368,476.17K,-30.49K,-6%,0.04%
05550J101,BJ,BJS WHSL CLUB HLDGS INC,2065,-351,180.11K,-30.61K,-14.5%,0.02%
00206R102,T,AT&T INC,32982,-1512,682.73K,-31.3K,-4.4%,0.06%
22160N109,CSGP,COSTAR GROUP INC,20026,-1115,567.14K,-31.58K,-5.3%,0.05%
055622104,BP,BP PLC,4397,-873,162.47K,-32.26K,-16.6%,0.01%
20825C104,COP,CONOCOPHILLIPS,10171,-311,1.06M,-32.33K,-3%,0.09%
464288760,ITA,ISHARES TR,1185,-137,287.18K,-33.2K,-10.4%,0.03%
962166104,WY,WEYERHAEUSER CO,11022,-1439,263.87K,-34.45K,-11.5%,0.02%
01609W102,BABA,ALIBABA GROUP HLDG LTD,7202,-359,691.25K,-34.46K,-4.7%,0.06%
761152107,RMD,RESMED INC,800,-181,155.84K,-35.26K,-18.5%,0.01%
56585A102,MPC,MARATHON PETE CORP,11455,-138,2.93M,-35.28K,-1.2%,0.26%
00724F101,ADBE,ADOBE INC,17361,-176,3.56M,-36.08K,-1%,0.31%
69331C108,PCG,PG&E CORP,22237,-2222,374.03K,-37.37K,-9.1%,0.03%
92206C813,VCLT,VANGUARD SCOTTSDALE FDS,4171,-531,313.87K,-39.96K,-11.3%,0.03%
G54950103,LIN,LINDE PLC,923,-78,478.98K,-40.48K,-7.8%,0.04%
580135101,MCD,MCDONALDS CORP,2987,-150,807.43K,-40.55K,-4.8%,0.07%
46222L108,IONQ,IONQ INC,12897,-768,686.9K,-40.9K,-5.6%,0.06%
416515104,HIG,HARTFORD INSURANCE GROUP INC,25896,-311,3.43M,-41.21K,-1.2%,0.3%
81369Y506,XLE,SELECT SECTOR SPDR TR,53687,-777,2.85M,-41.27K,-1.4%,0.25%
G0176J109,ALLE,ALLEGION PLC,1458,-299,204.88K,-42.02K,-17%,0.02%
372460105,GPC,GENUINE PARTS CO,3028,-361,357.24K,-42.59K,-10.7%,0.03%
026874784,AIG,AMERICAN INTL GROUP INC,14872,-580,1.11M,-43.23K,-3.8%,0.1%
25278X109,FANG,DIAMONDBACK ENERGY INC,3312,-249,582.11K,-43.76K,-7%,0.05%
744320102,PRU,PRUDENTIAL FINL INC,8017,-424,865.27K,-45.76K,-5%,0.08%
922042874,VGK,VANGUARD INTL EQUITY INDEX F,12427,-535,1.1M,-47.37K,-4.1%,0.1%
69608A108,PLTR,PALANTIR TECHNOLOGIES INC,2131,-409,248.59K,-47.71K,-16.1%,0.02%
46429B697,USMV,ISHARES TR,4444,-512,428.68K,-49.39K,-10.3%,0.04%
00790R104,WMS,ADVANCED DRAIN SYS INC DEL,2207,-316,346.41K,-49.6K,-12.5%,0.03%
37954Y475,XYLD,GLOBAL X FDS,38550,-1227,1.57M,-50.05K,-3.1%,0.14%
55277P104,MGEE,MGE ENERGY INC,2430,-618,198.17K,-50.4K,-20.3%,0.02%
784117103,SEIC,SEI INVTS CO,2581,-604,226.38K,-52.98K,-19%,0.02%
595112103,MU,MICRON TECHNOLOGY INC,6939,-46,8.01M,-53.1K,-0.7%,0.71%
654106103,NKE,NIKE INC,19875,-1303,815.87K,-53.49K,-6.2%,0.07%
92343V104,VZ,VERIZON COMMUNICATIONS INC,17846,-1264,755.6K,-53.52K,-6.6%,0.07%
084670702,BRK.B,BERKSHIRE HATHAWAY INC DEL,9616,-111,4.81M,-55.55K,-1.1%,0.42%
03073E105,COR,CENCORA INC,7778,-199,2.2M,-56.31K,-2.5%,0.19%
617446448,MS,MORGAN STANLEY,16397,-273,3.43M,-57.07K,-1.6%,0.3%
09174C104,BITB,BITWISE BITCOIN ETF TR,6725,-1792,214.26K,-57.09K,-21%,0.02%
G8994E103,TT,TRANE TECHNOLOGIES PLC,1428,-120,701.32K,-58.93K,-7.8%,0.06%
42226A107,HQY,HEALTHEQUITY INC,9842,-665,888.93K,-60.06K,-6.3%,0.08%
38141G104,GS,GOLDMAN SACHS GROUP INC,9512,-60,9.62M,-60.68K,-0.6%,0.85%
922908751,VB,VANGUARD INDEX FDS,562,-204,170.35K,-61.84K,-26.6%,0.02%
46432F842,IEFA,ISHARES TR,6884,-652,664.86K,-62.97K,-8.7%,0.06%
94106L109,WM,WASTE MGMT INC DEL,8770,-287,1.95M,-63.96K,-3.2%,0.17%
646025106,NJR,NEW JERSEY RES CORP,4156,-1151,232.88K,-64.5K,-21.7%,0.02%
747525103,QCOM,QUALCOMM INC,11886,-353,2.2M,-65.23K,-2.9%,0.19%
78468R796,SPYX,SPDR SERIES TRUST,3460,-1070,211.41K,-65.38K,-23.6%,0.02%
G7997R103,STX,SEAGATE TECHNOLOGY HLDNGS PL,1525,-68,1.47M,-65.64K,-4.3%,0.13%
650111107,NYT,NEW YORK TIMES CO MTN BE,3035,-997,212.36K,-69.76K,-24.7%,0.02%
571903202,MAR,MARRIOTT INTL INC NEW,4418,-190,1.64M,-70.41K,-4.1%,0.14%
921937835,BND,VANGUARD BD INDEX FDS,6213,-1039,456.12K,-76.28K,-14.3%,0.04%
87612E106,TGT,TARGET CORP,1894,-586,247.38K,-76.54K,-23.6%,0.02%
922042866,VPL,VANGUARD INTL EQUITY INDEX F,5933,-676,686.41K,-78.21K,-10.2%,0.06%
81369Y803,XLK,SELECT SECTOR SPDR TR,42561,-412,8.11M,-78.49K,-1%,0.72%
92203J407,BNDX,VANGUARD CHARLOTTE FDS,8675,-1624,420.13K,-78.65K,-15.8%,0.04%
37954Y483,QYLD,GLOBAL X FDS,110971,-4271,2.05M,-78.71K,-3.7%,0.18%
70450Y103,PYPL,PAYPAL HLDGS INC,32890,-1836,1.42M,-79.28K,-5.3%,0.13%
92206C664,VTWO,VANGUARD SCOTTSDALE FDS,4434,-659,538.38K,-80.02K,-12.9%,0.05%
852234103,XYZ,BLOCK INC,14237,-1056,1.08M,-80.26K,-6.9%,0.1%
949746101,WFC,WELLS FARGO & CO,6691,-997,552.92K,-82.39K,-13%,0.05%
79466L302,CRM,SALESFORCE INC,16328,-533,2.56M,-83.5K,-3.2%,0.23%
594972408,MSTR,STRATEGY INC,5460,-1005,474.64K,-87.36K,-15.5%,0.04%
02209S103,MO,ALTRIA GROUP INC,7298,-1223,525.1K,-88K,-14.4%,0.05%
03957W106,AROC,ARCHROCK INC,7479,-2175,304.48K,-88.55K,-22.5%,0.03%
718546104,PSX,PHILLIPS 66,6553,-526,1.11M,-88.91K,-7.4%,0.1%
254687106,DIS,DISNEY WALT CO,44993,-954,4.33M,-91.82K,-2.1%,0.38%
31428X106,FDX,FEDEX CORP,10729,-295,3.36M,-92.37K,-2.7%,0.3%
461202103,INTU,INTUIT,906,-354,236.43K,-92.38K,-28.1%,0.02%
10948W103,AAMI,ACADIAN ASSET MANAGEMENT INC,4241,-1302,303.34K,-93.13K,-23.5%,0.03%
166764100,CVX,CHEVRON CORPORATION,10600,-579,1.76M,-95.98K,-5.2%,0.16%
464288885,EFG,ISHARES TR,5623,-790,699.65K,-98.3K,-12.3%,0.06%
532457108,LLY,ELI LILLY & CO,5669,-85,6.8M,-101.96K,-1.5%,0.6%
655844108,NSC,NORFOLK SOUTHN CORP,487,-325,153.21K,-102.24K,-40%,0.01%
92206C649,VTWV,VANGUARD SCOTTSDALE FDS,42835,-528,8.37M,-103.19K,-1.2%,0.74%
464287598,IWD,ISHARES TR,1493,-432,361.95K,-104.73K,-22.4%,0.03%
931142103,WMT,WALMART INC,18826,-990,2.13M,-112.13K,-5%,0.19%
922908769,VTI,VANGUARD INDEX FDS,4667,-309,1.73M,-114.34K,-6.2%,0.15%
745867101,PHM,PULTE GROUP INC,11337,-835,1.56M,-114.57K,-6.9%,0.14%
303075105,FDS,FACTSET RESH SYS INC,770,-512,177.23K,-117.85K,-39.9%,0.02%
91324P102,UNH,UNITEDHEALTH GROUP INC,3052,-296,1.27M,-123.03K,-8.8%,0.11%
00676P107,ADEA,ADEIA INC,12589,-3767,414.56K,-124.05K,-23%,0.04%
13057Q305,CRC,CALIFORNIA RES CORP,592,-2373,31.32K,-125.54K,-80%,<.01%
038222105,AMAT,APPLIED MATLS INC,18840,-174,13.62M,-125.8K,-0.9%,1.2%
92826C839,V,VISA INC,12803,-374,4.39M,-128.32K,-2.8%,0.39%
922908611,VBR,VANGUARD INDEX FDS,23212,-534,5.64M,-129.76K,-2.2%,0.5%
26875P101,EOG,EOG RES INC,11451,-1002,1.49M,-129.99K,-8%,0.13%
97717X511,AGGY,WISDOMTREE TR,1721,-3469,74.83K,-150.83K,-66.8%,<.01%
002824100,ABT,ABBOTT LABORATORIES,5882,-1786,533.75K,-162.07K,-23.3%,0.05%
052800109,ALV,AUTOLIV INC,2019,-1430,234.5K,-166.09K,-41.5%,0.02%
922908595,VBK,VANGUARD INDEX FDS,19478,-467,7.12M,-170.78K,-2.3%,0.63%
20030N101,CMCSA,COMCAST CORP NEW,22490,-7157,552.12K,-175.7K,-24.1%,0.05%
464287200,IVV,ISHARES TR,2593,-235,1.94M,-175.97K,-8.3%,0.17%
31620M106,FIS,FIDELITY NATL INFORMATION SV,436,-4578,16.94K,-177.84K,-91.3%,<.01%
921910816,MGK,VANGUARD WORLD FD,1595,-2079,140.25K,-182.81K,-56.6%,0.01%
24703L202,DELL,DELL TECHNOLOGIES INC,16707,-428,7.21M,-184.67K,-2.5%,0.64%
464287309,IVW,ISHARES TR,10923,-1389,1.5M,-191.02K,-11.3%,0.13%
36828A101,GEV,GE VERNOVA INC,2088,-167,2.45M,-196.21K,-7.4%,0.22%
72201B101,PTY,PIMCO CORPORATE & INCOME OPP,0,-16736,0,-201.83K,CLOSE,0%
922908363,VOO,VANGUARD INDEX FDS,806,-296,553.69K,-203.34K,-26.9%,0.05%
871829107,SYY,SYSCO CORP,945,-2474,79.02K,-206.87K,-72.4%,<.01%
097023105,BA,BOEING CO,19103,-971,4.14M,-210.19K,-4.8%,0.37%
388689101,GPK,GRAPHIC PACKAGING HLDG CO,1727,-20301,18.25K,-214.59K,-92.2%,<.01%
46432F339,QUAL,ISHARES TR,7427,-989,1.63M,-217.01K,-11.8%,0.14%
53656G498,MAGS,LISTED FDS TR,816,-3377,52.47K,-217.14K,-80.5%,<.01%
548661107,LOW,LOWES COS INC,8432,-989,1.86M,-218.07K,-10.5%,0.16%
38267D109,GSHD,GOOSEHEAD INS INC,0,-5251,0,-224.01K,CLOSE,0%
303250104,FICO,FAIR ISAAC CORP,602,-191,719.26K,-228.2K,-24.1%,0.06%
747301109,QUAD,QUAD / GRAPHICS INC,0,-36179,0,-239.14K,CLOSE,0%
947913109,IVES,WEDBUSH SER TR,2352,-6351,89.61K,-241.98K,-73%,<.01%
882508104,TXN,TEXAS INSTRS INC,28671,-826,8.55M,-246.21K,-2.8%,0.75%
670100205,NVO,NOVO-NORDISK A S,7044,-5300,337.69K,-254.08K,-42.9%,0.03%
256163106,DOCU,DOCUSIGN INC,526,-6099,23.36K,-270.92K,-92.1%,<.01%
172967424,C,CITIGROUP INC,15061,-1959,2.11M,-274.19K,-11.5%,0.19%
68389X105,ORCL,ORACLE CORP,14851,-1994,2.18M,-292.21K,-11.8%,0.19%
92206C623,VTWG,VANGUARD SCOTTSDALE FDS,32625,-1017,9.39M,-292.57K,-3%,0.83%
530158104,USA,LIBERTY ALL STAR EQUITY FD,38369,-50694,222.92K,-294.53K,-56.9%,0.02%
369604301,GE,GE AEROSPACE,9517,-818,3.56M,-305.7K,-7.9%,0.31%
722011103,PGP,PIMCO GLOBAL STOCKSPLS INCM,0,-37850,0,-315.29K,CLOSE,0%
46137V746,PWB,INVESCO EXCHANGE TRADED FD T,27904,-1926,4.7M,-324.45K,-6.5%,0.42%
05464C101,AXON,AXON ENTERPRISE INC,19839,-612,11.12M,-343.09K,-3%,0.98%
17275R102,CSCO,CISCO SYS INC,15073,-2961,1.77M,-347.8K,-16.4%,0.16%
513272104,LW,LAMB WESTON HLDGS INC,182,-8341,7.86K,-360.08K,-97.9%,<.01%
922908744,VTV,VANGUARD INDEX FDS,9553,-1654,2.08M,-360.44K,-14.8%,0.18%
464288679,SHV,ISHARES TR,26357,-3268,2.91M,-360.62K,-11%,0.26%
67066G104,NVDA,NVIDIA CORPORATION,739474,-1864,147.96M,-372.97K,-0.3%,13.1%
02079K305,GOOGL,ALPHABET INC,55480,-1111,19.83M,-397.03K,-2%,1.8%
26614N102,DD,DUPONT DE NEMOURS INC,0,-9174,0,-420.17K,CLOSE,0%
458140100,INTC,INTEL CORP,10336,-3074,1.44M,-429.22K,-22.9%,0.13%
20464U100,COMP,COMPASS INC,35800,-36000,441.41K,-443.88K,-50.1%,0.04%
922908553,VNQ,VANGUARD INDEX FDS,13176,-4729,1.27M,-456.02K,-26.4%,0.11%
806857108,SLB,SLB LIMITED,6387,-10126,296.93K,-470.76K,-61.3%,0.03%
92204A603,VIS,VANGUARD WORLD FD,1495,-1317,538.86K,-474.7K,-46.8%,0.05%
68278B107,OS,ONESTREAM INC,0,-20484,0,-491.62K,CLOSE,0%
92204A876,VPU,VANGUARD WORLD FD,2507,-2521,490.61K,-493.35K,-50.1%,0.04%
921943858,VEA,VANGUARD TAX-MANAGED FDS,30150,-7119,2.15M,-507.23K,-19.1%,0.19%
92204A801,VAW,VANGUARD WORLD FD,2086,-2218,477.34K,-507.54K,-51.5%,0.04%
46137V431,SPGP,INVESCO EXCHANGE TRADED FD T,0,-4777,0,-514.12K,CLOSE,0%
448579102,H,HYATT HOTELS CORP,9969,-2716,1.93M,-526.45K,-21.4%,0.17%
00091E109,ABSI,ABSCI CORPORATION,99892,-45900,1.16M,-531.98K,-31.5%,0.1%
23804L103,DDOG,DATADOG INC,4940,-2072,1.29M,-539.47K,-29.5%,0.11%
922042858,VWO,VANGUARD INTL EQUITY INDEX F,58595,-9113,3.5M,-543.95K,-13.5%,0.31%
007903107,AMD,ADVANCED MICRO DEVICES INC,27331,-957,15.88M,-555.93K,-3.4%,1.4%
62955J103,NOV,NOV INC,1175,-31619,21.8K,-586.55K,-96.4%,<.01%
92204A306,VDE,VANGUARD WORLD FD,4345,-3912,652.37K,-587.35K,-47.4%,0.06%
37045V100,GM,GENERAL MTRS CO,32814,-8160,2.53M,-628.97K,-19.9%,0.22%
149123101,CAT,CATERPILLAR INC,3838,-602,4.09M,-641.12K,-13.6%,0.36%
244199105,DE,DEERE & CO,3756,-1052,2.38M,-667.32K,-21.9%,0.21%
911363109,URI,UNITED RENTALS INC,7509,-663,8.51M,-751.06K,-8.1%,0.75%
808524797,SCHD,SCHWAB STRATEGIC TR,5068,-23763,160.69K,-753.46K,-82.4%,0.01%
02079K107,GOOG,ALPHABET INC,14171,-2175,5.01M,-768.47K,-13.3%,0.44%
128117108,CHI,CALAMOS CONV OPPORTUNITIES &,1695,-57582,22.78K,-773.91K,-97.1%,<.01%
26923N744,FEPI,ETF OPPORTUNITIES TRUST,0,-20343,0,-807.02K,CLOSE,0%
052769106,ADSK,AUTODESK INC,360,-4258,69.99K,-827.85K,-92.2%,<.01%
301505475,NUKZ,EXCHANGE TRADED CONCEPTS TRU,0,-12773,0,-840.07K,CLOSE,0%
92204A504,VHT,VANGUARD WORLD FD,5494,-3169,1.64M,-947.61K,-36.6%,0.15%
92204A884,VOX,VANGUARD WORLD FD,5046,-5179,928.2K,-952.66K,-50.7%,0.08%
92204A108,VCR,VANGUARD WORLD FD,2264,-2425,898.04K,-961.91K,-51.7%,0.08%
464287655,IWM,ISHARES TR,12226,-3229,3.67M,-970.12K,-20.9%,0.32%
92204A405,VFH,VANGUARD WORLD FD,8162,-7508,1.07M,-988.08K,-47.9%,0.09%
438516106,HON,HONEYWELL INTL INC,0,-4613,0,-1.04M,CLOSE,0%
46641Q332,JEPI,J P MORGAN EXCHANGE TRADED F,6244,-20867,352.66K,-1.18M,-77%,0.03%
037833100,AAPL,APPLE INC,114542,-4833,33.14M,-1.4M,-4%,2.9%
78462F103,SPY,STATE STR SPDR S&P 500 ETF T,4217,-2239,3.15M,-1.67M,-34.7%,0.28%
833445109,SNOW,SNOWFLAKE INC,3449,-12166,877.77K,-3.1M,-77.9%,0.08%
00827B106,AFRM,AFFIRM HLDGS INC,859,-38851,70.05K,-3.17M,-97.8%,<.01%
78467X109,DIA,STATE STR SPDR DOW JONES IND,974,-6907,508.73K,-3.61M,-87.6%,0.04%
46090E103,QQQ,INVESCO QQQ TR,20442,-19431,15.05M,-14.31M,-48.7%,1.3%
Total,,,,,1.13B,45.61M,+4.9%,100%
