CUSIP,Ticker,Company,Shares,Delta_Shares,Value,Delta_Value,Delta,Portfolio%
833445109,SNOW,SNOWFLAKE INC,2813766,2703366,716.1M,688.01M,+2448.7%,1.1%
49271V100,KDP,KEURIG DR PEPPER INC,13948539,12965750,456.54M,424.37M,+1319.3%,0.7%
882508104,TXN,TEXAS INSTRS INC,1377090,1377090,410.47M,410.47M,NEW,0.63%
68389X105,ORCL,ORACLE CORP,3410580,2226748,499.82M,326.33M,+188.1%,0.76%
742718109,PG,PROCTER & GAMBLE CO,4322996,2222685,633.92M,325.93M,+105.8%,0.97%
G7997R103,STX,SEAGATE TECHNOLOGY HLDNGS PL,822914,276536,794.11M,266.86M,+50.6%,1.2%
G2004J103,CCL,CARNIVAL CORP LTD,9253710,9253710,264.38M,264.38M,NEW,0.4%
22266T109,CPNG,COUPANG INC,22407576,14612667,389.22M,253.82M,+187.5%,0.59%
75513E101,RTX,RTX CORPORATION,3298107,1250728,625.75M,237.3M,+61.1%,0.96%
049560105,ATO,ATMOS ENERGY CORP,1361162,1361162,234.49M,234.49M,NEW,0.36%
Y2573F102,FLEX,FLEX LTD,1278970,1278970,207.28M,207.28M,NEW,0.32%
518415104,LSCC,LATTICE SEMICONDUCTOR CORP,1491909,1343084,228.2M,205.44M,+902.5%,0.35%
861012102,STM,STMICROELECTRONICS N V,3104441,2719871,232.49M,203.69M,+707.2%,0.36%
126650100,CVS,CVS HEALTH CORP,1961032,1961032,202.87M,202.87M,NEW,0.31%
16411R208,LNG,CHENIERE ENERGY INC,846149,846149,202.24M,202.24M,NEW,0.31%
57636Q104,MA,MASTERCARD INCORPORATED,463955,387201,238.29M,198.87M,+504.5%,0.36%
72352L106,PINS,PINTEREST INC,9389419,9389419,197.46M,197.46M,NEW,0.3%
03524A108,BUD,ANHEUSER BUSCH INBEV SA NV,2328833,2328833,191.9M,191.9M,NEW,0.29%
609207105,MDLZ,MONDELEZ INTL INC,8216347,3291174,475.23M,190.36M,+66.8%,0.73%
314352105,FDXF,FEDEX FGHT HLDG CO INC,1199248,1199248,181.09M,181.09M,NEW,0.28%
375558103,GILD,GILEAD SCIENCES INC,1437685,1428877,181.64M,180.52M,+16222.5%,0.28%
N52A8C105,INIO,INNIO NV,4509211,4509211,178.34M,178.34M,NEW,0.27%
907818108,UNP,UNION PAC CORP,931024,654960,253.24M,178.15M,+237.2%,0.39%
14040H105,COF,CAPITAL ONE FINL CORP,2529289,880577,507.43M,176.66M,+53.4%,0.78%
580135101,MCD,MCDONALDS CORP,645216,645216,174.41M,174.41M,NEW,0.27%
928298108,VSH,VISHAY INTERTECHNOLOGY INC,4975625,3197401,267.59M,171.96M,+179.8%,0.41%
55306N104,MKSI,MKS INC.,1996843,386512,888.2M,171.92M,+24%,1.4%
91324P102,UNH,UNITEDHEALTH GROUP INC,830855,411366,345.33M,170.98M,+98.1%,0.53%
023608102,AEE,AMEREN CORP,2139630,1443881,241.86M,163.22M,+207.5%,0.37%
682189105,ON,ON SEMICONDUCTOR CORP,1606182,1606182,151.85M,151.85M,NEW,0.23%
02079K602,ABE1.F,ALPHABET INC,2950200,2950200,148.31M,148.31M,NEW,0.23%
12572Q105,CME,CME GROUP INC,743666,653666,164.22M,144.35M,+726.3%,0.25%
099724106,BWA,BORGWARNER INC,2152141,2143141,142.9M,142.3M,+23812.7%,0.22%
002824100,ABT,ABBOTT LABORATORIES,1551929,1551929,140.82M,140.82M,NEW,0.22%
12514G108,CDW,CDW CORP,1018144,998755,143.19M,140.46M,+5151.1%,0.22%
949746101,WFC,WELLS FARGO & CO,1698256,1698256,140.34M,140.34M,NEW,0.21%
690742101,OC,OWENS CORNING NEW,1217226,882041,193.49M,140.21M,+263.2%,0.3%
37733W204,GSK,GSK PLC,2652881,2652881,139.06M,139.06M,NEW,0.21%
86800U302,SMCI,SUPER MICRO COMPUTER INC,4755283,4723283,139.47M,138.53M,+14760.3%,0.21%
25179M103,DVN,DEVON ENERGY CORP NEW,3290478,3290478,135.96M,135.96M,NEW,0.21%
025537101,AEP,AMERICAN ELEC PWR CO INC,1616644,984469,221.17M,134.69M,+155.7%,0.34%
629377508,NRG,NRG ENERGY INC,1177251,902416,171.95M,131.81M,+328.3%,0.26%
55354G100,MSCI,MSCI INC,275651,230823,154.38M,129.27M,+514.9%,0.24%
50212V100,LPLA,LPL FINL HLDGS INC,507345,456702,142.91M,128.64M,+901.8%,0.22%
592688105,MTD,METTLER TOLEDO INTERNATIONAL,128987,100225,164.78M,128.04M,+348.5%,0.25%
863667101,SYK,STRYKER CORPORATION,430094,404854,135.41M,127.46M,+1604%,0.21%
G76279101,ROIV,ROIVANT SCIENCES LTD,4473478,3582578,158.32M,126.79M,+402.1%,0.24%
23248VAD7,,CYBERARK SOFTWARE LTD,74652000,74652000,124.39M,124.39M,NEW,0.19%
674599105,OXY,OCCIDENTAL PETE CORP,5193668,2513303,252.26M,122.07M,+93.8%,0.39%
09290D101,BLK,BLACKROCK INC,179471,126319,172.57M,121.46M,+237.7%,0.26%
42824C109,HPE,HEWLETT PACKARD ENTERPRISE C,2676326,2676326,120.73M,120.73M,NEW,0.18%
406216101,HAL,HALLIBURTON CO,4224554,3374869,143.42M,114.58M,+397.2%,0.22%
10806X102,BBIO,BRIDGEBIO PHARMA INC,1525782,1525782,113.64M,113.64M,NEW,0.17%
693475105,PNC,PNC FINL SVCS GROUP INC,713705,456592,175.73M,112.42M,+177.6%,0.27%
369550108,GD,GENERAL DYNAMICS CORP,499224,314384,176.85M,111.37M,+170.1%,0.27%
816850101,SMTC,SEMTECH CORP,681875,681875,110.36M,110.36M,NEW,0.17%
81141R100,SE,SEA LTD,3022183,1150574,289.62M,110.26M,+61.5%,0.44%
876030107,TPR,TAPESTRY INC,1411786,749472,206.66M,109.71M,+113.2%,0.32%
032095101,APH,AMPHENOL CORP,618893,618893,109.12M,109.12M,NEW,0.17%
718546104,PSX,PHILLIPS 66,632300,632300,106.89M,106.89M,NEW,0.16%
98386P102,XE,X-ENERGY INC,5689086,5689086,104.45M,104.45M,NEW,0.16%
375916103,GIL,GILDAN ACTIVEWEAR INC,2140110,1986386,110.44M,102.51M,+1292.2%,0.17%
053332102,AZO,AUTOZONE INC,58104,31885,185.7M,101.9M,+121.6%,0.28%
767292105,RIOT,RIOT PLATFORMS INC,3714879,3714879,101.71M,101.71M,NEW,0.16%
418056107,HAS,HASBRO INC,2113602,1216628,174.56M,100.48M,+135.6%,0.27%
501044101,KR,KROGER CO,1782236,1782236,98.97M,98.97M,NEW,0.15%
69351T106,PPL,PPL CORP,8354771,2695447,303.7M,97.98M,+47.6%,0.46%
316841105,FIG,FIGMA INC,5411251,5411251,97.89M,97.89M,NEW,0.15%
02079K404,ABE2.F,ALPHABET INC,1902300,1902300,96.03M,96.03M,NEW,0.15%
14448C104,CARR,CARRIER GLOBAL CORPORATION,1305110,1305110,95.73M,95.73M,NEW,0.15%
464287242,LQD,ISHARES TR,850000,850000,92.71M,92.71M,NEW,0.14%
00287Y109,ABBV,ABBVIE INC,366836,366836,92.31M,92.31M,NEW,0.14%
30225T102,EXR,EXTRA SPACE STORAGE INC,630727,630727,91.64M,91.64M,NEW,0.14%
88579Y101,MMM,3M CO,565823,565823,91.61M,91.61M,NEW,0.14%
086516101,BBY,BEST BUY INC,1206058,1206058,91.52M,91.52M,NEW,0.14%
92840M102,VST,VISTRA CORP,1478465,559759,234.53M,88.79M,+60.9%,0.36%
879360105,TDY,TELEDYNE TECHNOLOGIES INC,131184,131184,87.49M,87.49M,NEW,0.13%
74164F103,PRIM,PRIMORIS SVCS CORP,876484,876484,86.88M,86.88M,NEW,0.13%
45866F104,ICE,INTERCONTINENTAL EXCHANGE IN,1002253,697534,123.39M,85.87M,+228.9%,0.19%
78473E103,SPXC,SPX TECHNOLOGIES INC,350111,350111,85.84M,85.84M,NEW,0.13%
37045V100,GM,GENERAL MTRS CO,1784547,1085735,137.55M,83.69M,+155.4%,0.21%
14316J108,CG,CARLYLE GROUP INC,2184854,1981854,92M,83.46M,+976.3%,0.14%
23282W605,CYTK,CYTOKINETICS INC,1587712,961610,135.26M,81.92M,+153.6%,0.21%
H11356104,BG,BUNGE GLOBAL SA,753348,748162,80.4M,79.85M,+14426.6%,0.12%
291011104,EMR,EMERSON ELEC CO,557706,557706,79.84M,79.84M,NEW,0.12%
093712107,BE,BLOOM ENERGY CORP,308856,263460,93.49M,79.75M,+580.4%,0.14%
21036P108,STZ,CONSTELLATION BRANDS INC,2463367,571482,342.63M,79.49M,+30.2%,0.52%
46625H100,JPM,JPMORGAN CHASE & CO,239772,239772,78.48M,78.48M,NEW,0.12%
744573106,PEG,PUBLIC SVC ENTERPRISE GROUP,966343,966343,78.43M,78.43M,NEW,0.12%
493267108,KEY,KEYCORP,3777995,3377286,87.08M,77.85M,+842.8%,0.13%
902973304,USB,US BANCORP,2238597,1257344,135.21M,75.94M,+128.1%,0.21%
98956P102,ZBH,ZIMMER BIOMET HOLDINGS INC,879851,879851,75.75M,75.75M,NEW,0.12%
65290E101,NXT,NEXTPOWER INC,652316,631516,77.72M,75.24M,+3036.1%,0.12%
874054109,TTWO,TAKE-TWO INTERACTIVE SOFTWAR,479366,296107,119.83M,74.02M,+161.6%,0.18%
30231G102,XOM,EXXON MOBIL CORP,581321,527504,79.48M,72.12M,+980.2%,0.12%
37637K108,GTLB,GITLAB INC,2351909,2351909,71.8M,71.8M,NEW,0.11%
88025U109,TXG,10X GENOMICS INC,1852776,1852776,71.04M,71.04M,NEW,0.11%
36467WAE9,,GAMESTOP CORP,69000000,69000000,70.53M,70.53M,NEW,0.11%
45168D104,IDXX,IDEXX LABS INC,262905,133621,138.4M,70.34M,+103.4%,0.21%
45841N107,IBKR,INTERACTIVE BROKERS GROUP IN,867084,805392,75.47M,70.1M,+1305.5%,0.12%
28618M106,ESI,ELEMENT SOLUTIONS INC,3492787,1457425,166.78M,69.59M,+71.6%,0.25%
351858105,FNV,FRANCO NEV CORP,705866,329853,147.13M,68.75M,+87.7%,0.22%
892331307,TM,TOYOTA MOTOR CORP,414443,399267,69.8M,67.24M,+2630.9%,0.11%
57776J100,MXL,MAXLINEAR INC,523773,523773,67.06M,67.06M,NEW,0.1%
36266G107,GEHC,GE HEALTHCARE TECHNOLOGIES I,1165973,1040904,74.63M,66.63M,+832.3%,0.11%
049468101,TEAM,ATLASSIAN CORPORATION,845637,845637,65.78M,65.78M,NEW,0.1%
20030N101,CMCSA,COMCAST CORP NEW,2678831,2670831,65.77M,65.57M,+33385.4%,0.1%
018802108,LNT,ALLIANT ENERGY CORP,2094866,851285,159.82M,64.94M,+68.5%,0.24%
546347105,LPX,LOUISIANA PAC CORP,1216714,812854,95.71M,63.94M,+201.3%,0.15%
18452B209,CLSK,CLEANSPARK INC,5974019,4370143,86.92M,63.59M,+272.5%,0.13%
87162W100,SNX,TD SYNNEX CORPORATION,287670,237494,76.91M,63.49M,+473.3%,0.12%
48251W104,KKR,KKR & CO INC,1370081,691041,125.75M,63.42M,+101.8%,0.19%
857477103,STT,STATE STR CORP,810777,366507,137.51M,62.16M,+82.5%,0.21%
G4705A100,ICLR,ICON PUB LTD CO,365945,356082,63.57M,61.86M,+3610.3%,0.1%
36164V800,GLIBK,LIBERTY CAP CORP,3673345,2814854,79.2M,60.69M,+327.9%,0.12%
03073E105,COR,CENCORA INC,604746,210410,171.13M,59.54M,+53.4%,0.26%
G25508105,CRH,CRH PLC,2049400,555423,219.29M,59.43M,+37.2%,0.34%
416515104,HIG,HARTFORD INSURANCE GROUP INC,845679,444311,112.07M,58.88M,+110.7%,0.17%
464286772,EWY,ISHARES INC,290484,290484,58.65M,58.65M,NEW,0.09%
859241101,STRL,STERLING INFRASTRUCTURE INC,69781,69781,58.57M,58.57M,NEW,0.09%
260003108,DOV,DOVER CORP,259578,259578,58.22M,58.22M,NEW,0.09%
73933G202,PSIX,POWER SOLUTIONS INTL INC,1497155,1491805,58.22M,58.02M,+27884.2%,0.09%
337932AT4,,FIRSTENERGY CORP,52500000,52500000,57.32M,57.32M,NEW,0.09%
457669307,INSM,INSMED INC,536997,536997,57.25M,57.25M,NEW,0.09%
00206R102,T,AT&T INC,3375118,2737996,69.86M,56.68M,+429.7%,0.11%
M22465104,CHKP,CHECK POINT SOFTWARE TECH LT,428372,428372,56.3M,56.3M,NEW,0.09%
98311A105,WH,WYNDHAM HOTELS & RESORTS INC,983025,667606,82.78M,56.22M,+211.7%,0.13%
M96088105,URGN,UROGEN PHARMA LTD,1525549,1525549,56.14M,56.14M,NEW,0.09%
58155Q103,MCK,MCKESSON CORP,71941,71941,54.36M,54.36M,NEW,0.08%
45687V106,IR,INGERSOLL RAND INC,662366,662366,54.31M,54.31M,NEW,0.08%
46266C105,IQV,IQVIA HLDGS INC,279468,279468,54M,54M,NEW,0.08%
26884L109,EQT,EQT CORP,1066187,1001892,56.69M,53.27M,+1558.3%,0.09%
314911108,FRMI,FERMI INC,7036123,5790511,64.45M,53.04M,+464.9%,0.1%
92939UAP1,WEC,WEC ENERGY GROUP INC,174763000,43487000,211.61M,52.65M,+33.1%,0.32%
780259305,SHEL,SHELL PLC,676603,676603,52.46M,52.46M,NEW,0.08%
278865100,ECL,ECOLAB INC,186112,186112,51.85M,51.85M,NEW,0.08%
88023U101,SGI,SOMNIGROUP INTERNATIONAL INC,2878441,660765,225.67M,51.8M,+29.8%,0.34%
775109200,RCI,ROGERS COMMUNICATIONS INC,2272552,1559187,73.84M,50.66M,+218.6%,0.11%
443573100,HUBS,HUBSPOT INC,276294,276294,50.43M,50.43M,NEW,0.08%
88080T104,WULF,TERAWULF INC,5173625,2040503,127.79M,50.4M,+65.1%,0.2%
98980L101,ZM,ZOOM COMMUNICATIONS INC,1187308,580356,102.48M,50.09M,+95.6%,0.16%
169905106,CHH,CHOICE HOTELS INTL INC,453029,453029,49.96M,49.96M,NEW,0.08%
518439104,EL,LAUDER ESTEE COS INC,725924,629878,57.31M,49.73M,+655.8%,0.09%
760759100,RSG,REPUBLIC SVCS INC,231679,231679,49.37M,49.37M,NEW,0.08%
450913108,IAG,IAMGOLD CORP,4224872,3111520,66.92M,49.29M,+279.5%,0.1%
71654V408,PBR,PETROLEO BRASILEIRO S A,2997086,2997086,48.43M,48.43M,NEW,0.07%
29358P101,ENSG,ENSIGN GROUP INC,310627,301979,49.79M,48.41M,+3491.9%,0.08%
36467WAG4,,GAMESTOP CORP,47275000,47275000,47.97M,47.97M,NEW,0.07%
45579U109,INDV,INDIVIOR PHARMACEUTICALS INC,1250639,1155696,51.31M,47.42M,+1217.3%,0.08%
874080104,TAL,TAL ED GROUP,6559258,4896147,62.77M,46.86M,+294.4%,0.1%
46137V357,RSP,INVESCO EXCHANGE TRADED FD T,222360,219360,47.31M,46.67M,+7312%,0.07%
852312305,STAA,STAAR SURGICAL CO,2437446,1614294,69.93M,46.31M,+196.1%,0.11%
420201105,HAWK,HAWKEYE 360 INC,2288661,2288661,46.28M,46.28M,NEW,0.07%
339750101,FND,FLOOR & DECOR HLDGS INC,788276,769562,46.79M,45.68M,+4112.2%,0.07%
29082A107,EMBJ,EMBRAER S.A.,928782,715856,59.26M,45.67M,+336.2%,0.09%
531229755,FWONK,LIBERTY MEDIA CORP DEL,2163688,477625,205.85M,45.44M,+28.3%,0.31%
192576106,COHU,COHU INC,653112,606398,48.27M,44.82M,+1298.1%,0.07%
955306105,WST,WEST PHARMACEUTICAL SVSC INC,283396,124046,101.74M,44.53M,+77.8%,0.16%
844741108,LUV,SOUTHWEST AIRLS CO,856829,856829,44.06M,44.06M,NEW,0.07%
75524B104,RBC,RBC BEARINGS INC,68008,68008,43.8M,43.8M,NEW,0.07%
06849F108,B,BARRICK MNG CORP,2572998,1192456,94.51M,43.8M,+86.4%,0.14%
H8817H100,RIG,TRANSOCEAN LTD,14172810,8766385,69.31M,42.87M,+162.1%,0.11%
25746U109,D,DOMINION ENERGY INC,627216,627216,42.83M,42.83M,NEW,0.07%
00182CAC7,AMUN,ANI PHARMACEUTICALS INC,47850000,32850000,62.02M,42.58M,+219%,0.09%
86627T108,SMMT,SUMMIT THERAPEUTICS INC,3697803,2913617,53.88M,42.45M,+371.5%,0.08%
693282105,PDFS,PDF SOLUTIONS INC,598902,598902,42.4M,42.4M,NEW,0.06%
N72482156,QGEN,QIAGEN NV,1588845,1076933,62.12M,42.11M,+210.4%,0.09%
833445AD1,SNOW,SNOWFLAKE INC,41412000,23500000,73.33M,41.61M,+131.2%,0.11%
29415F104,NVST,ENVISTA HOLDINGS CORPORATION,1563395,1563395,41.2M,41.2M,NEW,0.06%
920253101,VMI,VALMONT INDS INC,118065,70654,68.19M,40.81M,+149%,0.1%
30034W106,EVRG,EVERGY INC,464908,464908,40.18M,40.18M,NEW,0.06%
217204106,CPRT,COPART INC,1722509,1414561,48.56M,39.88M,+459.4%,0.07%
74758T303,QLYS,QUALYS INC,285895,285895,39.31M,39.31M,NEW,0.06%
026874784,AIG,AMERICAN INTL GROUP INC,1972174,526103,146.99M,39.21M,+36.4%,0.22%
302130109,EXPD,EXPEDITORS INTL WASH INC,240505,240505,39.2M,39.2M,NEW,0.06%
444859102,HUM,HUMANA INC,98491,98491,39.12M,39.12M,NEW,0.06%
00510N102,TIC,TIC SOLUTIONS INC,4814719,4814719,38.95M,38.95M,NEW,0.06%
69370C100,PTC,PTC INC,341325,341325,38.78M,38.78M,NEW,0.06%
15102K100,CELC,CELCUITY INC,650916,370592,68.1M,38.77M,+132.2%,0.1%
64110W102,NTES,NETEASE COM INC,296224,296224,37.96M,37.96M,NEW,0.06%
92764N102,VIR,VIR BIOTECHNOLOGY INC,5666821,3714587,57.74M,37.85M,+190.3%,0.09%
278768106,SATS,ECHOSTAR CORP,772383,367563,78.4M,37.31M,+90.8%,0.12%
465562106,ITUB,ITAU UNIBANCO HLDG S A,4546281,4546281,37.14M,37.14M,NEW,0.06%
892672106,TW,TRADEWEB MKTS INC,372538,372538,37.13M,37.13M,NEW,0.06%
92790C104,VRDN,VIRIDIAN THERAPEUTICS INC,2343208,2020372,43.04M,37.11M,+625.8%,0.07%
977852AP7,WOLF,WOLFSPEED INC,13597000,9408000,53.64M,37.11M,+224.6%,0.08%
04016X101,ARGX,ARGENX SE,39983,39983,37.1M,37.1M,NEW,0.06%
20451W101,CMPS,COMPASS PATHWAYS PLC,2620878,2620878,37.09M,37.09M,NEW,0.06%
257651109,DCI,DONALDSON INC,574313,413068,51.56M,37.08M,+256.2%,0.08%
778920306,SHAZ,SHARONAI HOLDINGS INC,436490,436490,36.95M,36.95M,NEW,0.06%
053015103,ADP,AUTOMATIC DATA PROCESSING IN,220829,164122,49.45M,36.76M,+289.4%,0.08%
31488V107,FERG,FERGUSON ENTERPRISES INC,356880,154617,84.7M,36.7M,+76.4%,0.13%
354613101,BEN,FRANKLIN RESOURCES INC,1343051,1094951,44.68M,36.43M,+441.3%,0.07%
82452J109,FOUR,SHIFT4 PMTS INC,1171428,746913,56.98M,36.33M,+175.9%,0.09%
681116109,OLLI,OLLIES BARGAIN OUTLET HLDGS,1511974,469091,116.24M,36.06M,+45%,0.18%
227046109,CROX,CROCS INC,892537,296036,107.68M,35.71M,+49.6%,0.16%
053611109,AVY,AVERY DENNISON CORP,218197,218197,35.42M,35.42M,NEW,0.05%
80105N105,SNY,SANOFI SA,820078,820078,34.98M,34.98M,NEW,0.05%
88033G407,THC,TENET HEALTHCARE CORP,186987,186987,34.98M,34.98M,NEW,0.05%
42238D107,HTFL,HEARTFLOW INC,1721279,1182928,50.5M,34.71M,+219.7%,0.08%
16359R103,CHE,CHEMED CORP NEW,74460,74460,34.68M,34.68M,NEW,0.05%
95082P105,WCC,WESCO INTL INC,218675,100254,75.54M,34.63M,+84.7%,0.12%
201723103,CMC,COMMERCIAL METALS CO,549954,549954,34.51M,34.51M,NEW,0.05%
237266101,DAR,DARLING INGREDIENTS INC,1145141,621682,62.55M,33.96M,+118.8%,0.1%
718172109,PM,PHILIP MORRIS INTL INC,187694,187694,33.96M,33.96M,NEW,0.05%
85914M107,STEP,STEPSTONE GROUP INC,1004669,817601,41.55M,33.82M,+437.1%,0.06%
40131M109,GH,GUARDANT HEALTH INC,920807,224867,138.15M,33.74M,+32.3%,0.21%
941848103,WAT,WATERS CORP,444225,89850,166.6M,33.7M,+25.4%,0.25%
03852U106,ARMK,ARAMARK,586006,586006,33.34M,33.34M,NEW,0.05%
44812J104,HUT,HUT 8 CORP,286089,286089,33.03M,33.03M,NEW,0.05%
57667L107,MTCH,MATCH GROUP INC NEW,1171225,863983,44.57M,32.87M,+281.2%,0.07%
59151K108,MEOH,METHANEX CORP,929018,710449,42.87M,32.79M,+325%,0.07%
925550105,VIAV,VIAVI SOLUTIONS INC,682710,682710,32.6M,32.6M,NEW,0.05%
866966104,SUNB,SUNBELT RENTALS HOLDINGS INC,431766,431766,32.3M,32.3M,NEW,0.05%
86333MAA6,LRN,STRIDE INC,39027000,19000000,65.94M,32.1M,+94.9%,0.1%
044186104,ASH,ASHLAND INC,483195,483195,31.84M,31.84M,NEW,0.05%
169656105,CMG,CHIPOTLE MEXICAN GRILL INC,920557,920557,31.3M,31.3M,NEW,0.05%
896239100,TRMB,TRIMBLE INC,724173,604710,37.06M,30.95M,+506.2%,0.06%
922042874,VGK,VANGUARD INTL EQUITY INDEX F,345300,345300,30.57M,30.57M,NEW,0.05%
723484AK7,PNW,PINNACLE WEST CAP CORP,25600000,25600000,30.55M,30.55M,NEW,0.05%
98139AAD7,WK,WORKIVA INC,46175000,32500000,43.37M,30.53M,+237.7%,0.07%
09075V102,BNTX,BIONTECH SE,327184,327184,30.44M,30.44M,NEW,0.05%
98389B100,XEL,XCEL ENERGY INC,1400937,378341,112.5M,30.38M,+37%,0.17%
867224107,SU,SUNCOR ENERGY INC NEW,1280744,564833,68.75M,30.32M,+78.9%,0.11%
443201108,HWM,HOWMET AEROSPACE INC,112328,112328,30.2M,30.2M,NEW,0.05%
12504L109,CBRE,CBRE GROUP INC,433827,223158,58.43M,30.06M,+105.9%,0.09%
26210CAD6,DBX,DROPBOX INC,30000000,30000000,30.03M,30.03M,NEW,0.05%
23345M107,DTM,DT MIDSTREAM INC,338518,204051,49.67M,29.94M,+151.7%,0.08%
31556C106,FRVO,FERVO ENERGY CO,1016975,1016975,29.73M,29.73M,NEW,0.05%
038169207,APLD,APPLIED DIGITAL CORP,789009,789009,29.43M,29.43M,NEW,0.04%
81369Y407,XLY,SELECT SECTOR SPDR TR,249996,249996,29.32M,29.32M,NEW,0.04%
29786A106,ETSY,ETSY INC,1654369,386853,124.62M,29.14M,+30.5%,0.19%
192422103,CGNX,COGNEX CORP,2532073,398660,183.37M,28.87M,+18.7%,0.28%
15675D103,CBRS,CEREBRAS SYSTEMS INC,129891,129891,28.71M,28.71M,NEW,0.04%
058498106,BALL,BALL CORP,683072,455440,42.62M,28.42M,+200.1%,0.07%
723484101,PNW,PINNACLE WEST CAP CORP,365338,262938,39.09M,28.13M,+256.8%,0.06%
046433AD0,ATRO,ASTRONICS CORP,11574000,6426000,50.65M,28.12M,+124.8%,0.08%
91307C102,UTHR,UNITED THERAPEUTICS CORP DEL,201159,51856,108.99M,28.1M,+34.7%,0.17%
N90064101,QURE,UNIQURE NV,606212,606212,27.92M,27.92M,NEW,0.04%
464287739,IYR,ISHARES TR,271407,271407,27.75M,27.75M,NEW,0.04%
17253J106,CIFR,CIPHER DIGITAL INC,2842978,1130269,69.65M,27.69M,+66%,0.11%
46591M109,JOYY,JOYY INC,574670,418027,37.92M,27.59M,+266.9%,0.06%
89422G107,TVTX,TRAVERE THERAPEUTICS INC,478860,478860,27.2M,27.2M,NEW,0.04%
N53745100,LYB,LYONDELLBASELL INDUSTRIES NV,516332,516332,27.18M,27.18M,NEW,0.04%
05338F306,AVTX,AVALO THERAPEUTICS INC,2387026,1470884,44.11M,27.18M,+160.6%,0.07%
11271J107,BN,BROOKFIELD CORP,633708,633708,26.99M,26.99M,NEW,0.04%
384109104,GGG,GRACO INC,356584,356584,26.96M,26.96M,NEW,0.04%
842587DZ7,SO,SOUTHERN CO,61341000,24300000,67.6M,26.78M,+65.6%,0.1%
04247X102,AWI,ARMSTRONG WORLD INDS INC NEW,370562,165083,59.45M,26.48M,+80.3%,0.09%
09940T118,BRUNW,BOOST RUN INC,970625,970625,26.48M,26.48M,NEW,0.04%
68404L201,OPCH,OPTION CARE HEALTH INC,1800244,1237540,37.75M,25.95M,+219.9%,0.06%
031100100,AME,AMETEK INC,480357,106485,116.22M,25.76M,+28.5%,0.18%
69331CAL2,PCG,PG&E CORP,129500000,25000000,132.68M,25.61M,+23.9%,0.2%
07831C103,BRBR,BELLRING BRANDS INC,2912288,1977452,37.69M,25.59M,+211.5%,0.06%
G7S00T104,PNR,PENTAIR PLC,333599,333599,25.57M,25.57M,NEW,0.04%
830830105,SKY,CHAMPION HOMES INC,952336,289210,83.92M,25.49M,+43.6%,0.13%
405552100,HLN,HALEON PLC,9264255,2690217,86.44M,25.1M,+40.9%,0.13%
29414B104,EPAM,EPAM SYS INC,595177,314359,47.23M,24.94M,+111.9%,0.07%
27579R104,EWBC,EAST WEST BANCORP INC,193148,193148,24.93M,24.93M,NEW,0.04%
92276F100,VTR,VENTAS INC,398597,279156,35.4M,24.79M,+233.7%,0.05%
G0378L100,AU,ANGLOGOLD ASHANTI PLC,471508,306300,38.14M,24.78M,+185.4%,0.06%
26603R106,DUOL,DUOLINGO INC,215054,215054,24.74M,24.74M,NEW,0.04%
00704R109,ANL,ADLAI NORTYE LTD,2140664,2140664,24.62M,24.62M,NEW,0.04%
70202L102,PSN,PARSONS CORP DEL,597514,469327,31.3M,24.59M,+366.1%,0.05%
109194100,BFAM,BRIGHT HORIZONS FAM SOL IN D,920382,342848,65.24M,24.3M,+59.4%,0.1%
87615L107,TH,TARGET HOSPITALITY CORP,1190691,1190691,24.24M,24.24M,NEW,0.04%
892356106,TSCO,TRACTOR SUPPLY CO,841741,765579,26.61M,24.2M,+1005.2%,0.04%
74340W103,PLD,PROLOGIS INC.,176796,176796,23.95M,23.95M,NEW,0.04%
267475101,DY,DYCOM INDS INC,178570,47323,90.28M,23.93M,+36.1%,0.14%
808513105,SCHW,SCHWAB CHARLES CORP,498176,257474,45.97M,23.76M,+107%,0.07%
407497106,HLNE,HAMILTON LANE INC,357541,298790,28.18M,23.55M,+508.6%,0.04%
30214U102,EXPO,EXPONENT INC,394502,394502,23.18M,23.18M,NEW,0.04%
25809KAB1,,DOORDASH INC,23500000,23500000,23.17M,23.17M,NEW,0.04%
98585X104,YETI,YETI HLDGS INC,466807,466807,23.13M,23.13M,NEW,0.04%
910047109,UAL,UNITED AIRLS HLDGS INC,1803428,169771,245.25M,23.09M,+10.4%,0.37%
98850P109,YUMC,YUM CHINA HLDGS INC,720858,563621,29.46M,23.04M,+358.5%,0.05%
10919W405,DRUG,BRIGHT MINDS BIOSCIENCES INC,327416,327416,22.98M,22.98M,NEW,0.04%
878742204,TECK,TECK RESOURCES LTD,735581,379405,43.74M,22.56M,+106.5%,0.07%
243537107,DECK,DECKERS OUTDOOR CORP,269381,226589,26.75M,22.5M,+529.5%,0.04%
775133101,ROG,ROGERS CORP,142718,136949,23.37M,22.42M,+2373.9%,0.04%
077454106,BDC,BELDEN INC,224800,185151,26.96M,22.2M,+467%,0.04%
N69605108,PHVS,PHARVARIS N V,1641200,634184,56.75M,21.93M,+63%,0.09%
349381103,FIGR,FIGURE TECHNOLOGY SOLUTIO,1657857,708451,50.91M,21.76M,+74.6%,0.08%
85208M102,SFM,SPROUTS FMRS MKT INC,742712,253382,62.82M,21.43M,+51.8%,0.1%
398182303,AHR,AMERICAN HEALTHCARE REIT INC,408275,408275,21.29M,21.29M,NEW,0.03%
486917107,KEEL,KEEL INFRASTRUCTURE CORP,3690743,3690743,21.19M,21.19M,NEW,0.03%
89055F103,BLD,TOPBUILD COR,63230,59537,22.42M,21.11M,+1612.2%,0.03%
740444104,PLPC,PREFORMED LINE PRODS CO,50843,50843,20.87M,20.87M,NEW,0.03%
531229AQ5,FWONK,LIBERTY MEDIA CORP DEL,37704000,16704000,46.93M,20.79M,+79.5%,0.07%
69753M105,PLMR,PALOMAR HLDGS INC,311367,162789,39.35M,20.57M,+109.6%,0.06%
05577W200,DOO,BRP INC,626534,332355,38.22M,20.27M,+113%,0.06%
55293N109,MDA,MDA SPACE LTD,1151032,491309,47.49M,20.27M,+74.5%,0.07%
74275K108,PCOR,PROCORE TECHNOLOGIES INC,496950,496950,20.19M,20.19M,NEW,0.03%
882681109,TXRH,TEXAS ROADHOUSE INC,103485,103485,20M,20M,NEW,0.03%
46187W107,INVH,INVITATION HOMES INC,653605,653605,19.75M,19.75M,NEW,0.03%
540424108,L,LOEWS CORP,503021,173726,56.95M,19.67M,+52.8%,0.09%
099502106,BAH,BOOZ ALLEN HAMILTON HLDG COR,381659,319171,23.16M,19.36M,+510.8%,0.04%
60741F104,MBLY,MOBILEYE GLOBAL INC,4889226,1991742,47.33M,19.28M,+68.7%,0.07%
14174T107,CTRE,CARETRUST REIT INC,793285,474778,32.01M,19.16M,+149.1%,0.05%
21871X109,CRBG,COREBRIDGE FINL INC,668026,668026,19.13M,19.13M,NEW,0.03%
68235P108,OGS,ONE GAS INC,393090,246288,30.3M,18.98M,+167.8%,0.05%
00847X104,AGIO,AGIOS PHARMACEUTICALS INC,506344,506344,18.79M,18.79M,NEW,0.03%
92552V100,VSAT,VIASAT INC,242201,208111,21.75M,18.69M,+610.5%,0.03%
30054Y107,EVMN,EVOMMUNE INC,1435049,1398472,19.07M,18.59M,+3823.4%,0.03%
902681AB1,UGI,UGI CORP NEW,122610000,13867000,163.86M,18.53M,+12.8%,0.25%
36165L108,GDS,GDS HLDGS LTD,2169763,616711,65.16M,18.52M,+39.7%,0.1%
03674X106,AR,ANTERO RESOURCES CORP,526971,526971,18.52M,18.52M,NEW,0.03%
92686J106,VKTX,VIKING THERAPEUTICS INC,473308,473308,18.46M,18.46M,NEW,0.03%
92826C839,V,VISA INC,812942,53809,278.91M,18.46M,+7.1%,0.43%
87043Q108,SG,SWEETGREEN INC,3289777,2050442,28.98M,18.06M,+165.4%,0.04%
143130102,KMX,CARMAX INC,340362,340362,18M,18M,NEW,0.03%
82982T106,SITM,SITIME CORP,24017,24017,17.91M,17.91M,NEW,0.03%
55825T103,MSGS,MADISON SQUARE GRDN SPRT COR,44547,44547,17.9M,17.9M,NEW,0.03%
02665T306,AMH,AMERICAN HOMES 4 RENT,532821,532821,17.86M,17.86M,NEW,0.03%
78409V104,SPGI,S&P GLOBAL INC,43508,43508,17.72M,17.72M,NEW,0.03%
320517105,FHN,FIRST HORIZON CORPORATION,2501597,690731,64.14M,17.71M,+38.1%,0.1%
90138A103,VNET,VNET GROUP INC,18290761,2177366,147.06M,17.51M,+13.5%,0.22%
88557W101,QFIN,QFIN HOLDINGS INC,1092660,1092660,17.27M,17.27M,NEW,0.03%
86889P208,SRZN,SURROZEN INC,664272,664272,17.24M,17.24M,NEW,0.03%
M7S64H106,MNDY,MONDAY COM LTD,617578,237239,44.71M,17.17M,+62.4%,0.07%
453204109,PI,IMPINJ INC,408333,119202,58.49M,17.07M,+41.2%,0.09%
45167R104,IEX,IDEX CORP,905936,75080,205.6M,17.04M,+9%,0.31%
88025T102,TENB,TENABLE HLDGS INC,567890,459190,20.94M,16.93M,+422.4%,0.03%
04963C209,ATRC,ATRICURE INC,604380,604380,16.91M,16.91M,NEW,0.03%
942749102,WTS,WATTS WATER TECHNOLOGIES INC,62174,42655,24.34M,16.7M,+218.5%,0.04%
497266106,KEX,KIRBY CORP,139354,122453,18.95M,16.65M,+724.5%,0.03%
12618T105,CRAI,CRA INTL INC,180162,116235,25.64M,16.54M,+181.8%,0.04%
46817M107,JXN,JACKSON FINANCIAL INC,229468,159323,23.5M,16.31M,+227.1%,0.04%
092113109,BKH,BLACK HILLS CORP,2161197,217982,160.79M,16.22M,+11.2%,0.25%
38046YAD3,,GOLAR LNG LTD,14165000,14165000,16.1M,16.1M,NEW,0.02%
98954M200,Z,ZILLOW GROUP INC,633562,510109,19.97M,16.08M,+413.2%,0.03%
92047W101,VVV,VALVOLINE INC,1026685,404939,40.6M,16.01M,+65.1%,0.06%
95058W100,WEN,WENDYS CO,1915535,1901097,15.88M,15.76M,+13167.3%,0.02%
35952H700,FCEL,FUELCELL ENERGY INC,621095,436413,22.37M,15.72M,+236.3%,0.03%
05589G102,BWIN,THE BALDWIN INSURANCE GRP IN,1038190,591212,27.6M,15.71M,+132.3%,0.04%
G6683N103,NU,NU HLDGS LTD,2923878,1175169,39.06M,15.7M,+67.2%,0.06%
902494103,TSN,TYSON FOODS INC,536638,274205,30.72M,15.7M,+104.5%,0.05%
34379V103,FLNC,FLUENCE ENERGY INC,1301799,777258,25.88M,15.45M,+148.2%,0.04%
03214Q108,AMPX,AMPRIUS TECHNOLOGIES INC,1139811,1111890,15.8M,15.41M,+3982.3%,0.02%
346375108,FORM,FORMFACTOR INC,124472,96310,19.91M,15.4M,+342%,0.03%
46429B598,INDA,ISHARES TR,310900,310900,15.36M,15.36M,NEW,0.02%
537008104,LFUS,LITTELFUSE INC,33720,33720,15.35M,15.35M,NEW,0.02%
446413106,HII,HUNTINGTON INGALLS INDS INC,133950,54373,37.49M,15.22M,+68.3%,0.06%
61945C103,MOS,MOSAIC CO,711467,711467,15.08M,15.08M,NEW,0.02%
277432100,EMN,EASTMAN CHEM CO,224728,224728,15.05M,15.05M,NEW,0.02%
17275R102,CSCO,CISCO SYS INC,127834,127834,15.02M,15.02M,NEW,0.02%
78440P306,SKM,SK TELECOM CO LTD,715027,465630,23M,14.97M,+186.7%,0.04%
746964105,QTTB,Q32 BIO INC,1173396,1173396,14.95M,14.95M,NEW,0.02%
92337F107,VCYT,VERACYTE INC,737804,253900,43.33M,14.91M,+52.5%,0.07%
46432F388,VLUE,ISHARES TR,120134,74360,24M,14.86M,+162.5%,0.04%
46270CAD1,,IREN LIMITED,4180000,4180000,14.77M,14.77M,NEW,0.02%
801056102,SANM,SANMINA CORP,58096,58096,14.7M,14.7M,NEW,0.02%
09739D100,BCC,BOISE CASCADE CO DEL,188015,188015,14.6M,14.6M,NEW,0.02%
05356F105,AVAH,AVEANNA HEALTHCARE HLDGS INC,1803451,1702795,15.46M,14.59M,+1691.7%,0.02%
88322Q108,TGTX,TG THERAPEUTICS INC,264963,264963,14.56M,14.56M,NEW,0.02%
24477V105,DFTX,DEFINIUM THERAPEUTICS INC,483980,308490,22.77M,14.51M,+175.8%,0.03%
184496107,CLH,CLEAN HARBORS INC,105105,48508,31.4M,14.49M,+85.7%,0.05%
21874A114,CORZW,CORE SCIENTIFIC INC NEW,9249458,766649,173.89M,14.41M,+9%,0.27%
69352PAS2,PPX,PPL CAP FDG INC,35000000,12500000,39.73M,14.19M,+55.6%,0.06%
00971TAL5,AKAM,AKAMAI TECHNOLOGIES INC,34278000,11778000,41.17M,14.15M,+52.3%,0.06%
410120109,HWC,HANCOCK WHITNEY CORPORATION,188181,188181,14.06M,14.06M,NEW,0.02%
G87052109,TEL,TE CONNECTIVITY PLC,69300,69300,13.97M,13.97M,NEW,0.02%
82982L103,SITE,SITEONE LANDSCAPE SUPPLY INC,120000,120000,13.73M,13.73M,NEW,0.02%
22052L104,CTVA,CORTEVA INC,183340,160393,15.53M,13.58M,+699%,0.02%
571903202,MAR,MARRIOTT INTL INC NEW,82440,36620,30.55M,13.57M,+79.9%,0.05%
88162G103,TTEK,TETRA TECH INC NEW,1011149,468882,29.21M,13.55M,+86.5%,0.04%
G52441105,KMTS,KESTRA MED TECHNOLOGIES LTD,526626,526626,13.4M,13.4M,NEW,0.02%
902653104,UDR,UDR INC,601160,335074,24M,13.38M,+125.9%,0.04%
068463108,BBSI,BARRETT BUSINESS SVCS INC,376508,376508,13.37M,13.37M,NEW,0.02%
78467J100,SSNC,SS&C TECH HLDGS,448168,215154,27.81M,13.35M,+92.3%,0.04%
890260839,TNXP,TONIX PHARMACEUTICALS HLDG C,1166752,1041338,14.89M,13.29M,+830.3%,0.02%
78464A698,KRE,SPDR SERIES TRUST,176300,176300,13.2M,13.2M,NEW,0.02%
03783C100,APPF,APPFOLIO INC,101162,82027,16.22M,13.15M,+428.7%,0.02%
254067101,DDS,DILLARDS INC,34029,24809,17.98M,13.11M,+269.1%,0.03%
88162GAB9,TTEK,TETRA TECH INC NEW,46027000,12262000,48.53M,12.93M,+36.3%,0.07%
47103J105,JANX,JANUX THERAPEUTICS INC,1993837,837697,30.63M,12.87M,+72.5%,0.05%
45857P806,IHG,INTERCONTINENTAL HOTELS GROU,116085,74230,20.1M,12.85M,+177.4%,0.03%
89377M109,TMDX,TRANSMEDICS GROUP INC,192594,192594,12.79M,12.79M,NEW,0.02%
G11448100,BTDR,BITDEER TECHNOLOGIES GROUP,2373557,805772,37.67M,12.79M,+51.4%,0.06%
53229X101,LFTO,LIFTOFF MOBILE INC,528945,528945,12.71M,12.71M,NEW,0.02%
68062P106,OLMA,OLEMA PHARMACEUTICALS INC,1070949,999842,13.4M,12.51M,+1406.1%,0.02%
96208T104,WEX,WEX INC,88419,88419,12.48M,12.48M,NEW,0.02%
03064D108,COLD,AMERICOLD REALTY TRUST INC,860862,792575,13.53M,12.46M,+1160.7%,0.02%
896288107,TNET,TRINET GROUP INC,826534,251542,40.91M,12.45M,+43.7%,0.06%
92346J108,VCEL,VERICEL CORP,443336,279336,19.72M,12.43M,+170.3%,0.03%
589889AB0,,MERIT MED SYS INC,11500000,11500000,12.4M,12.4M,NEW,0.02%
L44385109,GLOB,GLOBANT S A,428562,428562,12.4M,12.4M,NEW,0.02%
98956A105,ZETA,ZETA GLOBAL HOLDINGS CORP,623129,623129,12.26M,12.26M,NEW,0.02%
989207105,ZBRA,ZEBRA TECHNOLOGIES CORPORATI,46570,46570,12.26M,12.26M,NEW,0.02%
44930G107,ICUI,ICU MED INC,165469,82302,24.26M,12.07M,+99%,0.04%
562750109,MANH,MANHATTAN ASSOCIATES INC,162154,86459,22.58M,12.04M,+114.2%,0.03%
G48833118,WFRD,WEATHERFORD INTL PLC,539551,146548,43.97M,11.94M,+37.3%,0.07%
05988J103,BAND,BANDWIDTH INC,187280,187280,11.85M,11.85M,NEW,0.02%
934423104,WBD,WARNER BROS DISCOVERY INC,925000,439165,24.66M,11.71M,+90.4%,0.04%
53263P105,LMB,LIMBACH HLDGS INC,151108,151108,11.64M,11.64M,NEW,0.02%
653656108,NICE,NICE LTD,128032,128032,11.63M,11.63M,NEW,0.02%
749685103,RPM,RPM INTL INC,494820,104276,55M,11.59M,+26.7%,0.08%
595017BG8,MCHP,MICROCHIP TECHNOLOGY INC.,10500000,10500000,11.59M,11.59M,NEW,0.02%
71367G102,PWP,PERELLA WEINBERG PARTNERS,724159,724159,11.56M,11.56M,NEW,0.02%
464287465,EFA,ISHARES TR,111048,111048,11.54M,11.54M,NEW,0.02%
21874C102,CNM,CORE & MAIN INC,3079063,237815,148.56M,11.47M,+8.4%,0.23%
76155X100,RVMD,REVOLUTION MEDICINES INC,60276,60276,11.29M,11.29M,NEW,0.02%
03938L203,MT,ARCELORMITTAL SA LUXEMBOURG,186723,186723,11.24M,11.24M,NEW,0.02%
451107106,IDA,IDACORP INC,162781,73821,24.63M,11.17M,+83%,0.04%
12653C108,CNX,CNX RES CORP,1050520,327471,35.64M,11.11M,+45.3%,0.05%
71722W107,PHAT,PHATHOM PHARMACEUTICALS INC,1022193,1022193,11.09M,11.09M,NEW,0.02%
85472N109,STN,STANTEC INC,213126,160982,14.68M,11.09M,+308.7%,0.02%
349942102,FVI,FORTUNA MNG CORP,2980532,1306602,25.19M,11.04M,+78.1%,0.04%
G39108108,GTES,GATES INDL CORP PLC,936051,387189,26.18M,10.83M,+70.5%,0.04%
78573L106,SBRA,SABRA HEALTH CARE REIT INC,1115011,554766,21.75M,10.82M,+99%,0.03%
20464U100,COMP,COMPASS INC,877253,877253,10.82M,10.82M,NEW,0.02%
675222400,OGC.TO,OCEANAGOLD CORP,430583,430583,10.78M,10.78M,NEW,0.02%
67079K100,SMR,NUSCALE PWR CORP,1314239,1065881,13.18M,10.69M,+429.2%,0.02%
81369Y852,XLC,SELECT SECTOR SPDR TR,188394,98994,20.18M,10.61M,+110.7%,0.03%
093919108,AIB,AIB DATA CENTERS INC,4989717,4989717,10.58M,10.58M,NEW,0.02%
464287192,IYT,ISHARES TR,121700,121700,10.56M,10.56M,NEW,0.02%
61174X109,MNST,MONSTER BEVERAGE CORP NEW,109580,109580,10.53M,10.53M,NEW,0.02%
496902404,KGC,KINROSS GOLD CORP,1866999,445354,44.11M,10.52M,+31.3%,0.07%
30052C107,EOLS,EVOLUS INC,1508518,1508518,10.47M,10.47M,NEW,0.02%
74623V103,PCT,PURECYCLE TECHNOLOGIES INC,3283039,1283315,26.63M,10.41M,+64.2%,0.04%
005098108,GOLF,ACUSHNET HLDGS CORP,245202,87602,29.06M,10.38M,+55.6%,0.04%
09264B107,BXDC,BLACKSTONE DIGITAL INFRASTRU,479675,479675,10.38M,10.38M,NEW,0.02%
264147109,DCO,DUCOMMUN INC DEL,55982,55982,10.37M,10.37M,NEW,0.02%
464286764,EWP,ISHARES INC,173900,173900,10.33M,10.33M,NEW,0.02%
04339D105,ARXS,ARXIS INC,223687,223687,10.32M,10.32M,NEW,0.02%
12769G100,CZR,CAESARS ENTERTAINMENT INC NE,731362,341362,22.07M,10.3M,+87.5%,0.03%
29479A108,ERAS,ERASCA INC,1247203,553894,22.85M,10.15M,+79.9%,0.03%
696389402,PALI,PALISADE BIO INC,5253403,4841631,10.98M,10.12M,+1175.8%,0.02%
01973R101,ALSN,ALLISON TRANSMISSION HLDGS I,153116,89364,17.26M,10.07M,+140.2%,0.03%
90353W103,UI,UBIQUITI INC,18740,18740,10.01M,10.01M,NEW,0.02%
G9600F104,VGNT,VERSIGENT PLC,231891,231891,9.74M,9.74M,NEW,0.01%
G2R11M108,DPC,DPC HOLDINGS PLC,197861,197861,9.71M,9.71M,NEW,0.01%
92846Q107,COCO,VITA COCO CO INC,146345,146345,9.68M,9.68M,NEW,0.01%
521865204,LEA,LEAR CORP,72200,72200,9.68M,9.68M,NEW,0.01%
78467Y107,MDY,STATE STR SPDR S&P MIDCAP 40,13580,13580,9.55M,9.55M,NEW,0.01%
98980A105,ZTO,ZTO EXPRESS CAYMAN INC,979113,422835,21.91M,9.46M,+76%,0.03%
336433107,FSLR,FIRST SOLAR INC,39932,39932,9.42M,9.42M,NEW,0.01%
84265V105,SCCO,SOUTHERN COPPER CORP,53495,53495,9.32M,9.32M,NEW,0.01%
M46528101,FRO,FRONTLINE PLC,1229934,265904,42.79M,9.25M,+27.6%,0.07%
803607100,SRPT,SAREPTA THERAPEUTICS INC,510908,510908,9.18M,9.18M,NEW,0.01%
43300A203,HLT,HILTON WORLDWIDE HLDGS INC,285504,27541,94.35M,9.1M,+10.7%,0.14%
525558AB8,LMAT,LEMAITRE VASCULAR INC,8500000,8500000,9.06M,9.06M,NEW,0.01%
60471A101,MIR,MIRION TECHNOLOGIES INC,677509,503238,12.15M,9.02M,+288.8%,0.02%
683715106,OTEX,OPEN TEXT CORP,407163,407163,9.01M,9.01M,NEW,0.01%
538034BA6,LYV,LIVE NATION ENTERTAINMENT IN,5000000,5000000,8.91M,8.91M,NEW,0.01%
90385V107,UCTT,ULTRA CLEAN HLDGS INC,62439,62439,8.9M,8.9M,NEW,0.01%
93403J106,WRBY,WARBY PARKER INC,336069,291151,10.2M,8.83M,+648.2%,0.02%
87241L109,TFII,TFI INTERNATIONAL INC,61426,61426,8.82M,8.82M,NEW,0.01%
770700102,HOOD,ROBINHOOD MKTS INC,87600,87600,8.78M,8.78M,NEW,0.01%
826599102,SGML,SIGMA LITHIUM CORPORATION,3170034,693026,40.1M,8.77M,+28%,0.06%
92333F101,VG,VENTURE GLOBAL INC,3466930,784489,38.59M,8.73M,+29.2%,0.06%
87151X101,SYM,SYMBOTIC INC,400546,194030,18M,8.72M,+94%,0.03%
Y95308105,WVE,WAVE LIFE SCIENCES LTD,1484989,1484989,8.63M,8.63M,NEW,0.01%
15743P104,CHA,CHAGEE HLDGS LTD,734651,717496,8.83M,8.62M,+4182.4%,0.01%
515098101,LSTR,LANDSTAR SYS INC,41683,41683,8.62M,8.62M,NEW,0.01%
76954AAB9,RIVN,RIVIAN AUTOMOTIVE INC,21500000,7245000,25.48M,8.59M,+50.8%,0.04%
73278L105,POOL,POOL CORP,274406,39810,58.97M,8.56M,+17%,0.09%
14843C105,CSTL,CASTLE BIOSCIENCES INC,357317,357317,8.52M,8.52M,NEW,0.01%
428040DE6,HTZRCZ,HERTZ CORP,23204520,16033720,12.27M,8.48M,+223.6%,0.02%
501889208,LKQ,LKQ CORP,849967,321260,22.38M,8.46M,+60.8%,0.03%
68634K106,ORLA,ORLA MNG LTD NEW,856244,856244,8.37M,8.37M,NEW,0.01%
65249B208,NWS,NEWS CORP NEW,303874,294286,8.53M,8.26M,+3069.3%,0.01%
337185102,TRAX,FIRST TRACKS BIOTHERAPEUTICS,408330,408330,8.22M,8.22M,NEW,0.01%
969457100,WMB,WILLIAMS COS INC,2528457,109973,187.97M,8.18M,+4.5%,0.29%
M5216V106,GLBE,GLOBAL E ONLINE LTD,932399,234961,32.38M,8.16M,+33.7%,0.05%
464288281,EMB,ISHARES TR,84200,84200,8.12M,8.12M,NEW,0.01%
781846209,RUSHA,RUSH ENTERPRISES INC,110922,110922,8.1M,8.1M,NEW,0.01%
G4R20B107,INTR,INTER & CO INC,1923967,1484195,10.45M,8.06M,+337.5%,0.02%
03815J107,AADX,APPLIED AEROSPACE & DEFENSE,353417,353417,8.05M,8.05M,NEW,0.01%
76029N106,REPL,REPLIMUNE GROUP INC,723262,723262,8.01M,8.01M,NEW,0.01%
48581R205,KSPI,KASPI KZ JSC,99918,92142,8.66M,7.98M,+1185%,0.01%
413160102,HLIT,HARMONIC INC,573131,488306,9.36M,7.97M,+575.7%,0.01%
038169AB4,AMAT,APPLIED DIGITAL CORP,24818000,2000000,98.82M,7.96M,+8.8%,0.15%
403949100,DINO,HF SINCLAIR CORP,515941,113824,35.94M,7.93M,+28.3%,0.05%
83444M101,SOLV,SOLVENTUM CORP,102705,102705,7.92M,7.92M,NEW,0.01%
07782B104,BLTE,BELITE BIO INC,51186,51186,7.88M,7.88M,NEW,0.01%
98420N105,XENE,XENON PHARMACEUTICALS INC,130378,130378,7.87M,7.87M,NEW,0.01%
957638109,WAL,WESTERN ALLIANCE BANCORP,95029,95029,7.81M,7.81M,NEW,0.01%
500767306,KWEB,KRANESHARES TRUST,332350,317350,8.13M,7.77M,+2115.7%,0.01%
171484108,CHDN,CHURCHILL DOWNS INC,255741,86140,22.92M,7.72M,+50.8%,0.04%
89531P105,TREX,TREX INC,1520782,153353,76.1M,7.67M,+11.2%,0.12%
46270CAB5,IREN,IREN LIMITED,31465000,2640000,91.42M,7.67M,+9.2%,0.14%
83417M104,SEDG,SOLAREDGE TECHNOLOGIES INC,130944,130944,7.65M,7.65M,NEW,0.01%
97650W108,WTFC,WINTRUST FINL CORP,47228,47228,7.59M,7.59M,NEW,0.01%
69404D108,PACB,PACIFIC BIOSCIENCES CALIF IN,4787300,4501600,8.04M,7.56M,+1575.6%,0.01%
353514102,FELE,FRANKLIN ELEC INC,110674,70237,11.86M,7.53M,+173.7%,0.02%
294429105,EFX,EQUIFAX INC,47152,47152,7.48M,7.48M,NEW,0.01%
737446AT1,POST,POST HLDGS INC,101405000,7191000,105.11M,7.45M,+7.6%,0.16%
464287432,TLT,ISHARES TR,86078,86078,7.44M,7.44M,NEW,0.01%
G97822103,PRGO,PERRIGO CO PLC,713173,713173,7.41M,7.41M,NEW,0.01%
410867105,THG,HANOVER INS GROUP INC,34543,34543,7.4M,7.4M,NEW,0.01%
363576109,AJG,GALLAGHER ARTHUR J & CO,63010,32130,14.47M,7.38M,+104%,0.02%
759530108,RELX,RELX PLC,416283,232687,13.18M,7.37M,+126.7%,0.02%
90041L105,TPB,TURNING PT BRANDS INC,86470,86470,7.33M,7.33M,NEW,0.01%
03770N101,APGE,APOGEE THERAPEUTICS INC,54559,54559,7.24M,7.24M,NEW,0.01%
715684106,TLK,TELEKOMUNIKASI IND,991765,536137,13.32M,7.2M,+117.7%,0.02%
059460303,BBD,BANCO BRADESCO S A,2073726,2073726,7.2M,7.2M,NEW,0.01%
929328102,WSFS,WSFS FINL CORP,93097,93097,7.14M,7.14M,NEW,0.01%
65345N106,NN,NEXTNAV INC,855637,399768,15.26M,7.13M,+87.7%,0.02%
86765Q106,SUNC,SUNOCOCORP LLC,231418,102120,15.66M,6.91M,+79%,0.02%
67000B104,NOVT,NOVANTA INC,150663,42558,24.44M,6.9M,+39.4%,0.04%
136385101,CNQ,CANADIAN NAT RES LTD MED TER,173588,173588,6.85M,6.85M,NEW,0.01%
26154D100,DFH,DREAM FINDERS HOMES INC,457332,396803,7.89M,6.85M,+655.6%,0.01%
693483109,PKX,POSCO HOLDINGS INC,164778,133276,8.47M,6.85M,+423.1%,0.01%
292765104,EPAC,ENERPAC TOOL GROUP CORP,245463,190571,8.8M,6.83M,+347.2%,0.01%
42704L104,HRI,HERC HLDGS INC,170891,47598,24.5M,6.82M,+38.6%,0.04%
023193105,AMBQ,AMBIQ MICRO INC,77165,77165,6.81M,6.81M,NEW,0.01%
66981J102,MNSO,MINISO GROUP HLDG LTD,1109518,564555,13.38M,6.81M,+103.6%,0.02%
N20944109,CNH,CNH INDL N V,601822,601822,6.76M,6.76M,NEW,0.01%
670837103,OGE,OGE ENERGY CORP,1155427,138748,56.22M,6.75M,+13.6%,0.09%
00751Y106,AAP,ADVANCE AUTO PARTS INC,108441,108441,6.75M,6.75M,NEW,0.01%
78709Y105,SAIA,SAIA INC,15911,15911,6.7M,6.7M,NEW,0.01%
42328H109,HLIO,HELIOS TECHNOLOGIES INC,145455,74988,12.98M,6.69M,+106.4%,0.02%
82982TAA4,,SITIME CORP,6000000,6000000,6.64M,6.64M,NEW,0.01%
49177J102,KVUE,KENVUE INC,808029,346772,15.44M,6.63M,+75.2%,0.02%
G8588X103,SGHC,SUPER GROUP SGHC LIMITED,487910,487910,6.61M,6.61M,NEW,0.01%
89472Y107,TKO.TO,TREKOR METALS LTD,960013,960013,6.61M,6.61M,NEW,0.01%
98954M101,ZG,ZILLOW GROUP INC,530593,209814,16.64M,6.58M,+65.4%,0.03%
960413102,WLK,WESTLAKE CORPORATION,89731,89731,6.55M,6.55M,NEW,0.01%
00534A102,IVVD,INVIVYD INC,7542061,7498130,6.58M,6.54M,+17068%,0.01%
04626A103,ALAB,ASTERA LABS INC,13517,13517,6.53M,6.53M,NEW,<.01%
194162103,CL,COLGATE PALMOLIVE CO,70055,70055,6.42M,6.42M,NEW,<.01%
92835K103,VPG,VISHAY PRECISION GROUP INC,59768,42813,8.96M,6.42M,+252.5%,0.01%
16119P108,CHTR,CHARTER COMMUNICATIONS INC,45000,45000,6.4M,6.4M,NEW,<.01%
464287408,IVE,ISHARES TR,27849,27849,6.32M,6.32M,NEW,<.01%
82706C108,SIMO,SILICON MOTION TECHNOLOGY CO,18772,18772,6.26M,6.26M,NEW,<.01%
32054K103,FR,FIRST INDL RLTY TR INC,353254,100380,21.66M,6.15M,+39.7%,0.03%
913903100,UHS,UNIVERSAL HLTH SVCS INC,41363,41363,6.15M,6.15M,NEW,<.01%
77543R102,ROKU,ROKU INC,43201,43201,5.97M,5.97M,NEW,<.01%
008073108,AVAV,AEROVIRONMENT INC,35825,35825,5.91M,5.91M,NEW,<.01%
02319V103,ABEV,AMBEV SA,2197011,1867907,6.9M,5.87M,+567.6%,0.01%
76118Y104,REZI,RESIDEO TECHNOLOGIES INC,1338061,188529,41.61M,5.86M,+16.4%,0.06%
55658T105,MAIR,MADISON AIR SOLUTIONS CORP,149881,149881,5.85M,5.85M,NEW,<.01%
59935V107,MIST,MILESTONE PHARMACEUTICALS IN,5411138,4325455,7.25M,5.8M,+398.4%,0.01%
32051X108,FHB,FIRST HAWAIIAN INC,196198,196198,5.75M,5.75M,NEW,<.01%
88031M109,TS,TENARIS S A,103502,103502,5.74M,5.74M,NEW,<.01%
35909R108,ULCC,FRONTIER GROUP HLDGS INC,1440938,724742,11.4M,5.73M,+101.2%,0.02%
N62509109,NAMS,NEWAMSTERDAM PHARMA COMPANY,168901,168901,5.72M,5.72M,NEW,<.01%
670703107,NUVL,NUVALENT INC,46306,46306,5.72M,5.72M,NEW,<.01%
918090101,UTZ,UTZ BRANDS INC,1043982,739672,8.04M,5.7M,+243.1%,0.01%
Y62132108,NVGS,NAVIGATOR HLDGS LTD,384803,304075,7.17M,5.66M,+376.7%,0.01%
046513206,ATRA,ATARA BIOTHERAPEUTICS INC,687718,493454,7.9M,5.66M,+254%,0.01%
902673102,UFPT,UFP TECHNOLOGIES INC,21326,21326,5.65M,5.65M,NEW,<.01%
126117100,CNA,CNA FINL CORP,141016,115877,6.85M,5.63M,+460.9%,0.01%
113004105,BAM,BROOKFIELD ASSET MANAGMT LTD,124098,124098,5.57M,5.57M,NEW,<.01%
74435K204,PUK,PRUDENTIAL PLC,206351,206351,5.53M,5.53M,NEW,<.01%
G5331N101,KYIV,KYIVSTAR GROUP LTD,341559,341559,5.52M,5.52M,NEW,<.01%
466032109,JJSF,J & J SNACK FOODS CORP,127169,75148,9.34M,5.52M,+144.5%,0.01%
91531W106,TIGR,UP FINTECH HLDG LTD,1242406,1242406,5.47M,5.47M,NEW,<.01%
G35947202,FLNG,FLEX LNG LTD,263034,194563,7.38M,5.46M,+284.2%,0.01%
G3398L118,FIHL,PELAGOS INS CAP LTD,222880,222880,5.43M,5.43M,NEW,<.01%
45781MAD3,INVA,INNOVIVA INC,24105000,5000000,25.88M,5.37M,+26.2%,0.04%
05969A105,TBBK,BANCORP INC DEL,101275,85035,6.34M,5.33M,+523.6%,<.01%
H8088L103,SRAD,SPORTRADAR GROUP AG,354924,354924,5.31M,5.31M,NEW,<.01%
43087N204,HSLV,HIGHLANDER SILVER CORP,1201508,1111956,5.63M,5.21M,+1241.7%,<.01%
828730200,SFNC,SIMMONS FIRST NATL CORP,228080,228080,5.17M,5.17M,NEW,<.01%
377322102,GKOS,GLAUKOS CORP,138300,36960,19.33M,5.17M,+36.5%,0.03%
751212101,RL,RALPH LAUREN CORP,279031,12799,112.01M,5.14M,+4.8%,0.17%
98139A105,WK,WORKIVA INC,105127,105127,5.1M,5.1M,NEW,<.01%
013091103,ACI,ALBERTSONS COMPANIES INC,372317,372317,5.04M,5.04M,NEW,<.01%
00402L107,ASO,ACADEMY SPORTS & OUTDOORS IN,311493,106204,14.68M,5.01M,+51.7%,0.02%
465741AQ9,ITRI,ITRON INC,5000000,5000000,5M,5M,NEW,<.01%
71944F106,PHR,PHREESIA INC,484115,484115,4.98M,4.98M,NEW,<.01%
74834L100,DGX,QUEST DIAGNOSTICS INC,23380,23380,4.96M,4.96M,NEW,<.01%
004239109,AKR,ACADIA RLTY TR,282292,236014,5.9M,4.94M,+510%,<.01%
81761L102,SVC,SERVICE PPTYS TR,3087999,2878437,5.22M,4.86M,+1373.5%,<.01%
428050108,HSAI,HESAI GROUP,265324,265324,4.83M,4.83M,NEW,<.01%
790148100,JOE,ST JOE CO,125294,76345,7.85M,4.78M,+156%,0.01%
819047101,SHAK,SHAKE SHACK INC,85264,85264,4.78M,4.78M,NEW,<.01%
28036F105,EWTX,EDGEWISE THERAPEUTICS INC,117262,117262,4.76M,4.76M,NEW,<.01%
530307305,LBRDK,LIBERTY BROADBAND CORP,409638,143074,13.62M,4.76M,+53.7%,0.02%
Y10230103,BWLP,BW LPG LTD,272670,272670,4.75M,4.75M,NEW,<.01%
039653100,ACA,ARCOSA INC,32563,32563,4.73M,4.73M,NEW,<.01%
29430C102,VSTS,VESTIS CORPORATION,324529,324529,4.71M,4.71M,NEW,<.01%
959802109,WU,WESTERN UN CO,1857989,608728,14.31M,4.69M,+48.7%,0.02%
642045108,AESI,ATLAS ENERGY SOLUTIONS INC,280439,280439,4.66M,4.66M,NEW,<.01%
G0585R106,AGO,ASSURED GUARANTY LTD,57998,57998,4.65M,4.65M,NEW,<.01%
913456109,UVV,UNIVERSAL CORP VA MTNS BK EN,134762,88694,7.03M,4.63M,+192.5%,0.01%
91680M107,UPST,UPSTART HLDGS INC,885159,129099,31.36M,4.57M,+17.1%,0.05%
04965M106,ATAT,ATOUR LIFESTYLE HLDGS LTD,450727,141159,14.33M,4.49M,+45.6%,0.02%
64135M105,NGNE,NEUROGENE INC,141920,141920,4.46M,4.46M,NEW,<.01%
00090Q103,ADT,ADT INC DEL,686618,686618,4.46M,4.46M,NEW,<.01%
903731107,ULS,UL SOLUTIONS INC,43774,43774,4.46M,4.46M,NEW,<.01%
501270102,KRUS,KURA SUSHI USA INC,100991,77097,5.81M,4.44M,+322.7%,<.01%
78464A888,XHB,SPDR SERIES TRUST,43299,38299,5M,4.43M,+766%,<.01%
898402102,TRMK,TRUSTMARK CORP,95945,95945,4.41M,4.41M,NEW,<.01%
87918A105,TDOC,TELADOC HEALTH INC,8239927,518432,69.87M,4.4M,+6.7%,0.11%
071734107,BHC,BAUSCH HEALTH COS INC,2235821,885559,11.02M,4.37M,+65.6%,0.02%
359664109,FLGT,FULGENT GENETICS INC,211708,211708,4.34M,4.34M,NEW,<.01%
35834F104,TE,T1 ENERGY INC,964061,455801,9.14M,4.32M,+89.7%,0.01%
M5425M103,INMD,INMODE LTD,294483,294483,4.31M,4.31M,NEW,<.01%
G9108L173,TEN,TSAKOS ENERGY NAVIGATION LTD,201791,121682,7.14M,4.3M,+151.9%,0.01%
482497104,BEKE,KE HLDGS INC,295724,295724,4.3M,4.3M,NEW,<.01%
30190A104,FG,F&G ANNUITIES & LIFE INC,288705,159818,7.68M,4.25M,+124%,0.01%
78781J109,SAIL,SAILPOINT INC,3352955,289055,49.09M,4.23M,+9.4%,0.08%
N30577105,ZGN,ERMENEGILDO ZEGNA N V,2301830,324514,29.97M,4.23M,+16.4%,0.05%
149568107,CVCO,CAVCO INDS INC DEL,109528,6813,67.29M,4.19M,+6.6%,0.1%
87724P106,TMHC,TAYLOR MORRISON HOME CORP,109604,57920,7.86M,4.16M,+112.1%,0.01%
919794107,VLY,VALLEY NATL BANCORP,282441,282441,4.14M,4.14M,NEW,<.01%
19459J104,COLL,COLLEGIUM PHARMACEUTICAL INC,114006,114006,4.13M,4.13M,NEW,<.01%
48241A105,KB,KB FINL GROUP INC,39011,39011,4.09M,4.09M,NEW,<.01%
29249E109,ACT,ENACT HLDGS INC,89442,89442,4.09M,4.09M,NEW,<.01%
37954Y319,GREK,GLOBAL X FDS,60666,54000,4.58M,4.08M,+810.1%,<.01%
G7738W106,SFL,SFL CORPORATION LTD,487348,399020,4.97M,4.07M,+451.7%,<.01%
313745101,FRT,FEDERAL RLTY INVT TR NEW,32911,32911,4.06M,4.06M,NEW,<.01%
36237H101,GIII,G III APPAREL GROUP LTD,120503,120503,4.06M,4.06M,NEW,<.01%
49456W105,KLC,KINDERCARE LEARNING COMPANIE,1075535,950291,4.57M,4.04M,+758.8%,<.01%
140475203,SNDA,SONIDA SENIOR LIVING INC,98769,98769,4.03M,4.03M,NEW,<.01%
G0457F107,ARCO,ARCOS DORADOS HLDGS INC,986585,499577,7.95M,4.03M,+102.6%,0.01%
573874104,MRVL,MARVELL TECHNOLOGY INC,13500,13500,4.02M,4.02M,NEW,<.01%
L00849106,AGRO,ADECOAGRO S A,519039,420924,4.96M,4.02M,+429%,<.01%
981064108,WF,WOORI FINL GROUP INC,89789,69281,5.15M,3.98M,+337.8%,<.01%
912932100,UNIT,UNITI GROUP LLC,638671,346494,7.33M,3.97M,+118.6%,0.01%
G1890L107,CPRI,CAPRI HOLDINGS LIMITED,213768,213768,3.97M,3.97M,NEW,<.01%
36467J108,GLPI,GAMING & LEISURE P,88850,88850,3.96M,3.96M,NEW,<.01%
852066208,SII,SPROTT INC,35043,35043,3.94M,3.94M,NEW,<.01%
405024100,HAE,HAEMONETICS CORP MASS,109236,52368,8.19M,3.93M,+92.1%,0.01%
639193101,NAVN,NAVAN INC,171277,171277,3.92M,3.92M,NEW,<.01%
G06973112,AUGO,AURA MINERALS INC,72893,61363,4.59M,3.86M,+532.2%,<.01%
47103N106,JBI,JANUS INTERNATIONAL GROUP IN,694140,694140,3.85M,3.85M,NEW,<.01%
G49097127,IPVVU,INTERPRIVATE INVTS PARTNERS,387500,387500,3.84M,3.84M,NEW,<.01%
680665205,OLN,OLIN CORP,344951,193856,6.84M,3.84M,+128.3%,0.01%
30257X104,FBK,FB FINL CORP,69343,69343,3.84M,3.84M,NEW,<.01%
40609P105,HNRG,HALLADOR ENERGY COMPANY,2121228,219974,36.89M,3.83M,+11.6%,0.06%
150870103,CE,CELANESE CORP DEL,617266,82962,28.39M,3.82M,+15.5%,0.04%
P31076105,CPA,COPA HOLDINGS SA,42131,24518,6.55M,3.81M,+139.2%,0.01%
46429B697,USMV,ISHARES TR,39222,39222,3.78M,3.78M,NEW,<.01%
047649108,ATKR,ATKORE INC,49751,49751,3.78M,3.78M,NEW,<.01%
33768G107,FCFS,FIRSTCASH HOLDINGS INC,17400,17400,3.76M,3.76M,NEW,<.01%
38267D109,GSHD,GOOSEHEAD INS INC,77577,77577,3.76M,3.76M,NEW,<.01%
39854F101,GRND,GRINDR INC,260820,260820,3.75M,3.75M,NEW,<.01%
372303206,GMAB,GENMAB A/S,135647,135647,3.73M,3.73M,NEW,<.01%
04271TAB6,ARRY,ARRAY TECHNOLOGIES INC,12000000,4000000,11.17M,3.72M,+50%,0.02%
904311107,UAA,UNDER ARMOUR INC,887645,581902,5.67M,3.72M,+190.3%,<.01%
922908553,VNQ,VANGUARD INDEX FDS,38396,38396,3.7M,3.7M,NEW,<.01%
22160N109,CSGP,COSTAR GROUP INC,130616,130616,3.7M,3.7M,NEW,<.01%
77926X320,DRAM,ROUNDHILL ETF TRUST,50000,50000,3.69M,3.69M,NEW,<.01%
91332U101,U,UNITY SOFTWARE INC,6805922,128613,194.51M,3.68M,+1.9%,0.3%
008492100,ADC,AGREE RLTY CORP,259797,47930,19.68M,3.63M,+22.6%,0.03%
04040Y109,ARIS,ARIS MINING CORPORATION,589486,241967,8.78M,3.61M,+69.6%,0.01%
G17977110,BUR,BURFORD CAPITAL LIMITED,873318,873318,3.58M,3.58M,NEW,<.01%
92189F791,GDXJ,VANECK ETF TRUST,114340,35736,11.23M,3.51M,+45.5%,0.02%
00857U206,AGL,AGILON HEALTH INC,32669,32669,3.5M,3.5M,NEW,<.01%
904708104,UNF,UNIFIRST CORP MASS,13213,13213,3.49M,3.49M,NEW,<.01%
909907107,UBSI,UNITED BANKSHARES INC WEST V,76145,76145,3.49M,3.49M,NEW,<.01%
867892101,SHO,SUNSTONE HOTEL INVS INC NEW,303473,303473,3.47M,3.47M,NEW,<.01%
76954A103,RIVN,RIVIAN AUTOMOTIVE INC,200251,200251,3.47M,3.47M,NEW,<.01%
866082100,INN,SUMMIT HOTEL PPTYS,605740,494096,4.25M,3.46M,+442.6%,<.01%
G6564A105,NOMD,NOMAD FOODS LTD,404970,315605,4.43M,3.46M,+353.2%,<.01%
74319N100,ACDC,PROFRAC HLDG CORP,982370,593406,5.71M,3.45M,+152.6%,<.01%
433921103,HIVE,HIVE DIGITAL TECHNOLOGIES LT,946862,946862,3.44M,3.44M,NEW,<.01%
866674104,SUI,SUN CMNTYS INC,28607,28607,3.43M,3.43M,NEW,<.01%
25960P109,DEI,DOUGLAS EMMETT INC,891265,289836,10.52M,3.42M,+48.2%,0.02%
42727J102,HRTG,HERITAGE INSURANCE HLDGS INC,130487,130487,3.4M,3.4M,NEW,<.01%
890516107,TR,TOOTSIE ROLL INDS INC,86035,86035,3.4M,3.4M,NEW,<.01%
981811102,WOR,WORTHINGTON ENTERPRISES INC,381887,62983,20.53M,3.39M,+19.7%,0.03%
98422D105,XPEV,XPENG INC,255010,255010,3.38M,3.38M,NEW,<.01%
782011100,RSI,RUSH STREET INTERACTIVE INC,113495,113495,3.38M,3.38M,NEW,<.01%
125141101,CECO,CECO ENVIRONMENTAL CORP,196130,37051,17.8M,3.36M,+23.3%,0.03%
457152106,INGM,INGRAM MICRO HLDG CORP,262730,120358,7.21M,3.3M,+84.5%,0.01%
G32089107,ETOR,ETORO GROUP LTD,83397,83397,3.29M,3.29M,NEW,<.01%
970646105,WLFC,WILLIS LEASE FIN CORP,14297,14297,3.27M,3.27M,NEW,<.01%
91688F104,UPWK,UPWORK INC,389875,389875,3.26M,3.26M,NEW,<.01%
023586100,UHAL,U HAUL HOLDING COMPANY,77151,49532,5.05M,3.24M,+179.3%,<.01%
816300107,SIGI,SELECTIVE INS GROUP INC,33196,33196,3.22M,3.22M,NEW,<.01%
15202L107,CSR,CENTERSPACE,65712,57114,3.69M,3.21M,+664.3%,<.01%
045396207,ASMB,ASSEMBLY BIOSCIENCES INC,460593,116488,12.66M,3.2M,+33.9%,0.02%
38141G104,GS,GOLDMAN SACHS GROUP INC,6936,3156,7.01M,3.19M,+83.5%,0.01%
12468P104,AI,C3 AI INC,568406,344516,5.17M,3.13M,+153.9%,<.01%
50050N103,KTB,KONTOOR BRANDS INC,724510,37574,60.38M,3.13M,+5.5%,0.09%
46982L108,J,JACOBS SOLUTIONS INC,24701,24701,3.11M,3.11M,NEW,<.01%
20603L102,CON,CONCENTRA GROUP HOLDINGS PAR,103773,103773,3.09M,3.09M,NEW,<.01%
69354N106,PRAA,PRA GROUP INC,183528,162209,3.49M,3.08M,+760.9%,<.01%
639057207,NWG,NATWEST GROUP PLC,447720,172147,7.89M,3.03M,+62.5%,0.01%
98980F104,GTM,ZOOMINFO TECHNOLOGIES INC,1035466,1035466,3.03M,3.03M,NEW,<.01%
82575P107,SBSW,SIBANYE STILLWATER LTD,881870,355323,7.49M,3.02M,+67.5%,0.01%
29670G102,WTRG,ESSENTIAL UTILS INC,153300,78379,5.87M,3M,+104.6%,<.01%
18914F103,CLOV,CLOVER HEALTH INVESTMENTS CO,1069645,566640,5.6M,2.97M,+112.7%,<.01%
G3934V109,GENI,GENIUS SPORTS LIMITED,3979980,488701,24.12M,2.96M,+14%,0.04%
74587B101,PLSE,PULSE BIOSCIENCES INC,106457,106457,2.95M,2.95M,NEW,<.01%
87261Y106,TMC,TMC THE METALS COMPANY INC,822415,660448,3.64M,2.93M,+407.8%,<.01%
88688T209,TLRY,TILRAY BRANDS INC,648506,648506,2.91M,2.91M,NEW,<.01%
74164M108,PRI,PRIMERICA INC,10211,10211,2.9M,2.9M,NEW,<.01%
915271100,UVSP,UNIVEST FINANCIAL CORPORATIO,131806,66013,5.77M,2.89M,+100.3%,<.01%
105532105,BAK,BRASKEM SA,1233885,1182683,3.01M,2.89M,+2309.8%,<.01%
875372203,TNDM,TANDEM DIABETES CARE INC,610903,190425,9.22M,2.87M,+45.3%,0.01%
382550101,GT,GOODYEAR TIRE & RUBR CO,435144,435144,2.87M,2.87M,NEW,<.01%
577933104,MMS,MAXIMUS INC,256453,53309,13.79M,2.87M,+26.2%,0.02%
68390D106,OR,OR ROYALTIES INC.,186443,90539,5.9M,2.86M,+94.4%,<.01%
G96629103,WTW,WILLIS TOWERS WATSON PLC LTD,175202,10918,45.79M,2.85M,+6.6%,0.07%
831754106,SWBI,SMITH & WESSON BRANDS INC,324653,187809,4.88M,2.82M,+137.2%,<.01%
464286400,EWZ,ISHARES INC,88988,81647,3.07M,2.82M,+1112.2%,<.01%
374297109,GTY,GETTY RLTY CORP NEW,211463,84327,7.05M,2.81M,+66.3%,0.01%
00486H105,ADTN,ADTRAN HOLDINGS INC,764780,200000,10.63M,2.78M,+35.4%,0.02%
64119V303,NTST,NETSTREIT CORP,781251,130293,16.51M,2.75M,+20%,0.03%
46124U107,IVA,INVENTIVA SA,1683012,726791,6.36M,2.75M,+76%,<.01%
364760108,GAP,GAP INC,146518,146518,2.74M,2.74M,NEW,<.01%
81369Y605,XLF,SELECT SECTOR SPDR TR,75000,50000,4.02M,2.68M,+200%,<.01%
033853102,ANDG,ANDERSEN GROUP INC,70663,70663,2.67M,2.67M,NEW,<.01%
488401100,KMPR,KEMPER CORP,778809,98100,21M,2.64M,+14.4%,0.03%
00091E109,ABSI,ABSCI CORPORATION,227923,227923,2.64M,2.64M,NEW,<.01%
09058V103,BCRX,BIOCRYST PHARMACEUTICALS INC,260917,260917,2.61M,2.61M,NEW,<.01%
98149GAB6,WKC,WORLD KINECT CORPORATION,33000000,2000000,42.77M,2.59M,+6.5%,0.07%
781154109,RBRK,RUBRIK INC.,52944,32274,4.25M,2.59M,+156.1%,<.01%
526057302,LENB,LENNAR CORP,29118,29118,2.58M,2.58M,NEW,<.01%
27616P301,DEA,EASTERLY GOVT PPTYS INC,103131,103131,2.57M,2.57M,NEW,<.01%
302491303,FMC,FMC CORP,637145,222917,7.33M,2.56M,+53.8%,0.01%
42226K105,HR,HEALTHCARE RLTY TR,146186,126826,2.95M,2.56M,+655.1%,<.01%
705015105,PSO,PEARSON PLC,467571,158437,7.43M,2.52M,+51.3%,0.01%
08160H101,BHE,BENCHMARK ELECTRS INC,25474,25474,2.51M,2.51M,NEW,<.01%
440407104,HBNC,HORIZON BANCORP IND,147606,125242,2.95M,2.5M,+560%,<.01%
39813G109,GDYN,GRID DYNAMICS HLDGS INC,438027,438027,2.49M,2.49M,NEW,<.01%
45720N103,INBX,INHIBRX BIOSCIENCES INC,26011,26011,2.46M,2.46M,NEW,<.01%
26152H301,DRD,DRDGOLD LIMITED,113591,113591,2.42M,2.42M,NEW,<.01%
96924N100,WLDN,WILLDAN GROUP INC,108675,30254,8.6M,2.39M,+38.6%,0.01%
580589109,MGRC,MCGRATH RENTCORP,30552,19696,3.7M,2.38M,+181.4%,<.01%
319829107,FCF,FIRST COMWLTH FINL CORP PA,241676,116968,4.91M,2.38M,+93.8%,<.01%
01921D204,AAUC,ALLIED GOLD CORP,100031,100031,2.37M,2.37M,NEW,<.01%
87157D109,SYNA,SYNAPTICS INC,22163,18863,2.75M,2.34M,+571.6%,<.01%
238337109,PLAY,DAVE & BUSTERS ENTMT INC,685330,203162,7.81M,2.32M,+42.1%,0.01%
H5870P102,OCS,OCULIS HOLDING AG,220403,164276,3.06M,2.28M,+292.7%,<.01%
393657101,GBX,GREENBRIER COS INC,46255,46255,2.27M,2.27M,NEW,<.01%
019330109,ALNT,ALLIENT INC,37497,21909,3.86M,2.26M,+140.6%,<.01%
759351604,RGA,REINSURANCE GROUP AMER INC,344025,10551,73.16M,2.24M,+3.2%,0.11%
09228FAM5,BB,BLACKBERRY LTD,10915000,665000,36.15M,2.2M,+6.5%,0.06%
26874R108,E,ENI SPA,89386,46891,4.19M,2.2M,+110.3%,<.01%
45826J105,NTLA,INTELLIA THERAPEUTICS INC,398463,128452,6.74M,2.17M,+47.6%,0.01%
235851102,DHR,DANAHER CORP DEL,11318,11318,2.16M,2.16M,NEW,<.01%
78464A508,SPYV,SPDR SERIES TRUST,35399,35399,2.15M,2.15M,NEW,<.01%
05561Q201,BOKF,BOK FINL CORP,28735,15257,3.99M,2.12M,+113.2%,<.01%
82728C102,SVCO,SILVACO GROUP INC,152451,152451,2.1M,2.1M,NEW,<.01%
09263B207,BKSY,BLACKSKY TECHNOLOGY INC,74874,74874,2.09M,2.09M,NEW,<.01%
896522109,TRN,TRINITY INDS INC,60444,60444,2.09M,2.09M,NEW,<.01%
799566104,SANA,SANA BIOTECHNOLOGY INC,595091,595091,2.08M,2.08M,NEW,<.01%
76156B107,RVLV,REVOLVE GROUP INC,90673,90673,2.08M,2.08M,NEW,<.01%
70975L107,PEN,PENUMBRA INC,6557,6557,2.07M,2.07M,NEW,<.01%
015658107,ASTL,ALGOMA STL GROUP INC,575225,501309,2.33M,2.03M,+678.2%,<.01%
550249106,LMRI,LUMEXA IMAGING HOLDINGS INC,280963,179685,3.17M,2.03M,+177.4%,<.01%
705573103,PEGA,PEGASYSTEMS INC,370188,67528,11.09M,2.02M,+22.3%,0.02%
83056P715,SKE,SKEENA RES LTD NEW,402735,75878,10.74M,2.02M,+23.2%,0.02%
G16910120,BLSH,BULLISH,86312,86312,2.02M,2.02M,NEW,<.01%
40054A108,SUPV,GRUPO SUPERVIELLE S.A.,274547,209064,2.65M,2.02M,+319.3%,<.01%
911922102,USLM,UNITED STS LIME & MINERALS I,19236,19236,2.01M,2.01M,NEW,<.01%
G2775W127,DGAC-UN,DISCIPLINED GROWTH,200000,200000,2.01M,2.01M,NEW,<.01%
M22013102,CRNT,CERAGON NETWORKS LTD,813929,773830,2.11M,2M,+1929.8%,<.01%
74623VAD5,,PURECYCLE TECHNOLOGIES INC,2000000,2000000,1.98M,1.98M,NEW,<.01%
74168J101,PRME,PRIME MEDICINE INC,533553,533553,1.97M,1.97M,NEW,<.01%
046224101,ASTE,ASTEC INDS INC,85060,32154,5.2M,1.97M,+60.8%,<.01%
665531307,NOG,NORTHERN OIL & GAS INC,108021,108021,1.96M,1.96M,NEW,<.01%
580907103,MH,MCGRAW HILL INC,364982,206801,3.46M,1.96M,+130.7%,<.01%
691497309,OXM,OXFORD INDS INC,55787,55787,1.95M,1.95M,NEW,<.01%
91359E105,UHT,UNIVERSAL HEALTH RLTY INCOME,52970,44120,2.32M,1.94M,+498.5%,<.01%
M6158M104,ITRN,ITURAN LOCATION AND CONTROL,52980,31497,3.23M,1.92M,+146.6%,<.01%
66987E206,NG,NOVAGOLD RESOURCES INC,826287,320379,4.93M,1.91M,+63.3%,<.01%
09227Q100,BLKB,BLACKBAUD INC,224915,64346,6.66M,1.91M,+40.1%,0.01%
91678A107,UPB,UPSTREAM BIO INC,453011,274843,3.13M,1.9M,+154.3%,<.01%
56117J100,MBUU,MALIBU BOATS INC,68967,68967,1.89M,1.89M,NEW,<.01%
89621C105,TMQ,TRILOGY METALS INC NEW,877834,534793,3.08M,1.88M,+155.9%,<.01%
G61188101,LBTYA,LIBERTY GLOBAL LTD,165082,165082,1.88M,1.88M,NEW,<.01%
154760409,CPF,CENTRAL PAC FINL CORP,61078,49067,2.33M,1.87M,+408.5%,<.01%
695156109,PKG,PACKAGING CORP AMER,7866,7866,1.87M,1.87M,NEW,<.01%
23285D109,CTKB,CYTEK BIOSCIENCES INC,422361,422361,1.87M,1.87M,NEW,<.01%
74347Y730,VIXY,PROSHARES TR II,87500,87500,1.86M,1.86M,NEW,<.01%
29452E101,EQH,EQUITABLE HLDGS INC,372563,41939,16.35M,1.84M,+12.7%,0.02%
65487K100,LASR,NLIGHT INC,120666,26078,8.4M,1.82M,+27.6%,0.01%
70014A104,PKE,PARK AEROSPACE CORP,47495,47495,1.81M,1.81M,NEW,<.01%
76665T102,REPX,RILEY EXPLORATION PERMIAN IN,160994,54955,5.31M,1.81M,+51.8%,<.01%
832248207,SFD,SMITHFIELD FOODS INC,218089,74056,5.29M,1.8M,+51.4%,<.01%
90400P101,UGP,ULTRAPAR PARTICIPACOES SA,611673,356163,3.07M,1.79M,+139.4%,<.01%
22041X102,CRSR,CORSAIR GAMING INC,184413,184413,1.78M,1.78M,NEW,<.01%
862945300,ASST,STRIVE INC,163419,163419,1.78M,1.78M,NEW,<.01%
88830M102,TWI,TITAN INTL INC ILL,230483,230483,1.78M,1.78M,NEW,<.01%
G59665102,MGTX,MEIRAGTX HLDGS PLC,202393,131440,2.73M,1.78M,+185.2%,<.01%
G1110E107,BHVN,BIOHAVEN LTD,491918,118819,7.32M,1.77M,+31.8%,0.01%
457030104,IMKTA,INGLES MKTS INC,19954,19954,1.77M,1.77M,NEW,<.01%
410495204,HAFC,HANMI FINL CORP,120240,54523,3.9M,1.77M,+83%,<.01%
22663K107,CRNX,CRINETICS PHARMACEUTICALS IN,46381,46381,1.74M,1.74M,NEW,<.01%
G0084W101,ADNT,ADIENT PLC,94007,94007,1.73M,1.73M,NEW,<.01%
252131107,DXCM,DEXCOM INC,282840,25542,19.05M,1.72M,+9.9%,0.03%
19058X207,COSO,COASTALSOUTH BANCSHARES INC,63549,63549,1.71M,1.71M,NEW,<.01%
65250K105,NMAX,NEWSMAX INC,205413,205413,1.7M,1.7M,NEW,<.01%
114340102,AZTA,AZENTA INC,66558,66558,1.7M,1.7M,NEW,<.01%
442487401,HOV,HOVNANIAN ENTERPRISES INC,11910,11910,1.7M,1.7M,NEW,<.01%
87318A101,TWFG,TWFG INC,135139,70471,3.25M,1.69M,+109%,<.01%
637215104,NPK,NATIONAL PRESTO INDS INC,13477,13477,1.68M,1.68M,NEW,<.01%
690469101,OVID,OVID THERAPEUTICS INC,1945727,625117,5.23M,1.68M,+47.3%,<.01%
974637100,WGO,WINNEBAGO INDS INC,53443,53443,1.67M,1.67M,NEW,<.01%
59100U108,CASH,PATHWARD FINANCIAL INC,18980,18980,1.65M,1.65M,NEW,<.01%
464287341,IXC,ISHARES TR,33590,33590,1.65M,1.65M,NEW,<.01%
135086106,GOOS,CANADA GOOSE HLDGS INC,289959,173429,2.76M,1.65M,+148.8%,<.01%
45774W108,IIIN,INSTEEL INDS INC,90343,54007,2.73M,1.63M,+148.6%,<.01%
29772L108,ETON,ETON PHARMACEUTICALS INC,44918,44918,1.63M,1.63M,NEW,<.01%
83545G102,SAH,SONIC AUTOMOTIVE INC,19111,19111,1.62M,1.62M,NEW,<.01%
30151E491,KDEF,EXCHANGE LISTED FDS TR,40000,40000,1.62M,1.62M,NEW,<.01%
09075A108,BVS,BIOVENTUS INC,169713,169713,1.6M,1.6M,NEW,<.01%
124411109,BY,BYLINE BANCORP INC,90304,42414,3.4M,1.6M,+88.6%,<.01%
500631106,KEP,KOREA ELEC PWR CORP,657330,130854,7.95M,1.58M,+24.9%,0.01%
464287796,IYE,ISHARES TR,27904,27904,1.58M,1.58M,NEW,<.01%
53803X105,LOB,LIVE OAK BANCSHARES INC,38616,38616,1.58M,1.58M,NEW,<.01%
G38644103,GCT,GIGACLOUD TECHNOLOGY INC,84803,49143,2.68M,1.55M,+137.8%,<.01%
00258Y104,ABX,ABACUS GLOBAL MGMT INC,206298,144348,2.21M,1.55M,+233%,<.01%
19046P209,CCB,COASTAL FINL CORP WA,34182,19945,2.65M,1.55M,+140.1%,<.01%
98421M106,XRX,XEROX HOLDINGS CORP,491602,491602,1.54M,1.54M,NEW,<.01%
90984P303,UCB,UNITED CMNTY BKS BLAIRSVLE G,66857,43717,2.35M,1.53M,+188.9%,<.01%
36120Q101,FVCB,FVCBANKCORP INC,87617,87617,1.53M,1.53M,NEW,<.01%
85209E208,SPRB,SPRUCE BIOSCIENCES INC,28278,28278,1.53M,1.53M,NEW,<.01%
452521107,IMMR,IMMERSION CORP,224693,224693,1.52M,1.52M,NEW,<.01%
Y1771G102,CMRE,COSTAMARE INC,172920,108294,2.42M,1.52M,+167.6%,<.01%
96145W103,WEST,WESTROCK COFFEE CO,186642,186642,1.51M,1.51M,NEW,<.01%
20454B104,CMPX,COMPASS THERAPEUTICS INC,686577,686577,1.5M,1.5M,NEW,<.01%
15135U109,CVE,CENOVUS ENERGY INC,3847926,60541,95.35M,1.5M,+1.6%,0.15%
700885106,PKBK,PARKE BANCORP INC,44848,44848,1.49M,1.49M,NEW,<.01%
19623P101,CBAN,COLONY BANKCORP INC,73534,73534,1.48M,1.48M,NEW,<.01%
81663L200,WGS,GENEDX HOLDINGS CORP,97300,21505,6.68M,1.48M,+28.4%,0.01%
43114Q105,HPK,HIGHPEAK ENERGY INC,598103,210244,4.18M,1.47M,+54.2%,<.01%
535555106,LNN,LINDSAY CORP,11570,11570,1.43M,1.43M,NEW,<.01%
893870204,TGS,TRANSPORTADORA DE GAS DEL SU,48070,48070,1.43M,1.43M,NEW,<.01%
010911105,ALMR,ALAMAR BIOSCIENCES INC,51800,51800,1.4M,1.4M,NEW,<.01%
670100205,NVO,NOVO-NORDISK A S,29198,29198,1.4M,1.4M,NEW,<.01%
464287663,IUSV,ISHARES TR,12551,12551,1.38M,1.38M,NEW,<.01%
G3855L106,GHRS,GH RESEARCH PLC,50882,50882,1.37M,1.37M,NEW,<.01%
68373M107,OPRA,OPERA LTD,68854,68854,1.37M,1.37M,NEW,<.01%
10948W103,AAMI,ACADIAN ASSET MANAGEMENT INC,18848,18848,1.35M,1.35M,NEW,<.01%
81619Q105,SEM,SELECT MED HLDGS CORP,80629,80629,1.33M,1.33M,NEW,<.01%
170924104,CHRN,CHRONOSCALE CORP,59793,59793,1.33M,1.33M,NEW,<.01%
30041T104,MRAM,EVERSPIN TECHNOLOGIES INC,91452,54786,2.21M,1.32M,+149.4%,<.01%
44916E100,IPX,IPERIONX LTD,68808,44251,2.05M,1.32M,+180.2%,<.01%
698884103,PAR,PAR TECHNOLOGY CORP,75246,75246,1.31M,1.31M,NEW,<.01%
635017106,FIZZ,NATIONAL BEVERAGE CORP,41891,41891,1.31M,1.31M,NEW,<.01%
92532F100,VRTX,VERTEX PHARMACEUTICALS INC,2625,2625,1.3M,1.3M,NEW,<.01%
G69451105,PAX,PATRIA INVESTMENTS LIMITED,117596,117596,1.29M,1.29M,NEW,<.01%
254687106,DIS,DISNEY WALT CO,13400,13400,1.29M,1.29M,NEW,<.01%
M4056D110,ENLT,ENLIGHT RENEWABLE ENERGY LTD,14297,14297,1.27M,1.27M,NEW,<.01%
97717P104,WT,WISDOMTREE INC,264070,74696,4.47M,1.27M,+39.4%,<.01%
92204A306,VDE,VANGUARD WORLD FD,8344,8344,1.25M,1.25M,NEW,<.01%
G2143T103,CMPR,CIMPRESS PLC,12285,12285,1.25M,1.25M,NEW,<.01%
053774105,CAR,AVIS BUDGET GROUP INC,8447,8447,1.25M,1.25M,NEW,<.01%
81369Y308,XLP,SELECT SECTOR SPDR TR,15000,15000,1.25M,1.25M,NEW,<.01%
811543107,SEB,SEABOARD CORP DEL,279,279,1.25M,1.25M,NEW,<.01%
G89479102,TRMD,TORM PLC,295188,47793,7.69M,1.25M,+19.3%,0.01%
874060205,TAK,TAKEDA PHARMACEUTICAL CO LTD,77658,77658,1.24M,1.24M,NEW,<.01%
843380106,SMBC,SOUTHERN MO BANCORP INC,16304,16304,1.24M,1.24M,NEW,<.01%
677864100,ODC,OIL DRI CORP AMER,20118,12103,2.06M,1.24M,+151%,<.01%
G7500M104,RNW,RENEW ENERGY GLOBAL PLC,196695,196695,1.23M,1.23M,NEW,<.01%
858927106,STEL,STELLAR BANCORP INC,31220,31220,1.23M,1.23M,NEW,<.01%
G0118C105,AGBK,AGI INC,1508555,171193,10.68M,1.21M,+12.8%,0.02%
74930B105,RBB,RBB BANCORP,43477,43477,1.19M,1.19M,NEW,<.01%
G52694109,KNSA,KINIKSA PHARMACEUTICALS INTL,659493,18535,42.17M,1.19M,+2.9%,0.06%
206704108,BBCP,CONCRETE PUMPING HLDGS INC,98046,98046,1.18M,1.18M,NEW,<.01%
95805V108,WRN,WESTERN COPPER & GOLD CORP,895668,524243,2.01M,1.17M,+141.1%,<.01%
03980N107,ARDT,ARDENT HEALTH INC,119079,119079,1.17M,1.17M,NEW,<.01%
947890109,WBS,WEBSTER FINL CORP,15297,15297,1.17M,1.17M,NEW,<.01%
38046C109,GOGO,GOGO INC,372600,372600,1.16M,1.16M,NEW,<.01%
70439P108,PAY,PAYMENTUS HOLDINGS INC,219407,47774,5.3M,1.15M,+27.8%,<.01%
98401F105,XNCR,XENCOR INC,71572,71572,1.15M,1.15M,NEW,<.01%
032332504,ASYS,AMTECH SYS INC,79684,49926,1.84M,1.15M,+167.8%,<.01%
36831E108,GCMG,GCM GROSVENOR INC,93371,93371,1.15M,1.15M,NEW,<.01%
M0854Q105,ALLT,ALLOT LTD,128828,128828,1.14M,1.14M,NEW,<.01%
624580106,MOV,MOVADO GROUP INC,28937,28937,1.14M,1.14M,NEW,<.01%
292104106,ESRT,EMPIRE ST RLTY TR INC,208477,208477,1.13M,1.13M,NEW,<.01%
03969T109,ARCT,ARCTURUS THERAPEUTICS HLDGS,231582,167737,1.56M,1.13M,+262.7%,<.01%
063425102,BMRC,BANK OF MARIN BANCORP,40302,40302,1.12M,1.12M,NEW,<.01%
92214X106,VREX,VAREX IMAGING CORP,173680,106487,1.81M,1.11M,+158.5%,<.01%
03209R103,AMPH,AMPHASTAR PHARMACEUTICALS IN,54964,54964,1.11M,1.11M,NEW,<.01%
87288V101,TSSI,TSS INC DEL,89742,89742,1.1M,1.1M,NEW,<.01%
88166A870,WEAT,TEUCRIUM COMMODITY TR,50000,50000,1.1M,1.1M,NEW,<.01%
67103X102,OFG,OFG BANCORP,223190,22035,10.95M,1.08M,+11%,0.02%
31189P102,FATE,FATE THERAPEUTICS INC,442228,399109,1.19M,1.08M,+925.6%,<.01%
10922N103,BHF,BRIGHTHOUSE FINL INC,16933,16933,1.07M,1.07M,NEW,<.01%
14808P109,CASS,CASS INFORMATION SYS INC,20805,20805,1.07M,1.07M,NEW,<.01%
83001C108,FUN,SIX FLAGS ENTERTAINMENT CORP,50000,50000,1.06M,1.06M,NEW,<.01%
75508B104,RYAM,RAYONIER ADVANCED MATLS INC,296935,133837,2.33M,1.05M,+82.1%,<.01%
528872302,LXRX,LEXICON PHARMACEUTICALS INC,8251325,436719,19.8M,1.05M,+5.6%,0.03%
01862Q107,ALH,ALLIANCE LAUNDRY HLDGS INC,505379,39445,13.4M,1.05M,+8.5%,0.02%
511656100,LKFN,LAKELAND FINL CORP,99820,16932,6.16M,1.05M,+20.4%,<.01%
62878D100,NABL,N-ABLE INC,308009,283793,1.13M,1.04M,+1171.9%,<.01%
33830T103,FSBC,FIVE STAR BANCORP,21333,21333,1.04M,1.04M,NEW,<.01%
05463X106,AXGN,AXOGEN INC,224618,22248,10.38M,1.03M,+11%,0.02%
11285B108,BEPC,BROOKFIELD RENEWABLE CORP,27655,27655,1.03M,1.03M,NEW,<.01%
25525P107,DHC,DIVERSIFIED HEALTHCARE TR,110000,110000,1.02M,1.02M,NEW,<.01%
773121108,RKLB,ROCKET LAB CORP,10000,10000,1.02M,1.02M,NEW,<.01%
152413100,CBC,CENTRAL BANCOMPANY,33269,33269,1.01M,1.01M,NEW,<.01%
05965X109,BSAC,BANCO SANTANDER CHILE NEW,30600,30600,1.01M,1.01M,NEW,<.01%
92537N108,VRT,VERTIV HOLDINGS CO,3000,3000,1M,1M,NEW,<.01%
05368J103,AVBH,AVIDBANK HLDGS INC,37305,30075,1.23M,993.38K,+416%,<.01%
09062W204,BLFS,BIOLIFE SOLUTIONS INC,35019,35019,988.94K,988.94K,NEW,<.01%
733245104,PRCH,PORCH GROUP INC,65372,65372,983.2K,983.2K,NEW,<.01%
46090F100,PDBC,INVESCO ACTVELY MNGD ETC FD,61623,61623,978.57K,978.57K,NEW,<.01%
893529107,TRNS,TRANSCAT INC,10519,10519,975.85K,975.85K,NEW,<.01%
29244A102,EDN,EMPRESA DIST Y COMERCIAL NOR,38862,38862,970K,970K,NEW,<.01%
82024L103,STTK,SHATTUCK LABS INC,1170732,139683,8.12M,969.4K,+13.5%,0.01%
233377407,DXPE,DXP ENTERPRISES INC,5711,5711,963.67K,963.67K,NEW,<.01%
05945F103,BANF,BANCFIRST CORP,24643,8665,2.74M,962.94K,+54.2%,<.01%
681919106,OMC,OMNICOM GROUP INC,13000,13000,946.79K,946.79K,NEW,<.01%
25380B102,DGXX,DIGI PWR X INC,326685,173642,1.78M,946.35K,+113.5%,<.01%
08265T208,BSY,BENTLEY SYS INC,828798,31234,24.77M,933.58K,+3.9%,0.04%
06417N103,OZK,BANK OZK LITTLE ROCK ARK,239299,17745,12.47M,924.34K,+8%,0.02%
464287606,IJK,ISHARES TR,7836,7836,920.73K,920.73K,NEW,<.01%
G4000K175,GRRR,GORILLA TECHNOLOGY GROUP INC,46237,46237,919.19K,919.19K,NEW,<.01%
921659108,VNDA,VANDA PHARMACEUTICALS INC,311362,149766,1.91M,916.57K,+92.7%,<.01%
449109107,HYLN,HYLIION HOLDINGS CORP,175442,175442,914.05K,914.05K,NEW,<.01%
84857L101,SR,SPIRE INC,11664,11664,910.84K,910.84K,NEW,<.01%
Y1968P121,DAC,DANAOS CORPORATION,7416,7416,907.5K,907.5K,NEW,<.01%
361008105,FNKO,FUNKO INC,179233,153404,1.05M,902.02K,+593.9%,<.01%
103310108,BGSI,BOYD GROUP SERVICES INC,26847,9508,2.54M,899.37K,+54.8%,<.01%
37954Y830,COPX,GLOBAL X FDS,11500,11500,885.15K,885.15K,NEW,<.01%
781846308,RUSHB,RUSH ENTERPRISES INC,11455,11455,876.31K,876.31K,NEW,<.01%
47248R103,JCAP,JEFFERSON CAPITAL INC,44736,44736,871.01K,871.01K,NEW,<.01%
226552107,CXDO,CREXENDO INC,116581,116581,870.86K,870.86K,NEW,<.01%
05967A107,BSBR,BANCO SANTANDER BRASIL S A,356801,163225,1.87M,856.93K,+84.3%,<.01%
45378A106,IRT,INDEPENDENCE RLTY TR INC,50594,50594,844.41K,844.41K,NEW,<.01%
88166A102,CORN,TEUCRIUM COMMODITY TR,50000,50000,837.5K,837.5K,NEW,<.01%
Y7388L103,SB,SAFE BULKERS INC,265315,131645,1.67M,830.68K,+98.5%,<.01%
451051106,IBTA,IBOTTA INC,88313,24184,3.02M,826.13K,+37.7%,<.01%
008940108,AISP,AIRSHIP AI HLDGS INC,344657,344657,823.73K,823.73K,NEW,<.01%
464287515,IGV,ISHARES TR,11427,8927,1.04M,808.79K,+357.1%,<.01%
48563L101,KRT,KARAT PACKAGING INC,48378,23892,1.62M,799.43K,+97.6%,<.01%
G9471C206,EVTL,VERTICAL AEROSPACE LTD,894057,448749,1.56M,780.82K,+100.8%,<.01%
800422107,JBSS,SANFILIPPO JOHN B & SON INC,37961,9036,3.26M,777.01K,+31.2%,<.01%
206787103,CNDT,CONDUENT INC,529806,529806,773.52K,773.52K,NEW,<.01%
33829M101,FIVE,FIVE BELOW INC,290589,4276,52.24M,768.78K,+1.5%,0.08%
92259N302,VELO,VELO3D INC,43521,43521,763.79K,763.79K,NEW,<.01%
72815L107,PLTK,PLAYTIKA HLDG CORP,362830,203403,1.35M,756.66K,+127.6%,<.01%
L72967109,OEC,ORION S.A.,179165,113994,1.19M,755.78K,+174.9%,<.01%
464288224,ICLN,ISHARES TR,36876,36876,755.59K,755.59K,NEW,<.01%
437872104,HTB,HOMETRUST BANCSHARES INC,15141,15141,755.38K,755.38K,NEW,<.01%
457642205,INOD,INNODATA INC,80337,9958,6.07M,752.63K,+14.1%,<.01%
03762U105,ARI,APOLLO COML REAL ESTATE FIN,70461,70461,752.52K,752.52K,NEW,<.01%
901109108,TPC,TUTOR PERINI CORP,24637,9068,2.04M,752.37K,+58.2%,<.01%
296006109,ERO,ERO COPPER CORP,316880,28184,8.46M,752.25K,+9.8%,0.01%
L02235106,AMBP,ARDAGH METAL PACKAGING S A,464206,158540,2.2M,751.48K,+51.9%,<.01%
74467Q103,PUBM,PUBMATIC INC,79362,57059,1.04M,748.61K,+255.8%,<.01%
00218A105,ASPI,ASP ISOTOPES INC,120159,120159,747.39K,747.39K,NEW,<.01%
120076104,BBW,BUILD-A-BEAR WORKSHOP INC,85101,24408,2.6M,747.13K,+40.2%,<.01%
29270J100,ERII,ENERGY RECOVERY INC,82819,82819,747.03K,747.03K,NEW,<.01%
535219109,LIND,LINDBLAD EXPEDITIONS HLDGS I,26269,26269,741.84K,741.84K,NEW,<.01%
29278D105,ENIC,ENEL CHILE SA,182745,162374,822.35K,730.68K,+797.1%,<.01%
011311107,ALG,ALAMO GROUP INC,4406,4406,724.74K,724.74K,NEW,<.01%
292218104,EIG,EMPLOYERS HLDGS INC,14267,14267,720.2K,720.2K,NEW,<.01%
98423J101,XPER,XPERI INC,86694,86694,713.49K,713.49K,NEW,<.01%
464288521,USRT,ISHARES TR,10730,10730,713.01K,713.01K,NEW,<.01%
37954Y632,AIQ,GLOBAL X FDS,10856,10856,712.26K,712.26K,NEW,<.01%
36164V602,GLIBA,LIBERTY CAP CORP,32499,32499,711.73K,711.73K,NEW,<.01%
11777Q209,BTG,B2GOLD CORP,5005525,189738,18.72M,709.53K,+3.9%,0.03%
058934100,BBAR,BANCO BBVA ARGENTINA S A,35765,35765,701.35K,701.35K,NEW,<.01%
30233G209,EYPT,EYEPOINT INC,48574,48574,694.61K,694.61K,NEW,<.01%
47973J102,JYNT,JOINT CORP,76519,76519,671.84K,671.84K,NEW,<.01%
587376104,MBWM,MERCANTILE BK CORP,11634,11634,668.02K,668.02K,NEW,<.01%
157085101,CERS,CERUS CORP,228172,228172,666.26K,666.26K,NEW,<.01%
03782L101,APPN,APPIAN CORP,175628,28400,4.02M,650.36K,+19.3%,<.01%
44107P104,HST,HOST HOTELS & RESORTS INC,27028,27028,640.83K,640.83K,NEW,<.01%
Y4600W108,KARO,KAROOOOO LTD,12944,12944,638.92K,638.92K,NEW,<.01%
30049H102,EVLV,EVOLV TECHNOLOGIES HLDNGS IN,109791,109791,636.79K,636.79K,NEW,<.01%
025072877,AVUV,AMERICAN CENTY ETF TR,5068,5068,632.28K,632.28K,NEW,<.01%
825690100,SSTK,SHUTTERSTOCK INC,44935,44935,626.84K,626.84K,NEW,<.01%
78648T100,SAFT,SAFETY INS GROUP INC,26606,8296,1.99M,621.04K,+45.3%,<.01%
75321W103,PACK,RANPAK HOLDINGS CORP,84765,84765,619.63K,619.63K,NEW,<.01%
59064R109,MLAB,MESA LABS INC,22514,6205,2.24M,617.71K,+38%,<.01%
356390104,FRHC,FREEDOM HOLDING CORP,4732,4732,617.38K,617.38K,NEW,<.01%
350060109,FSTR,FOSTER L B CO,13524,13524,610.88K,610.88K,NEW,<.01%
533714101,LCLN,LINCOLN INTL INC,25582,25582,610.64K,610.64K,NEW,<.01%
31447P100,FENC,FENNEC PHARMACEUTICALS INC,56407,56407,606.38K,606.38K,NEW,<.01%
464287838,IYM,ISHARES TR,3346,3346,600.71K,600.71K,NEW,<.01%
929566107,WNC,WABASH NATL CORP,202969,44257,2.74M,597.47K,+27.9%,<.01%
703343103,PATK,PATRICK INDS INC,27805,6591,2.5M,591.74K,+31.1%,<.01%
38013D106,GMRS,GMR SOLUTIONS INC,37956,37956,586.8K,586.8K,NEW,<.01%
G22845104,OCTV,OCTAVE INTELLIGENCE PLC,35242,35242,574.45K,574.45K,NEW,<.01%
23256X407,HELP,CYBIN INC,106457,86773,703.68K,573.57K,+440.8%,<.01%
74766Q101,QTRX,QUANTERIX CORP,225653,132400,974.82K,571.97K,+142%,<.01%
466367109,JACK,JACK IN THE BOX INC,35591,35591,562.69K,562.69K,NEW,<.01%
64110Y108,NLOP,NET LEASE OFFICE PROPERTIES,61880,49983,688.72K,556.31K,+420.1%,<.01%
74837P405,QUIK,QUICKLOGIC CORP,46420,27811,927.01K,555.39K,+149.4%,<.01%
35922N100,FVR,FRONTVIEW REIT INC,27400,27400,554.3K,554.3K,NEW,<.01%
948849104,WMK,WEIS MKTS INC,27135,7076,2.12M,554.12K,+35.3%,<.01%
23291C103,BOOM,DMC GLOBAL INC,120022,94876,697.33K,551.23K,+377.3%,<.01%
78464A607,RWR,SPDR SERIES TRUST,4874,4874,550.62K,550.62K,NEW,<.01%
34385P108,LAB,STANDARD BIOTOOLS INC,707991,663270,582.46K,545.67K,+1483.1%,<.01%
139674105,CCBG,CAPITAL CITY BANK,16085,10986,794.92K,542.93K,+215.5%,<.01%
124830878,CBL,CBL & ASSOC PPTYS INC,76965,10181,4.09M,540.51K,+15.2%,<.01%
679369108,OLPX,OLAPLEX HLDGS INC,263595,263595,540.37K,540.37K,NEW,<.01%
29402E102,ELA,ENVELA CORP,18086,18086,522.32K,522.32K,NEW,<.01%
M81865111,RDCM,RADCOM LTD,51343,36530,723.94K,515.07K,+246.6%,<.01%
853606101,SLI,STANDARD LITHIUM CORP,262162,187175,720.73K,514.58K,+249.6%,<.01%
278642103,EBAY,EBAY INC.,4500,4500,502.88K,502.88K,NEW,<.01%
68376D104,OPRT,OPORTUN FINL CORP,87833,87833,501.53K,501.53K,NEW,<.01%
433323102,HIFS,HINGHAM INSTN SVGS MASS,4671,1630,1.43M,500.65K,+53.6%,<.01%
04124A100,APC,ARKO PETE CORP,25924,25924,488.67K,488.67K,NEW,<.01%
880890108,TX,TERNIUM SA,79861,11394,3.41M,486.52K,+16.6%,<.01%
92922P106,WTI,W & T OFFSHORE INC,498789,153194,1.57M,482.56K,+44.3%,<.01%
47759T100,JKS,JINKOSOLAR HLDG CO LTD,103105,28449,1.73M,477.94K,+38.1%,<.01%
G4863A108,BRSL,BRIGHTSTAR LOTTERY PLC,44476,44476,476.78K,476.78K,NEW,<.01%
760281204,RBCAA,REPUBLIC BANCORP INC KY,5261,5261,475.75K,475.75K,NEW,<.01%
73642K106,PTLO,PORTILLOS INC,99887,99887,473.46K,473.46K,NEW,<.01%
576853105,MTRX,MATRIX SVC CO,56591,34329,775.3K,470.31K,+154.2%,<.01%
G9470A102,VTEX,VTEX,333317,116525,1.33M,466.1K,+53.7%,<.01%
G17434104,BNT,BROOKFIELD WEALTH SOL LTD,10945,10945,465.97K,465.97K,NEW,<.01%
82537J108,SI,SHOULDER INNOVATIONS INC,22920,22920,464.82K,464.82K,NEW,<.01%
656811106,NOA,NORTH AMERN CONSTR GROUP LTD,60535,34786,805.5K,462.87K,+135.1%,<.01%
06777U200,BNED,BARNES & NOBLE ED INC,36697,36697,460.91K,460.91K,NEW,<.01%
879512309,TSAT,TELESAT CORP,9066,9066,458.74K,458.74K,NEW,<.01%
816212302,RNAC,CARTESIAN THERAPEUTICS INC,43627,43627,454.59K,454.59K,NEW,<.01%
34984V209,FET,FORUM ENERGY TECHNOLOGIES IN,50867,8948,2.56M,449.46K,+21.3%,<.01%
00191U102,EFOR,EVERFORTH INC,529793,25148,9.47M,449.39K,+5%,0.01%
894650100,TG,TREDEGAR CORP,134311,55698,1.07M,443.36K,+70.9%,<.01%
46434G822,EWJ,ISHARES INC,4750,4750,443.03K,443.03K,NEW,<.01%
09352U108,BLND,BLEND LABS INC,257170,257170,439.76K,439.76K,NEW,<.01%
202608105,CVGI,COMMERCIAL VEH GROUP INC,94898,94898,438.43K,438.43K,NEW,<.01%
346232101,FOR,FORESTAR GROUP INC,63180,13584,2M,429.93K,+27.4%,<.01%
Y46717107,KEN,KENON HLDGS LTD,6390,6390,427.24K,427.24K,NEW,<.01%
04316A108,APAM,ARTISAN PARTNERS ASSET MGMT,240579,12298,8.31M,424.65K,+5.4%,0.01%
66510M204,NAK,NORTHERN DYNASTY MINERALS LT,217950,217950,422.53K,422.53K,NEW,<.01%
811054402,SSP,SCRIPPS E W CO OHIO,348009,152404,963.99K,422.16K,+77.9%,<.01%
02128L106,ALTG,ALTA EQUIPMENT GROUP INC,243692,65197,1.58M,421.82K,+36.5%,<.01%
77664L207,ROOT,ROOT INC,7539,7539,421.58K,421.58K,NEW,<.01%
886029206,THRY,THRYV HLDGS INC,106842,106842,420.96K,420.96K,NEW,<.01%
07556Q881,BZH,BEAZER HOMES USA INC,15000,15000,420.75K,420.75K,NEW,<.01%
M2197Q107,CLBT,CELLEBRITE DI LTD,28645,28645,418.22K,418.22K,NEW,<.01%
66405S100,NBN,NORTHEAST BK PORTLAND ME,3153,3153,417.87K,417.87K,NEW,<.01%
816307300,SLQT,SELECTQUOTE INC,492174,492174,413.97K,413.97K,NEW,<.01%
87652V109,TASK,TASKUS INC,88451,88451,413.95K,413.95K,NEW,<.01%
98937L105,ZBIO,ZENAS BIOPHARMA INC,16136,16136,409.53K,409.53K,NEW,<.01%
464286640,ECH,ISHARES INC,10293,10293,408.63K,408.63K,NEW,<.01%
032797300,AVXL,ANAVEX LIFE SCIENCES CORP,157486,157486,407.89K,407.89K,NEW,<.01%
524660107,LEG,LEGGETT & PLATT INC,34721,34721,406.58K,406.58K,NEW,<.01%
75282U104,RNGR,RANGER ENERGY SVCS INC,111798,24439,1.79M,391.27K,+28%,<.01%
04914Y102,ATLC,ATLANTICUS HOLDINGS CORP,3809,3809,389.47K,389.47K,NEW,<.01%
98585C100,YSWY,YESWAY INC,19161,19161,388.97K,388.97K,NEW,<.01%
678026105,OIS,OIL STS INTL INC,118762,48419,951.28K,387.84K,+68.8%,<.01%
G9723Y105,WISE.L,WISE GROUP PLC,32515,32515,387.25K,387.25K,NEW,<.01%
82536T107,SSTI,SOUNDTHINKING INC,54516,42292,493.37K,382.74K,+346%,<.01%
743713109,PRLB,PROTO LABS INC,37033,4644,3.02M,378.53K,+14.3%,<.01%
464287523,SOXX,ISHARES TR,1755,585,1.12M,374.84K,+50%,<.01%
938824109,WAFD,WAFD INC,9690,9690,371.81K,371.8K,NEW,<.01%
57777K106,MXCT,MAXCYTE INC,299853,299853,368.82K,368.82K,NEW,<.01%
G8726T105,TK,TEEKAY CORPORATION LTD,178769,36650,1.79M,366.5K,+25.8%,<.01%
399909100,GGAL,GRUPO FINANCIERO GALICIA S.A,7273,7273,363.87K,363.87K,NEW,<.01%
718968100,PXED,PHOENIX ED PARTNERS INC,11075,11075,363.81K,363.81K,NEW,<.01%
15678C102,CBLL,CERIBELL INC,96251,18518,1.87M,360.18K,+23.8%,<.01%
74317M104,PAL,PROFICIENT AUTO LOGISTICS IN,52238,52238,355.74K,355.74K,NEW,<.01%
387432107,GRNT,GRANITE RIDGE RESOURCES INC,427319,80112,1.88M,353.29K,+23.1%,<.01%
55303J106,MGPI,MGP INGREDIENTS INC NEW,66044,19929,1.16M,349.16K,+43.2%,<.01%
98983L108,ZWS,ZURN ELKAY WATER SOLNS CORP,6860,6860,346.64K,346.64K,NEW,<.01%
76655K111,RGTIW,RIGETTI COMPUTING INC,177907,38519,1.59M,344.94K,+27.6%,<.01%
94724R108,WEAV,WEAVE COMMUNICATIONS INC,55412,55412,331.92K,331.92K,NEW,<.01%
88032L605,TENX,TENAX THERAPEUTICS INC,556761,22796,8.1M,331.68K,+4.3%,0.01%
63938C108,NAVI,NAVIENT CORPORATION,210351,38888,1.79M,330.94K,+22.7%,<.01%
23204G100,CUBI,CUSTOMERS BANCORP INC,9949,4178,786.97K,330.48K,+72.4%,<.01%
L0415A103,AUNA,AUNA S A,64376,64376,330.25K,330.25K,NEW,<.01%
01438T106,ALDX,ALDEYRA THERAPEUTICS INC,154408,154408,328.89K,328.89K,NEW,<.01%
316092501,FNCL,FIDELITY COVINGTON TRUST,4265,4265,326.53K,326.53K,NEW,<.01%
68401U204,OPRX,OPTIMIZERX CORP,55619,55619,318.14K,318.14K,NEW,<.01%
50105F105,KRO,KRONOS WORLDWIDE INC,112203,50161,710.25K,317.52K,+80.9%,<.01%
92663R105,VMD,VIEMED HEALTHCARE INC,155842,26363,1.78M,300.54K,+20.4%,<.01%
68622E203,BARK,BARK INC,29844,29844,297.84K,297.84K,NEW,<.01%
485925101,KARD,KARDIGAN INC,12386,12386,295.41K,295.41K,NEW,<.01%
927651109,VIRC,VIRCO MFG CO,48085,48085,295.24K,295.24K,NEW,<.01%
185899101,CLF,CLEVELAND-CLIFFS INC NEW,2287381,30846,21.48M,289.64K,+1.4%,0.03%
172573107,CRCL,CIRCLE INTERNET GROUP INC,4600,4600,288.1K,288.1K,NEW,<.01%
H0036K147,ADCT,ADC THERAPEUTICS SA,3649144,267015,3.9M,285.71K,+7.9%,<.01%
339382103,FLXS,FLEXSTEEL INDS INC,3831,3831,285.33K,285.33K,NEW,<.01%
34520K105,FRBT,FORBRIGHT INC,15251,15251,278.94K,278.94K,NEW,<.01%
G9001E128,LILAK,LIBERTY LATIN AMERICA LTD,300000,35376,2.34M,275.58K,+13.4%,<.01%
015857105,AQN,ALGONQUIN POWER & UTILITIES,1053289,46365,6.18M,272.07K,+4.6%,<.01%
597742105,MSBI,MIDLAND STATES BANCORP INC,8609,8609,268.08K,268.08K,NEW,<.01%
12520L109,CFBK,CF BANKSHARES INC,8098,8098,265.37K,265.37K,NEW,<.01%
75686R202,RRBI,RED RIVER BANCSHARES INC,2903,2903,264.99K,264.99K,NEW,<.01%
04342Y104,ASAN,ASANA INC,3240082,37534,22.68M,262.74K,+1.2%,0.03%
444144109,HDSN,HUDSON TECHNOLOGIES INC,45731,45731,262.5K,262.5K,NEW,<.01%
28225C806,EGAN,EGAIN CORP,41589,41589,262.01K,262.01K,NEW,<.01%
M87915274,TSEM,TOWER SEMICONDUCTOR LTD,1000,1000,260.64K,260.64K,NEW,<.01%
155038201,CEPU,CENTRAL PUERTO S A,176109,17444,2.62M,259.22K,+11%,<.01%
56064Y100,MNSB,MAINSTREET BANCSHARES INC,10488,10488,258.95K,258.95K,NEW,<.01%
397624206,GEFB,GREIF INC,2737,2737,256.02K,256.02K,NEW,<.01%
10482B101,BHR,BRAEMAR HOTELS & RESORTS INC,117606,117606,254.03K,254.03K,NEW,<.01%
319835104,FCCO,FIRST CMNTY CORP S C,7751,7751,253.3K,253.3K,NEW,<.01%
Y3894J187,IMPP,IMPERIAL PETE INC,310744,54780,1.43M,252.54K,+21.4%,<.01%
G1144A105,BTBT,BIT DIGITAL INC,290774,138612,523.39K,249.5K,+91.1%,<.01%
250565108,DBI,DESIGNER BRANDS INC,42772,42772,249.36K,249.36K,NEW,<.01%
36116M106,FF,FUTUREFUEL CORP,55149,55149,249.27K,249.27K,NEW,<.01%
G33856108,GSM,FERROGLOBE PLC,78063,78063,248.24K,248.24K,NEW,<.01%
710577107,PEBK,PEOPLES BANCORP N C INC,5647,5647,243.33K,243.33K,NEW,<.01%
26942G100,EBMT,EAGLE BANCORP MONT INC,10076,10076,241.12K,241.12K,NEW,<.01%
753422104,RPD,RAPID7 INC,934660,29479,7.57M,238.78K,+3.3%,0.01%
674482203,OBE,OBSIDIAN ENERGY LTD,240089,29093,1.96M,237.1K,+13.8%,<.01%
56155L108,TUSK,MAMMOTH ENERGY SVCS INC,72091,72091,234.3K,234.3K,NEW,<.01%
M70700105,NNOX,NANO X IMAGING LTD,201844,201844,234.14K,234.14K,NEW,<.01%
46134L105,ISTR,INVESTAR HOLDING CORP,18641,7759,558.48K,232.46K,+71.3%,<.01%
27005A105,EROK,EAGLEROCK LD LLC,10864,10864,230.86K,230.86K,NEW,<.01%
45826T509,ITRG,INTEGRA RES CORP,199742,101738,452.61K,230.54K,+103.8%,<.01%
077347201,BELFA,BEL FUSE INC,4533,785,1.32M,228.62K,+20.9%,<.01%
461804106,ITIC,INVESTORS TITLE CO NC,829,829,226.88K,226.88K,NEW,<.01%
137404109,CADL,CANDEL THERAPEUTICS INC,129183,21972,1.33M,226.31K,+20.5%,<.01%
33733E302,FDN,FIRST TR EXCHANGE-TRADED FD,850,850,225.01K,225.01K,NEW,<.01%
918385204,VTVT,VTV THERAPEUTICS INC,5947,5947,223.91K,223.9K,NEW,<.01%
58470H101,MED,MEDIFAST INC,20999,20999,222.8K,222.8K,NEW,<.01%
78349D107,RXST,RXSIGHT INC,778252,44945,3.75M,216.63K,+6.1%,<.01%
20441B704,ELPC,COMPANHIA PARANAENSE DE ENER,18324,18324,213.47K,213.47K,NEW,<.01%
00175J107,POWW,OUTDOOR HOLDING CO,165970,93056,378.41K,212.17K,+127.6%,<.01%
817070501,SENEA,SENECA FOODS CORP NEW,4029,1208,700.8K,210.12K,+42.8%,<.01%
729273102,PLBC,PLUMAS BANCORP,3593,3593,209.97K,209.97K,NEW,<.01%
29384C108,TRDA,ENTRADA THERAPEUTICS INC,28500,28500,209.76K,209.76K,NEW,<.01%
612160101,AIRJ,AIRJOULE TECHNOLOGIES CORP,117137,37778,648.94K,209.29K,+47.6%,<.01%
46137V258,RPV,INVESCO EXCHANGE TRADED FD T,1837,1837,209.09K,209.09K,NEW,<.01%
M8216R109,RSKD,RISKIFIED LTD,235853,40988,1.19M,206.58K,+21%,<.01%
86887Q109,SSSS,SURO CAPITAL CORP,16348,16348,205K,205K,NEW,<.01%
682095104,OFLX,OMEGA FLEX INC,6530,6530,204.98K,204.98K,NEW,<.01%
N3168P101,FER,FERROVIAL NV,2930,2930,201.03K,201.03K,NEW,<.01%
70336F203,PNBK,PATRIOT NATL BANCORP INC,294294,209439,281.79K,200.54K,+246.8%,<.01%
922908538,VOT,VANGUARD INDEX FDS,654,654,200.32K,200.32K,NEW,<.01%
23306J309,DBVT,DBV TECHNOLOGIES S A,12148,12148,199.23K,199.23K,NEW,<.01%
92335C106,VRA,VERA BRADLEY INC,63253,50028,246.05K,194.61K,+378.3%,<.01%
98420X202,XFOR,X4 PHARMACEUTICALS INC,41072,41072,191.81K,191.81K,NEW,<.01%
233912104,DJCO,DAILY JOURNAL CORP,1295,314,778.54K,188.77K,+32%,<.01%
29605J106,ESAB,ESAB CORPORATION,45994,1871,4.54M,184.54K,+4.2%,<.01%
53222K205,LFVN,LIFEVANTAGE CORP,28810,28810,179.77K,179.77K,NEW,<.01%
M85548101,SSYS,STRATASYS LTD,63237,20170,541.31K,172.66K,+46.8%,<.01%
92557A101,DSP,VIANT TECHNOLOGY INC,68980,13554,873.29K,171.59K,+24.5%,<.01%
871565107,ACNT,ASCENT INDUSTRIES CO,11067,11067,166.34K,166.34K,NEW,<.01%
4525EP200,IMUX,IMMUNIC INC,10806,10806,166.09K,166.09K,NEW,<.01%
G01125106,AFYA,AFYA LTD,10985,10985,163.02K,163.02K,NEW,<.01%
50043K406,KGEI,KOLIBRI GLOBAL ENERGY INC,32689,32689,162.79K,162.79K,NEW,<.01%
629337106,NNBR,NN INC,57560,44538,206.64K,159.89K,+342%,<.01%
37954Y715,BOTZ,GLOBAL X FDS,4191,4191,159.01K,159.01K,NEW,<.01%
376549101,LAND,GLADSTONE LD CORP,18458,18458,157.45K,157.45K,NEW,<.01%
126389105,CSPI,CSP INC,18945,18945,150.42K,150.42K,NEW,<.01%
00770C101,ARQ,ARQ INC,57582,57582,146.83K,146.83K,NEW,<.01%
769397100,RVSB,RIVERVIEW BANCORP INC,26827,26827,145.67K,145.67K,NEW,<.01%
292671708,UUUU,ENERGY FUELS INC,10000,10000,145K,145K,NEW,<.01%
G2616F119,BCARW,D. BORAL ARC ACQ I CORP.,80000,80000,144.8K,144.8K,NEW,<.01%
514766104,LFCR,LIFECORE BIOMEDICAL INC,52520,27093,275.73K,142.24K,+106.6%,<.01%
054540208,ACLS,AXCELIS TECHNOLOGIES INC,3000,750,568.35K,142.09K,+33.3%,<.01%
25382K100,DMRC,DIGIMARC CORP,17255,17255,141.84K,141.84K,NEW,<.01%
89854H102,TTEC,TTEC HLDGS INC,71831,71831,139.35K,139.35K,NEW,<.01%
092667104,SRTA,STRATA CRITICAL MEDICAL INC,93363,26333,492.02K,138.77K,+39.3%,<.01%
46137V266,RPG,INVESCO EXCHANGE TRADED FD T,21234,2158,1.36M,137.79K,+11.3%,<.01%
126638105,CVRX,CVRX INC,26773,26773,137.61K,137.61K,NEW,<.01%
64081V109,NRDY,NERDY INC,148679,148679,136.21K,136.21K,NEW,<.01%
56585A102,MPC,MARATHON PETE CORP,523,523,133.72K,133.72K,NEW,<.01%
00032Q104,WHWK,WHITEHAWK THERAPEUTICS INC,57129,29103,261.65K,133.29K,+103.8%,<.01%
002942100,AARD,AARDVARK THERAPEUTICS INC,22872,22872,131.74K,131.74K,NEW,<.01%
65487U108,NKTX,NKARTA INC,106806,46458,302.26K,131.48K,+77%,<.01%
464287770,IYG,ISHARES TR,6016,1436,544.27K,129.92K,+31.4%,<.01%
M9607U115,VLN,VALENS SEMICONDUCTOR LTD,94086,57219,212.63K,129.31K,+155.2%,<.01%
68280L101,ONEW,ONEWATER MARINE INC,11164,11164,125.82K,125.82K,NEW,<.01%
30260D103,FIGS,FIGS INC,252691,11983,2.59M,122.59K,+5%,<.01%
65481N100,NIU,NIU TECHNOLOGIES,60145,60145,120.89K,120.89K,NEW,<.01%
03210A107,BDRY,AMPLIFY COMMODITY TRUST,10000,10000,118.7K,118.7K,NEW,<.01%
G8116J105,SAGU,SHREYA ACQUISITION GROUP,11800,11800,116.7K,116.7K,NEW,<.01%
02451V309,ABAT,AMERICAN BATTERY TECHNOLOGY,317774,40629,899.3K,114.98K,+14.7%,<.01%
900111204,TKC,TURKCELL ILETISIM,1068812,19542,6.28M,114.91K,+1.9%,<.01%
80007P869,SD,SANDRIDGE ENERGY INC,123840,8266,1.7M,113.24K,+7.2%,<.01%
461147100,INTT,INTEST CORP,34387,5954,624.81K,108.18K,+20.9%,<.01%
M15342104,AUDC,AUDIOCODES LTD,35475,11097,343.4K,107.42K,+45.5%,<.01%
40417F109,HFFG,HF FOODS GROUP INC,74477,74477,105.01K,105.01K,NEW,<.01%
84833T103,SPRO,SPERO THERAPEUTICS INC,104377,44709,230.67K,98.81K,+74.9%,<.01%
39525U107,GFR,GREENFIRE RES LTD NEW,16446,16446,92.92K,92.92K,NEW,<.01%
04965B100,ATOM,ATOMERA INC,10532,10532,91.73K,91.73K,NEW,<.01%
379463102,GWRS,GLOBAL WTR RES INC,12506,12506,90.54K,90.54K,NEW,<.01%
18270P109,CLAR,CLARUS CORP NEW,27549,27549,86.78K,86.78K,NEW,<.01%
921946406,VYM,VANGUARD WHITEHALL FDS,545,545,86.13K,86.13K,NEW,<.01%
G3R239101,GAMB,GAMBLING COM GROUP LIMITED,44927,44927,85.36K,85.36K,NEW,<.01%
23130Q107,CURI,CURIOSITYSTREAM INC,31693,31693,84.3K,84.3K,NEW,<.01%
G65773106,NAT,NORDIC AMERICAN TANKERS LIMI,869477,15194,4.82M,84.17K,+1.8%,<.01%
088786108,BCYC,BICYCLE THERAPEUTICS PLC,149936,19514,635.73K,82.74K,+15%,<.01%
G9503X103,WALD,WALDENCAST PLC,45632,45632,80.31K,80.31K,NEW,<.01%
Y2066G104,DSX,DIANA SHIPPING INC,398425,38005,836.69K,79.81K,+10.5%,<.01%
68375N103,OPK,OPKO HEALTH INC,145234,51899,217.85K,77.85K,+55.6%,<.01%
67577R102,IRD,OPUS GENETICS INC,18922,18922,77.77K,77.77K,NEW,<.01%
26443V101,DLTH,DULUTH HLDGS INC,17359,17359,77.77K,77.77K,NEW,<.01%
126327105,LAW,CS DISCO INC,48281,20545,182.5K,77.66K,+74.1%,<.01%
G82454102,SMJF,SMJ INTL HOLDINGS INC,14883,14883,75.9K,75.9K,NEW,<.01%
826917106,SIGA,SIGA TECHNOLOGIES INC,58212,20484,211.89K,74.56K,+54.3%,<.01%
69002R103,TEAD,TEADS HLDG CO,96272,96272,73.83K,73.83K,NEW,<.01%
904311206,UA,UNDER ARMOUR INC,1053026,11514,6.55M,71.62K,+1.1%,0.01%
92719W207,VNCE,VINCE HLDG CORP,10016,10016,71.61K,71.61K,NEW,<.01%
36870H103,GNLX,GENELUX CORPORATION,23538,23538,70.85K,70.85K,NEW,<.01%
373737105,GGB,GERDAU SA,897585,17152,3.63M,69.29K,+1.9%,<.01%
55083R203,LYEL,LYELL IMMUNOPHARMA INC,26080,4788,366.42K,67.27K,+22.5%,<.01%
29082K105,EMBC,EMBECTA CORP,20236,20236,65.97K,65.97K,NEW,<.01%
46501C100,ISPR,ISPIRE TECHNOLOGY INC,58769,58769,65.82K,65.82K,NEW,<.01%
373865104,GABC,GERMAN AMERN BANCORP INC,31758,1363,1.51M,64.69K,+4.5%,<.01%
64107N206,LSAK,LESAKA TECHNOLOGIES INC,12717,12717,63.2K,63.2K,NEW,<.01%
01626W101,ALIT,ALIGHT INC,107642,107642,60.28K,60.28K,NEW,<.01%
74365A309,PLX,PROTALIX BIOTHERAPEUTICS INC,25566,25566,59.57K,59.57K,NEW,<.01%
91359V107,UVE,UNIVERSAL INS HLDGS INC,64916,1413,2.68M,58.44K,+2.2%,<.01%
92333E104,VENU,VENU HLDG CORP,25739,25739,58.43K,58.43K,NEW,<.01%
85238K118,USDEW,STABLECOINX INC,140500,140500,57.6K,57.6K,NEW,<.01%
163092109,CHGG,CHEGG INC,112199,55568,113.32K,56.12K,+98.1%,<.01%
38246G108,GDRX,GOODRX HLDGS INC,19342,19342,55.7K,55.7K,NEW,<.01%
91702V101,UROY,URANIUM RTY CORP,237519,18980,660.09K,52.75K,+8.7%,<.01%
Y9390M103,VFS,VINFAST AUTO LTD,16431,16431,51.27K,51.27K,NEW,<.01%
637417106,NNN,NNN REIT INC,132062,1084,6.14M,50.44K,+0.8%,<.01%
282914100,EGHT,8X8 INC NEW,29481,29481,50.41K,50.41K,NEW,<.01%
02462A104,ABTC,AMERICAN BITCOIN CORP.,73205,73205,49.86K,49.86K,NEW,<.01%
63008G203,NNDM,NANO DIMENSION LTD,90696,33322,131.51K,48.32K,+58.1%,<.01%
09077A106,BMEA,BIOMEA FUSION INC,32792,32792,48.2K,48.2K,NEW,<.01%
30219Q106,EXFY,EXPENSIFY INC,26675,26675,47.75K,47.75K,NEW,<.01%
10240L102,BOW,BOWHEAD SPECIALTY HLDGS INC,14937,1513,447.06K,45.28K,+11.3%,<.01%
03071H100,AMSF,AMERISAFE INC,28026,1323,948.12K,44.76K,+5%,<.01%
030371108,AVD,AMERICAN VANGUARD CORP,105379,15904,295.06K,44.53K,+17.8%,<.01%
44486Q103,HUMA,HUMACYTE INC,53728,53728,41.93K,41.93K,NEW,<.01%
64440N103,NFGC,NEW FOUND GOLD CORP,26775,26775,41.42K,41.42K,NEW,<.01%
G5557R109,LPA,LOGISTIC PROPERTIES OF THE A,12319,12319,41.39K,41.39K,NEW,<.01%
05601U105,BRCC,BRC INC,37184,37184,41.27K,41.27K,NEW,<.01%
292034303,EP,EMPIRE PETE CORP,14797,14797,39.66K,39.66K,NEW,<.01%
048592109,ATLN,ATLANTIC INTL CORP,42037,42037,38.67K,38.67K,NEW,<.01%
14147L108,CRDF,CARDIFF ONCOLOGY INC,28385,28385,36.9K,36.9K,NEW,<.01%
78573M104,SABR,SABRE CORP,517546,17546,1.08M,36.67K,+3.5%,<.01%
09073N300,STEX,STREAMEX CORP,42298,42298,35.97K,35.97K,NEW,<.01%
74765K105,QSI,QUANTUM SI INC,39133,39133,34.63K,34.63K,NEW,<.01%
03062T105,CRMT,AMERICAS CAR-MART INC,29570,12371,82.5K,34.51K,+71.9%,<.01%
75062E106,RFL,RAFAEL HLDGS INC,10433,10433,34.22K,34.22K,NEW,<.01%
88831L202,TI,TITAN MNG CORP,15169,15169,33.23K,33.23K,NEW,<.01%
88331L108,SKIN,SKINHEALTH SYSTEMS INC,46527,46527,32.22K,32.22K,NEW,<.01%
759419104,REKR,REKOR SYSTEMS INC,46093,46093,32.03K,32.03K,NEW,<.01%
05156X850,ACB,AURORA CANNABIS INC,10665,10665,30.1K,30.1K,NEW,<.01%
46578C108,IE,IVANHOE ELECTRIC INC,45750,3116,439.61K,29.94K,+7.3%,<.01%
922042775,VEU,VANGUARD INTL EQUITY INDEX F,349,349,29.23K,29.23K,NEW,<.01%
500688106,KOS,KOSMOS ENERGY LTD,1977722,13124,4.17M,27.69K,+0.7%,<.01%
090683103,BTMD,BIOTE CORP,14565,14565,27.53K,27.53K,NEW,<.01%
45782T105,INMB,INMUNE BIO INC,16577,16577,27.02K,27.02K,NEW,<.01%
28106W103,EDIT,EDITAS MEDICINE INC,125234,8239,405.76K,26.69K,+7%,<.01%
M25722105,CGEN,COMPUGEN LTD,11901,11901,25.47K,25.47K,NEW,<.01%
G4412G101,HLF,HERBALIFE LTD,131175,1929,1.72M,25.37K,+1.5%,<.01%
20460L104,SPWR,SUNPOWER INC,36563,36563,25.13K,25.13K,NEW,<.01%
44916Y106,PURR,HYPERLIQUID STRATEGIES INC,3181,3181,25.03K,25.03K,NEW,<.01%
29286X101,ENGN,ENGENE THERAPEUTICS INC,13992,13992,24.21K,24.21K,NEW,<.01%
72815G108,MYPS,PLAYSTUDIOS INC,48067,48067,23.98K,23.98K,NEW,<.01%
18539C204,CWEN,CLEARWAY ENERGY INC,318920,674,10.9M,23.04K,+0.2%,0.02%
35471R106,FSP,FRANKLIN STR PPTYS CORP,44609,44609,22.97K,22.97K,NEW,<.01%
12529R107,CCCC,C4 THERAPEUTICS INC,173965,4869,812.42K,22.74K,+2.9%,<.01%
36352H100,GAU,GALIANO GOLD INC,544289,11944,1.02M,22.31K,+2.2%,<.01%
002120202,ATYR,ATYR PHARMA INC,37278,37278,22.25K,22.25K,NEW,<.01%
697660207,PAM,PAMPA ENERGIA SA,27787,267,2.28M,21.93K,+1%,<.01%
256086109,DCGO,DOCGO INC,41421,41421,21.38K,21.38K,NEW,<.01%
62857J201,MYO,MYOMO INC,19912,19912,20.71K,20.71K,NEW,<.01%
307359885,FFAI,FARADAY FUTURE INTLGT ELEC I,89506,89506,20.63K,20.63K,NEW,<.01%
28238P109,EHTH,EHEALTH INC,13531,13531,20.16K,20.16K,NEW,<.01%
14161Y200,CRDL,CARDIOL THERAPEUTICS INC,18354,18354,19.45K,19.45K,NEW,<.01%
72765Q882,PLG,PLATINUM GROUP METALS LTD,14298,14298,19.3K,19.3K,NEW,<.01%
78471E105,SKYX,SKYX PLATFORMS CORP,17442,17442,19.27K,19.27K,NEW,<.01%
Y2001C101,CMDB,COSTAMARE BULKERS HLDGS LTD,12859,1079,225.8K,18.95K,+9.2%,<.01%
740367404,PFBC,PREFERRED BK LOS ANGELES CA,3690,178,392.1K,18.91K,+5.1%,<.01%
826176109,SIEB,SIEBERT FINL CORP,11398,11398,18.81K,18.81K,NEW,<.01%
55025L108,LFT,LUMENT FINANCE TRUST INC,18973,18973,17.45K,17.45K,NEW,<.01%
405217100,HAIN,HAIN CELESTIAL GROUP INC,28005,28005,15.69K,15.69K,NEW,<.01%
747324101,PYXS,PYXIS ONCOLOGY INC,37092,5086,111.65K,15.31K,+15.9%,<.01%
004397105,ARAY,ACCURAY INC DEL,47552,47552,12.26K,12.26K,NEW,<.01%
94132V105,WDH,WATERDROP INC,10717,10717,12.11K,12.11K,NEW,<.01%
652941105,NXXT,NEXTNRG INC,30190,30190,10.57K,10.57K,NEW,<.01%
M5R635108,INVZ,INNOVIZ TECHNOLOGIES LTD,12494,12494,9.51K,9.51K,NEW,<.01%
98400U103,SAFX,XCF GLOBAL INC,20950,20950,9.25K,9.25K,NEW,<.01%
84862C302,SBEV,SPLASH BEVERAGE GROUP INC,56950,56950,8.83K,8.83K,NEW,<.01%
87990A106,TNYA,TENAYA THERAPEUTICS INC,11346,11346,8.39K,8.39K,NEW,<.01%
00165C302,AMC,AMC ENTMT HLDGS INC,1700104,4065,3.23M,7.72K,+0.2%,<.01%
683712129,OPENW,OPENDOOR TECHNOLOGIES INC,64077,15420,31.72K,7.63K,+31.7%,<.01%
23331S100,DHX,DHI GROUP INC,19825,2037,73.55K,7.56K,+11.5%,<.01%
00851L103,API,AGORA INC,30430,1880,121.42K,7.5K,+6.6%,<.01%
81752R100,SRG,SERITAGE GROWTH PPTYS,24959,1948,65.64K,5.12K,+8.5%,<.01%
683712137,OPENL,OPENDOOR TECHNOLOGIES INC,64077,15420,18.12K,4.36K,+31.7%,<.01%
98421M114,XRXDW,XEROX HOLDINGS CORP,14760,14760,4.06K,4.06K,NEW,<.01%
09354A100,BLNK,BLINK CHARGING CO,31039,6189,19.86K,3.96K,+24.9%,<.01%
683712145,OPENZ,OPENDOOR TECHNOLOGIES INC,64077,15420,15.38K,3.7K,+31.7%,<.01%
48669G303,KZIA,KAZIA THERAPEUTICS LTD,200300,300,2.3M,3.45K,+0.1%,<.01%
464288646,IGSB,ISHARES TR,2028500,0,106.31M,0,NO CHANGE,0.16%
17253JAA4,CIFR,CIPHER DIGITAL INC,13230000,0,74.44M,0,NO CHANGE,0.11%
78464A375,SPIB,SPDR SERIES TRUST,1410000,0,47.18M,0,NO CHANGE,0.07%
88339PAJ0,REAL,THE REALREAL INC,29521000,0,41.63M,0,NO CHANGE,0.06%
29446YAC0,EQX,EQUINOX GOLD CORP,12500000,0,21.04M,0,NO CHANGE,0.03%
G4802J129,IEAGU,INFINITE EAGLE ACQUISITION C,1760000,0,18.04M,0,NO CHANGE,0.03%
29415FAD6,NVST,ENVISTA HOLDINGS CORPORATION,17250000,0,17.23M,0,NO CHANGE,0.03%
G6757R121,ONCHU,1RT ACQUISITION CORP.,1500000,0,15.51M,0,NO CHANGE,0.02%
10950A205,BTSGU,BRIGHTSPRING HEALTH SVCS INC,51150,0,11.8M,0,NO CHANGE,0.02%
88339PAD3,REAL,THE REALREAL INC,12032000,0,11.2M,0,NO CHANGE,0.02%
595017302,MCHPP,MICROCHIP TECHNOLOGY INC.,145000,0,11.14M,0,NO CHANGE,0.02%
40637HAD1,HALO,HALOZYME THERAPEUTICS INC,7500000,0,8.36M,0,NO CHANGE,0.01%
85205TAQ3,SPR,SPIRIT AEROSYSTEMS INC,5000000,0,7.81M,0,NO CHANGE,0.01%
70932AAH6,PMT,PENNYMAC CORP,5500000,0,5.59M,0,NO CHANGE,<.01%
G2545C104,CBIO,CRESCENT BIOPHARMA INC.,300000,0,5.4M,0,NO CHANGE,<.01%
670002AD6,NVAX,NOVAVAX INC,4400000,0,5.24M,0,NO CHANGE,<.01%
08862EAB5,BYND,BEYOND MEAT INC,5000000,0,4.19M,0,NO CHANGE,<.01%
758075AF2,RWT,REDWOOD TRUST INC,3500000,0,3.51M,0,NO CHANGE,<.01%
G01336125,AIIA,AI INFRASTRUCTURE ACQUISI,246180,0,2.55M,0,NO CHANGE,<.01%
F92124100,TTE,TOTALENERGIES SE,25905,0,2.01M,0,NO CHANGE,<.01%
38071H122,GROYWS,GOLD ROYALTY CORP,1422509,0,1.41M,0,NO CHANGE,<.01%
G3730V105,FTAI,FTAI AVIATION LTD,5000,0,1.35M,0,NO CHANGE,<.01%
37960A529,SHLD,GLOBAL X FDS,15000,0,895.65K,0,NO CHANGE,<.01%
513272104,LW,LAMB WESTON HLDGS INC,15000,0,647.7K,0,NO CHANGE,<.01%
87422Q109,TLN,TALEN ENERGY CORP,1500,0,576.39K,0,NO CHANGE,<.01%
81369Y886,XLU,SELECT SECTOR SPDR TR,10000,0,453.4K,0,NO CHANGE,<.01%
92762J103,VIOT,VIOMI TECHNOLOGY CO LTD,493500,0,385.92K,0,NO CHANGE,<.01%
G9460G119,,VALARIS LTD,20740,0,173.8K,0,NO CHANGE,<.01%
48253L205,KLXE,KLX ENERGY SERVICES HOLDINGS,31167,0,80.41K,0,NO CHANGE,<.01%
83085C115,SKY,SKY HARBOUR GROUP CORPORATIO,145103,0,66.75K,0,NO CHANGE,<.01%
G63638111,NAMM,NAMIB MINERALS,140000,0,30.8K,0,NO CHANGE,<.01%
G71399102,ITOC,ITONIC HOLDINGS LTD,10852,0,3.27K,0,NO CHANGE,<.01%
L0175J112,ASPSW,ALTISOURCE PORTFOLIO SOLUTIO,14711,-2,5.88K,-0.8,-0%,<.01%
747301109,QUAD,QUAD / GRAPHICS INC,40266,-67,339.44K,-564.81,-0.2%,<.01%
G1820C102,CANG,CANGO INC,21738,-2800,4.45K,-572.55,-11.4%,<.01%
81578P106,SEER,SEER INC,14115,-698,23.43K,-1.16K,-4.7%,<.01%
87283P109,TRX,TRX GOLD CORPORATION,23493,-1613,20.18K,-1.39K,-6.4%,<.01%
949503106,WGRX,WELLGISTICS HEALTH INC,0,-27324,0,-2.63K,CLOSE,0%
02157Q109,ANRO,ALTO NEUROSCIENCE INC,502950,-137,13.27M,-3.62K,-0%,0.02%
69344D408,PHI,PLDT INC,20600,-212,360.91K,-3.71K,-1%,<.01%
58958P104,MRBK,MERIDIAN CORP,16951,-208,339.53K,-4.17K,-1.2%,<.01%
939653101,ELME,ELME COMMUNITIES,249030,-3226,368.56K,-4.77K,-1.3%,<.01%
588056101,MERC,MERCER INTL INC,12867,-8831,8.49K,-5.83K,-40.7%,<.01%
69012T305,OTLK,OUTLOOK THERAPEUTICS INC,0,-29038,0,-5.98K,CLOSE,0%
25985W204,DOYU,DOUYU INTL HLDGS LTD,840519,-1301,3.91M,-6.05K,-0.2%,<.01%
351665112,FOXXW,FOXX DEV HLDGS INC,0,-71200,0,-6.24K,CLOSE,0%
25065K104,DXLG,DESTINATION XL GROUP INC,0,-12575,0,-6.41K,CLOSE,0%
74640Y106,PRPL,PURPLE INNOVATION INC,0,-13612,0,-9K,CLOSE,0%
61218C103,MNTK,MONTAUK RENEWABLES INC,0,-10871,0,-12.5K,CLOSE,0%
M40527109,ENTX,ENTERA BIO LTD,0,-12382,0,-13.74K,CLOSE,0%
68617J100,OGI,ORGANIGRAM GLOBAL INC,0,-10764,0,-14.54K,CLOSE,0%
747798106,HTT,HIGH TEMPLAR TECHNOLOGY LTD,39075,-5788,100.03K,-14.82K,-12.9%,<.01%
59102M104,MGX,METAGENOMI THERAPEUTICS INC,0,-11726,0,-15.71K,CLOSE,0%
M1R95N100,ARBE,ARBE ROBOTICS LTD,0,-27863,0,-17K,CLOSE,0%
86614G101,SMC,SUMMIT MIDSTREAM CORPORATION,17844,-597,508.2K,-17K,-3.2%,<.01%
38741L107,GPMT,GRANITE PT MTG TR INC,0,-11785,0,-17.09K,CLOSE,0%
52472M101,LEGH,LEGACY HOUSING CORP,44576,-738,1.17M,-19.39K,-1.6%,<.01%
81369Y506,XLE,SELECT SECTOR SPDR TR,194861,-388,10.35M,-20.61K,-0.2%,0.02%
483467106,KLTR,KALTURA INC,0,-18110,0,-22.09K,CLOSE,0%
30050E105,EVO,EVOTEC AG,0,-10043,0,-25.11K,CLOSE,0%
68218J103,OABI,OMNIAB INC,0,-16238,0,-25.49K,CLOSE,0%
69353Y103,PMVP,PMV PHARMACEUTICALS INC,0,-20945,0,-25.97K,CLOSE,0%
750102105,RXT,RACKSPACE TECHNOLOGY INC,0,-27122,0,-26.57K,CLOSE,0%
68373J104,LPRO,OPEN LENDING CORP,0,-21288,0,-26.61K,CLOSE,0%
24477E103,DH,DEFINITIVE HEALTHCARE CORP,0,-21709,0,-26.7K,CLOSE,0%
05153U107,AURA,AURA BIOSCIENCES INC,17864,-3844,126.83K,-27.29K,-17.7%,<.01%
38149E101,GLDG,GOLDMINING INC,0,-23753,0,-28.16K,CLOSE,0%
63909J108,NAUT,NAUTILUS BIOTECHNOLOGY INC,67938,-15105,127.04K,-28.25K,-18.2%,<.01%
683797104,OPY,OPPENHEIMER HLDGS INC,9681,-279,1.02M,-29.45K,-2.8%,<.01%
729139105,PLRX,PLIANT THERAPEUTICS INC,20073,-26981,22.88K,-30.76K,-57.3%,<.01%
64107A105,NPWR,NET POWER INC,15340,-18751,25.62K,-31.31K,-55%,<.01%
205826209,CMTL,COMTECH TELECOMMUNICATIONS C,18331,-15379,38.49K,-32.3K,-45.6%,<.01%
14817C107,FLNA,FILANA THERAPEUTICS INC,11575,-27546,13.77K,-32.78K,-70.4%,<.01%
03837C106,APYX,APYX MEDICAL CORPORATION,26350,-8428,118.31K,-37.84K,-24.2%,<.01%
04390B105,AAPG,ASCENTAGE PHARMA GROUP INTL,13841,-2215,243.05K,-38.9K,-13.8%,<.01%
68235C206,IMDX,INSIGHT MOLECULAR DIA INC,0,-12250,0,-40.18K,CLOSE,0%
39986L109,GRWG,GROWGENERATION CORP,17138,-28883,25.36K,-42.75K,-62.8%,<.01%
03528H109,ANIX,ANIXA BIOSCIENCES INC,0,-17276,0,-44.57K,CLOSE,0%
45170X205,INVE,IDENTIV INC,0,-12321,0,-45.59K,CLOSE,0%
713317105,PEPG,PEPGEN INC,39720,-26252,71.5K,-47.25K,-39.8%,<.01%
B5950S113,MDXH,MDXHEALTH SA,0,-20767,0,-47.76K,CLOSE,0%
96812F102,BAER,BRIDGER AEROSPACE GRP HLDGS,16305,-25234,31.31K,-48.45K,-60.7%,<.01%
090337106,FLX,BINGEX LTD,0,-19079,0,-50.56K,CLOSE,0%
90328M107,USNA,USANA HEALTH SCIENCES INC,18606,-2396,397.24K,-51.15K,-11.4%,<.01%
29382R107,EVC,ENTRAVISION COMMUNICATIONS C,0,-17373,0,-51.6K,CLOSE,0%
G23549101,CNTB,CONNECT BIOPHARMA HLDGS LTD,0,-19766,0,-51.79K,CLOSE,0%
74065P101,PRLD,PRELUDE THERAPEUTICS INC,0,-16329,0,-55.84K,CLOSE,0%
896095106,TCBK,TRICO BANCSHARES,65139,-1050,3.51M,-56.54K,-1.6%,<.01%
12619F104,CPSH,CPS TECHNOLOGIES CORP,0,-15228,0,-56.95K,CLOSE,0%
83307B101,SNDL,SNDL INC,51007,-43057,68.86K,-58.13K,-45.8%,<.01%
30068X103,XGN,EXAGEN INC,0,-19436,0,-58.31K,CLOSE,0%
36170N107,GCTS,GCT SEMICONDUCTOR HLDG INC,0,-51604,0,-58.83K,CLOSE,0%
Y2188B108,DLNG,DYNAGAS LNG PARTNERS LP,0,-14129,0,-60.47K,CLOSE,0%
22890A302,ORBS,EIGHTCO HOLDINGS INC,47419,-86965,32.98K,-60.48K,-64.7%,<.01%
80401L803,MSCL.TO,SATELLOS BIOSCIENCE INC,682700,-8078,5.31M,-62.81K,-1.2%,<.01%
Y23592135,ESEA,EUROSEAS LTD,5887,-956,390.72K,-63.45K,-14%,<.01%
66661N886,NPB,NORTHPOINTE BANCSHARES INC.,66022,-3312,1.27M,-63.52K,-4.8%,<.01%
517097101,LGO,LARGO INC,0,-58346,0,-65.35K,CLOSE,0%
316092204,FDIS,FIDELITY COVINGTON TRUST,2008,-650,206.5K,-66.85K,-24.5%,<.01%
45719W205,IKT,INHIBIKASE THERAPEUTICS INC,0,-40383,0,-67.84K,CLOSE,0%
39959A205,UPXI,UPEXI INC,0,-71090,0,-70.07K,CLOSE,0%
25445D101,DDL,DINGDONG CAYMAN LTD,10365,-36859,20K,-71.14K,-78.1%,<.01%
20440W105,SID,COMPANHIA SIDERURGICA NACION,0,-58389,0,-72.4K,CLOSE,0%
001228501,MITT,TPG MTG INVTS TR INC,0,-10169,0,-74.33K,CLOSE,0%
13463J101,CAMP,CAMP4 THERAPEUTICS CORP,0,-17326,0,-76.41K,CLOSE,0%
320557101,INBK,FIRST INTERNET BANCORP,16649,-2755,462.84K,-76.59K,-14.2%,<.01%
68629Y103,ONL,ORION PROPERTIES INC,0,-35715,0,-76.79K,CLOSE,0%
G21307106,CINT,CI&T INC,0,-15784,0,-80.03K,CLOSE,0%
92242T101,VVX,V2X INC,46166,-1095,3.44M,-81.64K,-2.3%,<.01%
184499101,CLNE,CLEAN ENERGY FUELS CORP,191741,-39912,393.07K,-81.82K,-17.2%,<.01%
00166B105,ALXO,ALX ONCOLOGY HLDGS INC,0,-41095,0,-82.4K,CLOSE,0%
06654A103,BWFG,BANKWELL FINL GROUP INC,5355,-1466,314.61K,-86.13K,-21.5%,<.01%
26205E107,DTI,DRILLING TOOLS INTL CORP,75862,-45610,146.41K,-88.03K,-37.5%,<.01%
879273209,TEO,TELECOM ARGENTINA SA,70644,-6780,918.37K,-88.14K,-8.8%,<.01%
68403P203,ORMP,ORAMED PHARMACEUTICALS INC,0,-26052,0,-88.58K,CLOSE,0%
87874R308,TTGT,TECHTARGET INC,0,-23627,0,-91.67K,CLOSE,0%
38068T105,GORO,GOLD RESOURCE CORP,0,-78131,0,-93.76K,CLOSE,0%
807066105,SCHL,SCHOLASTIC CORP,28322,-2092,1.3M,-96.23K,-6.9%,<.01%
913290102,UNTY,UNITY BANCORP INC,5303,-1657,311.23K,-97.25K,-23.8%,<.01%
75689M101,RRGB,RED ROBIN GOURMET BURGERS IN,0,-33252,0,-97.43K,CLOSE,0%
76680V108,REI,RING ENERGY INC,157726,-90286,170.34K,-97.51K,-36.4%,<.01%
91818X306,UXIN,UXIN LTD,0,-31852,0,-97.79K,CLOSE,0%
035255108,ANIK,ANIKA THERAPEUTICS INC,22515,-6714,329.39K,-98.23K,-23%,<.01%
85208T107,CXM,SPRINKLR INC,462092,-19345,2.38M,-99.82K,-4%,<.01%
06684L103,BZUN,BAOZUN INC,0,-41876,0,-100.08K,CLOSE,0%
29260V105,DAVA,ENDAVA PLC,0,-22873,0,-101.1K,CLOSE,0%
42981E401,HITI,HIGH TIDE INC,196962,-45596,449.07K,-103.96K,-18.8%,<.01%
239360100,DWSN,DAWSON GEOPHYSICAL CO NEW,0,-30370,0,-105.08K,CLOSE,0%
014442107,ALEC,ALECTOR INC,26699,-53392,53.66K,-107.32K,-66.7%,<.01%
456837103,ING,ING GROEP N.V.,424445,-3537,13.32M,-110.99K,-0.8%,0.02%
004468500,ACHV,ACHIEVE LIFE SCIENCE INC,0,-37760,0,-111.01K,CLOSE,0%
92915B106,VYGR,VOYAGER THERAPEUTICS INC,236083,-32140,826.29K,-112.49K,-12%,<.01%
69924M109,PZG,PARAMOUNT GOLD NEV CORP,0,-68934,0,-114.43K,CLOSE,0%
74291D104,PROK,PROKIDNEY CORP,0,-65578,0,-117.39K,CLOSE,0%
384313607,EAF,GRAFTECH INTL LTD SR NT,42685,-19868,252.27K,-117.42K,-31.8%,<.01%
639027101,NATR,NATURES SUNSHINE PRODS INC,15620,-5388,340.52K,-117.46K,-25.6%,<.01%
690732102,ACH,ACCENDRA HEALTH INC,0,-53915,0,-122.93K,CLOSE,0%
Y81669106,GASS,STEALTHGAS INC,79485,-15718,627.93K,-124.17K,-16.5%,<.01%
G5568L109,LZM,LIFEZONE METALS LIMITED,0,-37625,0,-126.42K,CLOSE,0%
55262C100,MBI,MBIA INC,0,-21538,0,-127.29K,CLOSE,0%
344174107,FHTX,FOGHORN THERAPEUTICS INC,0,-27646,0,-132.15K,CLOSE,0%
126501105,CTS,CTS CORP,11945,-2125,778.7K,-138.53K,-15.1%,<.01%
268603107,LOCO,EL POLLO LOCO HLDGS INC,65345,-8246,1.11M,-139.85K,-11.2%,<.01%
55406W103,LUXE,LUXEXPERIENCE BV,0,-17587,0,-140.7K,CLOSE,0%
22407B108,COYA,COYA THERAPEUTICS INC,0,-37681,0,-148.46K,CLOSE,0%
G8726A106,TCGLF,TECHCREATE GROUP LTD,0,-17109,0,-149.36K,CLOSE,0%
21077P108,CNTX,CONTEXT THERAPEUTICS INC,0,-57231,0,-149.94K,CLOSE,0%
50101L106,DNUT,KRISPY KREME INC,841258,-43180,2.97M,-152.43K,-4.9%,<.01%
464287390,ILF,ISHARES TR,4710,-4533,158.96K,-152.99K,-49%,<.01%
18538R103,CLW,CLEARWATER PAPER CORP,17772,-9892,278.67K,-155.11K,-35.8%,<.01%
Y2990R101,HAFN,HAFNIA LTD,482485,-23635,3.2M,-156.94K,-4.7%,<.01%
98980B103,ZIP,ZIPRECRUITER INC,127677,-41983,478.79K,-157.44K,-24.7%,<.01%
00509G209,ABOS,ACUMEN PHARMACEUTICALS INC,0,-67375,0,-159K,CLOSE,0%
987910106,YB,YUANBAO INC,104705,-10795,1.6M,-164.52K,-9.3%,<.01%
59516C106,MVST,MICROVAST HOLDINGS INC,55606,-143366,65.06K,-167.74K,-72.1%,<.01%
74019P207,DTIL,PRECISION BIOSCIENCES INC,14104,-21489,110.86K,-168.9K,-60.4%,<.01%
204409601,CIG,CIA ENERGETICA DE MINAS GERA,19274,-80917,40.48K,-169.92K,-80.8%,<.01%
87969B101,TLS,TELOS CORP MD,289121,-37069,1.33M,-170.52K,-11.4%,<.01%
G5698W116,LXFR,LUXFER HLDGS PLC,35344,-9749,637.61K,-175.87K,-21.6%,<.01%
79957L100,SMTI,SANARA MEDTECH INC,0,-10335,0,-177.56K,CLOSE,0%
P5626F128,IFS,INTERCORP FINL SVCS INC,79554,-3124,4.53M,-177.94K,-3.8%,<.01%
45676K103,INFQ,INFLEQTION INC,0,-18271,0,-179.24K,CLOSE,0%
398438408,GRFS,GRIFOLS S A,25794,-25563,182.62K,-180.99K,-49.8%,<.01%
205750409,LODE,COMSTOCK INC,0,-59412,0,-181.21K,CLOSE,0%
45675Y104,III,INFORMATION SVCS GROUP INC,0,-47411,0,-182.06K,CLOSE,0%
482738101,KVHI,KVH INDS INC,0,-20428,0,-183.03K,CLOSE,0%
56089A400,MKO.V,MAKO MNG CORP,0,-28700,0,-184.55K,CLOSE,0%
450047303,IRS,IRSA INVERSIONES Y REP S A,0,-11507,0,-186.53K,CLOSE,0%
92707Y108,VFF,VILLAGE FARMS INTL INC,51641,-94197,103.28K,-188.39K,-64.6%,<.01%
04681Y103,ASIC,ATEGRITY SPECIALTY IN CO HO,10078,-7895,242.28K,-189.8K,-43.9%,<.01%
72814P109,PLBY,PLAYBOY INC,0,-127974,0,-194.52K,CLOSE,0%
15961R303,CHPT,CHARGEPOINT HOLDINGS INC,0,-40725,0,-197.92K,CLOSE,0%
83422N105,SLDP,SOLID POWER INC,497280,-77145,1.29M,-199.81K,-13.4%,<.01%
531914109,LWAY,LIFEWAY FOODS INC,0,-10406,0,-201.25K,CLOSE,0%
78397Q109,SES,SES AI CORPORATION,0,-209686,0,-201.72K,CLOSE,0%
25401T603,DBRG,DIGITALBRIDGE GROUP INC,0,-13096,0,-201.94K,CLOSE,0%
464287325,IXJ,ISHARES TR,0,-2196,0,-205.41K,CLOSE,0%
46137V332,RSPH,INVESCO EXCHANGE TRADED FD T,0,-6814,0,-205.74K,CLOSE,0%
781386305,RDNW,RIDENOW GROUP INC,0,-29249,0,-206.5K,CLOSE,0%
88554D205,DDD,3D SYS CORP DEL,0,-110437,0,-207.62K,CLOSE,0%
33734X846,CIBR,FIRST TR EXCHANGE-TRADED FD,0,-3318,0,-207.97K,CLOSE,0%
N69958101,PICS,PICS NV,0,-20000,0,-209K,CLOSE,0%
316092600,FHLC,FIDELITY COVINGTON TRUST,0,-2972,0,-209.11K,CLOSE,0%
10586A108,GRO,BRAZIL POTASH CORP,0,-64697,0,-209.62K,CLOSE,0%
003881307,ACTG,ACACIA RESH CORP,42410,-46142,197.63K,-215.02K,-52.1%,<.01%
09203E105,BDTX,BLACK DIAMOND THERAPEUTICS I,0,-100985,0,-215.1K,CLOSE,0%
91822M502,VEON,VEON LTD,26708,-4177,1.39M,-218.08K,-13.5%,<.01%
43689E107,HBCP,HOMEBANCORP INC,0,-3603,0,-218.27K,CLOSE,0%
46138J619,OMFL,INVESCO EXCH TRD SLF IDX FD,2952,-3220,202.33K,-220.7K,-52.2%,<.01%
8676EP108,STKL,SUNOPTA INC,0,-34101,0,-220.97K,CLOSE,0%
98943L107,ZNTL,ZENTALIS PHARMACEUTICALS INC,0,-94854,0,-221.96K,CLOSE,0%
G9001E102,LILA,LIBERTY LATIN AMERICA LTD,0,-26000,0,-224.64K,CLOSE,0%
596680108,MSEX,MIDDLESEX WTR CO,0,-4393,0,-228.66K,CLOSE,0%
46266A109,IRMD,IRADIMED CORP,11909,-2410,1.14M,-230.3K,-16.8%,<.01%
855919106,STRZ,STARZ ENTERTAINMENT CORP.,0,-20161,0,-231.85K,CLOSE,0%
666762109,NRIM,NORTHRIM BANCORP INC,22528,-8476,624.93K,-235.12K,-27.3%,<.01%
153527106,CENT,CENTRAL GARDEN & PET CO,0,-6409,0,-235.66K,CLOSE,0%
464288810,IHI,ISHARES TR,178122,-4809,8.8M,-237.61K,-2.6%,0.01%
72147K108,PPC,PILGRIMS PRIDE CORP,103845,-8534,2.92M,-239.89K,-7.6%,<.01%
73931J109,AIOT,POWERFLEET INC,0,-78122,0,-240.62K,CLOSE,0%
37954Y384,BUG,GLOBAL X FDS,0,-9598,0,-241.01K,CLOSE,0%
89679M104,TFPM,TRIPLE FLAG PRECIOUS METAL,109186,-8059,3.27M,-241.2K,-6.9%,<.01%
23284F105,CTMX,CYTOMX THERAPEUTICS INC.,7811033,-64357,29.29M,-241.34K,-0.8%,0.04%
83125X103,SNBR,SLEEP NUMBER CORP,0,-135212,0,-242.71K,CLOSE,0%
842873101,SFST,SOUTHERN FIRST BANCSHARES,0,-4492,0,-244.81K,CLOSE,0%
68752L100,KIDS,ORTHOPEDIATRICS CORP,23126,-12807,442.4K,-245K,-35.6%,<.01%
170386106,COFS,CHOICEONE FINANCIA,20994,-7206,713.8K,-245K,-25.6%,<.01%
00246W103,AXTI,AXT INC,0,-4300,0,-245.01K,CLOSE,0%
50186V102,LPL,LG DISPLAY CO LTD,259796,-63343,1.01M,-246.4K,-19.6%,<.01%
92766K403,SPCE,VIRGIN GALACTIC HOLDINGS INC,429627,-85550,1.24M,-247.24K,-16.6%,<.01%
25609L105,DCBO,DOCEBO INC,0,-14283,0,-249.84K,CLOSE,0%
686330101,IX,ORIX CORP,0,-8386,0,-251.5K,CLOSE,0%
113006100,BBUC.TO,BROOKFIELD BUSINESS CORP,0,-7960,0,-252.34K,CLOSE,0%
87427V103,TALK,TALKSPACE INC,0,-49005,0,-253.6K,CLOSE,0%
G9460G101,VAL,VALARIS LTD,51595,-3516,3.75M,-255.26K,-6.4%,<.01%
91851C201,EGY,VAALCO ENERGY INC,0,-40989,0,-259.87K,CLOSE,0%
M84137104,SMWB,SIMILARWEB LTD,0,-100204,0,-261.53K,CLOSE,0%
55933J203,MX,MAGNACHIP SEMICONDUCTOR CORP,0,-94209,0,-263.79K,CLOSE,0%
393222104,GPRE,GREEN PLAINS INC,308628,-17193,4.75M,-264.43K,-5.3%,<.01%
75734B100,RDDT,REDDIT INC,3000,-1534,520.74K,-266.27K,-33.8%,<.01%
00770K202,AMTX,AEMETIS INC,0,-85067,0,-271.36K,CLOSE,0%
83946P107,SPFI,SOUTH PLAINS FINANCIAL INC,0,-6499,0,-272.31K,CLOSE,0%
M6372Q113,KRNT,KORNIT DIGITAL LTD,137893,-16811,2.24M,-273.18K,-10.9%,<.01%
464214105,ISBA,ISABELLA BK CORP,0,-5989,0,-273.52K,CLOSE,0%
043113208,ARTNA,ARTESIAN RES CORP,0,-8690,0,-276.78K,CLOSE,0%
066849100,BHB,BAR HBR BANKSHARES,23052,-7403,870.44K,-279.54K,-24.3%,<.01%
700215304,TRAK,REPOSITRAK INC,0,-36920,0,-280.59K,CLOSE,0%
46137V142,PHO,INVESCO EXCHANGE TRADED FD T,0,-4297,0,-287.3K,CLOSE,0%
48716P108,KRNY,KEARNY FINL CORP MD,0,-38265,0,-288.9K,CLOSE,0%
628877201,NCSM,NCS MULTISTAGE HLDGS INC,0,-4693,0,-290.21K,CLOSE,0%
05990K106,BANC,BANC OF CALIFORNIA INC,1183260,-14277,24.17M,-291.68K,-1.2%,0.04%
404111106,HBT,HBT FINL INC.,0,-11144,0,-297.77K,CLOSE,0%
80280U205,SCZ.V,SANTACRUZ SILVER MNG LTD,0,-34367,0,-298.19K,CLOSE,0%
464286608,EZU,ISHARES INC,0,-4763,0,-298.35K,CLOSE,0%
53681J103,LAC,LITHIUM AMERS CORP NEW,0,-75900,0,-299.81K,CLOSE,0%
981475106,WKC,WORLD KINECT CORPORATION,0,-13074,0,-301.62K,CLOSE,0%
142038108,CRBU,CARIBOU BIOSCIENCES INC,15769,-171853,27.75K,-302.46K,-91.6%,<.01%
04965N104,RNA,ATRIUM THERAPEUTICS INC,0,-22708,0,-303.61K,CLOSE,0%
03748R747,AIV,APARTMENT INVT & MGMT CO,0,-76382,0,-310.88K,CLOSE,0%
30292L107,FRPH,FRP HLDGS INC,0,-14380,0,-314.63K,CLOSE,0%
G61188127,LBTYK,LIBERTY GLOBAL LTD,197997,-28614,2.18M,-314.75K,-12.6%,<.01%
78463X889,SPDW,SPDR INDEX SHS FDS,0,-7029,0,-320.87K,CLOSE,0%
G96115103,WYFI,WHITEFIBER INC,0,-27000,0,-321.57K,CLOSE,0%
88830R101,TITN,TITAN MACHY INC,0,-19284,0,-322.43K,CLOSE,0%
320551104,DIBS,1STDIBS COM INC,0,-58660,0,-322.63K,CLOSE,0%
758849103,REG,REGENCY CTRS CORP,228806,-4060,18.24M,-323.74K,-1.7%,0.03%
Y48125101,KNOP,KNOT OFFSHORE PARTNERS LP,0,-32235,0,-324.93K,CLOSE,0%
858586100,SCL,STEPAN CO,40667,-5893,2.27M,-328.36K,-12.7%,<.01%
532257805,LPTH,LIGHTPATH TECHNOLOGIES INC,0,-33506,0,-336.06K,CLOSE,0%
G4660A103,HSHP,HIMALAYA SHIPPING LTD,68835,-25427,919.64K,-339.7K,-27%,<.01%
92919F103,VOXR,VOX ROYALTY CORP,52305,-72249,247.4K,-341.74K,-58%,<.01%
464287788,IYF,ISHARES TR,0,-2910,0,-342.39K,CLOSE,0%
92204A884,VOX,VANGUARD WORLD FD,2182,-1873,401.38K,-344.54K,-46.2%,<.01%
92204A108,VCR,VANGUARD WORLD FD,815,-869,323.24K,-344.65K,-51.6%,<.01%
83089J108,SKYT,SKYWATER TECHNOLOGY INC,31754,-9921,1.11M,-345.45K,-23.8%,<.01%
05369T100,AVBC,AVIDIA BANCORP INC,0,-17577,0,-345.74K,CLOSE,0%
602496101,MDXG,MIMEDX GROUP INC,123557,-91030,475.69K,-350.47K,-42.4%,<.01%
026948109,AII,AMERICAN INTEGRITY INS GROUP,30425,-18642,572.9K,-351.03K,-38%,<.01%
68621F102,ORGO,ORGANOGENESIS HLDGS INC,0,-148358,0,-351.61K,CLOSE,0%
901476101,TWIN,TWIN DISC INC,0,-23537,0,-354.7K,CLOSE,0%
14167R100,CCLD,CARECLOUD INC,0,-97534,0,-356K,CLOSE,0%
227483104,CCRN,CROSS CTRY HEALTHCARE INC,0,-38132,0,-358.44K,CLOSE,0%
628778102,NBTB,NBT BANCORP INC,0,-8464,0,-360.4K,CLOSE,0%
29970N104,EVEX,EVE HLDG INC,813157,-145766,2.04M,-365.87K,-15.2%,<.01%
129500104,CAL,CALERES INC,168137,-29741,2.08M,-367.9K,-15%,<.01%
45784A104,INNV,INNOVAGE HLDG CORP,19014,-31350,225.32K,-371.5K,-62.2%,<.01%
68572M106,OBIO,ORCHESTRA BIOMED HLDGS INC,0,-87888,0,-373.52K,CLOSE,0%
530715AL5,FWONA,LIBERTY MEDIA CORP DEL,0,-9341000,0,-373.64K,CLOSE,0%
G4095J109,GLRE,GREENLIGHT CAP RE LTD,22399,-23150,362.42K,-374.57K,-50.8%,<.01%
19239V302,CCOI,COGENT COMM HOLDINGS INC,0,-20000,0,-376.8K,CLOSE,0%
Y62267409,NMM,NAVIOS MARITIME PARTNERS LP,49366,-5381,3.46M,-377.05K,-9.8%,<.01%
64082B102,NRDS,NERDWALLET INC,84480,-40897,781.44K,-378.3K,-32.6%,<.01%
966084204,WSR,WHITESTONE REIT,0,-23872,0,-385.53K,CLOSE,0%
43538H103,HLLY,HOLLEY INC,0,-125921,0,-386.58K,CLOSE,0%
98955N207,ZH,ZHIHU INC,0,-136831,0,-388.6K,CLOSE,0%
670346105,NUE,NUCOR CORP,0,-2300,0,-388.93K,CLOSE,0%
74969N103,RLX,RLX TECHNOLOGY INC,0,-179295,0,-394.45K,CLOSE,0%
464288273,SCZ,ISHARES TR,0,-5051,0,-396.05K,CLOSE,0%
683416101,OOMA,OOMA INC,64736,-20845,1.24M,-400.64K,-24.4%,<.01%
28658R106,CLYM,CLIMB BIO INC,0,-59090,0,-404.77K,CLOSE,0%
M8740S227,TATT,TAT TECHNOLOGIES LTD,0,-10038,0,-407.84K,CLOSE,0%
293389102,EBF,ENNIS INC,21763,-19344,462.46K,-411.06K,-47.1%,<.01%
81768T108,SFBS,SERVISFIRST BANCSHARES INC,0,-5702,0,-415.28K,CLOSE,0%
83193G107,SMRT,SMARTRENT INC,32208,-350988,38.33K,-417.68K,-91.6%,<.01%
78463M107,SPSC,SPS COMM INC,0,-7523,0,-418.81K,CLOSE,0%
83190L208,SMBK,SMARTFINANCIAL INC,0,-10766,0,-420.74K,CLOSE,0%
09549B104,BLFY,BLUE FOUNDRY BANCORP,0,-32498,0,-430.27K,CLOSE,0%
343873105,FFIC,FLUSHING FINL CORP,0,-28482,0,-437.48K,CLOSE,0%
65345M108,NXDR,NEXTDOOR HOLDINGS INC,142440,-193439,323.34K,-439.11K,-57.6%,<.01%
08986R309,BH,BIGLARI HLDGS INC,4189,-1035,1.78M,-440.94K,-19.8%,<.01%
82657M105,SGHT,SIGHT SCIENCES INC,16125,-82613,87.4K,-447.77K,-83.7%,<.01%
N44445109,IMTX,IMMATICS N.V,1449597,-44203,14.68M,-447.78K,-3%,0.02%
566330106,MCS,MARCUS CORP DEL,0,-26268,0,-451.02K,CLOSE,0%
57637H103,MCFT,MASTERCRAFT BOAT HLDGS INC,0,-22157,0,-454.44K,CLOSE,0%
704699107,PGC,PEAPACK-GLADSTONE FINL CORP,0,-13062,0,-459.91K,CLOSE,0%
464287762,IYH,ISHARES TR,0,-7469,0,-460.39K,CLOSE,0%
72919P202,PLUG,PLUG PWR INC,1870615,-171176,5.07M,-463.89K,-8.4%,<.01%
82981J851,SITC,SITE CTRS CORP,381221,-117051,1.51M,-464.69K,-23.5%,<.01%
88822Q103,TIPT,TIPTREE INC,34882,-26036,625.09K,-466.56K,-42.7%,<.01%
573075108,MRTN,MARTEN TRANS LTD,0,-35730,0,-469.13K,CLOSE,0%
45685K102,INFU,INFUSYSTEM HLDGS INC,0,-51026,0,-470.97K,CLOSE,0%
92839U206,VC,VISTEON CORP,0,-5200,0,-473.77K,CLOSE,0%
829242106,SBGI,SINCLAIR INC,53999,-33654,769.49K,-479.57K,-38.4%,<.01%
53566P109,LCTX,LINEAGE CELL THERAPEUTICS IN,0,-304363,0,-480.89K,CLOSE,0%
21833P301,CRBP,CORBUS PHARMACEUTICALS HLDGS,0,-51296,0,-481.67K,CLOSE,0%
443628102,HBM,HUDBAY MINERALS INC,519318,-20471,12.26M,-483.28K,-3.8%,0.02%
864159108,RGR,STURM RUGER & CO INC,54092,-12808,2.05M,-484.78K,-19.1%,<.01%
G1757E113,CMCL,CALEDONIA MNG CORP,56858,-25582,1.09M,-488.62K,-31%,<.01%
86183P102,SRI,STONERIDGE INC,0,-104989,0,-507.1K,CLOSE,0%
516548203,LTRX,LANTRONIX INC,0,-96787,0,-507.16K,CLOSE,0%
922908595,VBK,VANGUARD INDEX FDS,1577,-1409,576.71K,-515.27K,-47.2%,<.01%
390607109,GLDD,GREAT LAKES DREDGE & DOCK CO,0,-30557,0,-519.47K,CLOSE,0%
023139884,OSG,OCTAVE SPECIALTY GROUP INC,0,-113656,0,-528.5K,CLOSE,0%
374396406,GEVO,GEVO INC,0,-195187,0,-532.86K,CLOSE,0%
019770106,ALLO,ALLOGENE THERAPEUTICS INC,0,-221335,0,-540.06K,CLOSE,0%
02155H200,ALT,ALTIMMUNE INC,486884,-178405,1.48M,-542.35K,-26.8%,<.01%
33833Q106,FPH,FIVE POINT HOLDINGS LLC,25367,-102974,133.68K,-542.67K,-80.2%,<.01%
03062D803,USAS,AMERICAS GOLD AND SILVER COR,0,-104829,0,-543.94K,CLOSE,0%
37892E102,GIC,GLOBAL INDUSTRIAL COMPANY,0,-17257,0,-543.94K,CLOSE,0%
67577C105,OCGN,OCUGEN INC,477821,-356669,731.07K,-545.7K,-42.7%,<.01%
48666K109,KBH,KB HOME,0,-10590,0,-548.03K,CLOSE,0%
704326107,PAYX,PAYCHEX INC,5200,-5600,511.32K,-550.65K,-51.9%,<.01%
194693107,CIGI,COLLIERS INTL GROUP INC,55280,-5933,5.18M,-556.24K,-9.7%,<.01%
268948106,EGBN,EAGLE BANCORPORATION INC,0,-22378,0,-556.54K,CLOSE,0%
05280R100,AUTL,AUTOLUS THERAPEUTICS LTD,71227,-355756,113.96K,-569.21K,-83.3%,<.01%
03212B103,AMPY,AMPLIFY ENERGY CORP NEW,35865,-143948,142.74K,-572.91K,-80.1%,<.01%
63886Q109,NGS,NATURAL GAS SVCS GROUP INC,23832,-13439,1.03M,-579.76K,-36.1%,<.01%
45784M108,INV,INNVENTURE INC,1141441,-117117,5.79M,-593.78K,-9.3%,<.01%
83419D201,SLSR,SOLARIS RES INC,91321,-71480,767.16K,-600.48K,-43.9%,<.01%
17306X102,CTRN,CITI TRENDS INC,0,-13866,0,-600.67K,CLOSE,0%
556099109,MGNX,MACROGENICS INC,0,-208583,0,-602.8K,CLOSE,0%
22410J106,CBRL,CRACKER BARREL OLD CTRY STOR,228463,-11320,12.18M,-603.36K,-4.7%,0.02%
25063F107,DXYZ,DESTINY TECH100 INC,0,-22744,0,-609.08K,CLOSE,0%
29271Q103,ESOA,ENERGY SERVICES OF AMER CORP,10548,-31700,204K,-613.08K,-75%,<.01%
30069T101,EE,EXCELERATE ENERGY INC,12751,-16141,484.41K,-613.2K,-55.9%,<.01%
279158109,EC,ECOPETROL S A,0,-41115,0,-616.31K,CLOSE,0%
59124U605,MTA,METALLA RTY & STREAMING LTD,0,-92982,0,-616.47K,CLOSE,0%
749552105,RFIL,RF INDS LTD,13917,-29127,295.18K,-617.78K,-67.7%,<.01%
75574U101,RC,READY CAPITAL CORP,140791,-356312,246.38K,-623.55K,-71.7%,<.01%
675746606,ONIT,ONITY GROUP INC,0,-16060,0,-630.68K,CLOSE,0%
82686Q101,SLNCF,SILENCE THERAPEUTICS PLC,0,-119711,0,-630.88K,CLOSE,0%
357023100,RAIL,FREIGHTCAR AMER INC,0,-79644,0,-634.76K,CLOSE,0%
910340108,UFCS,UNITED FIRE GROUP INC,30991,-12169,1.63M,-638.14K,-28.2%,<.01%
765504105,RR,RICHTECH ROBOTICS INC,252800,-302966,533.41K,-639.26K,-54.5%,<.01%
04683R106,AVIR,ATEA PHARMACEUTICALS INC,0,-119553,0,-643.2K,CLOSE,0%
25400W102,APPS,DIGITAL TURBINE INC,0,-223865,0,-644.73K,CLOSE,0%
320866106,FMBH,FIRST MID BANCSHARES INC,0,-15670,0,-645.45K,CLOSE,0%
98887Q104,ZLAB,ZAI LAB LTD,0,-35120,0,-660.61K,CLOSE,0%
12674W109,CABA,CABALETTA BIO INC,0,-246615,0,-663.39K,CLOSE,0%
784117103,SEIC,SEI INVTS CO,0,-8605,0,-675.23K,CLOSE,0%
277461406,KODK,EASTMAN KODAK CO,282597,-73143,2.61M,-676.57K,-20.6%,<.01%
M68830112,MDWD,MEDIWOUND LTD,129248,-46231,1.9M,-679.6K,-26.3%,<.01%
M78673114,PERI,PERION NETWORK LTD,0,-68105,0,-680.37K,CLOSE,0%
23954D109,DAWN,DAY ONE BIOPHARMACEUTICALS I,0,-31938,0,-684.75K,CLOSE,0%
103002101,BWMN,BOWMAN CONSULTING GROUP LTD,0,-24492,0,-696.55K,CLOSE,0%
680033107,ONB,OLD NATL BANCORP IND,1007394,-26951,26.09M,-698.03K,-2.6%,0.04%
987184108,YORW,YORK WTR CO,0,-22935,0,-698.37K,CLOSE,0%
156727109,CRNC,CERENCE INC,70951,-61844,803.16K,-700.07K,-46.6%,<.01%
531229771,FWONA,LIBERTY MEDIA CORP DEL,0,-8971,0,-700.46K,CLOSE,0%
45769N105,ISSC,INNOVATIVE SOLUTIONS & SUPPO,0,-34154,0,-701.18K,CLOSE,0%
74167B109,FRST,PRIMIS FINANCIAL CORP,30226,-43349,494.8K,-709.62K,-58.9%,<.01%
203668108,CYH,COMMUNITY HEALTH SYS INC NEW,0,-242506,0,-712.97K,CLOSE,0%
50216C108,LYTS,LSI INDS INC OHIO,0,-38354,0,-713.38K,CLOSE,0%
G1828A108,CAEP,CANTOR EQUITY PARTNERS III I,0,-70000,0,-721.7K,CLOSE,0%
84863T106,SPOK,SPOK HLDGS INC,19105,-70522,195.63K,-722.14K,-78.7%,<.01%
48138M105,JMIA,JUMIA TECHNOLOGIES AG,0,-105051,0,-724.85K,CLOSE,0%
68628V308,ORN,ORION GROUP HLDGS INC,103295,-43236,1.74M,-727.23K,-29.5%,<.01%
563571405,MTW,MANITOWOC CO INC,135540,-52636,1.88M,-731.11K,-28%,<.01%
985194208,YSG,YATSEN HLDG LTD,22073,-231196,69.97K,-732.89K,-91.3%,<.01%
04335A105,ARVN,ARVINAS INC,141266,-88541,1.17M,-735.78K,-38.5%,<.01%
204429104,CCU,COMPANIA CERVECERIAS UNIDAS,0,-65029,0,-738.08K,CLOSE,0%
83191H107,SND,SMART SAND INC,0,-144412,0,-739.39K,CLOSE,0%
08975P108,CMRC,COMMERCE.COM INC,17684,-250460,52.34K,-741.37K,-93.4%,<.01%
Y41053102,INSW,INTERNATIONAL SEAWAYS INC,0,-10218,0,-744.69K,CLOSE,0%
23204X103,CTOS,CUSTOM TRUCK ONE SOURCE INC,179100,-63089,2.12M,-745.08K,-26%,<.01%
926400102,VSCO,VICTORIAS SECRET AND CO,0,-16137,0,-748.11K,CLOSE,0%
26614N102,DD,DUPONT DE NEMOURS INC,0,-16419,0,-751.99K,CLOSE,0%
12738K109,CDLR,CADELER A S,0,-32092,0,-755.12K,CLOSE,0%
808541106,MATV,MATIV HOLDINGS INC,228286,-100936,1.73M,-764.09K,-30.7%,<.01%
30049A107,EPM,EVOLUTION PETE CORP,0,-167761,0,-768.35K,CLOSE,0%
74727A104,QCRH,QCR HLDGS INC,12069,-7906,1.17M,-769.65K,-39.6%,<.01%
M8744T106,TBLA,TABOOLA.COM LTD,576970,-154073,2.88M,-770.37K,-21.1%,<.01%
34986A104,FWRD,FORWARD AIR CORP,0,-46555,0,-777.93K,CLOSE,0%
00130H105,AES,AES CORP,319010,-53190,4.68M,-779.77K,-14.3%,<.01%
68752M108,OFIX,ORTHOFIX MED INC,73021,-85859,667.41K,-784.75K,-54%,<.01%
71844V201,PECO,PHILLIPS EDISON & CO INC,36228,-18989,1.51M,-790.32K,-34.4%,<.01%
03152W109,FOLD,AMICUS THERAPEUTIC,0,-54677,0,-790.63K,CLOSE,0%
693656100,PVH,PVH CORPORATION,0,-11346,0,-791.5K,CLOSE,0%
698813102,PZZA,PAPA JOHNS INTL INC,95000,-21889,3.49M,-804.86K,-18.7%,<.01%
85209W109,SPT,SPROUT SOCIAL INC,0,-141319,0,-805.52K,CLOSE,0%
981419104,WRLD,WORLD ACCEP CORPORATION,1609,-3630,360.14K,-812.5K,-69.3%,<.01%
825704109,SIBN,SI BONE INC,790323,-50023,12.9M,-816.38K,-6%,0.02%
18453H106,CCO,CLEAR CHANNEL OUTDOOR HLDGS,303845,-337851,735.3K,-817.6K,-52.6%,<.01%
08986R408,BHA,BIGLARI HLDGS INC,0,-471,0,-820.81K,CLOSE,0%
67018T105,NUS,NU SKIN ENTERPRISES INC,0,-112926,0,-822.1K,CLOSE,0%
26853E102,EH,EHANG HLDGS LTD,0,-85088,0,-826.2K,CLOSE,0%
47580P103,JELD,JELD-WEN HLDG INC,0,-672227,0,-833.56K,CLOSE,0%
923725105,VET,VERMILION ENERGY INC,0,-60082,0,-837.79K,CLOSE,0%
032108649,SILJ,AMPLIFY ETF TR,0,-28431,0,-844.97K,CLOSE,0%
92189F601,NLR,VANECK ETF TRUST,12900,-7325,1.5M,-849.55K,-36.2%,<.01%
00138L108,RERE,ATRENEW INC,20997,-219931,81.26K,-851.13K,-91.3%,<.01%
456941103,INR,INFINITY NAT RES INC,0,-48706,0,-857.71K,CLOSE,0%
92204A405,VFH,VANGUARD WORLD FD,17219,-6519,2.27M,-857.9K,-27.5%,<.01%
233051879,ASHR,DBX ETF TR,297900,-23600,10.92M,-865.18K,-7.3%,0.02%
591774104,MCB,METROPOLITAN BK HLDG CORP,21270,-8850,2.1M,-874.03K,-29.4%,<.01%
46590V100,JBGS,JBG SMITH PPTYS,84341,-59812,1.24M,-877.44K,-41.5%,<.01%
253651202,DBD,DIEBOLD NIXDORF INC,0,-11646,0,-878.57K,CLOSE,0%
68278B107,OS,ONESTREAM INC,0,-37775,0,-906.6K,CLOSE,0%
342909108,FLOC,FLOWCO HLDGS INC,0,-44126,0,-909K,CLOSE,0%
74267C106,PRA,PROASSURANCE CORP,0,-36779,0,-909.18K,CLOSE,0%
74022D407,PDS,PRECISION DRILLING CORP,22011,-11870,1.69M,-909.95K,-35%,<.01%
496719105,KINS,KINGSTONE COS INC,33478,-47929,637.09K,-912.09K,-58.9%,<.01%
00164V103,AMCX,AMC NETWORKS INC,0,-135000,0,-916.65K,CLOSE,0%
011642105,ALRM,ALARM COM HLDGS INC,73687,-19891,3.44M,-929.31K,-21.3%,<.01%
077347300,BELFB,BEL FUSE INC,0,-4704,0,-931.3K,CLOSE,0%
G6891L105,PANL,PANGAEA LOGISTICS SOLUTION L,407356,-143558,2.65M,-933.13K,-26.1%,<.01%
21871N101,CXW,CORECIVIC INC,0,-49758,0,-940.92K,CLOSE,0%
640268306,NKTR,NEKTAR THERAPEUTICS,0,-13364,0,-961.54K,CLOSE,0%
88556E102,TDUP,THREDUP INC,310720,-141335,2.13M,-968.14K,-31.3%,<.01%
21217B100,CTNM,CONTINEUM THERAPEUTICS INC,25779,-59112,422.52K,-968.85K,-69.6%,<.01%
371532102,GCO,GENESCO INC,0,-33464,0,-970.12K,CLOSE,0%
03168L105,AMRX,AMNEAL PHARMACEUTICALS INC,0,-78105,0,-970.85K,CLOSE,0%
92892B103,VOYG,VOYAGER TECHNOLOGIES INC,118479,-30272,3.82M,-976.27K,-20.4%,<.01%
732908108,PONY,PONY AI INC,0,-103560,0,-977.61K,CLOSE,0%
786700104,SGMT,SAGIMET BIOSCIENCES INC,0,-187564,0,-980.02K,CLOSE,0%
913259107,UTL,UNITIL CORP,0,-18775,0,-980.81K,CLOSE,0%
04206A101,ARLO,ARLO TECHNOLOGIES INC,0,-69351,0,-986.87K,CLOSE,0%
980745103,WWD,WOODWARD INC,146842,-2327,62.47M,-990K,-1.6%,0.1%
36467W117,GME,GAMESTOP CORP NEW,52446,-356992,146.32K,-996.01K,-87.2%,<.01%
126349109,CSGS,CSG SYS INTL INC,0,-12498,0,-999.09K,CLOSE,0%
39818P799,PKST,PEAKSTONE REALTY TRUST,0,-47862,0,-999.84K,CLOSE,0%
829214105,SLP,SIMULATIONS PLUS INC,0,-85086,0,-1.01M,CLOSE,0%
714167103,PPIH,PERMA-PIPE INTL HLDGS INC,0,-34258,0,-1.02M,CLOSE,0%
81369Y704,XLI,SELECT SECTOR SPDR TR,0,-6317,0,-1.02M,CLOSE,0%
70509V100,PEB,PEBBLEBROOK HOTEL TR,0,-81418,0,-1.03M,CLOSE,0%
453838609,IBCP,INDEPENDENT BK CORP MICH,70411,-28753,2.54M,-1.04M,-29%,<.01%
55272X607,MFA,MFA FINL INC,0,-108957,0,-1.04M,CLOSE,0%
492327101,KROS,KEROS THERAPEUTICS INC,10393,-98622,111.2K,-1.06M,-90.5%,<.01%
09180C106,BJRI,BJS RESTAURANTS INC,0,-30469,0,-1.07M,CLOSE,0%
71742Q106,PAHC,PHIBRO ANIMAL HEALTH CORP,0,-19482,0,-1.08M,CLOSE,0%
92852X103,VTS,VITESSE ENERGY INC,0,-59531,0,-1.08M,CLOSE,0%
49803T300,KRG,KITE REALTY GROUP TRUST,0,-44249,0,-1.09M,CLOSE,0%
22002T108,CDP,COPT DEFENSE PROPERTIES,0,-35798,0,-1.1M,CLOSE,0%
875465106,SKT,TANGER INC,67851,-27796,2.68M,-1.1M,-29.1%,<.01%
041242108,ARKO,ARKO CORP,0,-201039,0,-1.12M,CLOSE,0%
68389X204,ORCLPR,ORACLE CORP,50000,-25000,2.25M,-1.12M,-33.3%,<.01%
03940C100,ACLX,ARCELLX INC,0,-9843,0,-1.13M,CLOSE,0%
29280W109,NRGV,ENERGY VAULT HOLDINGS INC,0,-346020,0,-1.14M,CLOSE,0%
022671101,AMAL,AMALGAMATED FINANCIAL CORP,37982,-25188,1.74M,-1.16M,-39.9%,<.01%
55277P104,MGEE,MGE ENERGY INC,65875,-14195,5.37M,-1.16M,-17.7%,<.01%
G9675P102,WLAC,WILLOW LANE ACQUISITION CORP,0,-108874,0,-1.16M,CLOSE,0%
143905107,CSV,CARRIAGE SVCS INC,0,-25479,0,-1.16M,CLOSE,0%
77313F106,RCKT,ROCKET PHARMACEUTICALS INC,670527,-341599,2.29M,-1.17M,-33.8%,<.01%
75901B107,RGNX,REGENXBIO INC,0,-139791,0,-1.17M,CLOSE,0%
640979100,NMRA,NEUMORA THERAPEUTICS INC.,0,-602403,0,-1.17M,CLOSE,0%
43940T109,HOPE,HOPE BANCORP INC,0,-105262,0,-1.18M,CLOSE,0%
03843E104,AQST,AQUESTIVE THERAPEUTICS INC,0,-283734,0,-1.18M,CLOSE,0%
66611T108,NFBK,NORTHFIELD BANCORP INC DEL,0,-87125,0,-1.18M,CLOSE,0%
29286M105,ENGN,ENGENE HOLDINGS INC,0,-173391,0,-1.18M,CLOSE,0%
021513106,ALTO,ALTO INGREDIENTS INC,127321,-207309,725.73K,-1.18M,-62%,<.01%
82889N855,PFIX,SIMPLIFY EXCHANGE TRADED FUN,5300,-27300,229.81K,-1.18M,-83.7%,<.01%
11276H106,BIPC,BROOKFIELD INFRASTRUCTURE CO,0,-29928,0,-1.18M,CLOSE,0%
84252A106,BCAL,CALIFORNIA BANCORP,0,-68118,0,-1.21M,CLOSE,0%
14575E105,CARS,CARS COM INC,0,-148681,0,-1.21M,CLOSE,0%
464288828,IHF,ISHARES TR,0,-29087,0,-1.22M,CLOSE,0%
566324109,MMI,MARCUS & MILLICHAP INC,0,-45972,0,-1.22M,CLOSE,0%
37253A103,THRM,GENTHERM INC,0,-44066,0,-1.22M,CLOSE,0%
226406106,CRESY,CRESUD S A C I F Y A,0,-96340,0,-1.23M,CLOSE,0%
957090103,WABC,WESTAMERICA BANCORPORATION,0,-23670,0,-1.23M,CLOSE,0%
22410JAB2,CBRL,CRACKER BARREL OLD CTRY STOR,0,-1250000,0,-1.24M,CLOSE,0%
63888U108,NGVC,NATURAL GROCERS BY VITAMIN,29792,-40178,924.15K,-1.25M,-57.4%,<.01%
G9087Q102,TROX,TRONOX HOLDINGS PLC,4646947,-197939,29.28M,-1.25M,-4.1%,0.04%
40416E103,HCI,HCI GROUP INC,12097,-7177,2.12M,-1.26M,-37.2%,<.01%
92189F643,MOAT,VANECK ETF TRUST,21666,-12134,2.25M,-1.26M,-35.9%,<.01%
Y73760400,SHIP,SEANERGY MARITIME HLDGS CORP,78372,-94229,1.05M,-1.27M,-54.6%,<.01%
296315104,ESE,ESCO TECHNOLOGIES INC,0,-4509,0,-1.27M,CLOSE,0%
68621T102,OBK,ORIGIN BANCORP INC,70480,-25038,3.61M,-1.28M,-26.2%,<.01%
G3198U102,ESNT,ESSENT GROUP LTD,155091,-20065,9.97M,-1.29M,-11.5%,0.02%
464288877,EFV,ISHARES TR,0,-17451,0,-1.3M,CLOSE,0%
012348108,AIN,ALBANY INTL CORP,47695,-17482,3.55M,-1.3M,-26.8%,<.01%
N71542109,PRQR,PROQR THRAPEUTICS N V,50652,-705190,94.21K,-1.31M,-93.3%,<.01%
570535104,MKL,MARKEL GROUP INC,7771,-677,15.18M,-1.32M,-8%,0.02%
55318A108,MNTN,MNTN INC,60457,-145163,556.2K,-1.34M,-70.6%,<.01%
30041R108,EVER,EVERQUOTE INC,0,-86761,0,-1.34M,CLOSE,0%
34988V106,FOSL,FOSSIL GROUP INC,0,-311935,0,-1.34M,CLOSE,0%
93148P102,WD,WALKER & DUNLOP INC,0,-30623,0,-1.36M,CLOSE,0%
141788109,CARG,CARGURUS INC,84633,-40008,2.89M,-1.36M,-32.1%,<.01%
014752109,ALX,ALEXANDERS INC,873,-4999,240.56K,-1.38M,-85.1%,<.01%
23128Q101,CURB,CURBLINE PPTYS CORP,289727,-46268,8.81M,-1.41M,-13.8%,0.01%
50187T106,LGIH,LGI HOMES INC,71200,-22233,4.53M,-1.42M,-23.8%,<.01%
68622V106,OGN,ORGANON & CO,0,-238000,0,-1.43M,CLOSE,0%
69121K104,OBDC,BLUE OWL CAPITAL CORPORATION,0,-129103,0,-1.43M,CLOSE,0%
808524847,SCHH,SCHWAB STRATEGIC TR,12603,-60364,298.44K,-1.43M,-82.7%,<.01%
05278C107,ATHM,AUTOHOME INC,0,-82354,0,-1.43M,CLOSE,0%
688239201,OSK,OSHKOSH CORP,114444,-9346,17.56M,-1.43M,-7.5%,0.03%
65336K103,NXST,NEXSTAR MEDIA GROUP INC,145561,-8042,26M,-1.44M,-5.2%,0.04%
G4690M101,IBEX,IBEX LTD,58912,-47411,1.79M,-1.44M,-44.6%,<.01%
482480100,KLAC,KLA CORP,0,-980,0,-1.44M,CLOSE,0%
234264109,DAKT,DAKTRONICS INC,41015,-73831,802.25K,-1.44M,-64.3%,<.01%
058586108,BLDP,BALLARD PWR SYS INC NEW,0,-598814,0,-1.46M,CLOSE,0%
03237H101,AMLX,AMYLYX PHARMACEUTICALS INC,0,-106535,0,-1.48M,CLOSE,0%
31428X106,FDX,FEDEX CORP,375868,-4738,117.7M,-1.48M,-1.2%,0.18%
90240B106,TYRA,TYRA BIOSCIENCES INC,0,-38850,0,-1.49M,CLOSE,0%
002896207,ANF,ABERCROMBIE & FITCH CO,14806,-16615,1.33M,-1.5M,-52.9%,<.01%
65341D102,NXRT,NEXPOINT RESIDENTIAL TR INC,51945,-53747,1.45M,-1.5M,-50.9%,<.01%
M4R82T106,FVRR,FIVERR INTL LTD,73325,-147149,756.71K,-1.52M,-66.7%,<.01%
336901103,SRCE,1ST SOURCE CORP,6540,-18658,533.53K,-1.52M,-74%,<.01%
153527205,CENTA,CENTRAL GARDEN & PET CO,17988,-39391,697.39K,-1.53M,-68.7%,<.01%
32076V103,AG,FIRST MAJESTIC SILVER CORP,792754,-91092,13.44M,-1.54M,-10.3%,0.02%
03475V101,ANGO,ANGIODYNAMICS INC,3062517,-119312,39.84M,-1.55M,-3.7%,0.06%
71601V105,WOOF,PETCO HEALTH & WELLNESS CO I,153317,-571968,417.02K,-1.56M,-78.9%,<.01%
29842P105,EPRX,EUPRAXIA PHARMACEUTICALS INC,730284,-237291,4.83M,-1.57M,-24.5%,<.01%
456237106,ILPT,INDUSTRIAL LOGISTICS PPTYS T,58316,-176951,517.26K,-1.57M,-75.2%,<.01%
04523Y105,ASPN,ASPEN AEROGELS INC,9006,-247608,57.1K,-1.57M,-96.5%,<.01%
46138B103,DBC,INVESCO DB COMMDY INDX TRCK,0,-54825,0,-1.59M,CLOSE,0%
432748101,HTH,HILLTOP HLDGS INC,23414,-41173,908K,-1.6M,-63.7%,<.01%
514952100,LB,LANDBRIDGE COMPANY LLC,5020,-20245,397.79K,-1.6M,-80.1%,<.01%
440327104,HMN,HORACE MANN EDUCATORS CORP N,0,-38407,0,-1.64M,CLOSE,0%
00436Q106,ACEL,ACCEL ENTERTAINMENT INC,143276,-131821,1.81M,-1.66M,-47.9%,<.01%
591520200,MEI,METHODE ELECTRS INC,0,-301501,0,-1.66M,CLOSE,0%
75886F107,REGN,REGENERON PHARMACEUTICALS,0,-2175,0,-1.68M,CLOSE,0%
M81873107,RDWR,RADWARE LTD,0,-63990,0,-1.68M,CLOSE,0%
66765N105,NWN,NORTHWEST NAT HLDG CO,60666,-34387,2.98M,-1.69M,-36.2%,<.01%
02083X103,PINE,ALPINE INCOME PPTY TR INC,27912,-81632,579.45K,-1.69M,-74.5%,<.01%
M25133105,CGNT,COGNYTE SOFTWARE LTD,87891,-193107,771.68K,-1.7M,-68.7%,<.01%
G4701H109,IHS,IHS HOLDING LIMITED,369542,-207942,3.05M,-1.71M,-36%,<.01%
62548M209,CTEV,CLARITEV CORPORATION,39000,-50444,1.33M,-1.72M,-56.4%,<.01%
55087P104,LYFT,LYFT INC,0,-129700,0,-1.73M,CLOSE,0%
431284108,HIW,HIGHWOODS PPTYS INC,0,-81462,0,-1.74M,CLOSE,0%
75585H206,REAX,THE REAL BROKERAGE INC,68948,-968762,125.48K,-1.76M,-93.4%,<.01%
719405102,PLAB,PHOTRONICS INC,0,-43673,0,-1.76M,CLOSE,0%
76009N100,UPBD,UPBOUND GROUP INC,90403,-83179,1.92M,-1.77M,-47.9%,<.01%
Y0207T100,ASC,ARDMORE SHIPPING CORP,184678,-126081,2.59M,-1.77M,-40.6%,<.01%
257554105,DOMO,DOMO INC,0,-577636,0,-1.77M,CLOSE,0%
071705107,BLCO,BAUSCH PLUS LOMB CORP,175819,-107319,2.91M,-1.78M,-37.9%,<.01%
68213N109,OMCL,OMNICELL COM,143206,-42889,5.95M,-1.78M,-23%,<.01%
983134107,WYNN,WYNN RESORTS LTD,10000,-18368,970.9K,-1.78M,-64.7%,<.01%
147448104,CWST,CASELLA WASTE SYS INC,445541,-18408,43.2M,-1.79M,-4%,0.07%
928254101,VIRT,VIRTU FINL INC,0,-40709,0,-1.79M,CLOSE,0%
98585N106,YEXT,YEXT INC,0,-466257,0,-1.79M,CLOSE,0%
53229C107,LSPD,LIGHTSPEED COMMERCE INC,144680,-171381,1.52M,-1.8M,-54.2%,<.01%
059520106,BCH,BANCO DE CHILE,0,-48578,0,-1.8M,CLOSE,0%
92189F676,SMH,VANECK ETF TRUST,1750,-2748,1.15M,-1.8M,-61.1%,<.01%
46438F101,IBIT,ISHARES BITCOIN TRUST ETF,0,-47000,0,-1.81M,CLOSE,0%
G5784H106,MANU,MANCHESTER UTD PLC NEW,0,-107400,0,-1.81M,CLOSE,0%
G2662B103,CRML,CRITICAL METALS CORP,0,-227986,0,-1.81M,CLOSE,0%
05329W102,AN,AUTONATION INC,0,-9285,0,-1.81M,CLOSE,0%
92556W104,VIA,VIA TRANSN INC,0,-121165,0,-1.82M,CLOSE,0%
91823B109,UWMC,UWM HOLDINGS CORPORATION,0,-504665,0,-1.83M,CLOSE,0%
35086T109,FCPT,FOUR CORNERS PPTY TR INC,0,-78433,0,-1.85M,CLOSE,0%
91688R108,URG,UR-ENERGY INC,0,-1248372,0,-1.86M,CLOSE,0%
05637B105,BLZE,BACKBLAZE INC,0,-540594,0,-1.87M,CLOSE,0%
36315X101,LKFT,LAKEFRONT BIOTHERAPEUTICS NV,269814,-62311,8.09M,-1.87M,-18.8%,0.01%
42806J700,HTZ,HERTZ GLOBAL HLDGS INC,321027,-830689,727.13K,-1.88M,-72.1%,<.01%
74965L101,RLJ,RLJ LODGING TR,0,-257407,0,-1.91M,CLOSE,0%
08862EAD1,BYND,BEYOND MEAT INC,17155868,-3034132,10.84M,-1.92M,-15%,0.02%
501976104,KYTX,KYVERNA THERAPEUTICS INC,0,-222929,0,-1.92M,CLOSE,0%
40090E106,CIB,GRUPO CIBEST SA,0,-26528,0,-1.93M,CLOSE,0%
221006109,CRVL,CORVEL CORP,66189,-30960,4.14M,-1.94M,-31.9%,<.01%
29258Y103,EXK,ENDEAVOUR SILVER CORP,0,-209667,0,-1.95M,CLOSE,0%
38500T200,GTE,GRAN TIERRA ENERGY INC,60118,-314269,375.13K,-1.96M,-83.9%,<.01%
285512109,EA,ELECTRONIC ARTS INC,52492,-9591,10.76M,-1.97M,-15.4%,0.02%
624758108,MWA,MUELLER WTR PRODS INC,0,-71739,0,-1.97M,CLOSE,0%
861025104,SYBT,STOCK YDS BANCORP INC,0,-29994,0,-1.99M,CLOSE,0%
149150104,CATY,CATHAY GEN BANCORP,0,-39904,0,-1.99M,CLOSE,0%
06652V208,BANR,BANNER CORP,21854,-29986,1.45M,-1.99M,-57.8%,<.01%
500472303,PHG,KONINKLIJKE PHILIPS N V,87026,-73281,2.37M,-1.99M,-45.7%,<.01%
641288105,NPCE,NEUROPACE INC,0,-152025,0,-2M,CLOSE,0%
G38327105,GPRK,GEOPARK LTD,235385,-219723,2.14M,-2M,-48.3%,<.01%
654484609,NB,NIOCORP DEVS LTD,90065,-415770,434.11K,-2M,-82.2%,<.01%
05464T104,AXSM,AXSOME THERAPEUTICS INC.,416516,-8234,101.95M,-2.02M,-1.9%,0.16%
094235108,BLMN,BLOOMIN BRANDS INC,364309,-221117,3.33M,-2.02M,-37.8%,<.01%
57686G105,MATX,MATSON INC,0,-12387,0,-2.03M,CLOSE,0%
877619106,TSHA,TAYSHA GENE THERAPIES INC,0,-461856,0,-2.06M,CLOSE,0%
86722A103,SXC,SUNCOKE ENERGY INC,514410,-258113,4.14M,-2.08M,-33.4%,<.01%
192446102,CTSH,COGNIZANT TECHNOLOGY SOLUTIO,0,-33900,0,-2.08M,CLOSE,0%
549498202,LCID,LUCID GROUP INC,0,-220503,0,-2.1M,CLOSE,0%
860372101,STC,STEWART INFORMATION SVCS COR,0,-34186,0,-2.11M,CLOSE,0%
38071H106,GROY,GOLD ROYALTY CORP,0,-589155,0,-2.11M,CLOSE,0%
207410101,CNMD,CONMED CORP,69585,-64529,2.28M,-2.11M,-48.1%,<.01%
878972108,TECX,TECTONIC THERAPEUTIC INC,0,-68598,0,-2.12M,CLOSE,0%
M9T951109,ZIM,ZIM INTEGRATED SHIPPING SERV,0,-80500,0,-2.12M,CLOSE,0%
G27907107,DOLE,DOLE PLC,104521,-154873,1.43M,-2.12M,-59.7%,<.01%
74340E103,PGNY,PROGYNY INC,0,-126290,0,-2.14M,CLOSE,0%
61774A103,MSDL,MORGAN STANLEY DIRECT LENDIN,0,-154421,0,-2.16M,CLOSE,0%
042068205,ARM,ARM HOLDINGS PLC,0,-14262,0,-2.16M,CLOSE,0%
008064206,JBIO,JADE BIOSCIENCES INC,167204,-97111,3.72M,-2.16M,-36.7%,<.01%
55305B101,MHO,M/I HOMES INC,0,-17664,0,-2.16M,CLOSE,0%
008073AA6,AVAV,AEROVIRONMENT INC,0,-2200000,0,-2.16M,CLOSE,0%
12621E103,CNO,CNO FINL GROUP INC,57555,-42471,2.93M,-2.17M,-42.5%,<.01%
92204A504,VHT,VANGUARD WORLD FD,0,-7967,0,-2.17M,CLOSE,0%
Y64177101,ECO,OKEANIS ECO TANKERS COR,87559,-43586,4.39M,-2.18M,-33.2%,<.01%
G00894108,ARX,ACCELERANT HOLDINGS,0,-166692,0,-2.23M,CLOSE,0%
615369105,MCO,MOODYS CORP,18880,-4920,8.55M,-2.23M,-20.7%,0.01%
448947507,IDT,IDT CORP,71130,-38666,4.14M,-2.25M,-35.2%,<.01%
218352102,CORT,CORCEPT THERAPEUTICS INC,0,-56181,0,-2.26M,CLOSE,0%
46121Y201,IPI,INTREPID POTASH INC,0,-52953,0,-2.26M,CLOSE,0%
00214Q203,ARKQ,ARK ETF TR,0,-20233,0,-2.28M,CLOSE,0%
761624105,REX,REX AMERICAN RES CORP,0,-50300,0,-2.29M,CLOSE,0%
74365U107,TARA,PROTARA THERAPEUTICS INC,548932,-603782,2.1M,-2.31M,-52.4%,<.01%
04650F101,ATAI,ATAIBECKLEY INC,0,-664724,0,-2.35M,CLOSE,0%
21873S108,CRWV,COREWEAVE INC,3000,-23770,298.62K,-2.37M,-88.8%,<.01%
655844108,NSC,NORFOLK SOUTHN CORP,0,-8254,0,-2.37M,CLOSE,0%
681936100,OHI,OMEGA HEALTHCARE INVS INC,0,-54220,0,-2.38M,CLOSE,0%
471024109,JAN,JANUS LIVING INC,0,-101419,0,-2.39M,CLOSE,0%
464286509,EWC,ISHARES INC,14929,-41484,860.51K,-2.39M,-73.5%,<.01%
105368203,BDN,BRANDYWINE RLTY TR,596291,-754695,1.89M,-2.39M,-55.9%,<.01%
881624209,TEVA,TEVA PHARMACEUTICAL INDS LTD,1059778,-70729,35.91M,-2.4M,-6.3%,0.05%
52736R102,LEVI,LEVI STRAUSS & CO NEW,198700,-96931,4.93M,-2.41M,-32.8%,<.01%
15673T100,IPSC,CENTURY THERAPEUTICS INC,4980526,-984152,12.2M,-2.41M,-16.5%,0.02%
45778Q107,NSP,INSPERITY INC,0,-89325,0,-2.42M,CLOSE,0%
G65163100,JOBY,JOBY AVIATION INC,0,-298700,0,-2.47M,CLOSE,0%
502160104,LXU,LSB INDS INC,316954,-232372,3.43M,-2.51M,-42.3%,<.01%
46429B606,EPOL,ISHARES TR,0,-69201,0,-2.52M,CLOSE,0%
805111101,SVRA,SAVARA INC,0,-463002,0,-2.53M,CLOSE,0%
05961W105,BMA,BANCO MACRO S A,0,-32724,0,-2.53M,CLOSE,0%
G68707101,PAGS,PAGSEGURO DIGITAL LTD,6849910,-280661,61.99M,-2.54M,-3.9%,0.09%
97717PAD6,PHPT,WISDOMTREE INC,0,-1927000,0,-2.54M,CLOSE,0%
73757R102,PSTL,POSTAL REALTY TRUST INC,120110,-104138,2.96M,-2.57M,-46.4%,<.01%
452327109,ILMN,ILLUMINA INC,39000,-14700,6.86M,-2.58M,-27.4%,0.01%
L67359106,NEXA,NEXA RES S A,152677,-212226,1.87M,-2.6M,-58.2%,<.01%
252784301,DRH,DIAMONDROCK HOSPITALITY CO,0,-281796,0,-2.64M,CLOSE,0%
91532F102,UMAC,UNUSUAL MACHS INC,0,-213093,0,-2.64M,CLOSE,0%
441593100,HLI,HOULIHAN LOKEY INC,0,-18421,0,-2.65M,CLOSE,0%
505336107,LZB,LA Z BOY INC,0,-82850,0,-2.66M,CLOSE,0%
26740W109,QBTS,D-WAVE QUANTUM INC,0,-186262,0,-2.69M,CLOSE,0%
477143101,JBLU,JETBLUE AIRWAYS CORP,0,-608649,0,-2.69M,CLOSE,0%
565394103,CART,MAPLEBEAR INC,858765,-57727,40.66M,-2.73M,-6.3%,0.06%
034164103,ANDE,ANDERSONS INC,58375,-40049,3.99M,-2.74M,-40.7%,<.01%
053807103,AVT,AVNET INC,29590,-30941,2.63M,-2.75M,-51.1%,<.01%
903002103,UMH,UMH PPTYS INC,0,-191252,0,-2.76M,CLOSE,0%
09228F103,BB,BLACKBERRY LTD,0,-857089,0,-2.78M,CLOSE,0%
477143AR2,JBLU,JETBLUE AIRWAYS CORP,26000000,-2500000,28.92M,-2.78M,-8.8%,0.04%
517125100,LRMR,LARIMAR THERAPEUTICS INC,134806,-912579,411.16K,-2.78M,-87.1%,<.01%
03969F109,RCUS,ARCUS BIOSCIENCES INC,0,-129273,0,-2.79M,CLOSE,0%
03589W102,ANNX,ANNEXON INC,1382699,-489096,7.9M,-2.79M,-26.1%,0.01%
023586506,UHALB,U HAUL HOLDING COMPANY,0,-62630,0,-2.8M,CLOSE,0%
G0772R208,NTB,BANK OF N T BUTTERFIELD & SO,53606,-47065,3.19M,-2.8M,-46.8%,<.01%
378973507,GSAT,GLOBALSTAR INC,0,-42230,0,-2.8M,CLOSE,0%
15234Q207,AXIA,CENTRAIS ELET BRAS SA,0,-248689,0,-2.81M,CLOSE,0%
300426103,ECG,EVERUS CONSTR GROUP,0,-23776,0,-2.81M,CLOSE,0%
31154R109,FPI,FARMLAND PARTNERS INC,0,-251262,0,-2.82M,CLOSE,0%
74276R102,PRVA,PRIVIA HEALTH GROUP INC,0,-137611,0,-2.83M,CLOSE,0%
80517M109,SVV,SAVERS VALUE VLG INC,0,-380682,0,-2.83M,CLOSE,0%
17133Q502,CHT,CHUNGHWA TELECOM CO LTD,0,-67581,0,-2.85M,CLOSE,0%
64119N608,NTSK,NETSKOPE INC,0,-336530,0,-2.86M,CLOSE,0%
G6331P104,AOSL,ALPHA & OMEGA SEMICONDUCTOR,0,-129287,0,-2.87M,CLOSE,0%
589400100,MCY,MERCURY GENL CORP NEW,0,-32590,0,-2.87M,CLOSE,0%
095306106,BLBD,BLUE BIRD CORP,0,-50833,0,-2.89M,CLOSE,0%
81369Y860,XLRE,SELECT SECTOR SPDR TR,0,-70759,0,-2.89M,CLOSE,0%
G98239109,XP,XP INC,453987,-178759,7.38M,-2.91M,-28.3%,0.01%
37247D106,GNW,GENWORTH FINL INC,528501,-308345,5M,-2.92M,-36.8%,<.01%
08975B109,BBAI,BIGBEAR AI HLDGS INC,0,-830264,0,-2.92M,CLOSE,0%
205887102,CAG,CONAGRA BRANDS INC,0,-187444,0,-2.95M,CLOSE,0%
921943858,VEA,VANGUARD TAX-MANAGED FDS,0,-46085,0,-2.95M,CLOSE,0%
15643U104,LEU,CENTRUS ENERGY CORP,0,-17302,0,-3M,CLOSE,0%
G02602103,DOX,AMDOCS LTD,0,-46126,0,-3.01M,CLOSE,0%
320817109,FRME,FIRST MERCHANTS CORP,35203,-69382,1.54M,-3.03M,-66.3%,<.01%
45780L104,INGN,INOGEN INC,171342,-471024,1.11M,-3.04M,-73.3%,<.01%
84472E102,SSB,SOUTHSTATE BK CORP,0,-32877,0,-3.04M,CLOSE,0%
56400P706,MNKD,MANNKIND CORP,0,-1249177,0,-3.06M,CLOSE,0%
032724106,ANAB,ANAPTYSBIO INC,0,-55303,0,-3.07M,CLOSE,0%
038923108,ABR,ARBOR REALTY TRUST INC,0,-398195,0,-3.07M,CLOSE,0%
04035M102,ARHS,ARHAUS INC,484772,-366303,4.08M,-3.08M,-43%,<.01%
90353T100,UBER,UBER TECHNOLOGIES INC,61026,-42824,4.4M,-3.09M,-41.2%,<.01%
177835105,CHCO,CITY HLDG CO,7778,-23324,1.03M,-3.09M,-75%,<.01%
459506101,IFF,INTERNATIONAL FLAVORS&FRAGRA,0,-42678,0,-3.1M,CLOSE,0%
80401C100,SATL,SATELLOGIC INC,246653,-545879,1.41M,-3.12M,-68.9%,<.01%
86562M209,SMFG,SUMITOMO MITSUI FIN GRP INC,0,-159100,0,-3.14M,CLOSE,0%
155923105,CTRI,CENTURI HOLDINGS INC,0,-107745,0,-3.15M,CLOSE,0%
25862V105,DV,DOUBLEVERIFY HLDGS INC,152349,-290940,1.65M,-3.15M,-65.6%,<.01%
83418M103,SEI,SOLARIS ENERGY INFRAS INC,289247,-39213,23.27M,-3.16M,-11.9%,0.04%
483007704,KALU,KAISER ALUMINIUM CORPORATION,0,-26194,0,-3.16M,CLOSE,0%
297178105,ESS,ESSEX PPTY TR INC,0,-13192,0,-3.19M,CLOSE,0%
69318J100,CNXN,PC CONNECTION INC,0,-54989,0,-3.21M,CLOSE,0%
358054104,FRSH,FRESHWORKS INC,1868877,-318603,18.91M,-3.22M,-14.6%,0.03%
00217D100,ASTS,AST SPACEMOBILE INC,0,-39000,0,-3.23M,CLOSE,0%
200525103,CBSH,COMMERCE BANCSHARES INC,556267,-56363,32.12M,-3.25M,-9.2%,0.05%
37954Y855,LIT,GLOBAL X FDS,495,-41900,38.75K,-3.28M,-98.8%,<.01%
293594107,ENVX,ENOVIX CORPORATION,155490,-541223,943.82K,-3.29M,-77.7%,<.01%
911312106,UPS,UNITED PARCEL SVCS INC,0,-33422,0,-3.29M,CLOSE,0%
47215P106,JD,JD.COM INC,2583375,-129228,65.82M,-3.29M,-4.8%,0.1%
34354P105,FLS,FLOWSERVE CORP,0,-44817,0,-3.29M,CLOSE,0%
950915108,WRD,WERIDE INC,1302628,-569989,7.58M,-3.32M,-30.4%,0.01%
037598109,APOG,APOGEE ENTERPRISES INC,74194,-72560,3.39M,-3.32M,-49.4%,<.01%
34965K107,FTRE,FORTREA HLDGS INC,0,-352372,0,-3.32M,CLOSE,0%
91733P107,USAR,USA RARE EARTH INC,0,-220706,0,-3.34M,CLOSE,0%
29357K103,ENVA,ENOVA INTL INC,0,-24603,0,-3.34M,CLOSE,0%
23918K108,DVA,DAVITA INC,0,-21896,0,-3.37M,CLOSE,0%
25520W107,DEC,DIVERSIFIED ENERGY CO,106198,-243937,1.47M,-3.38M,-69.7%,<.01%
53635B107,LQDT,LIQUIDITY SVCS INC,6412,-86947,250.84K,-3.4M,-93.1%,<.01%
318672706,FBP,FIRST BANCORP CORPORATION,202502,-130572,5.28M,-3.4M,-39.2%,<.01%
49435R102,KRP,KIMBELL RTY PARTNERS LP,238620,-234296,3.47M,-3.4M,-49.5%,<.01%
49926D109,KN,KNOWLES CORP,0,-133019,0,-3.42M,CLOSE,0%
44975P103,NBP,NOVABRIDGE BIOSCIENCES,0,-1389403,0,-3.42M,CLOSE,0%
63001N106,NATL,NCR ATLEOS CORPORATION,0,-78699,0,-3.43M,CLOSE,0%
023111404,AMRN,AMARIN CORP PLC,0,-240761,0,-3.48M,CLOSE,0%
47233W109,JEF,JEFFERIES FINANCIAL GROUP IN,138528,-69973,6.92M,-3.5M,-33.6%,0.01%
04010L103,ARCC,ARES CAPITAL CORP,0,-194124,0,-3.5M,CLOSE,0%
65342K105,NEXT,NEXTDECADE CORP,0,-456828,0,-3.5M,CLOSE,0%
00187Y100,APG,API GROUP CORP,478285,-82742,20.26M,-3.5M,-14.7%,0.03%
667746101,NWPX,NWPX INFRASTRUCTURE INC,8141,-23382,1.22M,-3.51M,-74.2%,<.01%
75955J402,RLMD,RELMADA THERAPEUTICS INC,0,-504820,0,-3.51M,CLOSE,0%
940923105,WBI,WATERBRIDGE INFRASTRUCTURE L,0,-131289,0,-3.52M,CLOSE,0%
459044103,IBOC,INTERNATIONAL BANCSHARES COR,43865,-46321,3.33M,-3.52M,-51.4%,<.01%
H5012F103,LAR,LITHIUM ARGENTINA AG,269516,-426657,2.23M,-3.53M,-61.3%,<.01%
51817R205,LTM,LATAM AIRLINES GROUP SA,0,-71466,0,-3.53M,CLOSE,0%
398905109,GPI,GROUP 1 AUTOMOTIVE INC,30238,-12137,8.8M,-3.53M,-28.6%,0.01%
879433829,TDS,TELEPHONE & DATA SYS INC,490915,-95570,18.17M,-3.54M,-16.3%,0.03%
35905A109,FTDR,FRONTDOOR INC,0,-67136,0,-3.55M,CLOSE,0%
45258D105,IMCR,IMMUNOCORE HLDGS PLC,990280,-111991,31.44M,-3.56M,-10.2%,0.05%
92937A102,WPP,WPP PLC NEW,29604,-229818,458.57K,-3.56M,-88.6%,<.01%
925283103,VSNT,VERSANT MEDIA GROUP INC,82870,-99233,2.98M,-3.57M,-54.5%,<.01%
293712105,EFSC,ENTERPRISE FINL SVCS CORP,0,-66270,0,-3.59M,CLOSE,0%
629209305,NMIH,NMI HLDGS INC,138645,-88176,5.7M,-3.62M,-38.9%,<.01%
707569109,PENN,PENN ENTERTAINMENT INC,0,-242880,0,-3.65M,CLOSE,0%
004225108,ACAD,ACADIA PHARMACEUTICALS INC,2433168,-144748,61.56M,-3.66M,-5.6%,0.09%
G87110105,FTI,TECHNIPFMC PLC,0,-53070,0,-3.67M,CLOSE,0%
929236107,WDFC,WD 40 CO,0,-18005,0,-3.67M,CLOSE,0%
668074305,NWE,NORTHWESTERN ENERGY GROUP IN,0,-56784,0,-3.74M,CLOSE,0%
67103H107,ORLY,OREILLY AUTOMOTIVE INC,2102496,-40801,193.62M,-3.76M,-1.9%,0.3%
88162F105,TTI,TETRA TECHNOLOGIES INC DEL,0,-442497,0,-3.77M,CLOSE,0%
830940102,SKWD,SKYWARD SPECIALTY INS GROUP,222057,-64887,12.96M,-3.79M,-22.6%,0.02%
88706T108,TIMB,TIM S A,201291,-176914,4.31M,-3.79M,-46.8%,<.01%
89346D107,TAC,TRANSALTA CORP,427537,-275913,5.91M,-3.81M,-39.2%,<.01%
46131B704,IVR,INVESCO MORTGAGE CAPITAL INC,0,-472427,0,-3.82M,CLOSE,0%
56035L104,MAIN,MAIN STR CAP CORP,0,-72144,0,-3.82M,CLOSE,0%
829401108,SION,SIONNA THERAPEUTICS INC,49328,-87221,2.17M,-3.84M,-63.9%,<.01%
29445S100,EQPT,EQUIPMENTSHARE COM INC,0,-188585,0,-3.84M,CLOSE,0%
651718504,NPKI,NPK INTERNATIONAL INC,60425,-243758,961.36K,-3.88M,-80.1%,<.01%
G72800108,PRTA,PROTHENA CORP PLC,0,-399830,0,-3.89M,CLOSE,0%
630402105,NSSC,NAPCO SEC TECHNOLOGIES INC,379686,-102586,14.42M,-3.9M,-21.3%,0.02%
Y2106R110,LPG,DORIAN LPG LTD,68144,-112110,2.37M,-3.9M,-62.2%,<.01%
G21082105,CYD,CHINA YUCHAI INTL LTD,0,-101641,0,-3.91M,CLOSE,0%
65158N102,NMRK,NEWMARK GROUP INC,91069,-259013,1.38M,-3.91M,-74%,<.01%
87936R205,VIV,TELEFONICA BRASIL SA,126575,-298128,1.67M,-3.92M,-70.2%,<.01%
L1995B107,CAAP,CORPORACION AMER ARPTS S A,41796,-158094,1.05M,-3.98M,-79.1%,<.01%
45688C107,NGVT,INGEVITY CORP,14842,-53384,1.11M,-3.99M,-78.2%,<.01%
380237107,GDDY,GODADDY INC,0,-48256,0,-3.99M,CLOSE,0%
00288U106,ABCL,ABCELLERA BIOLOGICS INC,0,-1149325,0,-4.01M,CLOSE,0%
71385M107,PRM,PERIMETER SOLUTIONS INC,0,-165717,0,-4.05M,CLOSE,0%
61559X104,MLTX,MOONLAKE IMMUNOTHERAPEUTICS,1158732,-209786,22.56M,-4.08M,-15.3%,0.03%
29269R105,EFXT,ENERFLEX LTD,293927,-167332,7.2M,-4.1M,-36.3%,0.01%
86959K105,SUZ,SUZANO S A,0,-409862,0,-4.1M,CLOSE,0%
62855J104,MYGN,MYRIAD GENETICS INC,238776,-719125,1.36M,-4.11M,-75.1%,<.01%
00827B106,AFRM,AFFIRM HLDGS INC,0,-89686,0,-4.11M,CLOSE,0%
69331C306,PCGPRX,PG&E CORP,0,-96013,0,-4.14M,CLOSE,0%
092244102,BRCB,BLACK ROCK COFFEE BAR INC,252476,-503231,2.09M,-4.17M,-66.6%,<.01%
313855108,FSS,FEDERAL SIGNAL CORP,0,-38856,0,-4.2M,CLOSE,0%
088929104,BGC,BGC GROUP INC,0,-430676,0,-4.21M,CLOSE,0%
025932104,AFG,AMERICAN FINANCIAL GROUP INC,0,-33034,0,-4.22M,CLOSE,0%
08659B102,BBNX,BETA BIONICS INC,2254683,-270357,35.33M,-4.24M,-10.7%,0.05%
647581206,EDU,NEW ORIENTAL ED & TECHNOLOGY,694983,-92837,31.91M,-4.26M,-11.8%,0.05%
472145AH4,JAZZ,JAZZ INVESTMENTS I LTD,1500000,-2500000,2.56M,-4.26M,-62.5%,<.01%
48251K100,KREF,KKR REAL ESTATE FIN TR INC,0,-699224,0,-4.28M,CLOSE,0%
668771108,GEN,GEN DIGITAL INC,89883,-172682,2.24M,-4.3M,-65.8%,<.01%
47775AAA9,,JOBY AVIATION INC,0,-5000000,0,-4.3M,CLOSE,0%
609027107,MCRI,MONARCH CASINO & RESORT INC,9219,-33129,1.21M,-4.36M,-78.2%,<.01%
045487105,ASB,ASSOCIATED BANC-CORP,836455,-142381,25.74M,-4.38M,-14.5%,0.04%
65341B106,XIFR,XPLR INFRASTRUCTURE LP,534428,-381742,6.31M,-4.51M,-41.7%,<.01%
M7S64L123,PGY,PAGAYA TECHNOLOGIES LTD,304788,-247216,5.56M,-4.51M,-44.8%,<.01%
02156K103,OPTU,OPTIMUM COMMUNICATIONS INC,2144488,-3123020,3.11M,-4.53M,-59.3%,<.01%
888787108,TOST,TOAST INC,0,-172900,0,-4.58M,CLOSE,0%
29664W105,ESPR,ESPERION THERAPEUTICS INC NE,0,-1689372,0,-4.63M,CLOSE,0%
H1467J104,CB,CHUBB LIMITED,18756,-13700,6.39M,-4.67M,-42.2%,<.01%
52466B103,LZ,LEGALZOOM COM INC,0,-828937,0,-4.7M,CLOSE,0%
28176E108,EW,EDWARDS LIFESCIENCES CORP,1774120,-52417,160.49M,-4.74M,-2.9%,0.25%
302301106,EZPW,EZCORP INC,0,-186857,0,-4.74M,CLOSE,0%
053604104,AVPT,AVEPOINT INC,272314,-424611,3.05M,-4.76M,-60.9%,<.01%
G8726X106,TNK,TEEKAY TANKERS LTD,100763,-73521,6.54M,-4.77M,-42.2%,<.01%
G42706104,HG,HAMILTON INSURANCE GROUP LTD,54754,-140709,1.86M,-4.78M,-72%,<.01%
02913V103,APEI,AMERICAN PUB ED INC,0,-84637,0,-4.81M,CLOSE,0%
57142B104,MQ,MARQETA INC,964280,-1186211,3.91M,-4.82M,-55.2%,<.01%
15687V109,CERT,CERTARA INC,382532,-736435,2.51M,-4.82M,-65.8%,<.01%
68902V107,OTIS,OTIS WORLDWIDE CORP,0,-62710,0,-4.83M,CLOSE,0%
594972AN1,MSTR,STRATEGY INC,11500000,-5000000,11.15M,-4.85M,-30.3%,0.02%
759916AD1,RGEN,REPLIGEN CORP,0,-5000000,0,-4.88M,CLOSE,0%
56501R106,MFC,MANULIFE FINL CORP,110009,-123609,4.45M,-5.01M,-52.9%,<.01%
Y27183600,GSL,GLOBAL SHIP LEASE INC,29744,-133822,1.12M,-5.03M,-81.8%,<.01%
015271109,ARE,ALEXANDRIA REAL ESTATE EQ IN,0,-108480,0,-5.04M,CLOSE,0%
00773T101,ASIX,ADVANSIX INC,0,-206889,0,-5.05M,CLOSE,0%
75134P600,METC,RAMACO RES INC,318660,-382482,4.22M,-5.06M,-54.6%,<.01%
69553P100,PD,PAGERDUTY INC,123781,-530060,1.19M,-5.12M,-81.1%,<.01%
902788108,UMBF,UMB FINL CORP,0,-45497,0,-5.13M,CLOSE,0%
25960R105,PLOW,DOUGLAS DYNAMICS INC,7355,-95399,396.8K,-5.15M,-92.8%,<.01%
25056L103,DSGN,DESIGN THERAPEUTICS INC,2366453,-356301,34.24M,-5.16M,-13.1%,0.05%
G9TY5A101,ZURA,ZURA BIO LTD,0,-872662,0,-5.19M,CLOSE,0%
359616109,FULC,FULCRUM THERAPEUTICS INC,651427,-1423428,2.38M,-5.21M,-68.6%,<.01%
05379B107,AVA,AVISTA CORP,82508,-127749,3.38M,-5.23M,-60.8%,<.01%
00181T107,GOLD,GOLD COM INC,0,-132151,0,-5.3M,CLOSE,0%
929089100,VOYA,VOYA FINANCIAL INC,251580,-58624,22.78M,-5.31M,-18.9%,0.03%
413216300,HMY,HARMONY GOLD MNG LTD,0,-346923,0,-5.33M,CLOSE,0%
G85158106,STNE,STONECO LTD,4738447,-493921,51.36M,-5.35M,-9.4%,0.08%
556269108,SHOO,MADDEN STEVEN LTD,64938,-128275,2.73M,-5.4M,-66.4%,<.01%
24665A103,DK,DELEK US HLDGS INC NEW,0,-120105,0,-5.41M,CLOSE,0%
436440101,HOLX,HOLOGIC INC,0,-71776,0,-5.43M,CLOSE,0%
871332102,SLVM,SYLVAMO CORP,99900,-144186,3.78M,-5.45M,-59.1%,<.01%
458334109,IPAR,INTERPARFUMS INC,18070,-49523,2.02M,-5.54M,-73.3%,<.01%
33767E202,FSV,FIRSTSERVICE CORP NEW,0,-40138,0,-5.58M,CLOSE,0%
76171L106,REYN,REYNOLDS CONSUMER PRODS INC,0,-263774,0,-5.59M,CLOSE,0%
85254J102,STAG,STAG INDUSTRIAL INC,0,-156254,0,-5.63M,CLOSE,0%
G4474Y214,JHG,JANUS HENDERSON GROUP PLC,27844,-108879,1.45M,-5.66M,-79.6%,<.01%
876511106,TGB,TASEKO MINES LTD,0,-879610,0,-5.67M,CLOSE,0%
12662P108,CVI,CVR ENERGY INC,267071,-207730,7.36M,-5.72M,-43.8%,0.01%
67059N108,NTNX,NUTANIX INC,0,-151251,0,-5.75M,CLOSE,0%
26817Q886,DX,DYNEX CAP INC,447281,-439765,5.86M,-5.77M,-49.6%,<.01%
46269C102,IRDM,IRIDIUM COMMUNICATIONS INC,1433,-105400,78.6K,-5.78M,-98.7%,<.01%
985817105,YELP,YELP INC,202912,-237345,4.98M,-5.82M,-53.9%,<.01%
91325VAB4,AVB,UNITI GROUP LLC,0,-5000000,0,-5.83M,CLOSE,0%
F21107101,CSTM,CONSTELLIUM SE,821701,-183502,26.19M,-5.85M,-18.3%,0.04%
37959E102,GL,GLOBE LIFE INC,0,-42063,0,-5.85M,CLOSE,0%
26884U109,EPR,EPR PPTYS,0,-118688,0,-5.93M,CLOSE,0%
G4740B105,ICHR,ICHOR HOLDINGS,37275,-52986,4.19M,-5.95M,-58.7%,<.01%
03969K108,ARQT,ARCUTIS BIOTHERAPEUTICS INC,362449,-228428,9.5M,-5.99M,-38.7%,0.01%
585464100,MLCO,MELCO RESORTS AND ENTMNT LTD,568426,-1140312,3M,-6.01M,-66.7%,<.01%
464287440,IEF,ISHARES TR,0,-63505,0,-6.06M,CLOSE,0%
71654V101,PBRA,PETROLEO BRASILEIRO S A,208044,-415675,3.05M,-6.09M,-66.6%,<.01%
11120U105,BRX,BRIXMOR PPTY GROUP INC,316451,-194215,9.98M,-6.12M,-38%,0.02%
74736L109,QTWO,Q2 HLDGS INC,0,-130200,0,-6.16M,CLOSE,0%
31847R102,FAF,FIRST AMERN FINL CORP,0,-102707,0,-6.19M,CLOSE,0%
05946K101,BBVA,BANCO BILBAO VIZCAYA ARGENTA,36590,-250143,916.95K,-6.27M,-87.2%,<.01%
87612G101,TRGP,TARGA RES CORP,406253,-23398,108.93M,-6.27M,-5.4%,0.17%
502175102,LTC,LTC PPTYS INC,0,-169246,0,-6.29M,CLOSE,0%
04272N102,AVBP,ARRIVENT BIOPHARMA INC,566796,-181399,19.69M,-6.3M,-24.2%,0.03%
68571X301,ORC,ORCHID IS CAP INC,0,-901850,0,-6.34M,CLOSE,0%
512807306,LRCX,LAM RESEARCH CORP,0,-29913,0,-6.39M,CLOSE,0%
G0260P102,AS,AMER SPORTS INC,9722736,-190615,329.02M,-6.45M,-1.9%,0.5%
433313103,HNGE,HINGE HEALTH INC,269106,-78102,22.34M,-6.48M,-22.5%,0.03%
H50430232,LOGI,LOGITECH INTL S A,78600,-69000,7.39M,-6.49M,-46.7%,0.01%
83570H108,SONO,SONOS INC,0,-489693,0,-6.56M,CLOSE,0%
06738E204,BCS,BARCLAYS PLC,0,-310354,0,-6.57M,CLOSE,0%
04271T100,ARRY,ARRAY TECHNOLOGIES INC,0,-912850,0,-6.6M,CLOSE,0%
464287234,EEM,ISHARES TR,10000,-98039,684.1K,-6.71M,-90.7%,<.01%
00214Q104,ARKK,ARK ETF TR,0,-99798,0,-6.75M,CLOSE,0%
T9224W109,STVN,STEVANATO GROUP S P A,0,-491408,0,-6.76M,CLOSE,0%
437076102,HD,HOME DEPOT INC,1101813,-19172,388.59M,-6.76M,-1.7%,0.59%
68170A108,OMDA,OMADA HEALTH INC,597997,-308210,13.13M,-6.77M,-34%,0.02%
81369Y209,XLV,SELECT SECTOR SPDR TR,128822,-42653,20.44M,-6.77M,-24.9%,0.03%
G3643J108,FLUT,FLUTTER ENTMT PLC,0,-67007,0,-6.83M,CLOSE,0%
14154A102,CDNL,CARDINAL INFRASTRUCTURE GROU,68996,-72774,6.5M,-6.86M,-51.3%,<.01%
464288760,ITA,ISHARES TR,0,-31398,0,-6.87M,CLOSE,0%
98945L204,ZEPP,ZEPP HEALTH CORPORATION,0,-577676,0,-6.9M,CLOSE,0%
810186106,SMG,SCOTTS MIRACLE-GRO CO,0,-114973,0,-6.99M,CLOSE,0%
45781V101,IIPR,INNOVATIVE INDL PPTYS INC,351544,-113363,21.79M,-7.03M,-24.4%,0.03%
636274409,NGG,NATIONAL GRID PLC,108332,-85729,8.98M,-7.1M,-44.2%,0.01%
B38564108,CMBT,CMB.TECH NV,573199,-511541,8.02M,-7.16M,-47.2%,0.01%
743312100,PRGS,PROGRESS SOFTWARE CORP,113291,-214485,3.8M,-7.2M,-65.4%,<.01%
925815102,VICR,VICOR CORP,10000,-19067,3.8M,-7.24M,-65.6%,<.01%
53228F101,LFST,LIFESTANCE HEALTH GROUP INC,65658,-677089,703.2K,-7.25M,-91.2%,<.01%
Y7542C130,STNG,SCORPIO TANKERS INC,89709,-104856,6.21M,-7.26M,-53.9%,<.01%
G8473T100,STE,STERIS PLC,0,-32930,0,-7.28M,CLOSE,0%
87583X109,TNGX,TANGO THERAPEUTICS INC,298339,-235598,9.33M,-7.36M,-44.1%,0.01%
534187109,LNC,LINCOLN NATL CORP IND,0,-207800,0,-7.38M,CLOSE,0%
G0896C103,TBBB,BBB FOODS INC,698172,-178026,29.09M,-7.42M,-20.3%,0.04%
56600D107,MRVI,MARAVAI LIFESCIENCES HLDGS I,2005579,-1199917,12.51M,-7.49M,-37.4%,0.02%
78377T107,RHP,RYMAN HOSPITALITY PPTYS INC,0,-81382,0,-7.51M,CLOSE,0%
891160509,TD,TORONTO DOMINION BK ONT,4992,-62313,602.17K,-7.52M,-92.6%,<.01%
249906108,DSGX,DESCARTES SYS GROUP INC,19339,-108815,1.34M,-7.54M,-84.9%,<.01%
125523100,CI,THE CIGNA GROUP,0,-28303,0,-7.55M,CLOSE,0%
875372AD6,TNDM,TANDEM DIABETES CARE INC,0,-7500000,0,-7.62M,CLOSE,0%
03213A104,AMPL,AMPLITUDE INC,1409424,-1001876,10.78M,-7.66M,-41.5%,0.02%
458665304,TILE,INTERFACE INC,0,-308387,0,-7.69M,CLOSE,0%
69349H107,TXNM,TXNM ENERGY INC,15048,-135439,854.42K,-7.69M,-90%,<.01%
783513203,RYAAY,RYANAIR HOLDINGS PLC,0,-133379,0,-7.71M,CLOSE,0%
46428Q109,SLV,ISHARES SILVER TR,0,-113174,0,-7.71M,CLOSE,0%
14888U101,CPRX,CATALYST PHARMACEUTICALS INC,176560,-249305,5.55M,-7.84M,-58.5%,<.01%
827048109,SLGN,SILGAN HLDGS INC,566868,-168958,26.3M,-7.84M,-23%,0.04%
559663109,MGY,MAGNOLIA OIL & GAS CORP,385561,-307028,9.86M,-7.85M,-44.3%,0.02%
06652K103,BKU,BANKUNITED INC,302065,-164594,14.64M,-7.97M,-35.3%,0.02%
579780206,MKC,MCCORMICK & CO INC,35499,-158424,1.79M,-7.99M,-81.7%,<.01%
022307102,ALMS,ALUMIS INC,0,-362985,0,-8M,CLOSE,0%
464288513,HYG,ISHARES TR,40000,-100000,3.2M,-8M,-71.4%,<.01%
46434G814,EWM,ISHARES INC,0,-282600,0,-8.03M,CLOSE,0%
670002401,NVAX,NOVAVAX INC,664286,-853925,6.26M,-8.04M,-56.2%,<.01%
438128308,HMC,HONDA MOTOR CO LTD,0,-330901,0,-8.04M,CLOSE,0%
93627C101,HCC,WARRIOR MET COAL INC,0,-86520,0,-8.06M,CLOSE,0%
04280AAC4,,ARROWHEAD PHARMACEUTICALS IN,0,-7775000,0,-8.06M,CLOSE,0%
829933100,SIRI,SIRIUSXM HOLDINGS INC,0,-355082,0,-8.2M,CLOSE,0%
09709UV70,BAC,BOFA FIN LLC,3805000,-6500000,4.8M,-8.2M,-63.1%,<.01%
733174700,BPOP,POPULAR INC,128908,-50240,21.16M,-8.25M,-28%,0.03%
224441105,CXT,CRANE NXT CO,0,-203654,0,-8.27M,CLOSE,0%
56418H100,MAN,MANPOWERGROUP INC WIS,58044,-244951,1.96M,-8.27M,-80.8%,<.01%
49845K101,KVYO,KLAVIYO INC,1114467,-557892,16.83M,-8.42M,-33.4%,0.03%
703481101,PTEN,PATTERSON-UTI ENERGY INC,0,-778872,0,-8.44M,CLOSE,0%
090043AF7,BILL,BILL HOLDINGS INC,0,-9500000,0,-8.45M,CLOSE,0%
G6674U108,NVCR,NOVOCURE LTD,803120,-558271,12.17M,-8.46M,-41%,0.02%
74762E102,PWR,QUANTA SVCS INC,0,-15440,0,-8.48M,CLOSE,0%
163851108,CC,CHEMOURS CO,195149,-414122,4M,-8.5M,-68%,<.01%
891092108,TTC,TORO CO,0,-91295,0,-8.53M,CLOSE,0%
00971TAN1,AKAM,AKAMAI TECHNOLOGIES INC,0,-7500000,0,-8.58M,CLOSE,0%
513847103,MZTI,MARZETTI COMPANY,0,-62196,0,-8.6M,CLOSE,0%
127097103,CTRA,COTERRA ENERGY INC,0,-247588,0,-8.7M,CLOSE,0%
40637HAF6,HALO,HALOZYME THERAPEUTICS INC,41351000,-6000000,60.54M,-8.78M,-12.7%,0.09%
Y8162K204,SBLK,STAR BULK CARRIERS CORP.,437815,-352120,10.93M,-8.79M,-44.6%,0.02%
G1466R173,BORR,BORR DRILLING LTD,551664,-2145732,2.28M,-8.86M,-79.5%,<.01%
833445AB5,SNOW,SNOWFLAKE INC,0,-7500000,0,-8.86M,CLOSE,0%
493732101,KFRC,KFORCE INC,165012,-189829,7.74M,-8.91M,-53.5%,0.01%
12532H104,GIB,CGI INC,0,-122414,0,-8.94M,CLOSE,0%
92538JAB2,VERX,VERTEX INC,5000000,-10000000,4.48M,-8.97M,-66.7%,<.01%
594972408,MSTR,STRATEGY INC,0,-72431,0,-9.04M,CLOSE,0%
67080M103,NRIX,NURIX THERAPEUTICS INC,73069,-376037,1.77M,-9.12M,-83.7%,<.01%
345370860,F,FORD MTR CO,0,-797838,0,-9.21M,CLOSE,0%
48268K101,KT,KT CORP,0,-432062,0,-9.27M,CLOSE,0%
82489W107,SHLS,SHOALS TECHNOLOGIES GROUP IN,0,-1416205,0,-9.32M,CLOSE,0%
01748X102,ALGT,ALLEGIANT TRAVEL CO,197621,-79261,23.24M,-9.32M,-28.6%,0.04%
989701107,ZION,ZIONS BANCORPORATION NATL AS,373252,-134873,25.83M,-9.33M,-26.5%,0.04%
78410G104,SBAC,SBA COMMUNICATIONS CORP,49105,-52893,8.67M,-9.33M,-51.9%,0.01%
46432F396,MTUM,ISHARES TR,0,-39152,0,-9.4M,CLOSE,0%
72703H101,PLNT,PLANET FITNESS MASTER ISSUER,656644,-180832,34.26M,-9.43M,-21.6%,0.05%
461202103,INTU,INTUIT,0,-21900,0,-9.47M,CLOSE,0%
743606105,PB,PROSPERITY BANCSHARES INC,0,-141070,0,-9.48M,CLOSE,0%
880779103,TEX,TEREX CORP NEW,489100,-131872,35.41M,-9.55M,-21.2%,0.05%
03820C105,AIT,APPLIED INDL TECHNOLOGIES IN,27013,-28432,9.13M,-9.61M,-51.3%,0.01%
52886X107,LXEO,LEXEO THERAPEUTICS INC,0,-1680449,0,-9.65M,CLOSE,0%
358029106,FMS,FRESENIUS MEDICAL CARE AG,76829,-433078,1.74M,-9.79M,-84.9%,<.01%
303250104,FICO,FAIR ISAAC CORP,0,-9340,0,-9.97M,CLOSE,0%
539439109,LYG,LLOYDS BANKING GROUP PLC,2262925,-1715632,13.19M,-10M,-43.1%,0.02%
197236102,COLB,COLUMBIA BKG SYS INC,0,-365093,0,-10.01M,CLOSE,0%
60770K107,MRNA,MODERNA INC,0,-197844,0,-10.05M,CLOSE,0%
45768S105,IOSP,INNOSPEC INC,42648,-124146,3.47M,-10.1M,-74.4%,<.01%
136635109,CSIQ,CANADIAN SOLAR INC,0,-732331,0,-10.14M,CLOSE,0%
368736104,GNRC,GENERAC HLDGS INC,0,-52035,0,-10.16M,CLOSE,0%
438516106,HON,HONEYWELL INTL INC,0,-45050,0,-10.18M,CLOSE,0%
337932107,FE,FIRSTENERGY CORP,0,-202762,0,-10.27M,CLOSE,0%
21874A106,CORZ,CORE SCIENTIFIC INC NEW,0,-689464,0,-10.31M,CLOSE,0%
45765U103,NSIT,INSIGHT ENTERPRISES INC,286873,-85134,34.94M,-10.37M,-22.9%,0.05%
388689101,GPK,GRAPHIC PACKAGING HLDG CO,0,-1054057,0,-10.48M,CLOSE,0%
038336103,ATR,APTARGROUP INC,0,-83527,0,-10.53M,CLOSE,0%
13462K109,CWH,CAMPING WORLD HLDGS INC,64381,-1392101,491.23K,-10.62M,-95.6%,<.01%
398433102,GFF,GRIFFON CORP,473416,-109280,46.17M,-10.66M,-18.8%,0.07%
784730103,SSRM,SSR MINING IN,834069,-377795,23.6M,-10.69M,-31.2%,0.04%
G0750C108,AXTA,AXALTA COATING SYS LTD,334718,-312793,11.45M,-10.7M,-48.3%,0.02%
09681N106,BOBS,BOBS DISC FURNITURE INC,493970,-677449,7.81M,-10.72M,-57.8%,0.01%
G0403H108,AON,AON PLC,0,-33297,0,-10.75M,CLOSE,0%
489170100,KMT,KENNAMETAL INC,0,-297961,0,-10.77M,CLOSE,0%
488445206,ZVRA,ZEVRA THERAPEUTICS INC,0,-1157131,0,-10.78M,CLOSE,0%
78442P106,SLM,SLM CORP,159304,-415915,4.13M,-10.79M,-72.3%,<.01%
10316T104,BOX,BOX INC,193541,-407035,5.14M,-10.8M,-67.8%,<.01%
86800UAD6,,SUPER MICRO COMPUTER INC,0,-12500000,0,-10.86M,CLOSE,0%
45166A102,IDYA,IDEAYA BIOSCIENCES INC,0,-327901,0,-10.93M,CLOSE,0%
697947109,PVLA,PALVELLA THERAPEUTICS INC NE,0,-88160,0,-10.99M,CLOSE,0%
69343T107,PJT,PJT PARTNERS INC,216633,-74013,32.7M,-11.17M,-25.5%,0.05%
057665200,BCPC,BALCHEM CORP,25803,-66820,4.36M,-11.29M,-72.1%,<.01%
81369Y803,XLK,SELECT SECTOR SPDR TR,0,-85329,0,-11.34M,CLOSE,0%
09581B103,OWL,BLUE OWL CAPITAL INC,2343156,-1313153,20.5M,-11.49M,-35.9%,0.03%
124805102,CBZ,CBIZ INC,0,-429664,0,-11.54M,CLOSE,0%
55405YAD2,,MACOM TECH SOLUTIONS HLDGS I,6000000,-5000000,13.87M,-11.56M,-45.5%,0.02%
835699307,SONY,SONY GROUP CORP,0,-564807,0,-11.69M,CLOSE,0%
37940X102,GPN,GLOBAL PMTS INC,1690492,-162311,122.66M,-11.78M,-8.8%,0.19%
780087102,RY,ROYAL BK CDA,0,-73195,0,-11.79M,CLOSE,0%
235825205,DAN,DANA INC,120780,-434203,3.29M,-11.81M,-78.2%,<.01%
92189F106,GDX,VANECK ETF TRUST,309450,-156687,23.35M,-11.82M,-33.6%,0.04%
565788AD8,MARA,MARA HOLDINGS INC,0,-14207000,0,-11.89M,CLOSE,0%
204166102,CVLT,COMMVAULT SYS INC,0,-152753,0,-11.9M,CLOSE,0%
27923Q109,ECVT,ECOVYST INC,87219,-962308,1.09M,-11.98M,-91.7%,<.01%
46222L108,IONQ,IONQ INC,0,-415598,0,-11.98M,CLOSE,0%
803866300,SSL,SASOL LTD,109125,-1222214,1.07M,-12M,-91.8%,<.01%
302492103,FLYW,FLYWIRE CORPORATION,225092,-684341,3.95M,-12.02M,-75.2%,<.01%
918204108,VFC,V F CORP,0,-713174,0,-12.12M,CLOSE,0%
533900106,LECO,LINCOLN ELEC HLDGS INC,134887,-45786,35.81M,-12.16M,-25.3%,0.05%
00091G104,ACVA,ACV AUCTIONS INC,2481892,-1695251,17.84M,-12.19M,-40.6%,0.03%
152309100,CNTA,CENTESSA PHARMACEUTICALS PLC,0,-307355,0,-12.21M,CLOSE,0%
008252108,AMG,AFFILIATED MANAGERS GROUP,0,-44273,0,-12.25M,CLOSE,0%
55303JAB2,MGPI,MGP INGREDIENTS INC NEW,0,-12604000,0,-12.29M,CLOSE,0%
219948106,CPAY,CORPAY INC,0,-42400,0,-12.34M,CLOSE,0%
887389104,TKR,TIMKEN CO,70805,-85111,10.29M,-12.37M,-54.6%,0.02%
H5919C104,ONON,ON HLDG AG,0,-363616,0,-12.37M,CLOSE,0%
46125A100,LUNR,INTUITIVE MACHINES INC,656036,-583982,14.03M,-12.49M,-47.1%,0.02%
00404A109,ACHC,ACADIA HEALTHCARE COMPANY IN,0,-536517,0,-12.55M,CLOSE,0%
156431108,CENX,CENTURY ALUM CO,294555,-274896,13.55M,-12.65M,-48.3%,0.02%
74767V109,QS,QUANTUMSCAPE CORP,1860426,-1673105,14.06M,-12.65M,-47.3%,0.02%
219798105,QDEL,QUIDELORTHO CORP,30422,-731747,532.84K,-12.82M,-96%,<.01%
001055102,AFL,AFLAC INC,0,-117456,0,-12.89M,CLOSE,0%
422806208,HEIA,HEICO CORP NEW,91696,-50228,23.65M,-12.95M,-35.4%,0.04%
Y2065G121,DHT,DHT HOLDINGS INC,10219,-792706,168.92K,-13.1M,-98.7%,<.01%
V5633W109,MMYT,MAKEMYTRIP LIMITED MAURITIUS,0,-352427,0,-13.14M,CLOSE,0%
29472R108,ELS,EQUITY LIFESTYLE PROPERTIES,7499,-204081,483.31K,-13.15M,-96.5%,<.01%
302081104,EXLS,EXLSERVICE HLDGS INC,540554,-510328,13.98M,-13.2M,-48.6%,0.02%
464286822,EWW,ISHARES INC,0,-175500,0,-13.2M,CLOSE,0%
29084Q100,EME,EMCOR GROUP INC,0,-17898,0,-13.21M,CLOSE,0%
62944T105,NVR,NVR INC,0,-2007,0,-13.23M,CLOSE,0%
88339P101,REAL,THE REALREAL INC,750960,-1125403,8.85M,-13.27M,-60%,0.01%
665859104,NTRS,NORTHERN TR CORP,0,-97300,0,-13.58M,CLOSE,0%
736508847,POR,PORTLAND GEN ELEC CO,79609,-269425,4.13M,-13.96M,-77.2%,<.01%
922280AD4,VRNS,VARONIS SYS INC,0,-16000000,0,-14M,CLOSE,0%
922280102,VRNS,VARONIS SYS INC,0,-656239,0,-14.09M,CLOSE,0%
50015M109,KOD,KODIAK SCIENCES INC,97597,-362126,3.8M,-14.11M,-78.8%,<.01%
00650F109,ADPT,ADAPTIVE BIOTECHNOLOGIES COR,0,-1021808,0,-14.18M,CLOSE,0%
978097103,WWW,WOLVERINE WORLD WIDE INC,0,-875507,0,-14.29M,CLOSE,0%
00835Q202,AEVA,AEVA TECHNOLOGIES INC,642365,-497555,18.45M,-14.29M,-43.6%,0.03%
90337L108,USPH,U S PHYSICAL THERAPY,33223,-208179,2.28M,-14.3M,-86.2%,<.01%
05368V106,AVNT,AVIENT CORPORATION,141996,-389988,5.25M,-14.41M,-73.3%,<.01%
63010H108,NNE,NANO NUCLEAR ENERGY INC,0,-711000,0,-14.56M,CLOSE,0%
431636109,HLMN,HILLMAN SOLUTIONS CORP,0,-1761363,0,-14.65M,CLOSE,0%
020398707,ALMTF,ALMONTY INDS INC,0,-1012563,0,-14.67M,CLOSE,0%
53115L104,LBRT,LIBERTY ENERGY INC,112505,-564039,2.95M,-14.77M,-83.4%,<.01%
G16258108,BEP,BROOKFIELD RENEWABLE ENERGY,0,-454648,0,-14.81M,CLOSE,0%
22822V101,CCI,CROWN CASTLE INC,44012,-196425,3.33M,-14.88M,-81.7%,<.01%
37954Y848,SIL,GLOBAL X FDS,20557,-193419,1.59M,-14.98M,-90.4%,<.01%
869367201,STRO,SUTRO BIOPHARMA INC,237827,-454284,7.9M,-15.08M,-65.6%,0.01%
615394202,MOGA,MOOG INC,128786,-35628,54.58M,-15.1M,-21.7%,0.08%
011659109,ALK,ALASKA AIR GROUP INC,0,-410656,0,-15.1M,CLOSE,0%
230031106,CGEM,CULLINAN THERAPEUTICS INC,75009,-830367,1.37M,-15.12M,-91.7%,<.01%
445658107,JBHT,HUNT J B TRANS SVCS INC,0,-71392,0,-15.13M,CLOSE,0%
824348106,SHW,SHERWIN WILLIAMS CO,12658,-44315,4.36M,-15.26M,-77.8%,<.01%
G8060N102,ST,SENSATA TECHNOLOGIES HLDG PL,0,-434300,0,-15.3M,CLOSE,0%
09073M104,TECH,BIO-TECHNE CORP,0,-294958,0,-15.41M,CLOSE,0%
45867G101,IDCC,INTERDIGITAL INC,0,-51061,0,-15.42M,CLOSE,0%
87807B107,TRP,TC ENERGY CORP,322416,-233455,21.32M,-15.44M,-42%,0.03%
784305104,HTO,H2O AMERICA,114239,-256890,6.94M,-15.61M,-69.2%,0.01%
934550203,WMG,WARNER MUSIC GROUP CORP,1912689,-576750,51.78M,-15.61M,-23.2%,0.08%
29977A105,EVR,EVERCORE INC,344521,-46063,117.63M,-15.73M,-11.8%,0.18%
63947X101,NCNO,NCINO INC,0,-1053603,0,-15.78M,CLOSE,0%
87650L103,TARS,TARSUS PHARMACEUTICALS INC,0,-226251,0,-15.87M,CLOSE,0%
45337C102,INCY,INCYTE CORP,0,-168763,0,-15.88M,CLOSE,0%
25243Q205,DEO,DIAGEO PLC,0,-213403,0,-15.89M,CLOSE,0%
83422E204,SLDB,SOLID BIOSCIENCES INC,448008,-1602835,4.48M,-16.01M,-78.2%,<.01%
844895102,SWX,SOUTHWEST GAS HLDGS INC,333470,-181324,29.57M,-16.08M,-35.2%,0.05%
53190C102,LTH,LIFE TIME GROUP HOLDINGS INC,0,-597338,0,-16.09M,CLOSE,0%
18452BAC4,CLSK,CLEANSPARK INC,0,-16470000,0,-16.09M,CLOSE,0%
48553T106,BZ,KANZHUN LIMITED,15458,-1251797,198.94K,-16.11M,-98.8%,<.01%
G0692U109,AXS,AXIS CAP HLDGS LTD,530728,-150115,57.02M,-16.13M,-22%,0.09%
231561101,CW,CURTISS WRIGHT CORP,0,-24001,0,-16.35M,CLOSE,0%
608190104,MHK,MOHAWK INDS INC,0,-166151,0,-16.36M,CLOSE,0%
142152107,CAI,CARIS LIFE SCIENCES INC,0,-918331,0,-16.42M,CLOSE,0%
29355A107,ENPH,ENPHASE ENERGY INC,0,-434846,0,-16.44M,CLOSE,0%
62914V106,NIO,NIO INC,3382983,-3250415,17.12M,-16.45M,-49%,0.03%
69047Q102,OVV,OVINTIV INC,1639674,-312991,86.33M,-16.48M,-16%,0.13%
55306NAB0,MKSI,MKS INC.,0,-10000000,0,-16.58M,CLOSE,0%
697900108,PAAS,PAN AMERN SILVER CORP,1046541,-371726,46.87M,-16.65M,-26.2%,0.07%
157210105,CEVA,CEVA INC,251862,-355572,11.88M,-16.77M,-58.5%,0.02%
109696104,BCO,BRINKS CO,0,-161853,0,-16.77M,CLOSE,0%
60365F109,MMED,MINIMED GROUP INC,15395,-1124398,230.16K,-16.81M,-98.6%,<.01%
501812AD3,,LCI INDS,13400000,-15000000,15.09M,-16.89M,-52.8%,0.02%
45104G104,IBN,ICICI BANK LIMITED,0,-658901,0,-17.07M,CLOSE,0%
90364P105,PATH,UIPATH INC,368837,-1577345,4.01M,-17.15M,-81%,<.01%
55826TAB8,SPHR,SPHERE ENTERTAINMENT CO,6500000,-3500000,31.85M,-17.15M,-35%,0.05%
631103108,NDAQ,NASDAQ INC,591220,-219043,46.6M,-17.26M,-27%,0.07%
036752103,ELV,ELEVANCE HEALTH INC FORMERLY,0,-59341,0,-17.37M,CLOSE,0%
750236101,RDN,RADIAN GROUP INC,58730,-461276,2.21M,-17.38M,-88.7%,<.01%
453038408,IMO,IMPERIAL OIL LTD,0,-133200,0,-17.42M,CLOSE,0%
14070B309,CAPR,CAPRICOR THERAPEUTICS INC,94723,-726456,2.28M,-17.49M,-88.5%,<.01%
40131MAD1,GH,GUARDANT HEALTH INC,0,-10500000,0,-17.67M,CLOSE,0%
127190304,CACI,CACI INTL INC,0,-32597,0,-17.73M,CLOSE,0%
218937100,CNR,CORE NATURAL RESOURCES INC,8858,-222863,708.82K,-17.83M,-96.2%,<.01%
594972AL5,MSTR,STRATEGY INC,0,-18500000,0,-17.86M,CLOSE,0%
039697107,ARDX,ARDELYX INC,0,-2984261,0,-17.88M,CLOSE,0%
053484101,AVB,AVALONBAY CMNTYS INC,201782,-94767,38.07M,-17.88M,-32%,0.06%
78463V107,GLD,SPDR GOLD TR,1151,-48700,424K,-17.94M,-97.7%,<.01%
192108504,CDE,COEUR MNG INC,134492,-1102822,2.19M,-18M,-89.1%,<.01%
76131D103,QSR,RESTAURANT BRANDS INTL INC,0,-246090,0,-18.19M,CLOSE,0%
500643200,KFY,KORN FERRY,9372,-274519,623.99K,-18.28M,-96.7%,<.01%
46138E628,KBWB,INVESCO EXCH TRADED FD TR II,11779,-198277,1.1M,-18.44M,-94.4%,<.01%
59001A102,MTH,MERITAGE HOMES CORP,30710,-220577,2.58M,-18.5M,-87.8%,<.01%
69608A108,PLTR,PALANTIR TECHNOLOGIES INC,0,-126709,0,-18.53M,CLOSE,0%
90400D108,RARE,ULTRAGENYX PHARMACEUTICAL IN,0,-893295,0,-18.71M,CLOSE,0%
G6700G107,NVT,NVENT ELEC PLC,569858,-111929,96.65M,-18.98M,-16.4%,0.15%
533535100,LINC,LINCOLN EDL SVCS CORP,0,-468556,0,-19.06M,CLOSE,0%
046433108,ATRO,ASTRONICS CORP,330981,-236259,26.9M,-19.2M,-41.7%,0.04%
92556V106,VTRS,VIATRIS INC,563129,-1214052,8.94M,-19.28M,-68.3%,0.01%
89677Q107,TCOM,TRIP COM GROUP LTD,603753,-484431,24.05M,-19.3M,-44.5%,0.04%
74736LAD1,QTWO,Q2 HLDGS INC,0,-20000000,0,-19.87M,CLOSE,0%
10950A106,BTSG,BRIGHTSPRING HEALTH SVCS INC,192145,-286522,13.4M,-19.98M,-59.9%,0.02%
904767803,UL,UNILEVER PLC,155998,-332848,9.38M,-20.01M,-68.1%,0.01%
N07059210,ASML,ASML HLDG NV,554661,-10065,1.1B,-20.02M,-1.8%,1.7%
81369Y100,XLB,SELECT SECTOR SPDR TR,247,-394663,12.55K,-20.06M,-99.9%,<.01%
115637209,BF.B,BROWN FORMAN CORP,1089873,-758429,29.05M,-20.21M,-41%,0.04%
023939101,AMTM,AMENTUM HOLDINGS INC,649984,-980579,13.44M,-20.27M,-60.1%,0.02%
29364G103,ETR,ENTERGY CORP NEW,1579167,-178225,181.38M,-20.47M,-10.1%,0.28%
59522J103,MAA,MID-AMER APT CMNTYS INC,14805,-148036,2.06M,-20.57M,-90.9%,<.01%
268150109,DT,DYNATRACE INC,1412797,-473054,62.04M,-20.77M,-25.1%,0.09%
422704106,HL,HECLA MINING COMPANY,0,-1116297,0,-20.8M,CLOSE,0%
G9456A100,GLNG,GOLAR LNG LTD,299098,-418283,14.91M,-20.85M,-58.3%,0.02%
76954AAD5,RIVN,RIVIAN AUTOMOTIVE INC,23500000,-19536000,25.17M,-20.92M,-45.4%,0.04%
36168Q104,GFL,GFL ENVIRONMENTAL INC,173474,-568591,6.39M,-20.93M,-76.6%,<.01%
38526M106,LOPE,GRAND CANYON ED INC,0,-123502,0,-21M,CLOSE,0%
374163103,GERN,GERON CORP,4045201,-16411933,5.18M,-21.01M,-80.2%,<.01%
70438V106,PCTY,PAYLOCITY HLDG CORP,904674,-203740,94.57M,-21.3M,-18.4%,0.14%
G54950103,LIN,LINDE PLC,47651,-41197,24.73M,-21.38M,-46.4%,0.04%
G7709Q104,RPRX,ROYALTY PHARMA PLC,106549,-383469,5.97M,-21.5M,-78.3%,<.01%
131193104,CALY,CALLAWAY GOLF CO,1185418,-1144485,22.27M,-21.5M,-49.1%,0.03%
617700109,MORN,MORNINGSTAR INC,32754,-138155,5.11M,-21.55M,-80.8%,<.01%
94106B101,WCN,WASTE CONNECTIONS INC,440617,-129543,73.45M,-21.6M,-22.7%,0.11%
74935Q107,RBA,RB GLOBAL INC,0,-226830,0,-21.75M,CLOSE,0%
052769106,ADSK,AUTODESK INC,0,-91257,0,-21.85M,CLOSE,0%
67576A100,OCUL,OCULAR THERAPEUTIX INC,3292193,-2242792,32.33M,-22.02M,-40.5%,0.05%
64110L106,NFLX,NETFLIX INC.,0,-230000,0,-22.11M,CLOSE,0%
55405Y100,MTSI,MACOM TECH SOLUTIONS HLDGS I,67457,-58265,25.66M,-22.16M,-46.3%,0.04%
558256103,MSGE,MADISON SQUARE GARDEN ENTMT,1526701,-275052,123.49M,-22.25M,-15.3%,0.19%
48242W106,KBR,KBR INC,0,-604903,0,-22.3M,CLOSE,0%
750491102,RDNT,RADNET INC,492437,-362935,30.37M,-22.38M,-42.4%,0.05%
03823U102,AAOI,APPLIED OPTOELECTRONICS INC,0,-265543,0,-22.46M,CLOSE,0%
G6375R107,NESR,NATIONAL ENERGY SERVICES REU,214147,-750838,6.41M,-22.47M,-77.8%,<.01%
65339F663,NEEPRS,NEXTERA ENERGY INC,0,-399500,0,-22.57M,CLOSE,0%
N3167Y103,RACE,FERRARI N V,357749,-60798,133.19M,-22.63M,-14.5%,0.2%
09173B107,KEEL,BITFARMS LTD,0,-11612813,0,-22.64M,CLOSE,0%
H42097107,UBS,UBS GROUP AG,0,-581139,0,-22.71M,CLOSE,0%
500255104,KSS,KOHLS CORP,0,-1765243,0,-22.77M,CLOSE,0%
79589L106,IOT,SAMSARA INC,0,-723136,0,-22.92M,CLOSE,0%
872657101,TPG,TPG INC,2107463,-565350,85.46M,-22.92M,-21.2%,0.13%
83601L102,SHC,SOTERA HEALTH CO,0,-1609505,0,-23.08M,CLOSE,0%
02005N100,ALLY,ALLY FINL INC,1467468,-505672,67.43M,-23.24M,-25.6%,0.1%
78440X887,SLG,SL GREEN RLTY CORP,183673,-450065,9.51M,-23.3M,-71%,0.01%
G2717C106,CWK,CUSHMAN AND WAKEFIELD LTD,0,-1900738,0,-23.3M,CLOSE,0%
52490G102,LEGN,LEGEND BIOTECH CORP,3076124,-809893,88.84M,-23.39M,-20.8%,0.14%
222795502,CUZ,COUSINS PPTYS INC,109604,-787014,3.29M,-23.59M,-87.8%,<.01%
87305R109,TTMI,TTM TECHNOLOGIES INC,56447,-127181,10.56M,-23.79M,-69.3%,0.02%
02553E106,AEO,AMERICAN EAGLE OUTFITTERS IN,0,-1436936,0,-24M,CLOSE,0%
000899104,ADMA,ADMA BIOLOGICS INC,413935,-2874822,3.46M,-24.06M,-87.4%,<.01%
20825C104,COP,CONOCOPHILLIPS,298486,-231853,31.03M,-24.1M,-43.7%,0.05%
110448107,BTI,BRITISH AMERN TOB PLC,0,-414217,0,-24.22M,CLOSE,0%
343498101,FLO,FLOWERS FOODS INC,0,-2995501,0,-24.41M,CLOSE,0%
247361702,DAL,DELTA AIR LINES INC,32600,-261587,3.05M,-24.5M,-88.9%,<.01%
13100M509,CALX,CALIX INC,0,-513814,0,-25.17M,CLOSE,0%
770323103,RHI,ROBERT HALF INC.,1362513,-821521,41.83M,-25.22M,-37.6%,0.06%
86333M108,LRN,STRIDE INC,0,-291169,0,-25.67M,CLOSE,0%
338307101,FIVN,FIVE9 INC,1110631,-1205703,23.68M,-25.71M,-52.1%,0.04%
45827U109,INTA,INTAPP INC,0,-1003287,0,-25.77M,CLOSE,0%
19240Q201,COGT,COGENT BIOSCIENCES INC,744195,-666631,28.8M,-25.8M,-47.3%,0.04%
91529Y106,UNM,UNUM GROUP,863930,-289922,77.24M,-25.92M,-25.1%,0.12%
577081102,MAT,MATTEL INC,334904,-1886352,4.65M,-26.18M,-84.9%,<.01%
37637Q105,GBCI,GLACIER BANCORP INC NEW,0,-598379,0,-26.73M,CLOSE,0%
156944100,CGON,CG ONCOLOGY INC,0,-399392,0,-27.03M,CLOSE,0%
N14506104,ESTC,ELASTIC N V,644571,-474133,36.75M,-27.04M,-42.4%,0.06%
302941109,FCN,FTI CONSULTING INC,0,-153134,0,-27.07M,CLOSE,0%
205768302,CRK,COMSTOCK RES INC,0,-1284883,0,-27.09M,CLOSE,0%
913915104,UTI,UNIVERSAL TECHNICAL INST INC,810041,-634286,34.65M,-27.13M,-43.9%,0.05%
02081G201,ATEC,ALPHATEC HLDGS INC,0,-2493575,0,-27.13M,CLOSE,0%
78462F103,SPY,STATE STR SPDR S&P 500 ETF T,0,-42000,0,-27.31M,CLOSE,0%
31816X106,FLY,FIREFLY AEROSPACE INC,0,-961540,0,-27.38M,CLOSE,0%
525327102,LDOS,LEIDOS HOLDINGS INC,0,-178433,0,-27.75M,CLOSE,0%
57060D108,MKTX,MARKETAXESS HLDGS INC,8100,-244725,919.27K,-27.77M,-96.8%,<.01%
66987V109,NVS,NOVARTIS AG,106157,-177680,16.64M,-27.85M,-62.6%,0.03%
626755102,MUSA,MURPHY USA INC,12976,-51879,6.99M,-27.96M,-80%,0.01%
343412102,FLR,FLUOR CORP,831678,-533893,43.57M,-27.97M,-39.1%,0.07%
126408103,CSX,CSX CORP,2359777,-591820,112.16M,-28.13M,-20.1%,0.17%
604749AB7,MIRM,MIRUM PHARMACEUTICALS INC,0,-9414000,0,-28.17M,CLOSE,0%
74276L105,PRCT,PROCEPT BIOROBOTICS CORP,0,-1128543,0,-28.22M,CLOSE,0%
30034WAD8,EVRG,EVERGY INC,34124000,-20000000,48.5M,-28.43M,-37%,0.07%
526107107,LII,LENNOX INTL INC,0,-61340,0,-28.47M,CLOSE,0%
36262G101,GXO,GXO LOGISTICS INCORPORATED,132388,-566089,6.71M,-28.7M,-81%,0.01%
46090E103,QQQ,INVESCO QQQ TR,52682,-38978,38.8M,-28.7M,-42.5%,0.06%
36322Q206,DMRA,DAMORA THERAPEUTICS INC,48754,-1144954,1.27M,-29.78M,-95.9%,<.01%
29446Y502,EQX,EQUINOX GOLD CORP,0,-2063406,0,-29.8M,CLOSE,0%
15118V207,CELH,CELSIUS HLDGS INC,0,-849617,0,-30.14M,CLOSE,0%
070830104,BBWI,BATH & BODY WORKS INC,2446147,-1306064,56.58M,-30.21M,-34.8%,0.09%
74017N105,PGEN,PRECIGEN INC,1266679,-5377682,7.22M,-30.65M,-80.9%,0.01%
477839104,JBTM,JBT MAREL CORPORATION,6602,-212124,957.29K,-30.76M,-97%,<.01%
499049104,KNX,KNIGHT-SWIFT TRANSN HLDGS IN,981483,-395158,76.43M,-30.77M,-28.7%,0.12%
060505104,BAC,BANK OF AMER CORP,3143878,-543751,179.14M,-30.98M,-14.7%,0.27%
09857L108,BKNG,BOOKING HOLDINGS INC,0,-7389,0,-31.11M,CLOSE,0%
007973100,AEIS,ADVANCED ENERGY INDS,0,-96548,0,-31.16M,CLOSE,0%
78351F107,RYAN,RYAN SPECIALTY HOLDINGS INC,54342,-825640,2.05M,-31.18M,-93.8%,<.01%
36467W109,GME,GAMESTOP CORP,0,-1364114,0,-31.43M,CLOSE,0%
92343E102,VRSN,VERISIGN INC,379395,-126300,95.44M,-31.77M,-25%,0.15%
90184D100,TWST,TWIST BIOSCIENCE CORP,0,-669732,0,-31.83M,CLOSE,0%
604749101,MIRM,MIRUM PHARMACEUTICALS INC,0,-346991,0,-32.06M,CLOSE,0%
229663109,CUBE,CUBESMART,0,-874666,0,-32.06M,CLOSE,0%
46284V101,IRM,IRON MTN INC DEL,123262,-254356,15.57M,-32.13M,-67.4%,0.02%
110122108,BMY,BRISTOL-MYERS SQUIBB CO,0,-531198,0,-32.22M,CLOSE,0%
36317J209,GLXY,GALAXY DIGITAL INC.,0,-1762436,0,-32.52M,CLOSE,0%
L8681T102,SPOT,SPOTIFY TECHNOLOGY S A,845042,-71075,387.98M,-32.63M,-7.8%,0.59%
136375102,CNI,CANADIAN NATL RY CO,502283,-277530,59.89M,-33.09M,-35.6%,0.09%
81764X103,TTAN,SERVICETITAN INC,0,-527283,0,-33.46M,CLOSE,0%
74743L100,Q,QNITY ELECTRONICS INC,334145,-207093,54.57M,-33.82M,-38.3%,0.08%
504922105,LH,LABCORP HOLDINGS INC,137444,-122122,38.48M,-34.19M,-47%,0.06%
682189AU9,ON,ON SEMICONDUCTOR CORP,0,-35000000,0,-34.28M,CLOSE,0%
98419M100,XYL,XYLEM INC,0,-287034,0,-34.3M,CLOSE,0%
116794108,BRKR,BRUKER CORP,0,-952873,0,-34.42M,CLOSE,0%
7591EP100,RF,REGIONS FINANCIAL CORP NEW,0,-1319866,0,-34.47M,CLOSE,0%
G037AX101,AMBA,AMBARELLA INC,117943,-403268,10.12M,-34.6M,-77.4%,0.02%
443510607,HUBB,HUBBELL INC,0,-70536,0,-34.61M,CLOSE,0%
62957HAL9,NBR,NABORS INDS INC,0,-37693000,0,-34.64M,CLOSE,0%
91912E105,VALE,VALE S A,520233,-2355118,7.82M,-35.42M,-81.9%,0.01%
553530106,MSM,MSC INDL DIRECT INC,229504,-301914,27.3M,-35.91M,-56.8%,0.04%
92243G108,PCVX,VAXCYTE INC,0,-620401,0,-36.05M,CLOSE,0%
D18190898,DB,DEUTSCHE BK AG,287797,-1070313,9.72M,-36.13M,-78.8%,0.01%
G3265R107,APTV,APTIV PLC,0,-521622,0,-36.22M,CLOSE,0%
450056AB2,IRTC,IRHYTHM HOLDINGS INC,0,-33000000,0,-36.29M,CLOSE,0%
00215W100,ASX,ASE TECHNOLOGY HLDG CO LTD,0,-1674519,0,-36.3M,CLOSE,0%
05964H105,SAN,BANCO SANTANDER SA,117150,-2689821,1.62M,-37.12M,-95.8%,<.01%
589889104,MMSI,MERIT MED SYS INC,203739,-538203,14.13M,-37.32M,-72.5%,0.02%
45073V108,ITT,ITT INC,0,-198060,0,-37.74M,CLOSE,0%
883556102,TMO,THERMO FISHER SCIENTIFIC INC,277735,-75806,139.25M,-38.01M,-21.4%,0.21%
889478103,TOL,TOLL BROTHERS INC,0,-279587,0,-38.16M,CLOSE,0%
516544103,LNTH,LANTHEUS HLDGS INC,629806,-344404,69.87M,-38.21M,-35.4%,0.11%
450056106,IRTC,IRHYTHM HOLDINGS INC,273162,-326243,32.49M,-38.81M,-54.4%,0.05%
92763W103,VIPS,VIPSHOP HLDGS LTD,253956,-2934767,3.37M,-38.92M,-92%,<.01%
G491BT108,IVZ,INVESCO LTD,0,-1603062,0,-38.94M,CLOSE,0%
464287655,IWM,ISHARES TR,18700,-129774,5.62M,-38.99M,-87.4%,<.01%
224408104,CR,CRANE COMPANY,251224,-178619,56.04M,-39.84M,-41.6%,0.09%
31620M106,FIS,FIDELITY NATL INFORMATION SV,1299897,-1027702,50.54M,-39.96M,-44.2%,0.08%
020002101,ALL,ALLSTATE CORP,110078,-167977,26.19M,-39.97M,-60.4%,0.04%
67077M108,NTR,NUTRIEN LTD,2269,-639519,141.81K,-39.97M,-99.6%,<.01%
806407102,HSIC,SCHEIN HENRY INC,37402,-482732,3.12M,-40.32M,-92.8%,<.01%
81730H109,S,SENTINELONE INC,3855293,-2387103,65.42M,-40.51M,-38.2%,0.1%
030420103,AWK,AMERICAN WTR WKS CO INC NEW,0,-301182,0,-40.99M,CLOSE,0%
988498101,YUM,YUM BRANDS INC,1309739,-259992,209.37M,-41.56M,-16.6%,0.32%
209115104,ED,CONSOLIDATED EDISON INC,0,-368308,0,-41.69M,CLOSE,0%
737446104,POST,POST HLDGS INC,0,-427198,0,-42.23M,CLOSE,0%
60855R100,MOH,MOLINA HEALTHCARE INC,0,-317560,0,-42.33M,CLOSE,0%
01625V104,ALHC,ALIGNMENT HEALTHCARE INC,0,-2439637,0,-42.99M,CLOSE,0%
483497103,KALV,KALVISTA PHARMACEUTICALS INC,0,-2136940,0,-43.02M,CLOSE,0%
40415F101,HDB,HDFC BANK LTD,68765,-1676756,1.78M,-43.31M,-96.1%,<.01%
594972AJ0,MSTR,STRATEGY INC,7500000,-42500000,7.68M,-43.54M,-85%,0.01%
925652109,VICI,VICI PPTYS INC,639373,-1669190,16.98M,-44.32M,-72.3%,0.03%
031652100,AMKR,AMKOR TECHNOLOGY INC,2477326,-516108,213.62M,-44.5M,-17.2%,0.33%
52603A208,LC,HAPPEN INC,585351,-2162711,12.14M,-44.85M,-78.7%,0.02%
64361Q101,VNOM,VIPER ENERGY INC,466552,-1072761,19.78M,-45.49M,-69.7%,0.03%
36118L106,FUTU,FUTU HLDGS LTD,0,-333545,0,-45.62M,CLOSE,0%
87164F105,SNDX,SYNDAX PHARMACEUTICALS INC,0,-1985547,0,-46.38M,CLOSE,0%
63942X106,NVTS,NAVITAS SEMICONDUCTOR CORP,829116,-2599883,14.86M,-46.59M,-75.8%,0.02%
12008R107,BLDR,BUILDERS FIRSTSOURCE INC,0,-572626,0,-47.14M,CLOSE,0%
466313103,JBL,JABIL INC,525810,-122322,202.69M,-47.15M,-18.9%,0.31%
78475V103,MWH,SOLV ENERGY INC,590476,-1385715,20.11M,-47.18M,-70.1%,0.03%
558868105,MDGL,MADRIGAL PHARMACEUTICALS INC,137029,-88481,73.58M,-47.51M,-39.2%,0.11%
15189T107,CNP,CENTERPOINT ENERGY INC,243100,-1079319,10.71M,-47.53M,-81.6%,0.02%
097023105,BA,BOEING CO,21500,-220182,4.65M,-47.66M,-91.1%,<.01%
76243J105,RYTM,RHYTHM PHARMACEUTICALS INC,414210,-432591,45.99M,-48.03M,-51.1%,0.07%
G4253H101,JHX,JAMES HARDIE INDS PLC,4424035,-1851340,115.82M,-48.47M,-29.5%,0.18%
35671D857,FCX,FREEPORT MCMORAN INC,49300,-780992,3.1M,-49.12M,-94.1%,<.01%
G7496G103,RNR,RENAISSANCERE HLDGS LTD,0,-167336,0,-49.74M,CLOSE,0%
007903107,AMD,ADVANCED MICRO DEVICES INC,1328436,-86220,771.7M,-50.09M,-6.1%,1.2%
92337R101,VERA,VERA THERAPEUTICS INC,40563,-1170162,1.74M,-50.21M,-96.6%,<.01%
358039105,FRPT,FRESHPET INC,0,-858081,0,-50.59M,CLOSE,0%
517834107,LVS,LAS VEGAS SANDS CORP,213383,-1104384,9.86M,-51.01M,-83.8%,0.02%
34631F102,FPS,FORGENT POWER SOLUTIONS INC,644618,-925906,36.01M,-51.72M,-59%,0.06%
603170101,MLYS,MINERALYS THERAPEUTICS INC,0,-1911433,0,-51.78M,CLOSE,0%
632307104,NTRA,NATERA INC,252920,-191279,68.66M,-51.92M,-43.1%,0.1%
131193AE4,CALY,CALLAWAY GOLF CO,0,-53045000,0,-52.98M,CLOSE,0%
290876101,EMA,EMERA INC,0,-1026305,0,-53.12M,CLOSE,0%
N97284108,NBIS,NEBIUS GROUP N.V.,180000,-193881,49.71M,-53.54M,-51.9%,0.08%
860630102,SF,STIFEL FINL CORP,0,-726138,0,-53.68M,CLOSE,0%
252828108,DNTH,DIANTHUS THERAPEUTICS INC,0,-643599,0,-54.01M,CLOSE,0%
40171V100,GWRE,GUIDEWIRE SOFTWARE INC,0,-361983,0,-54.14M,CLOSE,0%
440452100,HRL,HORMEL FOODS CORP,0,-2391217,0,-54.16M,CLOSE,0%
387328107,GVA,GRANITE CONSTR INC,36368,-343586,5.75M,-54.31M,-90.4%,<.01%
26142V105,DKNG,DRAFTKINGS INC NEW,0,-2520675,0,-54.5M,CLOSE,0%
872590104,TMUS,T-MOBILE US INC,1114744,-326911,186.98M,-54.83M,-22.7%,0.29%
759916109,RGEN,REPLIGEN CORP,166157,-403317,22.67M,-55.03M,-70.8%,0.03%
893641100,TDG,TRANSDIGM GROUP INC,500,-41812,666.02K,-55.7M,-98.8%,<.01%
02079K107,GOOG,ALPHABET INC,0,-197493,0,-56.65M,CLOSE,0%
71424F105,PR,PERMIAN RESOURCES CORP,0,-2686834,0,-57.28M,CLOSE,0%
565788AF3,MARA,MARA HOLDINGS INC,52705000,-57000000,53.1M,-57.43M,-52%,0.08%
03027X100,AMT,AMERICAN TOWER CORP,853670,-351642,139.63M,-57.52M,-29.2%,0.21%
172908105,CTAS,CINTAS CORP,180490,-351888,30.7M,-59.85M,-66.1%,0.05%
816851109,SRE,SEMPRA,0,-618059,0,-60.06M,CLOSE,0%
G3323L100,FN,FABRINET,0,-120000,0,-62.58M,CLOSE,0%
064058100,BK,BANK OF NY MELLON CORP,395204,-436696,57.15M,-63.15M,-52.5%,0.09%
552953101,MGM,MGM RESORTS INTERNATIONAL,2922084,-1340165,139.7M,-64.07M,-31.4%,0.21%
23804L103,DDOG,DATADOG INC,227718,-246718,59.29M,-64.24M,-52%,0.09%
233331107,DTE,DTE ENERGY CO,37340,-423593,5.69M,-64.54M,-91.9%,<.01%
372460105,GPC,GENUINE PARTS CO,288693,-550812,34.06M,-64.98M,-65.6%,0.05%
10576N102,BRZE,BRAZE INC,105174,-3004631,2.28M,-65.17M,-96.6%,<.01%
49338L103,KEYS,KEYSIGHT TECHNOLOGIES INC,227535,-186183,79.65M,-65.18M,-45%,0.12%
687793109,OSCR,OSCAR HEALTH INC,799762,-2313909,22.81M,-65.99M,-74.3%,0.03%
N82405106,STLA,STELLANTIS N.V,0,-9359530,0,-66.36M,CLOSE,0%
16679L109,CHWY,CHEWY INC,1887805,-3385153,37.1M,-66.52M,-64.2%,0.06%
25402D102,DOCN,DIGITALOCEAN HLDGS INC,456866,-423772,71.74M,-66.54M,-48.1%,0.11%
219350105,GLW,CORNING INC,20600,-261536,5.26M,-66.8M,-92.7%,<.01%
039483102,ADM,ARCHER DANIELS MIDLAND CO,5224,-879072,399.11K,-67.16M,-99.4%,<.01%
146869102,CVNA,CARVANA CO,0,-214978,0,-67.58M,CLOSE,0%
09061G101,BMRN,BIOMARIN PHARMACEUTICAL INC,0,-1199206,0,-67.74M,CLOSE,0%
G50871105,JAZZ,JAZZ PHARMACEUTICALS PLC,0,-358634,0,-67.8M,CLOSE,0%
868459108,SUPN,SUPERNUS PHARMACEUTICALS,0,-1318555,0,-68.16M,CLOSE,0%
M2029K104,BIRK,BIRKENSTOCK HOLDING PLC,0,-1902618,0,-68.17M,CLOSE,0%
83443Q103,SOLS,SOLSTICE ADVANCED MATLS INC,465747,-773049,41.27M,-68.49M,-62.4%,0.06%
05722G100,BKR,BAKER HUGHES COMPANY,0,-1124692,0,-68.66M,CLOSE,0%
12503M108,CBOE,CBOE GLOBAL MKTS INC,0,-247092,0,-69.45M,CLOSE,0%
58933Y105,MRK,MERCK & CO INC,380081,-540996,48.84M,-69.52M,-58.7%,0.07%
654902204,NOK,NOKIA CORP,10206104,-5274364,135.54M,-70.04M,-34.1%,0.21%
04351PAD3,ASND,ASCENDIS PHARMA A/S,0,-47794000,0,-70.48M,CLOSE,0%
74967X103,RH,RH,212398,-429201,34.99M,-70.7M,-66.9%,0.05%
87612E106,TGT,TARGET CORP,0,-586489,0,-71.08M,CLOSE,0%
594972AS0,MSTR,STRATEGY INC,3000000,-84500000,2.6M,-73.2M,-96.6%,<.01%
607828100,MOD,MODINE MFG CO,0,-340664,0,-73.83M,CLOSE,0%
090043100,BILL,BILL HOLDINGS INC,81726,-2080745,2.96M,-75.24M,-96.2%,<.01%
92277GAZ0,VTR,VENTAS RLTY LTD PARTNERSHIP,0,-50256000,0,-75.32M,CLOSE,0%
55024U109,LITE,LUMENTUM HLDGS INC,4159,-87959,3.57M,-75.47M,-95.5%,<.01%
494368103,KMB,KIMBERLY-CLARK CORP,0,-795624,0,-76.75M,CLOSE,0%
199908104,FIX,COMFORT SYS USA INC,179727,-39505,356.21M,-78.3M,-18%,0.54%
974155103,WING,WINGSTOP INC,268079,-452306,46.49M,-78.43M,-62.8%,0.07%
53626N102,LION,LIONSGATE STUDIOS CORP,108163,-5243463,1.66M,-80.28M,-98%,<.01%
34964C106,FBIN,FORTUNE BRANDS INNOVATIONS I,1657496,-1462765,91M,-80.31M,-46.9%,0.14%
879369106,TFX,TELEFLEX INCORPORATED,0,-677308,0,-81.01M,CLOSE,0%
501242101,KLIC,KULICKE & SOFFA INDS INC,1342415,-627049,179.56M,-83.87M,-31.8%,0.27%
00370M103,ABVX,ABIVAX SA,5028,-632708,670.03K,-84.31M,-99.2%,<.01%
00971T101,AKAM,AKAMAI TECHNOLOGIES INC,2575659,-725156,304.47M,-85.72M,-22%,0.47%
69331C108,PCG,PG&E CORP,3840076,-5109733,64.59M,-85.95M,-57.1%,0.1%
871829107,SYY,SYSCO CORP,1380402,-1037002,115.37M,-86.67M,-42.9%,0.18%
G51502105,JCI,JOHNSON CONTROLS INTERNATION,826718,-593888,120.79M,-86.77M,-41.8%,0.18%
683344105,ONTO,ONTO INNOVATION INC,972161,-231497,367.91M,-87.61M,-19.2%,0.56%
H01301128,ALC,ALCON AG,0,-1167641,0,-87.98M,CLOSE,0%
18915M107,NET,CLOUDFLARE INC,0,-428984,0,-88.52M,CLOSE,0%
14149Y108,CAH,CARDINAL HEALTH INC,0,-420425,0,-88.84M,CLOSE,0%
65249B109,NWSA,NEWS CORP NEW,7623404,-3592238,189.29M,-89.2M,-32%,0.29%
31188V100,FSLY,FASTLY INC,0,-3150321,0,-91.55M,CLOSE,0%
550021109,LULU,LULULEMON ATHLETICA INC,0,-598867,0,-91.69M,CLOSE,0%
231021106,CMI,CUMMINS INC,0,-182698,0,-98.3M,CLOSE,0%
144285103,CRS,CARPENTER TECHNOLOGY CORP,0,-250173,0,-98.61M,CLOSE,0%
166764100,CVX,CHEVRON CORPORATION,452243,-595013,74.96M,-98.63M,-56.8%,0.11%
02079K305,GOOGL,ALPHABET INC,369465,-276255,132.04M,-98.73M,-42.8%,0.2%
G0593M107,AZN,ASTRAZENECA PLC,711547,-522418,134.92M,-99.06M,-42.3%,0.21%
446150104,HBAN,HUNTINGTON BANCSHARES INC,1788861,-5606214,31.72M,-99.4M,-75.8%,0.05%
315616102,FFIV,F5 INC,242125,-240131,100.71M,-99.88M,-49.8%,0.15%
77311W101,RKT,ROCKET COS INC,4661141,-6458280,73.41M,-101.72M,-58.1%,0.11%
532457108,LLY,ELI LILLY & CO,10476,-85290,12.57M,-102.3M,-89.1%,0.02%
174610105,CFG,CITIZENS FINL GROUP INC,347609,-1466327,24.36M,-102.75M,-80.8%,0.04%
256163106,DOCU,DOCUSIGN INC,0,-2239522,0,-106.18M,CLOSE,0%
009066101,ABNB,AIRBNB INC,0,-843683,0,-106.54M,CLOSE,0%
539830109,LMT,LOCKHEED MARTIN CORP,78677,-216606,40.08M,-110.35M,-73.4%,0.06%
15135B101,CNC,CENTENE CORP DEL,682469,-1754423,43.81M,-112.62M,-72%,0.07%
055622104,BP,BP PLC,2303278,-3051453,85.11M,-112.75M,-57%,0.13%
03990B101,ARES,ARES MANAGEMENT CORPORATION,277646,-1014438,30.9M,-112.92M,-78.5%,0.05%
741623102,PRMB,PRIMO BRANDS CORPORATION,3686463,-4682957,90.1M,-114.45M,-56%,0.14%
538034109,LYV,LIVE NATION ENTERTAINMENT IN,0,-751391,0,-114.59M,CLOSE,0%
576323109,MTZ,MASTEC INC,156309,-276749,65.03M,-115.14M,-63.9%,0.1%
15117B202,CLDX,CELLDEX THERAPEUTICS INC NEW,117217,-3112722,4.36M,-115.82M,-96.4%,<.01%
594918104,MSFT,MICROSOFT CORP,31522,-319122,11.76M,-119.04M,-91%,0.02%
874039100,TSM,TAIWAN SEMICONDUCTOR MANUFAC,1603897,-253910,765.97M,-121.26M,-13.7%,1.2%
023135106,AMZN,AMAZON COM INC,4449716,-509268,1.06B,-121.38M,-10.3%,1.6%
717081103,PFE,PFIZER INC,0,-4365063,0,-122.57M,CLOSE,0%
750940108,RAL,RALLIANT CORP,394829,-1684291,29.07M,-124.01M,-81%,0.04%
448579102,H,HYATT HOTELS CORP,0,-866299,0,-124.57M,CLOSE,0%
679295105,OKTA,OKTA INC,1851774,-918967,252.67M,-125.39M,-33.2%,0.39%
458140100,INTC,INTEL CORP,2024595,-923119,282.69M,-128.9M,-31.3%,0.43%
758750103,RRX,REGAL REXNORD CORPORATION,134418,-551177,32.02M,-131.28M,-80.4%,0.05%
72348N109,PNFP,PINNACLE FINL PARTNERS INC,535523,-1309387,54.02M,-132.09M,-71%,0.08%
01741R102,ATI,ATI INC,1240348,-692231,244.47M,-136.44M,-35.8%,0.37%
852234103,XYZ,BLOCK INC,4470306,-1828029,339.74M,-138.93M,-29%,0.52%
60937P106,MDB,MONGODB INC,55762,-418595,18.73M,-140.61M,-88.2%,0.03%
101137107,BSX,BOSTON SCIENTIFIC CORP,365241,-3322074,15.59M,-141.79M,-90.1%,0.02%
832696405,SJM,SMUCKER J M CO,689741,-1290829,77.6M,-145.22M,-65.2%,0.12%
58507V107,MDLN,MEDLINE INC,0,-3304305,0,-147.04M,CLOSE,0%
595017104,MCHP,MICROCHIP TECHNOLOGY INC.,0,-2323949,0,-150.15M,CLOSE,0%
127387108,CDNS,CADENCE DESIGN SYSTEM INC,285000,-401437,106.97M,-150.67M,-58.5%,0.16%
90138F102,TWLO,TWILIO INC,212861,-739018,43.92M,-152.48M,-77.6%,0.07%
22160K105,COST,COSTCO WHOLESALE CORPORATION,0,-155579,0,-155.02M,CLOSE,0%
09062X103,BIIB,BIOGEN INC,88149,-721468,19.05M,-155.88M,-89.1%,0.03%
109641100,EAT,BRINKER INTL INC,0,-1124008,0,-160.47M,CLOSE,0%
009158106,APD,AIR PRODUCTS AND CHEMICALS I,31650,-548918,9.28M,-160.93M,-94.5%,0.01%
171779309,CIEN,CIENA CORP,210516,-334139,103.27M,-163.92M,-61.3%,0.16%
15189TBD8,CNP,CENTERPOINT ENERGY INC,0,-138394000,0,-164.1M,CLOSE,0%
189054109,CLX,CLOROX CO DEL,0,-1592288,0,-165.01M,CLOSE,0%
165167735,EXE,EXPAND ENERGY CORPORATION,0,-1519602,0,-166.82M,CLOSE,0%
55024UAD1,LITE,LUMENTUM HLDGS INC,0,-23659000,0,-167.45M,CLOSE,0%
03753U106,APLS,APELLIS PHARMACEUTICALS INC,0,-4183918,0,-168.32M,CLOSE,0%
172967424,C,CITIGROUP INC,127888,-1244489,17.9M,-174.18M,-90.7%,0.03%
26701L100,BROS,DUTCH BROS INC,328545,-2448696,23.59M,-175.84M,-88.2%,0.04%
143658300,CCL,CARNIVAL CORP,0,-6887847,0,-178.26M,CLOSE,0%
46120E602,ISRG,INTUITIVE SURGICAL INC,167663,-467646,66.68M,-185.97M,-73.6%,0.1%
25809K105,DASH,DOORDASH INC,156610,-1028229,28.9M,-189.74M,-86.8%,0.04%
30303M102,META,META PLATFORMS INC,567833,-340421,319.85M,-191.76M,-37.5%,0.49%
191216100,KO,COCA COLA CO,230079,-2392083,18.7M,-194.4M,-91.2%,0.03%
G93A5A101,VIK,VIKING HOLDINGS LTD,1008832,-1951329,105.59M,-204.25M,-65.9%,0.16%
19247G107,COHR,COHERENT CORP,42993,-537405,16.96M,-211.99M,-92.6%,0.03%
29444U700,EQIX,EQUINIX INC,315371,-219429,328.74M,-228.73M,-41%,0.5%
778296103,ROST,ROSS STORES INC,0,-1098133,0,-237.89M,CLOSE,0%
040413205,ANET,ARISTA NETWORKS INC,5139737,-1405824,873.14M,-238.82M,-21.5%,1.3%
71377A103,PFGC,PERFORMANCE FOOD GROUP CO,110900,-2182644,12.4M,-244M,-95.2%,0.02%
701094104,PH,PARKER-HANNIFIN CORP,0,-272899,0,-244.31M,CLOSE,0%
617446448,MS,MORGAN STANLEY,245395,-1201025,51.3M,-251.06M,-83%,0.08%
595112103,MU,MICRON TECHNOLOGY INC,311683,-255874,359.77M,-295.35M,-45.1%,0.55%
032654105,ADI,ANALOG DEVICES INC,330094,-803817,131.1M,-319.25M,-70.9%,0.2%
958102105,WDC,WESTERN DIGITAL CORP,73593,-550351,47.01M,-351.52M,-88.2%,0.07%
G25457105,CRDO,CREDO TECHNOLOGY GROUP HOLDI,6153132,-1326467,1.67B,-360.73M,-17.7%,2.6%
11135F101,AVGO,BROADCOM INC,1023500,-1242728,386.63M,-469.44M,-54.8%,0.59%
80004C200,SNDK,SANDISK CORP,49692,-326916,112.99M,-743.32M,-86.8%,0.17%
038222105,AMAT,APPLIED MATLS INC,599984,-1117138,433.79M,-807.69M,-65.1%,0.66%
880770102,TER,TERADYNE INC,458710,-1826008,221.94M,-883.5M,-79.9%,0.34%
67066G104,NVDA,NVIDIA CORPORATION,437800,-7146854,87.6M,-1.43B,-94.2%,0.13%
Total,,,,,65.44B,-3.79B,-6.6%,100%
