CUSIP,Ticker,Company,Shares,Delta_Shares,Value,Delta_Value,Delta,Portfolio%
482480100,KLAC,KLA CORP,11656605,10551598,3.52B,3.18B,+954.9%,0.64%
29444U700,EQIX,EQUINIX INC,1239122,1234521,1.29B,1.29B,+26831.6%,0.23%
958102105,WDC,WESTERN DIGITAL CORP,4744377,1841629,3.03B,1.18B,+63.4%,0.55%
09857L108,BKNG,BOOKING HOLDINGS INC,6101866,5869459,1.09B,1.05B,+2525.5%,0.2%
253868103,DLR,DIGITAL RLTY TR INC,4890993,4862814,878.32M,873.26M,+17256.9%,0.16%
828806109,SPG,SIMON PPTY GROUP INC NEW,3604590,3578240,806.17M,800.27M,+13579.7%,0.15%
756109104,O,REALTY INCOME CORP,10354693,10307948,641.58M,638.68M,+22051.4%,0.12%
92826C839,V,VISA INC,15720068,1808496,5.39B,620.48M,+13%,0.98%
80004C200,SNDK,SANDISK CORP,726722,264935,1.65B,602.39M,+57.4%,0.3%
806857108,SLB,SLB LIMITED,10134731,9977804,471.16M,463.87M,+6358.2%,0.09%
573874104,MRVL,MARVELL TECHNOLOGY INC,9120029,1544657,2.72B,460.14M,+20.4%,0.49%
053332102,AZO,AUTOZONE INC,141066,139858,450.84M,446.98M,+11577.6%,0.08%
11135F101,AVGO,BROADCOM INC,40180530,1140598,15.18B,430.86M,+2.9%,2.8%
46284V101,IRM,IRON MTN INC DEL,3193560,3182834,403.38M,402.02M,+29674%,0.07%
871607107,SNPS,SYNOPSYS INC,3087349,892736,1.38B,398.22M,+40.7%,0.25%
438516205,HON,HONEYWELL INTL INC,1687829,1687829,377.9M,377.9M,NEW,0.07%
43849R105,HONA,HONEYWELL AEROSPACE INC,1676062,1676062,370.54M,370.54M,NEW,0.07%
151290889,CX,CEMEX SA EURO MTN BE 144A,28452677,28436254,341.43M,341.24M,+173149%,0.06%
84615Q103,SPCX,SPACE EXPLORATION TECHN CORP,1988875,1988875,339.82M,339.82M,NEW,0.06%
30225T102,EXR,EXTRA SPACE STORAGE INC,2241413,2232225,325.68M,324.34M,+24295%,0.06%
22822V101,CCI,CROWN CASTLE INC,3872994,3852282,293.3M,291.73M,+18599.3%,0.05%
29082A107,EMBJ,EMBRAER S.A.,4554096,4552165,290.55M,290.43M,+235741.3%,0.05%
29476L107,EQR,EQUITY RESIDENTIAL,4335122,4262792,294.48M,289.57M,+5893.5%,0.05%
82509L107,SHOP,SHOPIFY INC,2633169,2482424,300.66M,283.44M,+1646.8%,0.05%
718172109,PM,PHILIP MORRIS INTL INC,6989904,1412478,1.26B,255.53M,+25.3%,0.23%
697435105,PANW,PALO ALTO NETWORKS INC,8778963,706003,2.99B,240.76M,+8.7%,0.54%
81762P102,NOW,SERVICENOW INC,16638071,2362606,1.65B,234.56M,+16.6%,0.3%
297178105,ESS,ESSEX PPTY TR INC,757439,754185,220.86M,219.91M,+23177.2%,0.04%
031162100,AMGN,AMGEN INC,5390910,605928,1.95B,219.42M,+12.7%,0.35%
92343V104,VZ,VERIZON COMMUNICATIONS INC,41173226,5075794,1.74B,214.91M,+14.1%,0.32%
594918104,MSFT,MICROSOFT CORP,64375360,543172,24.01B,202.61M,+0.9%,4.4%
874080104,TAL,TAL ED GROUP,20707024,20704410,198.17M,198.14M,+792058.5%,0.04%
19247G107,COHR,COHERENT CORP,1245516,489048,491.32M,192.91M,+64.6%,0.09%
166764100,CVX,CHEVRON CORPORATION,7504409,1143362,1.24B,189.52M,+18%,0.23%
40415F101,HDB,HDFC BANK LTD,7511024,7218609,194.01M,186.46M,+2468.6%,0.04%
855244109,SBUX,STARBUCKS CORP,8506482,1767530,869.28M,180.62M,+26.2%,0.16%
46187W107,INVH,INVITATION HOMES INC,5971242,5963259,180.39M,180.15M,+74699.5%,0.03%
093712107,BE,BLOOM ENERGY CORP,1327549,583135,401.85M,176.51M,+78.3%,0.07%
146869102,CVNA,CARVANA CO,3325237,2579295,218.87M,169.77M,+345.8%,0.04%
172967424,C,CITIGROUP INC,12467857,1210006,1.75B,169.35M,+10.7%,0.32%
59522J103,MAA,MID-AMER APT CMNTYS INC,1221025,1213390,169.65M,168.59M,+15892.5%,0.03%
532457108,LLY,ELI LILLY & CO,7209385,137364,8.65B,164.76M,+1.9%,1.6%
25179M103,DVN,DEVON ENERGY CORP NEW,7255554,3942368,299.8M,162.9M,+119%,0.05%
36118L106,FUTU,FUTU HLDGS LTD,1715691,1712927,160.83M,160.57M,+61972.8%,0.03%
369604301,GE,GE AEROSPACE,7251603,427820,2.71B,159.89M,+6.3%,0.49%
26614N201,DD,DUPONT DE NEMOURS INC,1166601,1166601,158.24M,158.24M,NEW,0.03%
49446R109,KIM,KIMCO REALTY CORP,6304565,6223902,159.82M,157.78M,+7715.9%,0.03%
758849103,REG,REGENCY CTRS CORP,1953088,1942853,155.74M,154.92M,+18982.4%,0.03%
863667101,SYK,STRYKER CORPORATION,2689376,481175,846.72M,151.49M,+21.8%,0.15%
22160K105,COST,COSTCO WHOLESALE CORPORATION,3068312,160893,2.87B,150.51M,+5.5%,0.52%
171779309,CIEN,CIENA CORP,1145480,293548,561.93M,144M,+34.5%,0.1%
91913Y100,VLO,VALERO ENERGY CORP,2058341,520642,536.07M,135.6M,+33.9%,0.1%
17275R102,CSCO,CISCO SYS INC,43450141,1143106,5.1B,134.27M,+2.7%,0.93%
872540109,TJX,TJX COS INC NEW,12560007,883294,1.9B,133.82M,+7.6%,0.35%
001055102,AFL,AFLAC INC,5201217,1132091,609.84M,132.74M,+27.8%,0.11%
42250P103,DOC,HEALTHPEAK PROPERTIES INC,6217474,6187772,133.05M,132.42M,+20832.8%,0.02%
881624209,TEVA,TEVA PHARMACEUTICAL INDS LTD,3832465,3775221,129.84M,127.9M,+6595%,0.02%
44107P104,HST,HOST HOTELS & RESORTS INC,5323184,5290493,126.21M,125.44M,+16183.3%,0.02%
71654V408,PBR,PETROLEO BRASILEIRO S A,7743207,7736138,125.13M,125.02M,+109437.5%,0.02%
30212P303,EXPE,EXPEDIA GROUP INC,1122837,482049,287.31M,123.35M,+75.2%,0.05%
445658107,JBHT,HUNT J B TRANS SVCS INC,1056398,414837,305.75M,120.07M,+64.7%,0.06%
46429B598,INDA,ISHARES TR,2521129,2403879,124.52M,118.73M,+2050.2%,0.02%
278768AB2,SATS,ECHOSTAR CORP,37000000,37000000,115.53M,115.53M,NEW,0.02%
064058100,BK,BANK OF NY MELLON CORP,8396325,769191,1.21B,111.23M,+10.1%,0.22%
876030107,TPR,TAPESTRY INC,2169602,758915,317.59M,111.09M,+53.8%,0.06%
199908104,FIX,COMFORT SYS USA INC,201945,55938,400.24M,110.87M,+38.3%,0.07%
816850101,SMTC,SEMTECH CORP,842125,672447,136.3M,108.84M,+396.3%,0.02%
36467J108,GLPI,GAMING & LEISURE P,2443672,2442003,108.82M,108.74M,+146315.3%,0.02%
23804L103,DDOG,DATADOG INC,2390512,405272,622.39M,105.52M,+20.4%,0.11%
252131107,DXCM,DEXCOM INC,11261876,1515702,758.49M,102.08M,+15.6%,0.14%
04626A103,ALAB,ASTERA LABS INC,854492,205301,412.74M,99.16M,+31.6%,0.08%
049468101,TEAM,ATLASSIAN CORPORATION,3621603,1252964,281.72M,97.47M,+52.9%,0.05%
373737105,GGB,GERDAU SA,25745217,23936662,104.01M,96.7M,+1323.5%,0.02%
314352105,FDXF,FEDEX FGHT HLDG CO INC,628772,628772,94.94M,94.94M,NEW,0.02%
48553T106,BZ,KANZHUN LIMITED,7298212,7296498,93.93M,93.91M,+425700%,0.02%
30303M102,META,META PLATFORMS INC,12836063,162909,7.23B,91.77M,+1.3%,1.3%
743315103,PGR,PROGRESSIVE CORP,6784205,410326,1.48B,89.64M,+6.4%,0.27%
595017104,MCHP,MICROCHIP TECHNOLOGY INC.,5060528,962362,461.52M,87.77M,+23.5%,0.08%
20825C104,COP,CONOCOPHILLIPS,6805977,840180,707.55M,87.35M,+14.1%,0.13%
55024U109,LITE,LUMENTUM HLDGS INC,501031,101338,429.91M,86.95M,+25.4%,0.08%
169656105,CMG,CHIPOTLE MEXICAN GRILL INC,10845627,2541795,368.75M,86.42M,+30.6%,0.07%
911363109,URI,UNITED RENTALS INC,539121,74008,610.76M,83.84M,+15.9%,0.11%
74340W103,PLD,PROLOGIS INC.,14753884,618467,2B,83.78M,+4.4%,0.36%
958102AT2,WDC,WESTERN DIGITAL CORP,4900000,4900000,82.51M,82.51M,NEW,0.01%
778296103,ROST,ROSS STORES INC,2176560,386520,463.28M,82.27M,+21.6%,0.08%
65339F101,NEE,NEXTERA ENERGY INC,16302084,895824,1.43B,78.63M,+5.8%,0.26%
75513E101,RTX,RTX CORPORATION,8693939,411356,1.65B,78.05M,+5%,0.3%
76155X100,RVMD,REVOLUTION MEDICINES INC,912335,411740,170.86M,77.11M,+82.3%,0.03%
713448108,PEP,PEPSICO INC,11817684,549336,1.6B,74.38M,+4.9%,0.29%
032095101,APH,AMPHENOL CORP,9703604,416388,1.71B,73.42M,+4.5%,0.31%
76131D103,QSR,RESTAURANT BRANDS INTL INC,1173662,994454,85.1M,72.11M,+554.9%,0.02%
781154109,RBRK,RUBRIK INC.,1739658,885144,139.66M,71.06M,+103.6%,0.03%
25278X109,FANG,DIAMONDBACK ENERGY INC,1353016,402004,237.83M,70.66M,+42.3%,0.04%
313745101,FRT,FEDERAL RLTY INVT TR NEW,558833,554438,68.98M,68.44M,+12615.2%,0.01%
55306NAB0,MKSI,MKS INC.,23200000,23200000,68.29M,68.29M,NEW,0.01%
87612E106,TGT,TARGET CORP,4514522,514155,589.64M,67.15M,+12.9%,0.11%
58733R102,MELI,MERCADOLIBRE INC,533816,38871,906.09M,65.98M,+7.9%,0.16%
10806XAJ1,,BRIDGEBIO PHARMA INC,38700000,38700000,65.09M,65.09M,NEW,0.01%
450056AB2,IRTC,IRHYTHM HOLDINGS INC,59300000,59300000,65.02M,65.02M,NEW,0.01%
465741AQ9,ITRI,ITRON INC,65270000,65270000,65.01M,65.01M,NEW,0.01%
462222AF7,IONS,IONIS PHARMACEUTICALS INC,41100000,41100000,63.89M,63.89M,NEW,0.01%
26210CAD6,DBX,DROPBOX INC,62700000,62700000,63.3M,63.3M,NEW,0.01%
682189AS4,ON,ON SEMICONDUCTOR CORP,34500000,34500000,62.75M,62.75M,NEW,0.01%
65339KCY4,NEEPRI,NEXTERA ENERGY CAP HLDGS INC,47750000,47750000,62.72M,62.72M,NEW,0.01%
03831W108,APP,APPLOVIN CORP,1735471,121605,894.17M,62.65M,+7.5%,0.16%
443201108,HWM,HOWMET AEROSPACE INC,3074688,232619,826.66M,62.54M,+8.2%,0.15%
502431109,LHX,L3HARRIS TECHNOLOGIES INC,824725,213386,239.66M,62.01M,+34.9%,0.04%
58507V107,MDLN,MEDLINE INC,2829363,1561083,111.59M,61.57M,+123.1%,0.02%
125896BX7,CMS,CMS ENERGY CORP,55100000,55100000,61.46M,61.46M,NEW,0.01%
315616102,FFIV,F5 INC,726844,144534,302.34M,60.12M,+24.8%,0.05%
41068X100,HASI,HA SUSTAINABLE INFRA CAP INC,1534959,1530079,59.94M,59.75M,+31354.1%,0.01%
74144T108,TROW,PRICE T ROWE GROUP INC,3150561,524544,358.19M,59.64M,+20%,0.07%
64110D104,NTAP,NETAPP INC,4444057,383701,687.76M,59.38M,+9.4%,0.13%
40131MAD1,GH,GUARDANT HEALTH INC,23600000,23600000,59.3M,59.3M,NEW,0.01%
316773100,FITB,FIFTH THIRD BANCORP,7384087,1049520,416.24M,59.16M,+16.6%,0.08%
70202LAD4,PSN,PARSONS CORP DEL,58650000,58650000,57.7M,57.7M,NEW,0.01%
16411R208,LNG,CHENIERE ENERGY INC,2135088,239680,510.31M,57.29M,+12.6%,0.09%
14174T107,CTRE,CARETRUST REIT INC,1411896,1407893,56.97M,56.81M,+35170.9%,0.01%
55087PAD6,LYFT,LYFT INC,53800000,53800000,56.33M,56.33M,NEW,0.01%
461202103,INTU,INTUIT,3334328,215814,870.26M,56.33M,+6.9%,0.16%
21873S108,CRWV,COREWEAVE INC,1415103,555999,140.86M,55.34M,+64.7%,0.03%
76169C100,REXR,REXFORD INDL RLTY INC,1654665,1650693,55.43M,55.3M,+41558.2%,0.01%
56585A102,MPC,MARATHON PETE CORP,1508489,215686,385.68M,55.14M,+16.7%,0.07%
665531AJ8,NOG,NORTHERN OIL & GAS INC,56840000,56840000,54.32M,54.32M,NEW,<.01%
398182303,AHR,AMERICAN HEALTHCARE REIT INC,1030254,1028580,53.73M,53.64M,+61444.4%,<.01%
02079K404,ABE2.F,ALPHABET INC,1040000,1040000,52.93M,52.93M,NEW,<.01%
98419M100,XYL,XYLEM INC,4274761,440210,505.32M,52.04M,+11.5%,0.09%
01609W102,BABA,ALIBABA GROUP HLDG LTD,6068788,533973,582.48M,51.25M,+9.6%,0.11%
44332N106,HTHT,H WORLD GROUP LTD,1216507,1214004,50.75M,50.65M,+48502%,<.01%
78377T107,RHP,RYMAN HOSPITALITY PPTYS INC,387804,385625,49.85M,49.57M,+17697.3%,<.01%
983793100,XPO,XPO INC,538066,240261,110.46M,49.32M,+80.7%,0.02%
842587107,SO,SOUTHERN CO,5681674,508149,543.79M,48.63M,+9.8%,0.1%
32054K103,FR,FIRST INDL RLTY TR INC,786503,783635,48.22M,48.04M,+27323.4%,<.01%
37637K108,GTLB,GITLAB INC,1987553,1558625,60.68M,47.58M,+363.4%,0.01%
01609WBG6,BABA,ALIBABA GROUP HLDG LTD,48381000,38381000,57.07M,45.27M,+383.8%,0.01%
554382101,MAC,MACERICH CO,1807253,1796223,45.52M,45.25M,+16284.9%,<.01%
72348N109,PNFP,PINNACLE FINL PARTNERS INC,452150,448268,45.61M,45.22M,+11547.3%,<.01%
204448104,BVN,COMPANIA DE MINAS BUENAVENTU,1515311,1515311,44.38M,44.38M,NEW,<.01%
171340102,CHD,CHURCH & DWIGHT CO INC,2925749,457445,283.45M,44.32M,+18.5%,0.05%
46625H100,JPM,JPMORGAN CHASE & CO,18833413,134634,6.16B,44.07M,+0.7%,1.1%
88579Y101,MMM,3M CO,3935534,270458,637.2M,43.79M,+7.4%,0.12%
48268K101,KT,KT CORP,2488428,2482714,43M,42.9M,+43449.7%,<.01%
46434G772,EWT,ISHARES INC,453195,389833,49.22M,42.34M,+615.2%,<.01%
651639106,NEM,NEWMONT CORP,8289435,452674,774.23M,42.28M,+5.8%,0.14%
400506101,PAC,GRUPO AEROPORTUNARIO DEL PAC,165997,165818,42.02M,41.98M,+92635.8%,<.01%
88146M101,TRNO,TERRENO RLTY CORP,646088,642751,41.85M,41.63M,+19261.3%,<.01%
500688AH9,KOS,KOSMOS ENERGY LTD,54600000,54600000,40.76M,40.76M,NEW,<.01%
42226K105,HR,HEALTHCARE RLTY TR,1998790,1995474,40.32M,40.25M,+60177.1%,<.01%
617446448,MS,MORGAN STANLEY,11206144,188296,2.34B,39.36M,+1.7%,0.43%
717081103,PFE,PFIZER INC,36157306,1634374,870.67M,39.36M,+4.7%,0.16%
209115104,ED,CONSOLIDATED EDISON INC,4847672,353000,536.3M,39.05M,+7.9%,0.1%
15135B101,CNC,CENTENE CORP DEL,5517580,608249,354.17M,39.04M,+12.4%,0.06%
922280AD4,VRNS,VARONIS SYS INC,39595000,39595000,38.31M,38.31M,NEW,<.01%
29670E107,EPRT,ESSENTIAL PPTYS RLTY TR INC,1263798,1255229,37.72M,37.47M,+14648.5%,<.01%
243537107,DECK,DECKERS OUTDOOR CORP,2116595,374923,210.16M,37.23M,+21.5%,0.04%
693718108,PCAR,PACCAR INC,3424315,305215,411.33M,36.66M,+9.8%,0.07%
771049103,RBLX,ROBLOX CORP,3521459,670628,191.5M,36.47M,+23.5%,0.03%
576323109,MTZ,MASTEC INC,403709,87560,167.97M,36.43M,+27.7%,0.03%
20441A102,SBS,COMPANHIA DE SANEAMENTO BASI,7855000,6273638,45.4M,36.26M,+396.7%,<.01%
172573107,CRCL,CIRCLE INTERNET GROUP INC,630407,571637,39.48M,35.8M,+972.7%,<.01%
773121108,RKLB,ROCKET LAB CORP,2737451,352094,278.26M,35.79M,+14.8%,0.05%
737446104,POST,POST HLDGS INC,549985,404775,48.54M,35.73M,+278.8%,<.01%
053484101,AVB,AVALONBAY CMNTYS INC,1928458,188306,363.88M,35.53M,+10.8%,0.07%
142339100,CSL,CARLISLE COS INC,525177,97326,190.51M,35.31M,+22.7%,0.03%
222795502,CUZ,COUSINS PPTYS INC,1163079,1161072,34.87M,34.81M,+57851.1%,<.01%
71844V201,PECO,PHILLIPS EDISON & CO INC,836830,834250,34.83M,34.72M,+32335.3%,<.01%
04280AAC4,,ARROWHEAD PHARMACEUTICALS IN,29000000,29000000,34.62M,34.62M,NEW,<.01%
55024UAH2,LITE,LUMENTUM HLDGS INC,2800000,2800000,34.42M,34.42M,NEW,<.01%
42824C109,HPE,HEWLETT PACKARD ENTERPRISE C,13088774,756972,590.43M,34.15M,+6.1%,0.11%
192108504,CDE,COEUR MNG INC,4789250,2043281,78.16M,33.35M,+74.4%,0.01%
147528103,CASY,CASEYS GEN STORES INC,149509,40944,118.83M,32.54M,+37.7%,0.02%
670346105,NUE,NUCOR CORP,1277389,146048,284.54M,32.53M,+12.9%,0.05%
084670702,BRK.B,BERKSHIRE HATHAWAY INC DEL,8910509,64981,4.46B,32.52M,+0.7%,0.81%
302130109,EXPD,EXPEDITORS INTL WASH INC,2155313,195351,351.27M,31.84M,+10%,0.06%
04016X101,ARGX,ARGENX SE,61312,33806,56.88M,31.36M,+122.9%,0.01%
74743L100,Q,QNITY ELECTRONICS INC,1488828,190221,243.14M,31.06M,+14.6%,0.04%
679580100,ODFL,OLD DOMINION FREIGHT LINE IN,1114345,142809,241.37M,30.93M,+14.7%,0.04%
03027X100,AMT,AMERICAN TOWER CORP,4526261,186767,740.36M,30.55M,+4.3%,0.13%
98389B100,XEL,XCEL ENERGY INC,3103309,380438,249.2M,30.55M,+14%,0.05%
278768106,SATS,ECHOSTAR CORP,787228,289251,79.9M,29.36M,+58.1%,0.01%
74624M102,P,EVERPURE INC,3135796,368807,247.07M,29.06M,+13.3%,0.04%
053015103,ADP,AUTOMATIC DATA PROCESSING IN,4251447,129376,952.11M,28.97M,+3.1%,0.17%
256746108,DLTR,DOLLAR TREE INC,1450333,237789,175.42M,28.76M,+19.6%,0.03%
29084Q100,EME,EMCOR GROUP INC,416734,34358,345.84M,28.51M,+9%,0.06%
59156R108,MET,METLIFE INC,6026518,336794,509.9M,28.5M,+5.9%,0.09%
00773J202,SYRE,SPYRE THERAPEUTICS INC,522071,314757,46.35M,27.94M,+151.8%,<.01%
60937P106,MDB,MONGODB INC,1167644,83101,392.21M,27.91M,+7.7%,0.07%
03769M106,APO,APOLLO GLOBAL MGMT INC,5657781,234517,669.37M,27.75M,+4.3%,0.12%
00206R102,T,AT&T INC,55616152,1336556,1.15B,27.67M,+2.5%,0.21%
98138H101,WDAY,WORKDAY INC,2359481,224610,288.85M,27.5M,+10.5%,0.05%
494368103,KMB,KIMBERLY-CLARK CORP,3116768,249832,342.13M,27.42M,+8.7%,0.06%
46222L108,IONQ,IONQ INC,1632290,506191,86.94M,26.96M,+45%,0.02%
00287Y109,ABBV,ABBVIE INC,14267697,106091,3.59B,26.7M,+0.7%,0.65%
573284106,MLM,MARTIN MARIETTA MATLS INC,386046,46228,222.63M,26.66M,+13.6%,0.04%
776696106,ROP,ROPER TECHNOLOGIES INC,1367260,78713,462.67M,26.64M,+6.1%,0.08%
74251V102,PFG,PRINCIPAL FINANCIAL GROUP IN,2216125,244550,238.85M,26.36M,+12.4%,0.04%
46266C105,IQV,IQVIA HLDGS INC,1634264,134997,315.77M,26.08M,+9%,0.06%
03073E105,COR,CENCORA INC,1708377,91814,483.44M,25.98M,+5.7%,0.09%
88034P109,TME,TENCENT MUSIC ENTMT GROUP,3112509,3111443,25.99M,25.98M,+291880.2%,<.01%
518439104,EL,LAUDER ESTEE COS INC,2519468,324894,198.91M,25.65M,+14.8%,0.04%
443510607,HUBB,HUBBELL INC,396222,48348,207.3M,25.3M,+13.9%,0.04%
78440X887,SLG,SL GREEN RLTY CORP,480634,477616,24.88M,24.73M,+15825.6%,<.01%
701094104,PH,PARKER-HANNIFIN CORP,1032942,25167,1.01B,24.62M,+2.5%,0.18%
336433107,FSLR,FIRST SOLAR INC,1535836,100694,362.4M,23.76M,+7%,0.07%
857477103,STT,STATE STR CORP,2962274,137798,502.4M,23.37M,+4.9%,0.09%
529043408,LXP,LXP INDUSTRIAL TRUST,434516,433325,23.41M,23.35M,+36383.3%,<.01%
38059T106,GFI,GOLD FIELDS LTD,697384,693976,23.43M,23.31M,+20363.1%,<.01%
34631F102,FPS,FORGENT POWER SOLUTIONS INC,413941,413941,23.12M,23.12M,NEW,<.01%
92276F100,VTR,VENTAS INC,4981404,258859,442.35M,22.99M,+5.5%,0.08%
126408103,CSX,CSX CORP,13545422,479630,643.81M,22.8M,+3.7%,0.12%
58155Q103,MCK,MCKESSON CORP,922573,29747,697.1M,22.48M,+3.3%,0.13%
77311W101,RKT,ROCKET COS INC,5259006,1418660,82.83M,22.34M,+36.9%,0.02%
466313103,JBL,JABIL INC,720472,57506,277.73M,22.17M,+8.7%,0.05%
629377508,NRG,NRG ENERGY INC,1573054,150096,229.76M,21.92M,+10.5%,0.04%
632307104,NTRA,NATERA INC,833376,80440,226.22M,21.84M,+10.7%,0.04%
90138F102,TWLO,TWILIO INC,1575474,101699,325.07M,20.98M,+6.9%,0.06%
45168D104,IDXX,IDEXX LABS INC,911489,39700,479.84M,20.9M,+4.6%,0.09%
883203101,TXT,TEXTRON INC,954138,227607,87.52M,20.88M,+31.3%,0.02%
231561101,CW,CURTISS WRIGHT CORP,177023,27441,134.14M,20.79M,+18.3%,0.02%
45378A106,IRT,INDEPENDENCE RLTY TR INC,1247662,1243355,20.82M,20.75M,+28868.2%,<.01%
477839104,JBTM,JBT MAREL CORPORATION,1818441,143049,263.67M,20.74M,+8.5%,0.05%
74834L100,DGX,QUEST DIAGNOSTICS INC,942407,95804,199.74M,20.31M,+11.3%,0.04%
23331A109,DHI,D R HORTON INC,2903786,122434,472.97M,19.94M,+4.4%,0.09%
910047109,UAL,UNITED AIRLS HLDGS INC,959281,146328,130.45M,19.9M,+18%,0.02%
21037T109,CEG,CONSTELLATION ENERGY CORP,1679952,79604,417.25M,19.77M,+5%,0.08%
00217D100,ASTS,AST SPACEMOBILE INC,1064932,219765,94.63M,19.53M,+26%,0.02%
607828100,MOD,MODINE MFG CO,193619,72253,51.7M,19.29M,+59.5%,<.01%
882681109,TXRH,TEXAS ROADHOUSE INC,218773,97968,42.27M,18.93M,+81.1%,<.01%
059460303,BBD,BANCO BRADESCO S A,5391017,5353971,18.71M,18.58M,+14452.2%,<.01%
29364G103,ETR,ENTERGY CORP NEW,3941157,161411,452.68M,18.54M,+4.3%,0.08%
901109108,TPC,TUTOR PERINI CORP,304438,223057,25.26M,18.51M,+274.1%,<.01%
65290E101,NXT,NEXTPOWER INC,439844,154365,52.4M,18.39M,+54.1%,<.01%
237194105,DRI,DARDEN RESTAURANTS INC,685636,89157,141.25M,18.37M,+14.9%,0.03%
127387108,CDNS,CADENCE DESIGN SYSTEM INC,3385655,48937,1.27B,18.37M,+1.5%,0.23%
98421MAE6,XRX,XEROX HOLDINGS CORP,53200000,53200000,18.26M,18.26M,NEW,<.01%
15189T107,CNP,CENTERPOINT ENERGY INC,3574564,413363,157.42M,18.2M,+13.1%,0.03%
68389X105,ORCL,ORACLE CORP,14680278,123294,2.15B,18.07M,+0.8%,0.39%
700517105,PK,PARK HOTELS & RESORTS INC,1260215,1252144,17.96M,17.84M,+15514.1%,<.01%
35969L108,YMM,FULL TRUCK ALLIANCE CO LTD,2179182,2179182,17.69M,17.69M,NEW,<.01%
53566V106,LINE,LINEAGE INC,398385,398371,17.23M,17.23M,+2845507.1%,<.01%
94106B101,WCN,WASTE CONNECTIONS INC,1367325,100592,227.92M,16.77M,+7.9%,0.04%
46124J201,IVT,INVENTRUST PPTYS CORP,471366,468964,16.69M,16.6M,+19523.9%,<.01%
58463J304,MPT,MEDICAL PROPERTIES TRUST INC,3539997,3538822,16.35M,16.35M,+301176.3%,<.01%
739128106,POWL,POWELL INDS INC,81723,56901,23.4M,16.29M,+229.2%,<.01%
92790CAB0,,VIRIDIAN THERAPEUTICS INC,15075000,15075000,16.15M,16.15M,NEW,<.01%
35086T109,FCPT,FOUR CORNERS PPTY TR INC,653820,649702,16.05M,15.95M,+15777.1%,<.01%
294429105,EFX,EQUIFAX INC,1192831,99670,189.33M,15.82M,+9.1%,0.03%
03990B101,ARES,ARES MANAGEMENT CORPORATION,1148389,138091,127.83M,15.37M,+13.7%,0.02%
02043Q107,ALNY,ALNYLAM PHARMACEUTICALS INC,727848,50329,219.1M,15.15M,+7.4%,0.04%
459200101,IBM,INTERNATIONAL BUSINESS MACHS,7621512,53388,2.14B,15.01M,+0.7%,0.39%
615369105,MCO,MOODYS CORP,1420099,33024,643.19M,14.96M,+2.4%,0.12%
525327102,LDOS,LEIDOS HOLDINGS INC,1004347,144716,103.42M,14.9M,+16.8%,0.02%
860630102,SF,STIFEL FINL CORP,623009,212819,43.47M,14.85M,+51.9%,<.01%
87305R109,TTMI,TTM TECHNOLOGIES INC,259306,79341,48.5M,14.84M,+44.1%,<.01%
00827B106,AFRM,AFFIRM HLDGS INC,1245563,181327,101.58M,14.79M,+17%,0.02%
601137102,MRP,MILLROSE PPTYS INC,714922,491590,21.48M,14.77M,+220.1%,<.01%
75524B104,RBC,RBC BEARINGS INC,78430,22721,50.51M,14.63M,+40.8%,<.01%
92532F100,VRTX,VERTEX PHARMACEUTICALS INC,3086683,29287,1.53B,14.55M,+1%,0.28%
01741R102,ATI,ATI INC,428271,73534,84.41M,14.49M,+20.7%,0.02%
278865100,ECL,ECOLAB INC,3617425,51712,1.01B,14.41M,+1.5%,0.18%
902252105,TYL,TYLER TECHNOLOGIES INC,400775,48832,117.21M,14.28M,+13.9%,0.02%
056752108,BIDU,BAIDU INC,123526,122887,14.12M,14.04M,+19231.1%,<.01%
631103108,NDAQ,NASDAQ INC,3884101,177114,306.14M,13.96M,+4.8%,0.06%
866966104,SUNB,SUNBELT RENTALS HOLDINGS INC,191087,184187,14.3M,13.78M,+2669.4%,<.01%
36168Q104,GFL,GFL ENVIRONMENTAL INC,372572,371823,13.71M,13.68M,+49642.6%,<.01%
192446102,CTSH,COGNIZANT TECHNOLOGY SOLUTIO,4770568,351990,184.76M,13.63M,+8%,0.03%
902973304,USB,US BANCORP,12754537,224118,770.37M,13.54M,+1.8%,0.14%
88262P102,TPL,TEXAS PACIFIC LAND CORPORATI,477430,30911,208.94M,13.53M,+6.9%,0.04%
61174X109,MNST,MONSTER BEVERAGE CORP NEW,5709532,139686,548.8M,13.43M,+2.5%,0.1%
25746U109,D,DOMINION ENERGY INC,4288973,196250,292.89M,13.4M,+4.8%,0.05%
47215PAJ5,JD,JD.COM INC,13640000,13640000,13.38M,13.38M,NEW,<.01%
191216100,KO,COCA COLA CO,36354414,162097,2.95B,13.17M,+0.4%,0.54%
69007J304,OUT,OUTFRONT MEDIA INC,404607,401795,13.25M,13.16M,+14288.6%,<.01%
219948106,CPAY,CORPAY INC,384395,39313,128.11M,13.1M,+11.4%,0.02%
67103H107,ORLY,OREILLY AUTOMOTIVE INC,9329667,141915,859.17M,13.07M,+1.5%,0.16%
457669307,INSM,INSMED INC,1335071,120046,142.35M,12.8M,+9.9%,0.03%
754730109,RJF,RAYMOND JAMES FINL INC,1502772,83031,228.47M,12.62M,+5.8%,0.04%
12503M108,CBOE,CBOE GLOBAL MKTS INC,987606,51784,239.66M,12.57M,+5.5%,0.04%
539830109,LMT,LOCKHEED MARTIN CORP,442917,23953,225.65M,12.2M,+5.7%,0.04%
267475101,DY,DYCOM INDS INC,87046,23219,44.01M,11.74M,+36.4%,<.01%
86800U302,SMCI,SUPER MICRO COMPUTER INC,4158896,397257,121.98M,11.65M,+10.6%,0.02%
883556102,TMO,THERMO FISHER SCIENTIFIC INC,2472524,22827,1.24B,11.44M,+0.9%,0.23%
19260Q107,COIN,COINBASE GLOBAL INC,1208557,76096,176.68M,11.12M,+6.7%,0.03%
55354G100,MSCI,MSCI INC,397854,19691,222.81M,11.03M,+5.2%,0.04%
92840M102,VST,VISTRA CORP,1639022,69369,260M,11M,+4.4%,0.05%
722304102,PDD,PDD HOLDINGS INC,8726228,143225,665.64M,10.93M,+1.7%,0.12%
81730H109,S,SENTINELONE INC,4439412,641962,75.34M,10.89M,+16.9%,0.01%
92345Y106,VRSK,VERISK ANALYTICS INC,1478422,60420,265.42M,10.85M,+4.3%,0.05%
03076C106,AMP,AMERIPRISE FINL INC,817247,22819,374.92M,10.47M,+2.9%,0.07%
318672706,FBP,FIRST BANCORP CORPORATION,404653,401457,10.55M,10.47M,+12561.2%,<.01%
012653101,ALB,ALBEMARLE CORP,373918,75934,50.49M,10.25M,+25.5%,<.01%
859241101,STRL,STERLING INFRASTRUCTURE INC,77725,12096,65.24M,10.15M,+18.4%,0.01%
008474108,AEM,AGNICO EAGLE MINES LTD,70119,65121,10.88M,10.1M,+1302.9%,<.01%
02079K602,ABE1.F,ALPHABET INC,200000,200000,10.06M,10.06M,NEW,<.01%
45167R104,IEX,IDEX CORP,767472,43883,174.18M,9.96M,+6.1%,0.03%
30214U102,EXPO,EXPONENT INC,271842,167484,15.97M,9.84M,+160.5%,<.01%
24477V105,DFTX,DEFINIUM THERAPEUTICS INC,211183,208770,9.93M,9.82M,+8651.9%,<.01%
502175102,LTC,LTC PPTYS INC,256313,254633,9.86M,9.79M,+15156.7%,<.01%
406216101,HAL,HALLIBURTON CO,5176295,286795,175.74M,9.74M,+5.9%,0.03%
693475105,PNC,PNC FINL SVCS GROUP INC,3607786,39112,888.31M,9.63M,+1.1%,0.16%
22052L104,CTVA,CORTEVA INC,3903828,113564,330.62M,9.62M,+3%,0.06%
374297109,GTY,GETTY RLTY CORP NEW,289066,287689,9.64M,9.6M,+20892.4%,<.01%
85208M102,SFM,SPROUTS FMRS MKT INC,1464015,111574,123.83M,9.44M,+8.2%,0.02%
379378201,GNL,GLOBAL NET LEASE INC,1047510,1039066,9.36M,9.29M,+12305.4%,<.01%
925652109,VICI,VICI PPTYS INC,10699040,349262,284.06M,9.27M,+3.4%,0.05%
929740108,WAB,WABTEC,1424945,33942,384.17M,9.15M,+2.4%,0.07%
92939U106,WEC,WEC ENERGY GROUP INC,1644319,78168,192.01M,9.13M,+5%,0.03%
25402D102,DOCN,DIGITALOCEAN HLDGS INC,188714,56527,29.63M,8.88M,+42.8%,<.01%
40090E106,CIB,GRUPO CIBEST SA,110543,110458,8.78M,8.77M,+129950.6%,<.01%
65473P105,NI,NISOURCE INC,4381989,183321,208.36M,8.72M,+4.4%,0.04%
039483102,ADM,ARCHER DANIELS MIDLAND CO,2875370,112980,219.68M,8.63M,+4.1%,0.04%
464287234,EEM,ISHARES TR,146418,124978,10.02M,8.55M,+582.9%,<.01%
30034W106,EVRG,EVERGY INC,1160181,96765,100.27M,8.36M,+9.1%,0.02%
655663102,NDSN,NORDSON CORP,296017,27608,89.31M,8.33M,+10.3%,0.02%
687604108,ORKA,ORUKA THERAPEUTICS INC,104310,87408,9.93M,8.32M,+517.1%,<.01%
496902404,KGC,KINROSS GOLD CORP,358559,351855,8.47M,8.31M,+5248.4%,<.01%
925550105,VIAV,VIAVI SOLUTIONS INC,625242,173803,29.86M,8.3M,+38.5%,<.01%
410120109,HWC,HANCOCK WHITNEY CORPORATION,305420,108723,22.82M,8.12M,+55.3%,<.01%
928254101,VIRT,VIRTU FINL INC,323479,134251,19.27M,8M,+70.9%,<.01%
45579U109,INDV,INDIVIOR PHARMACEUTICALS INC,194687,193237,7.99M,7.93M,+13326.7%,<.01%
05464T104,AXSM,AXSOME THERAPEUTICS INC.,127178,32241,31.13M,7.89M,+34%,<.01%
94106L109,WM,WASTE MGMT INC DEL,3121427,35322,695.7M,7.87M,+1.1%,0.13%
37045V100,GM,GENERAL MTRS CO,8559990,101885,659.8M,7.85M,+1.2%,0.12%
03823U102,AAOI,APPLIED OPTOELECTRONICS INC,158204,52728,23.44M,7.81M,+50%,<.01%
018802108,LNT,ALLIANT ENERGY CORP,1289116,102357,98.35M,7.81M,+8.6%,0.02%
57667L107,MTCH,MATCH GROUP INC NEW,1372344,203959,52.22M,7.76M,+17.5%,<.01%
464287655,IWM,ISHARES TR,143441,25561,43.1M,7.68M,+21.7%,<.01%
024013104,AAT,AMERICAN ASSETS TR INC,313371,310078,7.74M,7.66M,+9416.3%,<.01%
04302A104,AIP,ARTERIS INC,157891,156608,7.67M,7.61M,+12206.4%,<.01%
69351T106,PPL,PPL CORP,3157814,208820,114.79M,7.59M,+7.1%,0.02%
02209S103,MO,ALTRIA GROUP INC,6134502,104588,441.38M,7.53M,+1.7%,0.08%
22266T109,CPNG,COUPANG INC,1788579,425820,31.07M,7.4M,+31.2%,<.01%
872590104,TMUS,T-MOBILE US INC,4076380,43783,683.73M,7.34M,+1.1%,0.12%
46590V100,JBGS,JBG SMITH PPTYS,499722,496696,7.33M,7.29M,+16414.3%,<.01%
92343E102,VRSN,VERISIGN INC,665087,28928,167.31M,7.28M,+4.5%,0.03%
053807103,AVT,AVNET INC,364575,81446,32.38M,7.23M,+28.8%,<.01%
79589L106,IOT,SAMSARA INC,1948568,222273,63.19M,7.21M,+12.9%,0.01%
144285103,CRS,CARPENTER TECHNOLOGY CORP,234367,11655,144.57M,7.19M,+5.2%,0.03%
233331107,DTE,DTE ENERGY CO,856033,47172,130.43M,7.19M,+5.8%,0.02%
09073M104,TECH,BIO-TECHNE CORP,540944,101571,38.22M,7.18M,+23.1%,<.01%
29362U104,ENTG,ENTEGRIS INC,716170,38873,128.81M,6.99M,+5.7%,0.02%
110122108,BMY,BRISTOL-MYERS SQUIBB CO,22839010,119690,1.32B,6.9M,+0.5%,0.24%
82982T106,SITM,SITIME CORP,51949,9241,38.73M,6.89M,+21.6%,<.01%
682189105,ON,ON SEMICONDUCTOR CORP,3575995,72761,338.07M,6.88M,+2.1%,0.06%
00108J109,ACMR,ACM RESH INC,146414,54171,18.58M,6.87M,+58.7%,<.01%
75734B100,RDDT,REDDIT INC,481893,39540,83.65M,6.86M,+8.9%,0.02%
75960P104,RELY,REMITLY GLOBAL INC,640945,302336,14.36M,6.78M,+89.3%,<.01%
718546104,PSX,PHILLIPS 66,2361396,39747,399.19M,6.72M,+1.7%,0.07%
47215P106,JD,JD.COM INC,265839,263130,6.77M,6.7M,+9713.2%,<.01%
464287499,IWR,ISHARES TR,435907,60023,48.09M,6.62M,+16%,<.01%
52490G102,LEGN,LEGEND BIOTECH CORP,228229,228229,6.59M,6.59M,NEW,<.01%
88080T104,WULF,TERAWULF INC,753721,266607,18.62M,6.59M,+54.7%,<.01%
45866F104,ICE,INTERCONTINENTAL EXCHANGE IN,5298162,52910,652.26M,6.51M,+1%,0.12%
78464A391,EBND,SPDR SERIES TRUST,311003,309492,6.51M,6.47M,+20482.6%,<.01%
750917106,RMBS,RAMBUS INC DEL,289022,48416,38.36M,6.43M,+20.1%,<.01%
30040W108,ES,EVERSOURCE ENERGY,6620413,88163,478.46M,6.37M,+1.3%,0.09%
92338C103,VLTO,VERALTO CORP,2865340,71335,254.1M,6.33M,+2.6%,0.05%
55261F104,MTB,M & T BK CORP,1060517,26486,252.41M,6.3M,+2.6%,0.05%
09260D107,BX,BLACKSTONE INC,4353274,52755,512.25M,6.21M,+1.2%,0.09%
369550108,GD,GENERAL DYNAMICS CORP,699169,17463,247.67M,6.19M,+2.6%,0.05%
760759100,RSG,REPUBLIC SVCS INC,2132434,28996,454.38M,6.18M,+1.4%,0.08%
53115L104,LBRT,LIBERTY ENERGY INC,515803,234123,13.51M,6.13M,+83.1%,<.01%
880770102,TER,TERADYNE INC,1978124,12659,957.1M,6.12M,+0.6%,0.17%
427866108,HSY,HERSHEY CO,1120257,34873,196.55M,6.12M,+3.2%,0.04%
049560105,ATO,ATMOS ENERGY CORP,1098374,34696,189.22M,5.98M,+3.3%,0.03%
125896100,CMS,CMS ENERGY CORP,3186256,77402,243.75M,5.92M,+2.5%,0.04%
15202L107,CSR,CENTERSPACE,106053,105367,5.96M,5.92M,+15359.6%,<.01%
91307C102,UTHR,UNITED THERAPEUTICS CORP DEL,218164,10855,118.21M,5.88M,+5.2%,0.02%
448579102,H,HYATT HOTELS CORP,184019,30247,35.67M,5.86M,+19.7%,<.01%
00766T100,ACM,AECOM,3565323,83360,248.86M,5.82M,+2.4%,0.05%
44812J104,HUT,HUT 8 CORP,211681,50360,24.44M,5.81M,+31.2%,<.01%
36162J106,GEO,GEO GROUP INC,200479,196739,5.92M,5.81M,+5260.4%,<.01%
892672106,TW,TRADEWEB MKTS INC,753188,58109,75.06M,5.79M,+8.4%,0.01%
292104106,ESRT,EMPIRE ST RLTY TR INC,1067924,1067101,5.78M,5.77M,+129659.9%,<.01%
10806X102,BBIO,BRIDGEBIO PHARMA INC,479758,76810,35.73M,5.72M,+19.1%,<.01%
576690101,MTRN,MATERION CORP,61472,18926,18.28M,5.63M,+44.5%,<.01%
007973100,AEIS,ADVANCED ENERGY INDS,113729,15045,42.41M,5.61M,+15.2%,<.01%
40434L105,HPQ,HP INC,8736665,254828,191.68M,5.59M,+3%,0.03%
88023B103,TEM,TEMPUS AI INC,858529,96428,49.73M,5.59M,+12.7%,<.01%
70450Y103,PYPL,PAYPAL HLDGS INC,6593196,128426,284.69M,5.55M,+2%,0.05%
G4253H101,JHX,JAMES HARDIE INDS PLC,407485,210729,10.67M,5.52M,+107.1%,<.01%
45245E109,IMAX,IMAX CORP,140838,138078,5.61M,5.5M,+5002.8%,<.01%
12514G108,CDW,CDW CORP,1348786,39044,189.69M,5.49M,+3%,0.03%
32076V103,AG,FIRST MAJESTIC SILVER CORP,323309,323241,5.48M,5.48M,+475354.4%,<.01%
50077B207,KTOS,KRATOS DEFENSE & SEC SOLUTIO,437449,109935,21.81M,5.48M,+33.6%,<.01%
81141R100,SE,SEA LTD,1647049,56331,157.84M,5.4M,+3.5%,0.03%
354613101,BEN,FRANKLIN RESOURCES INC,1300135,161527,43.26M,5.37M,+14.2%,<.01%
038169207,APLD,APPLIED DIGITAL CORP,581255,143308,21.68M,5.35M,+32.7%,<.01%
300426103,ECG,EVERUS CONSTR GROUP,148046,32131,24.57M,5.33M,+27.7%,<.01%
023608102,AEE,AMEREN CORP,1145497,46740,129.49M,5.28M,+4.3%,0.02%
92556V106,VTRS,VIATRIS INC,4293757,329127,68.18M,5.23M,+8.3%,0.01%
34964C106,FBIN,FORTUNE BRANDS INNOVATIONS I,1214374,94044,66.67M,5.16M,+8.4%,0.01%
48251W104,KKR,KKR & CO INC,3461541,55489,317.7M,5.09M,+1.6%,0.06%
366505105,GTX,GARRETT MOTION INC,398397,140254,14.43M,5.08M,+54.3%,<.01%
422704106,HL,HECLA MINING COMPANY,1843367,328485,28.44M,5.07M,+21.7%,<.01%
714266103,PPTA,PERPETUA RESOURCES CORP,251152,244137,5.21M,5.07M,+3480.2%,<.01%
83304A106,SNAP,SNAP INC,5482854,1111984,24.34M,4.94M,+25.4%,<.01%
962166104,WY,WEYERHAEUSER CO,4347780,205867,104.09M,4.93M,+5%,0.02%
16679L109,CHWY,CHEWY INC,750634,247964,14.75M,4.87M,+49.3%,<.01%
84265V105,SCCO,SOUTHERN COPPER CORP,1290648,27744,224.91M,4.83M,+2.2%,0.04%
671044105,OSIS,OSI SYSTEMS INC,452547,21986,98.97M,4.81M,+5.1%,0.02%
892356106,TSCO,TRACTOR SUPPLY CO,4944848,150285,156.31M,4.75M,+3.1%,0.03%
801056102,SANM,SANMINA CORP,122167,18618,30.92M,4.71M,+18%,<.01%
92936U109,WPC,WP CAREY INC,2270499,65284,162.34M,4.67M,+3%,0.03%
69331C108,PCG,PG&E CORP,14870626,277071,250.12M,4.66M,+1.9%,0.05%
253393102,DKS,DICKS SPORTING GOODS INC,369928,20503,83.9M,4.65M,+5.9%,0.02%
558868105,MDGL,MADRIGAL PHARMACEUTICALS INC,32403,8607,17.4M,4.62M,+36.2%,<.01%
260003108,DOV,DOVER CORP,969469,20590,217.43M,4.62M,+2.2%,0.04%
925815102,VICR,VICOR CORP,51121,11733,19.41M,4.46M,+29.8%,<.01%
025932104,AFG,AMERICAN FINANCIAL GROUP INC,241925,31240,33.85M,4.37M,+14.8%,<.01%
457730109,INSP,INSPIRE MED SYS INC,546020,97233,24.36M,4.34M,+21.7%,<.01%
854502101,SWK,STANLEY BLACK & DECKER INC,598626,45630,56.34M,4.29M,+8.3%,0.01%
37940X102,GPN,GLOBAL PMTS INC,1495339,58960,108.5M,4.28M,+4.1%,0.02%
526107107,LII,LENNOX INTL INC,240782,7397,137.96M,4.24M,+3.2%,0.03%
98401F105,XNCR,XENCOR INC,382094,260752,6.15M,4.2M,+214.9%,<.01%
13646K108,CP,CANADIAN PACIFIC KANSAS CITY,128663,48190,11.15M,4.18M,+59.9%,<.01%
888787108,TOST,TOAST INC,1992308,149706,55.43M,4.16M,+8.1%,0.01%
316841105,FIG,FIGMA INC,226803,226803,4.1M,4.1M,NEW,<.01%
72703X106,PL,PLANET LABS PBC,624677,122199,20.7M,4.05M,+24.3%,<.01%
81642T209,SLS,SELLAS LIFE SCIENCES GROUP I,273403,273403,4.04M,4.04M,NEW,<.01%
31488V107,FERG,FERGUSON ENTERPRISES INC,2055351,16866,487.8M,4M,+0.8%,0.09%
682680103,OKE,ONEOK INC NEW,3710704,45407,322.61M,3.95M,+1.2%,0.06%
537008104,LFUS,LITTELFUSE INC,145658,8649,66.32M,3.94M,+6.3%,0.01%
00724F101,ADBE,ADOBE INC,5045547,18995,1.03B,3.89M,+0.4%,0.19%
75281A109,RRC,RANGE RES CORP,549315,104096,20.43M,3.87M,+23.4%,<.01%
378973507,GSAT,GLOBALSTAR INC,162315,47083,13.19M,3.83M,+40.9%,<.01%
74164F103,PRIM,PRIMORIS SVCS CORP,170516,38478,16.9M,3.81M,+29.1%,<.01%
78473E103,SPXC,SPX TECHNOLOGIES INC,121589,15524,29.81M,3.81M,+14.6%,<.01%
866674104,SUI,SUN CMNTYS INC,1536249,31497,184.21M,3.78M,+2.1%,0.03%
09175A206,BMNR,BITMINE IMMERSION TECHS INC,277247,277247,3.69M,3.69M,NEW,<.01%
346375108,FORM,FORMFACTOR INC,180478,22709,28.86M,3.63M,+14.4%,<.01%
14316J108,CG,CARLYLE GROUP INC,1602700,86089,67.49M,3.63M,+5.7%,0.01%
12541W209,CHRW,C H ROBINSON WORLDWIDE IN,1049897,19160,197.74M,3.61M,+1.9%,0.04%
72703H101,PLNT,PLANET FITNESS MASTER ISSUER,386827,68863,20.18M,3.59M,+21.7%,<.01%
889478103,TOL,TOLL BROTHERS INC,265254,21598,43.7M,3.56M,+8.9%,<.01%
83406F102,SOFI,SOFI TECHNOLOGIES INC,4925068,198336,88.31M,3.56M,+4.2%,0.02%
30040P103,EVTC,EVERTEC INC,127739,127387,3.55M,3.54M,+36189.5%,<.01%
46434G855,RING,ISHARES INC,57569,54495,3.72M,3.52M,+1772.8%,<.01%
16115Q308,GTLS,CHART INDS INC,134883,16768,28.18M,3.5M,+14.2%,<.01%
125269100,CF,CF INDUSTRIES HOLD,1747078,32293,189.14M,3.5M,+1.9%,0.03%
147448104,CWST,CASELLA WASTE SYS INC,328387,35784,31.84M,3.47M,+12.2%,<.01%
217204106,CPRT,COPART INC,5866657,120119,165.38M,3.39M,+2.1%,0.03%
48241A105,KB,KB FINL GROUP INC,35783,32190,3.76M,3.38M,+895.9%,<.01%
50202M102,LI,LI AUTO INC,288048,286845,3.38M,3.37M,+23844.1%,<.01%
87162W100,SNX,TD SYNNEX CORPORATION,224279,12322,59.96M,3.29M,+5.8%,0.01%
33829M101,FIVE,FIVE BELOW INC,166518,17967,29.94M,3.23M,+12.1%,<.01%
902494103,TSN,TYSON FOODS INC,1324466,56108,75.83M,3.21M,+4.4%,0.01%
94419LAF8,W,WAYFAIR INC,3250000,3250000,3.2M,3.2M,NEW,<.01%
349381103,FIGR,FIGURE TECHNOLOGY SOLUTIO,104229,104124,3.2M,3.2M,+99165.7%,<.01%
81141RAG5,SE,SEA LTD,3093000,3093000,3.06M,3.06M,NEW,<.01%
695156109,PKG,PACKAGING CORP AMER,355504,12555,84.71M,2.99M,+3.7%,0.02%
98850P109,YUMC,YUM CHINA HLDGS INC,607187,70841,24.82M,2.9M,+13.2%,<.01%
18539C204,CWEN,CLEARWAY ENERGY INC,345342,84657,11.8M,2.89M,+32.5%,<.01%
053611109,AVY,AVERY DENNISON CORP,956886,17769,155.35M,2.88M,+1.9%,0.03%
49177J102,KVUE,KENVUE INC,17663555,148628,337.55M,2.84M,+0.8%,0.06%
051774107,AUR,AURORA INNOVATION INC,3031886,415824,20.68M,2.84M,+15.9%,<.01%
91733P107,USAR,USA RARE EARTH INC,258383,131219,5.58M,2.83M,+103.2%,<.01%
62886HBK6,NCLH,NCL CORP LTD,2800000,2800000,2.81M,2.81M,NEW,<.01%
337932107,FE,FIRSTENERGY CORP,2719645,59097,129.29M,2.81M,+2.2%,0.02%
733174700,BPOP,POPULAR INC,201073,16997,33.01M,2.79M,+9.2%,<.01%
68572M106,OBIO,ORCHESTRA BIOMED HLDGS INC,642154,642154,2.77M,2.77M,NEW,<.01%
23282W605,CYTK,CYTOKINETICS INC,273031,32399,23.26M,2.76M,+13.5%,<.01%
28176E108,EW,EDWARDS LIFESCIENCES CORP,5488643,30495,496.5M,2.76M,+0.6%,0.09%
683344105,ONTO,ONTO INNOVATION INC,155253,7271,58.76M,2.75M,+4.9%,0.01%
384109104,GGG,GRACO INC,1208598,36222,91.38M,2.74M,+3.1%,0.02%
22160N109,CSGP,COSTAR GROUP INC,2521571,95878,71.41M,2.72M,+4%,0.01%
97650W108,WTFC,WINTRUST FINL CORP,171220,16809,27.52M,2.7M,+10.9%,<.01%
25754A201,DPZ,DOMINOS PIZZA INC,163862,9062,48.51M,2.68M,+5.9%,<.01%
70438V106,PCTY,PAYLOCITY HLDG CORP,135491,25509,14.16M,2.67M,+23.2%,<.01%
686688102,ORA,ORMAT TECHNOLOGIES INC,158727,24407,17.29M,2.66M,+18.2%,<.01%
04965M106,ATAT,ATOUR LIFESTYLE HLDGS LTD,141473,83321,4.5M,2.65M,+143.3%,<.01%
460146103,IP,INTERNATIONAL PAPER CO,3002077,69509,114.38M,2.65M,+2.4%,0.02%
83304AAB2,SNAP,SNAP INC,2650000,2650000,2.63M,2.63M,NEW,<.01%
433313103,HNGE,HINGE HEALTH INC,55913,31550,4.64M,2.62M,+129.5%,<.01%
450913108,IAG,IAMGOLD CORP,163725,163725,2.59M,2.59M,NEW,<.01%
942749102,WTS,WATTS WATER TECHNOLOGIES INC,78477,6617,30.72M,2.59M,+9.2%,<.01%
008073108,AVAV,AEROVIRONMENT INC,70266,15650,11.6M,2.58M,+28.7%,<.01%
10948W103,AAMI,ACADIAN ASSET MANAGEMENT INC,103504,36083,7.4M,2.58M,+53.5%,<.01%
284902509,EGO,ELDORADO GOLD CORP NEW,82318,82204,2.56M,2.56M,+72108.8%,<.01%
29358P101,ENSG,ENSIGN GROUP INC,147819,15869,23.7M,2.54M,+12%,<.01%
464286624,THD,ISHARES INC,34025,34025,2.46M,2.46M,NEW,<.01%
816851109,SRE,SEMPRA,4993157,26292,462.92M,2.44M,+0.5%,0.08%
26441C204,DUK,DUKE ENERGY CORP NEW,4001270,18142,506.48M,2.3M,+0.5%,0.09%
714046109,RVTY,REVVITY INC,497157,20588,55.31M,2.29M,+4.3%,0.01%
87422Q109,TLN,TALEN ENERGY CORP,70487,5945,27.09M,2.28M,+9.2%,<.01%
23834J201,DAVE,DAVE INC,21913,6063,8.16M,2.26M,+38.3%,<.01%
16935C109,CHYM,CHIME FINL INC,110129,110129,2.26M,2.26M,NEW,<.01%
62944T105,NVR,NVR INC,21595,329,147.14M,2.24M,+1.5%,0.03%
46429B606,EPOL,ISHARES TR,56768,56768,2.19M,2.19M,NEW,<.01%
125141101,CECO,CECO ENVIRONMENTAL CORP,84269,23959,7.65M,2.17M,+39.7%,<.01%
85423L103,SARO,STANDARDAERO INC,437138,72089,13.07M,2.16M,+19.7%,<.01%
224408104,CR,CRANE COMPANY,118077,9380,26.34M,2.09M,+8.6%,<.01%
532275104,LWLG,LIGHTWAVE LOGIC INC,218665,218665,2.07M,2.07M,NEW,<.01%
020398707,ALMTF,ALMONTY INDS INC,124724,124724,2.07M,2.07M,NEW,<.01%
01644J108,ALKT,ALKAMI TECHNOLOGY INC,242763,113390,4.4M,2.05M,+87.6%,<.01%
92790C104,VRDN,VIRIDIAN THERAPEUTICS INC,999915,111617,18.37M,2.05M,+12.6%,<.01%
91332UAB7,U,UNITY SOFTWARE INC,2000000,2000000,1.96M,1.96M,NEW,<.01%
05614L209,BW,BABCOCK & WILCOX ENTERPRISES,138704,138704,1.96M,1.96M,NEW,<.01%
16934Q802,CIM,CHIMERA INVT CORP,145661,144945,1.94M,1.93M,+20243.7%,<.01%
784730103,SSRM,SSR MINING IN,75409,68372,2.13M,1.93M,+971.6%,<.01%
75776W103,RDW,REDWIRE CORPORATION,274715,156481,3.36M,1.91M,+132.3%,<.01%
71424F105,PR,PERMIAN RESOURCES CORP,1554941,103088,28.63M,1.9M,+7.1%,<.01%
29355A107,ENPH,ENPHASE ENERGY INC,414299,38493,20.4M,1.9M,+10.2%,<.01%
45720N103,INBX,INHIBRX BIOSCIENCES INC,20067,20000,1.9M,1.89M,+29850.7%,<.01%
00773T101,ASIX,ADVANSIX INC,95873,94950,1.91M,1.89M,+10287.1%,<.01%
29670G102,WTRG,ESSENTIAL UTILS INC,1133353,49216,43.42M,1.89M,+4.5%,<.01%
08265T208,BSY,BENTLEY SYS INC,491885,62485,14.7M,1.87M,+14.6%,<.01%
44951W106,IESC,IES HOLDINGS INC,18863,2519,13.86M,1.85M,+15.4%,<.01%
29445S100,EQPT,EQUIPMENTSHARE COM INC,147399,93478,2.9M,1.84M,+173.4%,<.01%
61945C103,MOS,MOSAIC CO,1003763,86170,21.27M,1.83M,+9.4%,<.01%
00676P107,ADEA,ADEIA INC,310445,55446,10.22M,1.83M,+21.7%,<.01%
64361Q101,VNOM,VIPER ENERGY INC,442664,42888,18.77M,1.82M,+10.7%,<.01%
52476L109,LGN,LEGENCE CORP,74333,21149,6.34M,1.8M,+39.8%,<.01%
12618T105,CRAI,CRA INTL INC,29241,12644,4.16M,1.8M,+76.2%,<.01%
143130102,KMX,CARMAX INC,468737,33851,24.79M,1.79M,+7.8%,<.01%
88031M109,TS,TENARIS S A,39063,32191,2.17M,1.79M,+468.4%,<.01%
10950A106,BTSG,BRIGHTSPRING HEALTH SVCS INC,296020,25519,20.64M,1.78M,+9.4%,<.01%
00760J108,AEHR,AEHR TEST SYS,52815,18434,5.07M,1.77M,+53.6%,<.01%
761152107,RMD,RESMED INC,858134,9064,167.23M,1.77M,+1.1%,0.03%
36317J209,GLXY,GALAXY DIGITAL INC.,383406,64343,10.48M,1.76M,+20.2%,<.01%
880890108,TX,TERNIUM SA,41171,41000,1.76M,1.75M,+23976.6%,<.01%
833034101,SNA,SNAP ON INC,302631,4350,121.78M,1.75M,+1.5%,0.02%
74736K101,QRVO,QORVO INC,235295,18652,21.95M,1.74M,+8.6%,<.01%
57776J100,MXL,MAXLINEAR INC,167630,13505,21.46M,1.73M,+8.8%,<.01%
55306N104,MKSI,MKS INC.,207760,3840,92.41M,1.71M,+1.9%,0.02%
441593100,HLI,HOULIHAN LOKEY INC,187563,12700,25.16M,1.7M,+7.3%,<.01%
19240Q201,COGT,COGENT BIOSCIENCES INC,209402,43892,8.1M,1.7M,+26.5%,<.01%
368736104,GNRC,GENERAC HLDGS INC,158951,5753,46.54M,1.68M,+3.8%,<.01%
11285B108,BEPC,BROOKFIELD RENEWABLE CORP,102704,45309,3.81M,1.68M,+78.9%,<.01%
97785W106,WOLF,WOLFSPEED INC,34708,34699,1.67M,1.67M,+385544.4%,<.01%
67098H104,OI,O-I GLASS INC,470229,170764,4.53M,1.64M,+57%,<.01%
35243J101,FBRT,FRANKLIN BSP RLTY TR INC,204207,201823,1.66M,1.64M,+8465.7%,<.01%
20030N101,CMCSA,COMCAST CORP NEW,31274820,66883,767.8M,1.64M,+0.2%,0.14%
70931T103,PMT,PENNYMAC MTG INVT TR,160070,145076,1.81M,1.64M,+967.6%,<.01%
87583X109,TNGX,TANGO THERAPEUTICS INC,127801,52084,4M,1.63M,+68.8%,<.01%
83417M104,SEDG,SOLAREDGE TECHNOLOGIES INC,181405,27685,10.6M,1.62M,+18%,<.01%
754907103,RYN,RAYONIER INC,1358814,76021,28.92M,1.62M,+5.9%,<.01%
49435R102,KRP,KIMBELL RTY PARTNERS LP,109441,109441,1.59M,1.59M,NEW,<.01%
67079K100,SMR,NUSCALE PWR CORP,1520892,158325,15.25M,1.59M,+11.6%,<.01%
045487105,ASB,ASSOCIATED BANC-CORP,400453,51068,12.32M,1.57M,+14.6%,<.01%
46817M107,JXN,JACKSON FINANCIAL INC,183291,15151,18.77M,1.55M,+9%,<.01%
21077F100,CTGO,CONTANGO SILVER & GOLD INC,95339,95000,1.51M,1.5M,+28023.6%,<.01%
42238D107,HTFL,HEARTFLOW INC,1465650,50822,43M,1.49M,+3.6%,<.01%
252828108,DNTH,DIANTHUS THERAPEUTICS INC,75396,14961,7.35M,1.46M,+24.8%,<.01%
159864107,CRL,CHARLES RIV LABS INTL INC,225314,6401,51.1M,1.45M,+2.9%,<.01%
91359V107,UVE,UNIVERSAL INS HLDGS INC,69962,35097,2.89M,1.45M,+100.7%,<.01%
911922102,USLM,UNITED STS LIME & MINERALS I,25608,13757,2.68M,1.44M,+116.1%,<.01%
393222104,GPRE,GREEN PLAINS INC,94509,93362,1.45M,1.44M,+8139.7%,<.01%
530307305,LBRDK,LIBERTY BROADBAND CORP,314723,42982,10.47M,1.43M,+15.8%,<.01%
884903881,TRI.TO,THOMSON REUTERS CORP,17461,17461,1.43M,1.43M,NEW,<.01%
48581R205,KSPI,KASPI KZ JSC,16456,16456,1.43M,1.43M,NEW,<.01%
115637100,BF.A,BROWN FORMAN CORP,92861,51959,2.54M,1.42M,+127%,<.01%
91912E105,VALE,VALE S A,115656,94466,1.74M,1.42M,+445.8%,<.01%
127055101,CBT,CABOT CORP,110259,15561,10.01M,1.41M,+16.4%,<.01%
724479100,PBI,PITNEY BOWES INC,468595,79226,8.21M,1.39M,+20.3%,<.01%
90364P105,PATH,UIPATH INC,1239001,125770,13.47M,1.37M,+11.3%,<.01%
02005N100,ALLY,ALLY FINL INC,1046805,29736,48.1M,1.37M,+2.9%,<.01%
216648501,COO,COOPER COS INC,2549015,18946,182.79M,1.36M,+0.7%,0.03%
530715AG6,FWONA,LIBERTY MEDIA CORP DEL,27000000,27000000,1.35M,1.35M,NEW,<.01%
501889208,LKQ,LKQ CORP,781347,51095,20.57M,1.35M,+7%,<.01%
553498106,MSA,MSA SAFETY INC,89832,7665,15.68M,1.34M,+9.3%,<.01%
03770N101,APGE,APOGEE THERAPEUTICS INC,66433,10081,8.82M,1.34M,+17.9%,<.01%
03064D108,COLD,AMERICOLD REALTY TRUST INC,1883643,85037,29.61M,1.34M,+4.7%,<.01%
36266G107,GEHC,GE HEALTHCARE TECHNOLOGIES I,2541393,20180,162.67M,1.29M,+0.8%,0.03%
922967104,MANE,VERADERMICS INC,10506,10506,1.29M,1.29M,NEW,<.01%
697900108,PAAS,PAN AMERN SILVER CORP,191406,28720,8.57M,1.29M,+17.7%,<.01%
413216300,HMY,HARMONY GOLD MNG LTD,85793,84361,1.3M,1.28M,+5891.1%,<.01%
49338L103,KEYS,KEYSIGHT TECHNOLOGIES INC,2002878,3663,701.15M,1.28M,+0.2%,0.13%
483007704,KALU,KAISER ALUMINIUM CORPORATION,43841,6535,8.58M,1.28M,+17.5%,<.01%
82835P103,SVM,SILVERCORP METALS INC,125959,125959,1.27M,1.27M,NEW,<.01%
75943R102,RLAY,RELAY THERAPEUTICS INC,278327,67859,5.21M,1.27M,+32.2%,<.01%
589889104,MMSI,MERIT MED SYS INC,173854,18276,12.06M,1.27M,+11.7%,<.01%
45073V108,ITT,ITT INC,263749,6333,52.16M,1.25M,+2.5%,<.01%
758075402,RWT,REDWOOD TRUST INC,265059,261759,1.26M,1.24M,+7932.1%,<.01%
64119N608,NTSK,NETSKOPE INC,140022,111722,1.53M,1.22M,+394.8%,<.01%
29258Y103,EXK,ENDEAVOUR SILVER CORP,147080,147080,1.22M,1.22M,NEW,<.01%
482497104,BEKE,KE HLDGS INC,85560,83568,1.24M,1.21M,+4195.2%,<.01%
44955L106,IAUX,I-80 GOLD CORP,838752,838267,1.21M,1.21M,+172838.6%,<.01%
817565104,SCI,SERVICE CORP INTL,575416,15560,43.71M,1.18M,+2.8%,<.01%
04650F101,ATAI,ATAIBECKLEY INC,490135,224135,2.58M,1.18M,+84.3%,<.01%
775133101,ROG,ROGERS CORP,50482,7191,8.27M,1.18M,+16.6%,<.01%
464287200,IVV,ISHARES TR,92602,1563,69.35M,1.17M,+1.7%,0.01%
92552V100,VSAT,VIASAT INC,264158,13027,23.72M,1.17M,+5.2%,<.01%
070830104,BBWI,BATH & BODY WORKS INC,595549,50051,13.78M,1.16M,+9.2%,<.01%
71535D106,PSNL,PERSONALIS INC,87068,85969,1.17M,1.15M,+7822.5%,<.01%
349942102,FVI,FORTUNA MNG CORP,135027,135027,1.14M,1.14M,NEW,<.01%
00123Q104,AGNC,AGNC INVT CORP,3348893,103455,36.5M,1.13M,+3.2%,<.01%
31816X106,FLY,FIREFLY AEROSPACE INC,94761,38351,2.79M,1.13M,+68%,<.01%
723484101,PNW,PINNACLE WEST CAP CORP,291694,10498,31.21M,1.12M,+3.7%,<.01%
775711104,ROL,ROLLINS INC,2020508,26807,84.34M,1.12M,+1.3%,0.02%
811927102,SEA.TO,SEABRIDGE GOLD INC,43466,43466,1.12M,1.12M,NEW,<.01%
61225M102,GLUE,MONTE ROSA THERAPEUTICS INC,65451,46172,1.58M,1.12M,+239.5%,<.01%
903731107,ULS,UL SOLUTIONS INC,155452,10817,15.83M,1.1M,+7.5%,<.01%
04956D107,ATMU,ATMUS FILTRATION TECHNOLOGIE,155476,21579,7.93M,1.1M,+16.1%,<.01%
655844108,NSC,NORFOLK SOUTHN CORP,1157595,3460,364.17M,1.09M,+0.3%,0.07%
464286715,TUR,ISHARES INC,27601,27601,1.07M,1.07M,NEW,<.01%
64031N108,NNI,NELNET INC,35200,7966,4.69M,1.06M,+29.3%,<.01%
46434G848,PICK,ISHARES INC,18034,17912,1.05M,1.04M,+14682%,<.01%
465562106,ITUB,ITAU UNIBANCO HLDG S A,150483,127417,1.23M,1.04M,+552.4%,<.01%
221015100,CRVS,CORVUS PHARMACEUTICALS INC,74369,68253,1.11M,1.02M,+1116%,<.01%
48238T109,OPLN,OPENLANE INC,321323,24578,13.25M,1.01M,+8.3%,<.01%
419870100,HE,HAWAIIAN ELEC INDS INC MTN B,475190,74748,6.43M,1.01M,+18.7%,<.01%
21036P108,STZ,CONSTELLATION BRANDS INC,888821,7251,123.63M,1.01M,+0.8%,0.02%
45676K103,INFQ,INFLEQTION INC,75122,75122,1M,1M,NEW,<.01%
225310101,CACC,CREDIT ACCEP CORP MICH,19393,1549,12.35M,986.31K,+8.7%,<.01%
376536108,GOOD,GLADSTONE COMMERCIAL CORP,80282,79618,987.47K,979.3K,+11990.7%,<.01%
26152H301,DRD,DRDGOLD LIMITED,45373,45373,966.45K,966.45K,NEW,<.01%
077347300,BELFB,BEL FUSE INC,22167,2897,7.38M,964.82K,+15%,<.01%
68236H204,ONDS,ONDAS INC,766274,112826,6.31M,929.69K,+17.3%,<.01%
92645B103,VCTR,VICTORY CAP HLDGS INC DEL,100516,10989,8.45M,923.74K,+12.3%,<.01%
458665304,TILE,INTERFACE INC,139334,25601,4.99M,917.54K,+22.5%,<.01%
87157D109,SYNA,SYNAPTICS INC,79332,7383,9.86M,917.19K,+10.3%,<.01%
247361702,DAL,DELTA AIR LINES INC,1692395,9774,158.51M,915.43K,+0.6%,0.03%
131428104,CLMT,CALUMET INC,155584,25348,5.6M,913.03K,+19.5%,<.01%
640268306,NKTR,NEKTAR THERAPEUTICS,47072,13047,3.29M,910.81K,+38.3%,<.01%
011532108,AGI,ALAMOS GOLD INC,191073,29974,5.8M,909.41K,+18.6%,<.01%
45104G104,IBN,ICICI BANK LIMITED,82892,31311,2.41M,908.96K,+60.7%,<.01%
008492100,ADC,AGREE RLTY CORP,719613,11902,54.5M,901.46K,+1.7%,<.01%
66987E206,NG,NOVAGOLD RESOURCES INC,156209,150989,932.57K,901.4K,+2892.5%,<.01%
363576109,AJG,GALLAGHER ARTHUR J & CO,1453774,3905,333.74M,896.47K,+0.3%,0.06%
126600105,CVBF,CVB FINL CORP,349965,39652,7.89M,894.15K,+12.8%,<.01%
731068102,PII,POLARIS INC,117084,12999,8.01M,889.65K,+12.5%,<.01%
44980X109,IPGP,IPG PHOTONICS CORP,80219,7569,9.41M,888K,+10.4%,<.01%
624756102,MLI,MUELLER INDS INC,239845,7196,29.48M,884.6K,+3.1%,<.01%
63845R107,EYE,NATIONAL VISION HLDGS INC,265647,46090,5.05M,876.17K,+21%,<.01%
783549108,R,RYDER SYS INC,124638,3307,32.88M,872.29K,+2.7%,<.01%
01625V104,ALHC,ALIGNMENT HEALTHCARE INC,487153,36625,11.6M,872.04K,+8.1%,<.01%
66765N105,NWN,NORTHWEST NAT HLDG CO,159904,17711,7.84M,868.9K,+12.5%,<.01%
05463X106,AXGN,AXOGEN INC,79524,18754,3.67M,866.25K,+30.9%,<.01%
00090Q103,ADT,ADT INC DEL,1718798,132616,11.17M,862K,+8.4%,<.01%
022307102,ALMS,ALUMIS INC,112129,30055,3.16M,845.75K,+36.6%,<.01%
829933100,SIRI,SIRIUSXM HOLDINGS INC,642939,28377,18.99M,838.26K,+4.6%,<.01%
177835105,CHCO,CITY HLDG CO,33671,6314,4.47M,837.49K,+23.1%,<.01%
10316T104,BOX,BOX INC,408176,31074,10.83M,824.7K,+8.2%,<.01%
980745103,WWD,WOODWARD INC,329383,1924,140.13M,818.55K,+0.6%,0.03%
22266M104,COUR,COURSERA INC,438455,142907,2.47M,806K,+48.4%,<.01%
83418M103,SEI,SOLARIS ENERGY INFRAS INC,79563,9987,6.4M,803.55K,+14.4%,<.01%
70509V100,PEB,PEBBLEBROOK HOTEL TR,788621,41249,15.31M,800.64K,+5.5%,<.01%
26817Q886,DX,DYNEX CAP INC,404988,60731,5.31M,796.18K,+17.6%,<.01%
29530P102,ERIE,ERIE INDTY CO,121438,3298,29.11M,790.7K,+2.8%,<.01%
55955D100,MGNI,MAGNITE INC,364638,41620,6.92M,789.95K,+12.9%,<.01%
25960P109,DEI,DOUGLAS EMMETT INC,982444,66773,11.59M,787.92K,+7.3%,<.01%
968223206,WLY,WILEY JOHN & SONS INC,184159,16217,8.93M,786.69K,+9.7%,<.01%
00182C103,ANIP,ANI PHARMACEUTICALS INC,42279,9497,3.5M,786.16K,+29%,<.01%
629209305,NMIH,NMI HLDGS INC,215188,19128,8.84M,785.97K,+9.8%,<.01%
18914F103,CLOV,CLOVER HEALTH INVESTMENTS CO,831748,149953,4.36M,785.75K,+22%,<.01%
589378108,MRCY,MERCURY SYS INC,122585,6413,15M,784.5K,+5.5%,<.01%
359694106,FUL,FULLER H B CO,140921,13441,8.21M,783.48K,+10.5%,<.01%
55287L101,MBX,MBX BIOSCIENCES INC,21344,14106,1.18M,778.65K,+194.9%,<.01%
92552R406,PRSU,PURSUIT ATTRACTIONS AND HOSP,47651,13826,2.67M,773.84K,+40.9%,<.01%
03937C105,ARCB,ARCBEST CORP,60108,5371,8.63M,770.95K,+9.8%,<.01%
03784Y200,APLE,APPLE HOSPITALITY REIT INC,1187219,45292,19.96M,761.36K,+4%,<.01%
53626N102,LION,LIONSGATE STUDIOS CORP,431162,49465,6.6M,757.31K,+13%,<.01%
88322Q108,TGTX,TG THERAPEUTICS INC,249256,13779,13.69M,757.02K,+5.9%,<.01%
35834F104,TE,T1 ENERGY INC,342324,79844,3.25M,756.92K,+30.4%,<.01%
53190C102,LTH,LIFE TIME GROUP HOLDINGS INC,281956,18523,11.52M,756.48K,+7%,<.01%
084670108,BRK.A,BERKSHIRE HATHAWAY INC DEL,195,1,146.03M,748.85K,+0.5%,0.03%
086921103,BETA,BETA TECHNOLOGIES INC,44597,44597,747K,747K,NEW,<.01%
093671105,HRB,BLOCK H & R INC,411812,19533,15.68M,743.82K,+5%,<.01%
85254J102,STAG,STAG INDUSTRIAL INC,1110853,19417,42.28M,739.01K,+1.8%,<.01%
533535100,LINC,LINCOLN EDL SVCS CORP,15175,14794,757.23K,738.22K,+3882.9%,<.01%
03762U105,ARI,APOLLO COML REAL ESTATE FIN,411379,68965,4.39M,736.55K,+20.1%,<.01%
826599102,SGML,SIGMA LITHIUM CORPORATION,57400,57400,726.11K,726.11K,NEW,<.01%
87151X101,SYM,SYMBOTIC INC,109508,15942,4.92M,716.59K,+17%,<.01%
83192D402,SMA,SMARTSTOP SELF STORAG REIT I,236822,21959,7.7M,713.67K,+10.2%,<.01%
46429B408,EPHE,ISHARES TR,29300,29300,707.89K,707.89K,NEW,<.01%
055477103,BCAX,BICARA THERAPEUTICS INC,24425,23815,725.18K,707.07K,+3904.1%,<.01%
29280W109,NRGV,ENERGY VAULT HOLDINGS INC,177171,149866,834.48K,705.87K,+548.9%,<.01%
82846H405,QXO,QXO INC,1365455,40719,23.6M,703.62K,+3.1%,<.01%
00737L103,CVSA,COVISTA INC,80655,5601,10.05M,698.22K,+7.5%,<.01%
185899101,CLF,CLEVELAND-CLIFFS INC NEW,1258756,73630,11.82M,691.39K,+6.2%,<.01%
98954M101,ZG,ZILLOW GROUP INC,76816,22008,2.41M,690.39K,+40.2%,<.01%
74766W108,QUBT,QUANTUM COMPUTING INC,321236,70775,3.12M,686.52K,+28.3%,<.01%
26818M108,DYN,DYNE THERAPEUTICS INC,269985,30700,6M,681.85K,+12.8%,<.01%
047726302,BATRK,ATLANTA BRAVES HLDGS INC,106875,13124,5.55M,681.14K,+14%,<.01%
464287614,IWF,ISHARES TR,148758,5445,18.47M,676.11K,+3.8%,<.01%
804395101,BFS,SAUL CTRS INC,19063,18037,712.76K,674.4K,+1758%,<.01%
428291108,HXL,HEXCEL CORP NEW,218696,6718,21.88M,672.2K,+3.2%,<.01%
004225108,ACAD,ACADIA PHARMACEUTICALS INC,233329,26445,5.9M,669.06K,+12.8%,<.01%
29977A105,EVR,EVERCORE INC,89248,1955,30.47M,667.52K,+2.2%,<.01%
93627C101,HCC,WARRIOR MET COAL INC,92189,8207,7.48M,666.08K,+9.8%,<.01%
86765Q106,SUNC,SUNOCOCORP LLC,97619,9842,6.61M,666.01K,+11.2%,<.01%
364760108,GAP,GAP INC,720170,35103,13.45M,655.72K,+5.1%,<.01%
501147102,KRYS,KRYSTAL BIOTECH INC,38697,1760,14.38M,654.14K,+4.8%,<.01%
29272W109,ENR,ENERGIZER HLDGS INC,297335,30433,6.37M,652.48K,+11.4%,<.01%
031652100,AMKR,AMKOR TECHNOLOGY INC,300622,7550,25.92M,651.04K,+2.6%,<.01%
00246W103,AXTI,AXT INC,85925,9032,6.19M,651.03K,+11.7%,<.01%
687793109,OSCR,OSCAR HEALTH INC,429180,22789,12.24M,649.94K,+5.6%,<.01%
731105409,PSNY,POLESTAR AUTOMOTIVE HLDG UK,84151,34295,1.58M,644.06K,+68.8%,<.01%
47759T100,JKS,JINKOSOLAR HLDG CO LTD,38308,38308,643.57K,643.57K,NEW,<.01%
219798105,QDEL,QUIDELORTHO CORP,233675,36714,4.09M,643.05K,+18.6%,<.01%
04040Y109,ARIS,ARIS MINING CORPORATION,112249,42924,1.67M,640K,+61.9%,<.01%
29337E102,ELVN,ENLIVEN THERAPEUTICS INC,80072,12597,4.06M,639.3K,+18.7%,<.01%
444097406,HPP,HUDSON PACIFIC PROPERTIES IN,42976,42034,652.8K,638.5K,+4462.2%,<.01%
248019101,DLX,DELUXE CORP MEDIUM TERM NTS,127605,26715,3.05M,637.95K,+26.5%,<.01%
169905106,CHH,CHOICE HOTELS INTL INC,94914,5766,10.47M,635.82K,+6.5%,<.01%
983134107,WYNN,WYNN RESORTS LTD,170904,6531,16.59M,634.09K,+4%,<.01%
27627N105,EBC,EASTERN BANKSHARES INC,440192,28466,9.79M,633.08K,+6.9%,<.01%
640491106,NEOG,NEOGEN CORP,430156,70360,3.87M,632.54K,+19.6%,<.01%
26740W109,QBTS,D-WAVE QUANTUM INC,799873,25947,19.19M,622.47K,+3.4%,<.01%
384747101,GRAL,GRAIL INC,66077,9094,4.51M,620.85K,+16%,<.01%
15118V207,CELH,CELSIUS HLDGS INC,1203942,21025,35.25M,615.61K,+1.8%,<.01%
61559X104,MLTX,MOONLAKE IMMUNOTHERAPEUTICS,105739,31577,2.06M,614.8K,+42.6%,<.01%
23128Q101,CURB,CURBLINE PPTYS CORP,495293,20121,15.06M,611.68K,+4.2%,<.01%
55272X607,MFA,MFA FINL INC,301910,61781,2.93M,598.66K,+25.7%,<.01%
253651202,DBD,DIEBOLD NIXDORF INC,38571,7010,3.28M,595.99K,+22.2%,<.01%
405024100,HAE,HAEMONETICS CORP MASS,143611,7914,10.77M,593.55K,+5.8%,<.01%
03674X106,AR,ANTERO RESOURCES CORP,619783,16799,21.78M,590.32K,+2.8%,<.01%
49926D109,KN,KNOWLES CORP,212691,14222,8.82M,589.93K,+7.2%,<.01%
83601L102,SHC,SOTERA HEALTH CO,470803,33221,8.36M,589.67K,+7.6%,<.01%
277461406,KODK,EASTMAN KODAK CO,67869,63663,627.79K,588.88K,+1513.6%,<.01%
667340103,NWBI,NORTHWEST BANCSHARES INC,267960,38205,4.06M,579.19K,+16.6%,<.01%
71385M107,PRM,PERIMETER SOLUTIONS INC,263612,16104,9.4M,574.11K,+6.5%,<.01%
36322Q206,DMRA,DAMORA THERAPEUTICS INC,21838,21838,568.01K,568.01K,NEW,<.01%
042315705,ARR,ARMOUR RESIDENTIAL REIT INC,222214,32492,3.88M,566.99K,+17.1%,<.01%
337185102,TRAX,FIRST TRACKS BIOTHERAPEUTICS,28129,28129,565.96K,565.96K,NEW,<.01%
98937L105,ZBIO,ZENAS BIOPHARMA INC,37790,22267,959.11K,565.14K,+143.4%,<.01%
550021109,LULU,LULULEMON ATHLETICA INC,821585,4901,93.81M,559.6K,+0.6%,0.02%
70202L102,PSN,PARSONS CORP DEL,160608,10681,8.41M,559.58K,+7.1%,<.01%
950810101,WSBC,WESBANCO INC,212072,14268,8.28M,556.88K,+7.2%,<.01%
74275K108,PCOR,PROCORE TECHNOLOGIES INC,330373,13597,13.42M,552.31K,+4.3%,<.01%
88556E102,TDUP,THREDUP INC,212828,80531,1.46M,551.64K,+60.9%,<.01%
34965K107,FTRE,FORTREA HLDGS INC,183048,31431,3.19M,546.9K,+20.7%,<.01%
89532M101,TRVI,TREVI THERAPEUTICS INC,183225,29057,3.42M,541.91K,+18.8%,<.01%
501242101,KLIC,KULICKE & SOFFA INDS INC,139393,4050,18.65M,541.73K,+3%,<.01%
15117B202,CLDX,CELLDEX THERAPEUTICS INC NEW,134958,14151,5.02M,526.56K,+11.7%,<.01%
64073B103,NP,NEPTUNE INS HLDGS INC,16674,16674,525.23K,525.23K,NEW,<.01%
558256103,MSGE,MADISON SQUARE GARDEN ENTMT,58150,6474,4.7M,523.68K,+12.5%,<.01%
578784100,MAZE,MAZE THERAPEUTICS INC,17739,17312,529.33K,516.59K,+4054.3%,<.01%
256135203,RDY,DR REDDYS LABS LTD,58932,35470,853.92K,513.96K,+151.2%,<.01%
96924N100,WLDN,WILLDAN GROUP INC,28039,6496,2.22M,513.83K,+30.2%,<.01%
64119V303,NTST,NETSTREIT CORP,570774,24274,12.06M,512.91K,+4.4%,<.01%
192576106,COHU,COHU INC,99125,6880,7.33M,508.5K,+7.5%,<.01%
63633D104,NHI,NATIONAL HEALTH INVS INC,242935,6627,18.53M,505.37K,+2.8%,<.01%
68235P108,OGS,ONE GAS INC,196427,6534,15.14M,503.58K,+3.4%,<.01%
682143102,OMER,OMEROS CORP,53362,52815,507.47K,502.27K,+9655.4%,<.01%
29249E109,ACT,ENACT HLDGS INC,38943,10782,1.78M,492.85K,+38.3%,<.01%
12468P104,AI,C3 AI INC,299866,53901,2.73M,489.96K,+21.9%,<.01%
45826J105,NTLA,INTELLIA THERAPEUTICS INC,312809,28851,5.29M,488.16K,+10.2%,<.01%
60741F104,MBLY,MOBILEYE GLOBAL INC,389257,50078,3.77M,484.76K,+14.8%,<.01%
65250K105,NMAX,NEWSMAX INC,58352,58352,483.15K,483.15K,NEW,<.01%
52567D107,LMND,LEMONADE INC,100026,7407,6.51M,481.83K,+8%,<.01%
553368101,MP,MP MATERIALS CORP,564808,8556,31.63M,479.22K,+1.5%,<.01%
33740F805,FIXD,FIRST TR EXCHNG TRADED FD VI,10971,10971,478.44K,478.45K,NEW,<.01%
130788102,CWT,CALIFORNIA WTR SVC GROUP,244401,9668,11.89M,470.35K,+4.1%,<.01%
292554102,ECPG,ENCORE CAP GROUP INC,71242,5038,6.65M,470K,+7.6%,<.01%
008064206,JBIO,JADE BIOSCIENCES INC,21486,20993,477.42K,466.46K,+4258.2%,<.01%
103304101,BYD,BOYD GAMING CORP,110169,5277,9.73M,466.12K,+5%,<.01%
861896108,SNEX,STONEX GROUP INC,183386,3903,21.73M,462.51K,+2.2%,<.01%
829401108,SION,SIONNA THERAPEUTICS INC,10622,10506,467.26K,462.16K,+9056.9%,<.01%
46267X108,IQ,IQIYI INC,440538,440538,458.16K,458.16K,NEW,<.01%
80706P103,SRRK,SCHOLAR ROCK HLDG CORP,111186,8274,6.12M,455.07K,+8%,<.01%
27923Q109,ECVT,ECOVYST INC,217230,36358,2.7M,452.66K,+20.1%,<.01%
05368V106,AVNT,AVIENT CORPORATION,231101,12243,8.54M,452.5K,+5.6%,<.01%
264147109,DCO,DUCOMMUN INC DEL,33184,2435,6.15M,450.99K,+7.9%,<.01%
296315104,ESE,ESCO TECHNOLOGIES INC,66990,1275,23.45M,446.3K,+1.9%,<.01%
62886E108,VYX,NCR VOYIX CORPORATION,392063,54144,3.2M,442.36K,+16%,<.01%
70339W104,PTRN,PATTERN GROUP INC,17488,17488,440.52K,440.52K,NEW,<.01%
69753M105,PLMR,PALOMAR HLDGS INC,71782,3460,9.07M,437.31K,+5.1%,<.01%
45688C107,NGVT,INGEVITY CORP,163469,5848,12.21M,436.67K,+3.7%,<.01%
88557W101,QFIN,QFIN HOLDINGS INC,28092,27430,444.13K,433.67K,+4143.5%,<.01%
05990K106,BANC,BANC OF CALIFORNIA INC,358830,21084,7.33M,430.75K,+6.2%,<.01%
69932A204,PSKY,PARAMOUNT SKYDANCE CORP,941568,43407,9.28M,427.99K,+4.8%,<.01%
25659T107,DLB,DOLBY LABORATORIES INC,188926,8051,9.93M,423.32K,+4.5%,<.01%
53635D202,LQDA,LIQUIDIA CORPORATION,121911,5297,9.72M,422.33K,+4.5%,<.01%
52661A108,DRS,LEONARDO DRS INC,199966,9854,8.53M,420.47K,+5.2%,<.01%
31188V100,FSLY,FASTLY INC,301653,22901,5.54M,420.46K,+8.2%,<.01%
80401C100,SATL,SATELLOGIC INC,73302,73302,419.29K,419.29K,NEW,<.01%
739276103,POWI,POWER INTEGRATIONS INC,136588,4930,11.44M,412.94K,+3.7%,<.01%
46591M109,JOYY,JOYY INC,6811,6235,449.46K,411.45K,+1082.5%,<.01%
75644T100,RCAT,RED CAT HLDGS INC,258960,38004,2.76M,404.74K,+17.2%,<.01%
98311A105,WH,WYNDHAM HOTELS & RESORTS INC,186627,4729,15.72M,398.23K,+2.6%,<.01%
00835Q202,AEVA,AEVA TECHNOLOGIES INC,32605,13746,936.42K,394.79K,+72.9%,<.01%
654484609,NB,NIOCORP DEVS LTD,236182,81294,1.14M,391.84K,+52.5%,<.01%
805111101,SVRA,SAVARA INC,116222,63504,715.93K,391.18K,+120.5%,<.01%
959802109,WU,WESTERN UN CO,1091703,50259,8.41M,386.99K,+4.8%,<.01%
91704F104,UE,URBAN EDGE PPTYS,689696,16867,15.78M,385.92K,+2.5%,<.01%
023586506,UHALB,U HAUL HOLDING COMPANY,207479,6688,11.97M,385.9K,+3.3%,<.01%
046433108,ATRO,ASTRONICS CORP,53627,4683,4.36M,380.54K,+9.6%,<.01%
92846Q107,COCO,VITA COCO CO INC,82986,5727,5.49M,378.78K,+7.4%,<.01%
918284100,VSEC,VSE CORP,47041,1649,10.75M,376.8K,+3.6%,<.01%
319383204,BUSE,FIRST BUSEY CORP,182098,12766,5.37M,376.6K,+7.5%,<.01%
382550101,GT,GOODYEAR TIRE & RUBR CO,641991,56813,4.24M,374.97K,+9.7%,<.01%
947002101,WLTH,WEALTHFRONT CORP,41411,41411,370.21K,370.21K,NEW,<.01%
903002103,UMH,UMH PPTYS INC,445154,24448,6.74M,370.14K,+5.8%,<.01%
44267T102,HHH,HOWARD HUGHES HOLDINGS INC,100006,5161,7.15M,368.96K,+5.4%,<.01%
693282105,PDFS,PDF SOLUTIONS INC,65049,5210,4.6M,368.82K,+8.7%,<.01%
513272104,LW,LAMB WESTON HLDGS INC,349050,8489,15.07M,366.56K,+2.5%,<.01%
146229109,CRI,CARTERS INC,88531,8896,3.64M,366.16K,+11.2%,<.01%
034164103,ANDE,ANDERSONS INC,95768,5315,6.55M,363.55K,+5.9%,<.01%
011659109,ALK,ALASKA AIR GROUP INC,130700,6920,6.82M,361.22K,+5.6%,<.01%
500643200,KFY,KORN FERRY,123977,5352,8.25M,356.34K,+4.5%,<.01%
00165C302,AMC,AMC ENTMT HLDGS INC,1059097,187072,2.01M,355.44K,+21.5%,<.01%
91688F104,UPWK,UPWORK INC,298817,42432,2.5M,354.73K,+16.6%,<.01%
146280508,SILA,SILA REALTY TRUST INC,270284,11675,8.21M,354.45K,+4.5%,<.01%
32020R109,FFIN,FIRST FINL BANKSHARES INC,252656,10244,8.74M,354.44K,+4.2%,<.01%
64828T201,RITM,RITHM CAPITAL CORP,989882,37524,9.29M,352.35K,+3.9%,<.01%
88162F105,TTI,TETRA TECHNOLOGIES INC DEL,207954,31086,2.36M,352.2K,+17.6%,<.01%
059520106,BCH,BANCO DE CHILE,13563,8731,539.26K,347.14K,+180.7%,<.01%
92764N102,VIR,VIR BIOTECHNOLOGY INC,164147,33644,1.67M,342.83K,+25.8%,<.01%
92847W103,VITL,VITAL FARMS INC,120634,29353,1.4M,341.38K,+32.2%,<.01%
67079U306,NUTX,NUTEX HEALTH INC,4399,1980,751.75K,338.36K,+81.9%,<.01%
698884103,PAR,PAR TECHNOLOGY CORP,87299,19320,1.52M,336.55K,+28.4%,<.01%
133034108,CAC,CAMDEN NATL CORP,27754,6166,1.5M,334.32K,+28.6%,<.01%
31810T101,FINV,FINVOLUTION GROUP,68144,68144,326.41K,326.41K,NEW,<.01%
570535104,MKL,MARKEL GROUP INC,77952,167,152.24M,326.15K,+0.2%,0.03%
92047W101,VVV,VALVOLINE INC,395993,8198,15.66M,324.15K,+2.1%,<.01%
485924104,KRMN,KARMAN HLDGS INC,109035,6493,5.44M,324.13K,+6.3%,<.01%
680665205,OLN,OLIN CORP,317742,16155,6.3M,320.19K,+5.4%,<.01%
29446Y502,EQX,EQUINOX GOLD CORP,265730,32616,2.58M,317.03K,+14%,<.01%
29357K103,ENVA,ENOVA INTL INC,49020,1316,11.8M,316.8K,+2.8%,<.01%
90240B106,TYRA,TYRA BIOSCIENCES INC,17688,9856,564.96K,314.8K,+125.8%,<.01%
844741108,LUV,SOUTHWEST AIRLS CO,560059,6094,28.8M,313.35K,+1.1%,<.01%
70975L107,PEN,PENUMBRA INC,97689,974,30.85M,307.54K,+1%,<.01%
205887102,CAG,CONAGRA BRANDS INC,1698945,22708,22.87M,305.65K,+1.4%,<.01%
637870106,NSA,NATIONAL STORAGE AFFILIATES,437175,6859,19.44M,305.02K,+1.6%,<.01%
10806XAD4,BBIO,BRIDGEBIO PHARMA INC,275000,275000,304.31K,304.31K,NEW,<.01%
89422G107,TVTX,TRAVERE THERAPEUTICS INC,142368,5343,8.09M,303.54K,+3.9%,<.01%
00218A105,ASPI,ASP ISOTOPES INC,161219,48743,1M,303.18K,+43.3%,<.01%
03209RAB9,AMPH,AMPHASTAR PHARMACEUTICALS IN,334000,334000,303.11K,303.11K,NEW,<.01%
68062P106,OLMA,OLEMA PHARMACEUTICALS INC,49136,24111,614.69K,301.63K,+96.3%,<.01%
128030202,CALM,CAL MAINE FOODS INC,100208,3737,8.07M,301.05K,+3.9%,<.01%
230031106,CGEM,CULLINAN THERAPEUTICS INC,84178,16522,1.53M,300.87K,+24.4%,<.01%
49845K101,KVYO,KLAVIYO INC,257260,19832,3.88M,299.46K,+8.4%,<.01%
646025106,NJR,NEW JERSEY RES CORP,308305,5341,17.28M,299.31K,+1.8%,<.01%
985817105,YELP,YELP INC,141581,12200,3.47M,299.14K,+9.4%,<.01%
45569U101,INDI,INDIE SEMICONDUCTOR INC,305492,66408,1.37M,298.17K,+27.8%,<.01%
29415C101,EOSE,EOS ENERGY ENTERPRISES INC,580394,50265,3.41M,295.56K,+9.5%,<.01%
03237H101,AMLX,AMYLYX PHARMACEUTICALS INC,173407,16318,3.11M,293.07K,+10.4%,<.01%
09061GAK7,BMRN,BIOMARIN PHARMACEUTICAL INC,300000,300000,291.51K,291.51K,NEW,<.01%
457642205,INOD,INNODATA INC,56328,3843,4.26M,290.45K,+7.3%,<.01%
054540208,ACLS,AXCELIS TECHNOLOGIES INC,66069,1519,12.52M,287.77K,+2.4%,<.01%
03589W102,ANNX,ANNEXON INC,180647,50000,1.03M,285.5K,+38.3%,<.01%
87507T101,TBN,TAMBORAN RES CORP,8754,8754,284.59K,284.59K,NEW,<.01%
916896103,UEC,URANIUM ENERGY CORP,1076519,26525,11.48M,282.76K,+2.5%,<.01%
852312305,STAA,STAAR SURGICAL CO,107417,9836,3.08M,282.19K,+10.1%,<.01%
98423F109,XMTR,XOMETRY INC,74658,2915,7.21M,281.36K,+4.1%,<.01%
08975B109,BBAI,BIGBEAR AI HLDGS INC,1295272,76451,4.75M,280.58K,+6.3%,<.01%
82900L102,SMPL,SIMPLY GOOD FOODS CO,235066,20963,3.12M,278.39K,+9.8%,<.01%
23204G100,CUBI,CUSTOMERS BANCORP INC,84136,3519,6.66M,278.35K,+4.4%,<.01%
68634K106,ORLA,ORLA MNG LTD NEW,153189,28048,1.5M,274.59K,+22.4%,<.01%
29786AAN6,ETSY,ETSY INC,300000,300000,273.93K,273.93K,NEW,<.01%
201723103,CMC,COMMERCIAL METALS CO,286512,4316,17.98M,270.83K,+1.5%,<.01%
743312100,PRGS,PROGRESS SOFTWARE CORP,108951,8012,3.66M,269.04K,+7.9%,<.01%
784305104,HTO,H2O AMERICA,136071,4375,8.27M,265.87K,+3.3%,<.01%
30069T101,EE,EXCELERATE ENERGY INC,48266,6965,1.83M,264.6K,+16.9%,<.01%
237266101,DAR,DARLING INGREDIENTS INC,419696,4820,22.92M,263.27K,+1.2%,<.01%
65342K105,NEXT,NEXTDECADE CORP,327509,34805,2.47M,262.43K,+11.9%,<.01%
37890B100,GBTG,GLOBAL BUSINESS TRAVEL GROUP,311361,27924,2.92M,262.21K,+9.9%,<.01%
50187T106,LGIH,LGI HOMES INC,35980,4060,2.29M,258.54K,+12.7%,<.01%
844895102,SWX,SOUTHWEST GAS HLDGS INC,169565,2905,15.04M,257.62K,+1.7%,<.01%
83304AAH9,SNAP,SNAP INC,280000,280000,257.26K,257.26K,NEW,<.01%
81764X103,TTAN,SERVICETITAN INC,84725,3625,5.99M,256.32K,+4.5%,<.01%
810186106,SMG,SCOTTS MIRACLE-GRO CO,120380,3763,8.2M,256.3K,+3.2%,<.01%
719405102,PLAB,PHOTRONICS INC,97262,7847,3.16M,255.26K,+8.8%,<.01%
21874A106,CORZ,CORE SCIENTIFIC INC NEW,415569,9935,10.63M,254.24K,+2.4%,<.01%
004498101,ACIW,ACI WORLDWIDE INC,263748,5051,13.26M,254.01K,+2%,<.01%
887389104,TKR,TIMKEN CO,162691,1745,23.64M,253.58K,+1.1%,<.01%
87164F105,SNDX,SYNDAX PHARMACEUTICALS INC,161323,11526,3.53M,251.96K,+7.7%,<.01%
26142RAB0,DKNG,DRAFTKINGS INC NEW,270000,270000,250.78K,250.78K,NEW,<.01%
604749101,MIRM,MIRUM PHARMACEUTICALS INC,68725,2096,8.05M,245.38K,+3.1%,<.01%
817070501,SENEA,SENECA FOODS CORP NEW,14512,1405,2.52M,244.39K,+10.7%,<.01%
894164102,TNL,TRAVEL PLUS LEISURE CO,211278,3196,16.15M,244.27K,+1.5%,<.01%
43940T109,HOPE,HOPE BANCORP INC,229281,17838,3.14M,244.02K,+8.4%,<.01%
17243V102,CNK,CINEMARK HLDGS INC,305886,7658,9.71M,242.99K,+2.6%,<.01%
33767U107,FSUN,FIRSTSUN CAP BANCORP,6312,6254,244.78K,242.53K,+10782.8%,<.01%
65487K100,LASR,NLIGHT INC,80942,3482,5.64M,242.42K,+4.5%,<.01%
148929102,CAVA,CAVA GROUP INC,219999,3079,17.27M,241.64K,+1.4%,<.01%
826919102,SLAB,SILICON LABORATORIES INC,80508,1099,17.6M,240.2K,+1.4%,<.01%
950755108,WERN,WERNER ENTERPRISES INC,104230,5490,4.55M,239.42K,+5.6%,<.01%
82312B106,SHEN,SHENANDOAH TELECOMMUNICATION,145208,15796,2.19M,238.2K,+12.2%,<.01%
26210V102,DRVN,DRIVEN BRANDS HLDGS INC,143213,16903,2M,235.63K,+13.4%,<.01%
254604101,IRON,DISC MEDICINE INC,114109,3219,8.35M,235.44K,+2.9%,<.01%
92556W104,VIA,VIA TRANSN INC,13103,12949,237.69K,234.9K,+8408.4%,<.01%
09180C106,BJRI,BJS RESTAURANTS INC,31997,3857,1.94M,234.25K,+13.7%,<.01%
039697107,ARDX,ARDELYX INC,486412,45738,2.48M,233.26K,+10.4%,<.01%
69888T207,PARR,PAR PAC HOLDINGS INC,105321,4151,5.91M,232.79K,+4.1%,<.01%
02361E108,AMRC,AMERESCO INC,42531,8423,1.17M,232.47K,+24.7%,<.01%
037598109,APOG,APOGEE ENTERPRISES INC,45165,5079,2.07M,232.31K,+12.7%,<.01%
00847X104,AGIO,AGIOS PHARMACEUTICALS INC,116909,6230,4.34M,231.2K,+5.6%,<.01%
86150R107,STOK,STOKE THERAPEUTICS INC,65228,7043,2.13M,230.45K,+12.1%,<.01%
384556106,GHM,GRAHAM CORP,2415,1856,298.95K,229.75K,+332%,<.01%
830830105,SKY,CHAMPION HOMES INC,103259,2598,9.1M,228.94K,+2.6%,<.01%
43283X105,HGV,HILTON GRAND VACATIONS INC,152403,4313,7.98M,225.87K,+2.9%,<.01%
09062W204,BLFS,BIOLIFE SOLUTIONS INC,75790,7993,2.14M,225.72K,+11.8%,<.01%
05603J108,BKV,BKV CORP,30084,8144,823.1K,222.82K,+37.1%,<.01%
984017103,XHR,XENIA HOTELS & RESORTS INC,716751,10941,14.59M,222.76K,+1.6%,<.01%
413160102,HLIT,HARMONIC INC,304286,13606,4.97M,222.19K,+4.7%,<.01%
535219109,LIND,LINDBLAD EXPEDITIONS HLDGS I,57545,7864,1.63M,222.08K,+15.8%,<.01%
07556Q881,BZH,BEAZER HOMES USA INC,50775,7898,1.42M,221.54K,+18.4%,<.01%
78475V103,MWH,SOLV ENERGY INC,6428,6428,218.87K,218.87K,NEW,<.01%
462260100,IOVA,IOVANCE BIOTHERAPEUTICS INC,526646,52547,2.19M,218.6K,+11.1%,<.01%
740367404,PFBC,PREFERRED BK LOS ANGELES CA,20827,2032,2.21M,215.92K,+10.8%,<.01%
70439P108,PAY,PAYMENTUS HOLDINGS INC,53941,8928,1.3M,215.7K,+19.8%,<.01%
33748L101,FWRG,FIRST WATCH RESTAURANT GROUP,92917,16614,1.2M,214.15K,+21.8%,<.01%
22410J106,CBRL,CRACKER BARREL OLD CTRY STOR,32575,4004,1.74M,213.41K,+14%,<.01%
36237H101,GIII,G III APPAREL GROUP LTD,79560,6325,2.68M,213.22K,+8.6%,<.01%
514952100,LB,LANDBRIDGE COMPANY LLC,22953,2680,1.82M,212.36K,+13.2%,<.01%
26603R106,DUOL,DUOLINGO INC,86296,1834,9.93M,210.95K,+2.2%,<.01%
20786W107,CNOB,CONNECTONE BANCORP INC,71732,6217,2.4M,207.9K,+9.5%,<.01%
867892101,SHO,SUNSTONE HOTEL INVS INC NEW,1231376,18114,14.1M,207.41K,+1.5%,<.01%
505336107,LZB,LA Z BOY INC,77573,5141,3.11M,206.26K,+7.1%,<.01%
423403104,MOMO,HELLO GROUP INC,35540,35500,206.13K,205.9K,+88750%,<.01%
493732101,KFRC,KFORCE INC,35266,4348,1.65M,204.01K,+14.1%,<.01%
00181T107,GOLD,GOLD COM INC,39417,4895,1.64M,203.68K,+14.2%,<.01%
29250N105,ENB,ENBRIDGE INC,21283,3755,1.15M,203.56K,+21.4%,<.01%
38267D109,GSHD,GOOSEHEAD INS INC,48606,4181,2.36M,202.78K,+9.4%,<.01%
651718504,NPKI,NPK INTERNATIONAL INC,142373,12740,2.27M,202.69K,+9.8%,<.01%
45781M101,INVA,INNOVIVA INC,143425,8854,3.26M,201.07K,+6.6%,<.01%
64111Q104,NTGR,NETGEAR INC,71288,8602,1.66M,200.86K,+13.7%,<.01%
680277100,OSBC,OLD SECOND BANCORP INC DEL,76132,8602,1.78M,200.6K,+12.7%,<.01%
836100107,SOUN,SOUNDHOUND AI INC,672929,30174,4.35M,195.23K,+4.7%,<.01%
149150104,CATY,CATHAY GEN BANCORP,126768,3048,7.86M,188.95K,+2.5%,<.01%
023576101,AMTB,AMERANT BANCORP INC,57213,7403,1.46M,188.92K,+14.9%,<.01%
913456109,UVV,UNIVERSAL CORP VA MTNS BK EN,23690,3610,1.24M,188.33K,+18%,<.01%
98956A105,ZETA,ZETA GLOBAL HOLDINGS CORP,281764,9562,5.55M,188.18K,+3.5%,<.01%
155923105,CTRI,CENTURI HOLDINGS INC,154614,6216,4.68M,187.97K,+4.2%,<.01%
831349105,SLDE,SLIDE INS HLDGS INC,36671,9700,710.32K,187.89K,+36%,<.01%
023586100,UHAL,U HAUL HOLDING COMPANY,13036,2869,853.08K,187.75K,+28.2%,<.01%
25960R105,PLOW,DOUGLAS DYNAMICS INC,81335,3472,4.39M,187.31K,+4.5%,<.01%
152006102,CGAU,CENTERRA GOLD INC,88192,11695,1.4M,185.48K,+15.3%,<.01%
268948106,EGBN,EAGLE BANCORPORATION INC,49033,6487,1.39M,184.17K,+15.2%,<.01%
799566104,SANA,SANA BIOTECHNOLOGY INC,284472,52766,992.81K,184.15K,+22.8%,<.01%
21871N101,CXW,CORECIVIC INC,166968,5982,5.07M,181.73K,+3.7%,<.01%
502160104,LXU,LSB INDS INC,27403,16714,296.23K,180.68K,+156.4%,<.01%
156431108,CENX,CENTURY ALUM CO,100220,3903,4.61M,179.58K,+4.1%,<.01%
74767V109,QS,QUANTUMSCAPE CORP,1020729,23714,7.72M,179.28K,+2.4%,<.01%
861025104,SYBT,STOCK YDS BANCORP INC,50993,2335,3.9M,178.56K,+4.8%,<.01%
97651M109,WIT,WIPRO LTD,698564,79000,1.57M,177.75K,+12.8%,<.01%
782011100,RSI,RUSH STREET INTERACTIVE INC,140431,5968,4.18M,177.49K,+4.4%,<.01%
530307107,LBRDA,LIBERTY BROADBAND CORP,40524,5278,1.35M,175.65K,+15%,<.01%
59356Q108,MIAX,MIAMI INTL HLDGS INC,17824,4714,662.34K,175.17K,+36%,<.01%
097023105,BA,BOEING CO,3091370,805,669.19M,174.26K,+0%,0.12%
03062D803,USAS,AMERICAS GOLD AND SILVER COR,246921,36793,1.17M,173.66K,+17.5%,<.01%
197641103,CLBK,COLUMBIA FINL INC,96373,8173,2.05M,173.43K,+9.3%,<.01%
90385V107,UCTT,ULTRA CLEAN HLDGS INC,105799,1214,15.09M,173.1K,+1.2%,<.01%
576485205,MTDR,MATADOR RES CO,190361,3473,9.48M,172.89K,+1.9%,<.01%
87261Y106,TMC,TMC THE METALS COMPANY INC,367404,38993,1.63M,172.74K,+11.9%,<.01%
83089J108,SKYT,SKYWATER TECHNOLOGY INC,45530,4893,1.59M,170.37K,+12%,<.01%
635017106,FIZZ,NATIONAL BEVERAGE CORP,51815,5401,1.62M,168.51K,+11.6%,<.01%
320866106,FMBH,FIRST MID BANCSHARES INC,39986,3502,1.92M,168.41K,+9.6%,<.01%
20337X109,VISN,VISTANCE NETWORKS INC,533242,13135,6.81M,167.87K,+2.5%,<.01%
50216C108,LYTS,LSI INDS INC OHIO,41610,6273,1.11M,166.74K,+17.8%,<.01%
966084204,WSR,WHITESTONE REIT,117895,8686,2.24M,164.69K,+8%,<.01%
71944F106,PHR,PHREESIA INC,123567,15971,1.27M,164.34K,+14.8%,<.01%
00486H105,ADTN,ADTRAN HOLDINGS INC,201962,11724,2.81M,162.96K,+6.2%,<.01%
39854F101,GRND,GRINDR INC,89720,11296,1.29M,162.32K,+14.4%,<.01%
898402102,TRMK,TRUSTMARK CORP,108422,3519,4.99M,161.91K,+3.4%,<.01%
234264109,DAKT,DAKTRONICS INC,83747,8143,1.64M,159.28K,+10.8%,<.01%
628778102,NBTB,NBT BANCORP INC,128180,3155,6.33M,155.76K,+2.5%,<.01%
86627T108,SMMT,SUMMIT THERAPEUTICS INC,90338,10642,1.32M,155.05K,+13.4%,<.01%
98422E103,XERS,XERIS BIOPHARMA HOLDINGS INC,687632,19558,5.45M,154.9K,+2.9%,<.01%
866082100,INN,SUMMIT HOTEL PPTYS,28568,21927,200.26K,153.71K,+330.2%,<.01%
28036F105,EWTX,EDGEWISE THERAPEUTICS INC,118209,3489,4.8M,141.76K,+3%,<.01%
530909308,LLYVK,LIBERTY LIVE HOLDINGS INC,105770,1333,11.17M,140.82K,+1.3%,<.01%
00402L107,ASO,ACADEMY SPORTS & OUTDOORS IN,123002,2930,5.8M,138.09K,+2.4%,<.01%
16208T102,CLDT,CHATHAM LODGING TR,14742,10329,195.04K,136.65K,+234.1%,<.01%
963320106,WHR,WHIRLPOOL CORP,186836,3448,7.37M,135.92K,+1.9%,<.01%
127190304,CACI,CACI INTL INC,47175,289,21.85M,133.88K,+0.6%,<.01%
744320102,PRU,PRUDENTIAL FINL INC,3106298,1220,335.26M,131.67K,+0%,0.06%
29479A108,ERAS,ERASCA INC,266140,7133,4.88M,130.68K,+2.8%,<.01%
084680107,BBT,BEACON FINANCIAL CORP.,215048,4234,6.55M,128.93K,+2%,<.01%
053604104,AVPT,AVEPOINT INC,280955,11232,3.15M,125.91K,+4.2%,<.01%
49714P108,KNSL,KINSALE CAP GROUP INC,55066,378,18.16M,124.67K,+0.7%,<.01%
05356F105,AVAH,AVEANNA HEALTHCARE HLDGS INC,96956,14492,830.91K,124.2K,+17.6%,<.01%
79546E104,SBH,SALLY BEAUTY HLDGS INC,264137,8775,3.73M,124.08K,+3.4%,<.01%
82981J851,SITC,SITE CTRS CORP,37384,30514,148.41K,121.14K,+444.2%,<.01%
030111207,AMSC,AMERICAN SUPERCONDUCTOR CORP,91267,2881,3.79M,119.59K,+3.3%,<.01%
60510V108,AVO,MISSION PRODUCE INC,127987,10130,1.51M,119.43K,+8.6%,<.01%
124411109,BY,BYLINE BANCORP INC,58133,3145,2.19M,118.44K,+5.7%,<.01%
05379B107,AVA,AVISTA CORP,229693,2873,9.4M,117.53K,+1.3%,<.01%
505743104,LADR,LADDER CAP CORP,218589,11804,2.17M,117.45K,+5.7%,<.01%
910873405,UMC,UNITED MICROELECTRONICS CORP,63473,4300,1.73M,117K,+7.3%,<.01%
03213A104,AMPL,AMPLITUDE INC,179192,15246,1.37M,116.63K,+9.3%,<.01%
00510N102,TIC,TIC SOLUTIONS INC,285538,14338,2.31M,115.99K,+5.3%,<.01%
23284F105,CTMX,CYTOMX THERAPEUTICS INC.,219779,30379,824.17K,113.92K,+16%,<.01%
806037107,SCSC,SCANSOURCE INC,44398,2126,2.31M,110.74K,+5%,<.01%
233377407,DXPE,DXP ENTERPRISES INC,25329,650,4.27M,109.68K,+2.6%,<.01%
929042109,VNO,VORNADO RLTY TR,1063752,2775,41.81M,109.06K,+0.3%,<.01%
12510Q100,CCC,CCC INTELLIGENT SOLUTIONS HL,1362103,21017,7.03M,108.45K,+1.6%,<.01%
31846B108,FA,FIRST ADVANTAGE CORP NEW,208339,5949,3.76M,107.38K,+2.9%,<.01%
30041R108,EVER,EVERQUOTE INC,41237,4504,981.03K,107.15K,+12.3%,<.01%
360271100,FULT,FULTON FINL CORP PA,416955,4303,10.09M,104.09K,+1%,<.01%
456237106,ILPT,INDUSTRIAL LOGISTICS PPTYS T,11769,11700,104.39K,103.78K,+16956.5%,<.01%
14888U101,CPRX,CATALYST PHARMACEUTICALS INC,284154,3265,8.93M,102.62K,+1.2%,<.01%
253798102,DGII,DIGI INTL INC,104141,1353,7.81M,101.41K,+1.3%,<.01%
497266106,KEX,KIRBY CORP,56351,743,7.66M,101.03K,+1.3%,<.01%
51819L107,SWIM,LATHAM GROUP INC,45167,15529,292.23K,100.47K,+52.4%,<.01%
68622P109,ORIC,ORIC PHARMACEUTICALS INC,63470,9231,687.38K,99.97K,+17%,<.01%
704551100,BTU,PEABODY ENGR CORP,147479,4229,3.41M,97.77K,+3%,<.01%
50155Q100,KD,KYNDRYL HLDGS INC,680079,8639,7.69M,97.71K,+1.3%,<.01%
25401T603,DBRG,DIGITALBRIDGE GROUP INC,359171,6132,5.67M,96.76K,+1.7%,<.01%
46578C108,IE,IVANHOE ELECTRIC INC,172717,9872,1.66M,94.87K,+6.1%,<.01%
37253A103,THRM,GENTHERM INC,61056,2730,2.08M,93.12K,+4.7%,<.01%
819047101,SHAK,SHAKE SHACK INC,73681,1654,4.13M,92.66K,+2.3%,<.01%
81758H106,SERV,SERVE ROBOTICS INC,114835,13965,755.62K,91.89K,+13.8%,<.01%
277276101,EGP,EASTGROUP PPTYS INC,388843,448,78.75M,90.73K,+0.1%,0.01%
781846308,RUSHB,RUSH ENTERPRISES INC,20028,1172,1.53M,89.66K,+6.2%,<.01%
19239V302,CCOI,COGENT COMM HOLDINGS INC,143160,6459,1.99M,89.65K,+4.7%,<.01%
74276L105,PRCT,PROCEPT BIOROBOTICS CORP,140580,3842,3.17M,86.75K,+2.8%,<.01%
912932100,UNIT,UNITI GROUP LLC,405609,7558,4.65M,86.69K,+1.9%,<.01%
724078209,PIPR,PIPER SANDLER COMPANIES,134292,1158,9.71M,83.77K,+0.9%,<.01%
20454B104,CMPX,COMPASS THERAPEUTICS INC,177814,38172,389.41K,83.6K,+27.3%,<.01%
45781V101,IIPR,INNOVATIVE INDL PPTYS INC,54868,1217,3.4M,75.43K,+2.3%,<.01%
154760409,CPF,CENTRAL PAC FINL CORP,78077,1972,2.98M,75.33K,+2.6%,<.01%
415858109,HROW,HARROW INC,52737,1770,2.24M,75.17K,+3.5%,<.01%
35138V102,FOXF,FOX FACTORY HLDG CORP,68487,4383,1.16M,74.27K,+6.8%,<.01%
78137L105,RUM,RUM GROUP INC,106596,11464,675.82K,72.68K,+12.1%,<.01%
580589109,MGRC,MCGRATH RENTCORP,67515,583,8.17M,70.56K,+0.9%,<.01%
22890A302,ORBS,EIGHTCO HOLDINGS INC,156950,101350,109.24K,70.54K,+182.3%,<.01%
221006109,CRVL,CORVEL CORP,78890,1116,4.93M,69.77K,+1.4%,<.01%
736508847,POR,PORTLAND GEN ELEC CO,224758,1339,11.65M,69.4K,+0.6%,<.01%
11777Q209,BTG,B2GOLD CORP,288790,18536,1.08M,69.32K,+6.9%,<.01%
09257W100,BXMT,BLACKSTONE MORTGAGE TRUST IN,367971,4006,6.24M,67.9K,+1.1%,<.01%
165303108,CPK,CHESAPEAKE UTILS CORP,66220,551,8.11M,67.49K,+0.8%,<.01%
218937100,CNR,CORE NATURAL RESOURCES INC,63563,843,5.09M,67.46K,+1.3%,<.01%
03783C100,APPF,APPFOLIO INC,58195,417,9.33M,66.87K,+0.7%,<.01%
489170100,KMT,KENNAMETAL INC,206814,1864,7.25M,65.33K,+0.9%,<.01%
94419L101,W,WAYFAIR INC,248494,695,22.97M,64.23K,+0.3%,<.01%
63010H108,NNE,NANO NUCLEAR ENERGY INC,63266,2993,1.34M,63.27K,+5%,<.01%
40145W101,GRDN,GUARDIAN PHARMACY SVCS INC,24249,1464,1.02M,61.3K,+6.4%,<.01%
04010E109,AGX,ARGAN INC,25681,76,20.51M,60.69K,+0.3%,<.01%
78573L106,SBRA,SABRA HEALTH CARE REIT INC,1561933,3080,30.47M,60.09K,+0.2%,<.01%
68989M202,OUST,OUSTER INC,97227,948,6.08M,59.27K,+1%,<.01%
957638109,WAL,WESTERN ALLIANCE BANCORP,293958,718,24.16M,59.02K,+0.2%,<.01%
911549103,UAMY,UNITED STATES ANTIMONY CORP,185760,7947,1.35M,57.7K,+4.5%,<.01%
78463M107,SPSC,SPS COMM INC,101896,1008,5.83M,57.63K,+1%,<.01%
157210105,CEVA,CEVA INC,36362,1187,1.71M,55.98K,+3.4%,<.01%
87615L107,TH,TARGET HOSPITALITY CORP,104692,2634,2.13M,53.63K,+2.6%,<.01%
668074305,NWE,NORTHWESTERN ENERGY GROUP IN,138393,748,9.91M,53.57K,+0.5%,<.01%
858586100,SCL,STEPAN CO,56447,960,3.15M,53.49K,+1.7%,<.01%
88688T209,TLRY,TILRAY BRANDS INC,208229,11894,934.95K,53.4K,+6.1%,<.01%
89621C105,TMQ,TRILOGY METALS INC NEW,167135,15161,586.64K,53.22K,+10%,<.01%
346232101,FOR,FORESTAR GROUP INC,41941,1656,1.33M,52.41K,+4.1%,<.01%
896522109,TRN,TRINITY INDS INC,302559,1349,10.46M,46.65K,+0.4%,<.01%
877619106,TSHA,TAYSHA GENE THERAPIES INC,272600,6805,1.86M,46.34K,+2.6%,<.01%
90114C107,TUYA,TUYA INC,238700,26000,420.11K,45.76K,+12.2%,<.01%
974250102,WINA,WINMARK CORP,6772,108,2.87M,45.69K,+1.6%,<.01%
011642105,ALRM,ALARM COM HLDGS INC,106840,977,4.99M,45.65K,+0.9%,<.01%
600544100,MLKN,MILLERKNOLL INC,167686,2184,3.43M,44.68K,+1.3%,<.01%
03748R747,AIV,APARTMENT INVT & MGMT CO,351334,14510,1.04M,43.09K,+4.3%,<.01%
22284P105,CVLG,COVENANT LOGISTICS GROUP INC,38112,974,1.68M,43.03K,+2.6%,<.01%
04621X108,AIZ,ASSURANT INC,170055,156,45.66M,41.89K,+0.1%,<.01%
559663109,MGY,MAGNOLIA OIL & GAS CORP,208440,1627,5.33M,41.62K,+0.8%,<.01%
34379V103,FLNC,FLUENCE ENERGY INC,141402,2080,2.81M,41.35K,+1.5%,<.01%
88025T102,TENB,TENABLE HLDGS INC,253666,1094,9.36M,40.35K,+0.4%,<.01%
292218104,EIG,EMPLOYERS HLDGS INC,38642,791,1.95M,39.93K,+2.1%,<.01%
023939101,AMTM,AMENTUM HOLDINGS INC,249725,1768,5.16M,36.54K,+0.7%,<.01%
69380Q107,PACS,PACS GROUP INC,78201,841,3.33M,35.86K,+1.1%,<.01%
45257U108,IMNM,IMMUNOME INC,188636,1625,4M,34.43K,+0.9%,<.01%
15102K100,CELC,CELCUITY INC,31092,297,3.25M,31.07K,+1%,<.01%
74874Q100,QNST,QUINSTREET INC,114470,2091,1.68M,30.63K,+1.9%,<.01%
18467V109,YOU,CLEAR SECURE INC,171414,549,9.55M,30.6K,+0.3%,<.01%
896945201,TRIP,TRIPADVISOR INC,205365,2221,2.82M,30.45K,+1.1%,<.01%
29270J100,ERII,ENERGY RECOVERY INC,169005,3297,1.52M,29.74K,+2%,<.01%
092113109,BKH,BLACK HILLS CORP,115661,398,8.61M,29.61K,+0.3%,<.01%
06211J100,BFC,BANK FIRST CORP,19240,193,2.85M,28.63K,+1%,<.01%
171484108,CHDN,CHURCHILL DOWNS INC,123377,310,11.06M,27.79K,+0.3%,<.01%
35909R108,ULCC,FRONTIER GROUP HLDGS INC,92787,3461,733.95K,27.38K,+3.9%,<.01%
12326C105,BFST,BUSINESS FIRST BANCSHARES IN,31600,766,971.07K,23.54K,+2.5%,<.01%
29430C102,VSTS,VESTIS CORPORATION,282694,1576,4.1M,22.88K,+0.6%,<.01%
29082K105,EMBC,EMBECTA CORP,161839,6677,527.6K,21.77K,+4.3%,<.01%
86272C103,STRA,STRATEGIC ED INC,40489,227,3.1M,17.39K,+0.6%,<.01%
87043Q108,SG,SWEETGREEN INC,222748,1954,1.96M,17.21K,+0.9%,<.01%
59516C106,MVST,MICROVAST HOLDINGS INC,395914,14638,463.22K,17.13K,+3.8%,<.01%
71363P106,PRDO,PERDOCEO ED CORP,104318,525,3.34M,16.8K,+0.5%,<.01%
02215L209,KNTK,KINETIK HOLDINGS INC,88750,330,4.29M,15.95K,+0.4%,<.01%
000899104,ADMA,ADMA BIOLOGICS INC,395356,1705,3.31M,14.27K,+0.4%,<.01%
30260D103,FIGS,FIGS INC,169800,1159,1.74M,11.86K,+0.7%,<.01%
820014405,SBET,SHARPLINK INC,26540,2266,127.39K,10.88K,+9.3%,<.01%
44952J104,CRGY,CRESCENT ENERGY COMPANY,498398,1090,4.89M,10.7K,+0.2%,<.01%
04206A101,ARLO,ARLO TECHNOLOGIES INC,175788,794,2.37M,10.7K,+0.5%,<.01%
91688R108,URG,UR-ENERGY INC,17698,7298,24.07K,9.93K,+70.2%,<.01%
421906108,HCSG,HEALTHCARE SVCS GROUP INC,144156,377,3.54M,9.26K,+0.3%,<.01%
37611X209,DNA,GINKGO BIOWORKS HOLDINGS INC,65275,698,646.88K,6.92K,+1.1%,<.01%
92511U102,VRRM,VERRA MOBILITY CORP,396166,1302,1.68M,5.53K,+0.3%,<.01%
982104101,WS,WORTHINGTON STL INC,48118,122,1.62M,4.1K,+0.3%,<.01%
87266M107,TRTX,TPG RE FIN TR INC,180941,390,1.51M,3.26K,+0.2%,<.01%
35953C106,FIP,FTAI INFRASTRUCTURE INC,295411,464,1.37M,2.15K,+0.2%,<.01%
898349204,TRST,TRUSTCO BK CORP N Y,24555,33,1.35M,1.81K,+0.1%,<.01%
860372101,STC,STEWART INFORMATION SVCS COR,78828,25,5.2M,1.65K,+0%,<.01%
783754104,RYZ,RYERSON HLDG CORP,86588,5,2.13M,123.05,+0%,<.01%
46641Q399,BBUS,J P MORGAN EXCHANGE TRADED F,425161,0,57.28M,0,NO CHANGE,0.01%
25434V708,DFAC,DIMENSIONAL ETF TRUST,1100207,0,48.81M,0,NO CHANGE,<.01%
46641Q670,JCPB,J P MORGAN EXCHANGE TRADED F,543683,0,25.52M,0,NO CHANGE,<.01%
46641Q134,JIRE,J P MORGAN EXCHANGE TRADED F,287036,0,23.68M,0,NO CHANGE,<.01%
09257WAE0,BX,BLACKSTONE MORTGAGE TRUST IN,22500000,0,22.39M,0,NO CHANGE,<.01%
29446M102,EQNR,EQUINOR ASA,677686,0,21.28M,0,NO CHANGE,<.01%
46654Q716,JBND,J P MORGAN EXCHANGE TRADED F,352993,0,18.89M,0,NO CHANGE,<.01%
L0175J138,ASPS,ALTISOURCE PORTFOLIO SOLUTIO,2465279,0,18.49M,0,NO CHANGE,<.01%
25434V567,DGCB,DIMENSIONAL ETF TRUST,316126,0,17.28M,0,NO CHANGE,<.01%
977852AP7,WOLF,WOLFSPEED INC,4293000,0,16.85M,0,NO CHANGE,<.01%
46654Q609,JGRO,J P MORGAN EXCHANGE TRADED F,124022,0,12.23M,0,NO CHANGE,<.01%
25434V831,DUHP,DIMENSIONAL ETF TRUST,287882,0,12.01M,0,NO CHANGE,<.01%
46654Q740,JGLO,J P MORGAN EXCHANGE TRADED F,164645,0,11.73M,0,NO CHANGE,<.01%
25434V815,DFSV,DIMENSIONAL ETF TRUST,299230,0,11.61M,0,NO CHANGE,<.01%
46641Q167,JAVA,J P MORGAN EXCHANGE TRADED F,142735,0,11.33M,0,NO CHANGE,<.01%
25434V799,DFIC,DIMENSIONAL ETF TRUST,292259,0,10.89M,0,NO CHANGE,<.01%
892331307,TM,TOYOTA MOTOR CORP,61258,0,10.32M,0,NO CHANGE,<.01%
46641Q266,JEMA,J P MORGAN EXCHANGE TRADED F,160225,0,10.24M,0,NO CHANGE,<.01%
25434V583,DFGP,DIMENSIONAL ETF TRUST,184792,0,10.06M,0,NO CHANGE,<.01%
63875W406,LSGR,NATIXIS ETF TRUST II,225991,0,9.52M,0,NO CHANGE,<.01%
92206C573,VTC,VANGUARD SCOTTSDALE FDS,117355,0,9.01M,0,NO CHANGE,<.01%
113004105,BAM,BROOKFIELD ASSET MANAGMT LTD,198723,0,8.91M,0,NO CHANGE,<.01%
14020Y805,CGHM,CAPITAL GRP FIXED INCM ETF T,337790,0,8.73M,0,NO CHANGE,<.01%
14020Y201,CGMU,CAPITAL GRP FIXED INCM ETF T,285973,0,7.86M,0,NO CHANGE,<.01%
37954Y848,SIL,GLOBAL X FDS,92390,0,7.16M,0,NO CHANGE,<.01%
14020R107,CGGE,CAPITAL GROUP GLOBAL EQUITY,173741,0,6.12M,0,NO CHANGE,<.01%
136385101,CNQ,CANADIAN NAT RES LTD MED TER,138646,0,5.48M,0,NO CHANGE,<.01%
14020V108,CGUS,CAPITAL GROUP CORE EQUITY ET,121677,0,5.41M,0,NO CHANGE,<.01%
33733A201,EDOW,FIRST TR EXCHANGE-TRADED FD,119168,0,5.25M,0,NO CHANGE,<.01%
25434V732,DFEM,DIMENSIONAL ETF TRUST,128722,0,5.23M,0,NO CHANGE,<.01%
780087102,RY,ROYAL BK CDA,24997,0,5.17M,0,NO CHANGE,<.01%
46654Q757,JIVE,J P MORGAN EXCHANGE TRADED F,55493,0,5.1M,0,NO CHANGE,<.01%
25434V864,DFSD,DIMENSIONAL ETF TRUST,101731,0,4.86M,0,NO CHANGE,<.01%
404280406,HSBC,HSBC HLDGS PLC,50430,0,4.8M,0,NO CHANGE,<.01%
46641Q159,JPIE,J P MORGAN EXCHANGE TRADED F,101877,0,4.69M,0,NO CHANGE,<.01%
78468R663,BIL,SPDR SERIES TRUST,50171,0,4.6M,0,NO CHANGE,<.01%
46641Q324,JIG,J P MORGAN EXCHANGE TRADED F,50474,0,4.4M,0,NO CHANGE,<.01%
78464A649,SPAB,SPDR SERIES TRUST,169277,0,4.32M,0,NO CHANGE,<.01%
14021L109,CGDG,CAPITAL GROUP DIVIDEND GROWE,110951,0,4.16M,0,NO CHANGE,<.01%
25434V575,DFGX,DIMENSIONAL ETF TRUST,70141,0,3.76M,0,NO CHANGE,<.01%
686330101,IX,ORIX CORP,97086,0,3.69M,0,NO CHANGE,<.01%
25434V872,DFCF,DIMENSIONAL ETF TRUST,87040,0,3.67M,0,NO CHANGE,<.01%
25434V765,DIHP,DIMENSIONAL ETF TRUST,106255,0,3.63M,0,NO CHANGE,<.01%
09290C863,BALI,BLACKROCK ETF TRUST,105446,0,3.57M,0,NO CHANGE,<.01%
91822M502,VEON,VEON LTD,68008,0,3.55M,0,NO CHANGE,<.01%
088606108,BHP,BHP BILLITON LIMITED,42491,0,3.54M,0,NO CHANGE,<.01%
33733E104,FTCS,FIRST TR EXCHANGE-TRADED FD,36705,0,3.45M,0,NO CHANGE,<.01%
46428Q109,SLV,ISHARES SILVER TR,61853,0,3.31M,0,NO CHANGE,<.01%
33739Q200,LMBS,FIRST TR EXCHANGE-TRADED FD,65706,0,3.27M,0,NO CHANGE,<.01%
86562M209,SMFG,SUMITOMO MITSUI FIN GRP INC,134555,0,3.17M,0,NO CHANGE,<.01%
092528504,CLOA,BLACKROCK ETF TRUST II,60882,0,3.16M,0,NO CHANGE,<.01%
67092P607,NUSC,NUSHARES ETF TR,58824,0,3.07M,0,NO CHANGE,<.01%
00215W100,ASX,ASE TECHNOLOGY HLDG CO LTD,67482,0,3.04M,0,NO CHANGE,<.01%
F92124100,TTE,TOTALENERGIES SE,38495,0,2.99M,0,NO CHANGE,<.01%
60687Y109,MFG,MIZUHO FINANCIAL GROUP INC,290027,0,2.78M,0,NO CHANGE,<.01%
092528603,BINC,BLACKROCK ETF TRUST II,50580,0,2.65M,0,NO CHANGE,<.01%
33738D804,FSIG,FIRST TR EXCHANGE-TRADED FD,138173,0,2.61M,0,NO CHANGE,<.01%
97717X511,AGGY,WISDOMTREE TR,59220,0,2.57M,0,NO CHANGE,<.01%
97717W109,DTD,WISDOMTREE TR,25952,0,2.42M,0,NO CHANGE,<.01%
25434V757,DEHP,DIMENSIONAL ETF TRUST,56218,0,2.4M,0,NO CHANGE,<.01%
46137V282,RSPT,INVESCO EXCHANGE TRADED FD T,36491,0,2.35M,0,NO CHANGE,<.01%
767204100,RIO,RIO TINTO PLC,24039,0,2.28M,0,NO CHANGE,<.01%
14020G101,CGGR,CAPITAL GROUP GROWTH ETF,47910,0,2.26M,0,NO CHANGE,<.01%
25434V740,DFEV,DIMENSIONAL ETF TRUST,52921,0,2.26M,0,NO CHANGE,<.01%
06738E204,BCS,BARCLAYS PLC,79737,0,2.14M,0,NO CHANGE,<.01%
37733W204,GSK,GSK PLC,40423,0,2.12M,0,NO CHANGE,<.01%
46641Q878,BBHY,J P MORGAN EXCHANGE TRADED F,43860,0,2.02M,0,NO CHANGE,<.01%
456837103,ING,ING GROEP N.V.,61378,0,1.93M,0,NO CHANGE,<.01%
337345102,QTEC,FIRST TR EXCHANGE-TRADED FD,5631,0,1.88M,0,NO CHANGE,<.01%
90353W103,UI,UBIQUITI INC,3528,0,1.88M,0,NO CHANGE,<.01%
539439109,LYG,LLOYDS BANKING GROUP PLC,313567,0,1.83M,0,NO CHANGE,<.01%
D18190898,DB,DEUTSCHE BK AG,53811,0,1.82M,0,NO CHANGE,<.01%
25434V658,DFGR,DIMENSIONAL ETF TRUST,62418,0,1.81M,0,NO CHANGE,<.01%
055622104,BP,BP PLC,48731,0,1.8M,0,NO CHANGE,<.01%
740444104,PLPC,PREFORMED LINE PRODS CO,4370,0,1.79M,0,NO CHANGE,<.01%
636274409,NGG,NATIONAL GRID PLC,20946,0,1.74M,0,NO CHANGE,<.01%
14022A102,CGMM,CAPITAL GROUP EQUITY ETF TR,51114,0,1.69M,0,NO CHANGE,<.01%
97717W588,EPS,WISDOMTREE TR,21044,0,1.64M,0,NO CHANGE,<.01%
01862Q107,ALH,ALLIANCE LAUNDRY HLDGS INC,60208,0,1.6M,0,NO CHANGE,<.01%
14020Y607,CGSM,CAPITAL GRP FIXED INCM ETF T,58750,0,1.55M,0,NO CHANGE,<.01%
66405S100,NBN,NORTHEAST BK PORTLAND ME,11481,0,1.52M,0,NO CHANGE,<.01%
783513203,RYAAY,RYANAIR HOLDINGS PLC,23105,0,1.5M,0,NO CHANGE,<.01%
58844R108,MBIN,MERCHANTS BANCORP IND,29329,0,1.47M,0,NO CHANGE,<.01%
861012102,STM,STMICROELECTRONICS N V,19132,0,1.43M,0,NO CHANGE,<.01%
233051879,ASHR,DBX ETF TR,38114,0,1.4M,0,NO CHANGE,<.01%
78464A847,SPMD,SPDR SERIES TRUST,20647,0,1.39M,0,NO CHANGE,<.01%
03524A108,BUD,ANHEUSER BUSCH INBEV SA NV,16610,0,1.37M,0,NO CHANGE,<.01%
526057302,LENB,LENNAR CORP,14773,0,1.31M,0,NO CHANGE,<.01%
80105N105,SNY,SANOFI SA,30508,0,1.3M,0,NO CHANGE,<.01%
46434V464,CRBN,ISHARES TR,4894,0,1.24M,0,NO CHANGE,<.01%
97717X172,QHY,WISDOMTREE TR,26706,0,1.22M,0,NO CHANGE,<.01%
464288372,IGF,ISHARES TR,18026,0,1.2M,0,NO CHANGE,<.01%
14020U100,CGCV,CAPITAL GROUP CONSERVATIVE E,36577,0,1.2M,0,NO CHANGE,<.01%
464287390,ILF,ISHARES TR,35292,0,1.19M,0,NO CHANGE,<.01%
92857W308,VOD,VODAFONE GROUP PLC,88741,0,1.17M,0,NO CHANGE,<.01%
46429B291,QLTA,ISHARES TR,23232,0,1.1M,0,NO CHANGE,<.01%
14021N105,CGNG,CAPITAL GROUP NEW GEOGRAPHY,28594,0,1.07M,0,NO CHANGE,<.01%
N3167Y103,RACE,FERRARI N V,2874,0,1.07M,0,NO CHANGE,<.01%
233912104,DJCO,DAILY JOURNAL CORP,1775,0,1.07M,0,NO CHANGE,<.01%
337344105,QQEW,FIRST TR EXCHANGE-TRADED FD,6573,0,1.05M,0,NO CHANGE,<.01%
97717W562,EES,WISDOMTREE TR,15186,0,1.03M,0,NO CHANGE,<.01%
29460X109,EQBK,EQUITY BANCSHARES INC,21008,0,1.03M,0,NO CHANGE,<.01%
33738D408,HYLS,FIRST TR EXCHANGE-TRADED FD,24515,0,996.53K,0,NO CHANGE,<.01%
11040G103,VTOL,BRISTOW GROUP INC,22905,0,946.43K,0,NO CHANGE,<.01%
654902204,NOK,NOKIA CORP,70985,0,942.68K,0,NO CHANGE,<.01%
464286210,EUHY,ISHARES INC,17199,0,926.34K,0,NO CHANGE,<.01%
62914V106,NIO,NIO INC,181351,0,917.64K,0,NO CHANGE,<.01%
451051106,IBTA,IBOTTA INC,26419,0,902.47K,0,NO CHANGE,<.01%
874060205,TAK,TAKEDA PHARMACEUTICAL CO LTD,56108,0,899.41K,0,NO CHANGE,<.01%
687380105,ORRF,ORRSTOWN FINL SVCS INC,21980,0,897.44K,0,NO CHANGE,<.01%
04914Y102,ATLC,ATLANTICUS HOLDINGS CORP,8726,0,892.23K,0,NO CHANGE,<.01%
97717X651,DGRS,WISDOMTREE TR,14907,0,884.79K,0,NO CHANGE,<.01%
M3760D101,ESLT,ELBIT SYS LTD,1161,0,880.87K,0,NO CHANGE,<.01%
25520W107,DEC,DIVERSIFIED ENERGY CO,63474,0,879.75K,0,NO CHANGE,<.01%
442487401,HOV,HOVNANIAN ENTERPRISES INC,6166,0,878.1K,0,NO CHANGE,<.01%
019330109,ALNT,ALLIENT INC,8372,0,861.73K,0,NO CHANGE,<.01%
45857P806,IHG,INTERCONTINENTAL HOTELS GROU,4916,0,851.06K,0,NO CHANGE,<.01%
047726104,BATRA,ATLANTA BRAVES HLDGS INC,14759,0,831.08K,0,NO CHANGE,<.01%
126117100,CNA,CNA FINL CORP,16794,0,816.36K,0,NO CHANGE,<.01%
399473206,GRPN,GROUPON INC,33723,0,811.38K,0,NO CHANGE,<.01%
52603B107,TREE,LENDINGTREE INC,17924,0,793.85K,0,NO CHANGE,<.01%
26874R108,E,ENI SPA,16401,0,768.55K,0,NO CHANGE,<.01%
981419104,WRLD,WORLD ACCEP CORPORATION,3433,0,768.41K,0,NO CHANGE,<.01%
227483104,CCRN,CROSS CTRY HEALTHCARE INC,57049,0,753.62K,0,NO CHANGE,<.01%
46138E354,SPLV,INVESCO EXCH TRADED FD TR II,9904,0,741.81K,0,NO CHANGE,<.01%
97717W125,WTMF,WISDOMTREE TR,18155,0,741.63K,0,NO CHANGE,<.01%
00162Q395,OUSM,ALPS ETF TR,15476,0,735.42K,0,NO CHANGE,<.01%
46641Q332,JEPI,J P MORGAN EXCHANGE TRADED F,12758,0,720.57K,0,NO CHANGE,<.01%
75134P600,METC,RAMACO RES INC,53546,0,708.41K,0,NO CHANGE,<.01%
97717X131,IQDG,WISDOMTREE TR,16415,0,707.16K,0,NO CHANGE,<.01%
00436Q106,ACEL,ACCEL ENTERTAINMENT INC,55283,0,697.12K,0,NO CHANGE,<.01%
77664L207,ROOT,ROOT INC,12278,0,686.59K,0,NO CHANGE,<.01%
464288802,SUSA,ISHARES TR,4386,0,676.76K,0,NO CHANGE,<.01%
46138E230,IDLV,INVESCO EXCH TRADED FD TR II,19126,0,659.71K,0,NO CHANGE,<.01%
78440P306,SKM,SK TELECOM CO LTD,20358,0,654.71K,0,NO CHANGE,<.01%
294821608,ERIC,TELEFONAKTIEBOLAGET LM ERICS,57731,0,643.7K,0,NO CHANGE,<.01%
464287127,ILCB,ISHARES TR,6200,0,642.63K,0,NO CHANGE,<.01%
03938L203,MT,ARCELORMITTAL SA LUXEMBOURG,10332,0,622.19K,0,NO CHANGE,<.01%
139674105,CCBG,CAPITAL CITY BANK,12547,0,620.07K,0,NO CHANGE,<.01%
948596101,WB,WEIBO CORP,85319,0,619.42K,0,NO CHANGE,<.01%
07725L102,ONC,BEONE MEDICINES LTD,2137,0,608.98K,0,NO CHANGE,<.01%
71722W107,PHAT,PHATHOM PHARMACEUTICALS INC,55788,0,605.3K,0,NO CHANGE,<.01%
76665T102,REPX,RILEY EXPLORATION PERMIAN IN,18251,0,601.55K,0,NO CHANGE,<.01%
891160509,TD,TORONTO DOMINION BK ONT,4926,0,598.16K,0,NO CHANGE,<.01%
464288752,ITB,ISHARES TR,5634,0,588.64K,0,NO CHANGE,<.01%
980228308,WDS,WOODSIDE ENERGY GROUP LTD,30284,0,585.09K,0,NO CHANGE,<.01%
293792107,EPD,ENTERPRISE PRODS PARTNERS L,15458,0,568.24K,0,NO CHANGE,<.01%
N3168P101,FER,FERROVIAL NV,8201,0,562.67K,0,NO CHANGE,<.01%
11271J107,BN,BROOKFIELD CORP,13150,0,560.06K,0,NO CHANGE,<.01%
29667J101,ESQ,ESQUIRE FINL HLDGS INC,4685,0,558.03K,0,NO CHANGE,<.01%
29278D105,ENIC,ENEL CHILE SA,118858,0,534.86K,0,NO CHANGE,<.01%
73933G202,PSIX,POWER SOLUTIONS INTL INC,13744,0,534.5K,0,NO CHANGE,<.01%
46434V290,SMLF,ISHARES TR,5970,0,532.17K,0,NO CHANGE,<.01%
92206C623,VTWG,VANGUARD SCOTTSDALE FDS,1849,0,531.92K,0,NO CHANGE,<.01%
092528843,HIMU,BLACKROCK ETF TRUST II,10444,0,520.11K,0,NO CHANGE,<.01%
63888U108,NGVC,NATURAL GROCERS BY VITAMIN,16594,0,514.75K,0,NO CHANGE,<.01%
438128308,HMC,HONDA MOTOR CO LTD,18600,0,504.25K,0,NO CHANGE,<.01%
33738D309,FTSL,FIRST TR EXCHANGE-TRADED FD,11242,0,503.08K,0,NO CHANGE,<.01%
46641Q449,BBCB,J P MORGAN EXCHANGE TRADED F,10955,0,496.54K,0,NO CHANGE,<.01%
83066P309,SKIL,SKILLSOFT CORP,95717,0,495.81K,0,NO CHANGE,<.01%
29273V100,ET,ENERGY TRANSFER L P,24740,0,473.03K,0,NO CHANGE,<.01%
00162Q387,OUSA,ALPS ETF TR,8100,0,472.47K,0,NO CHANGE,<.01%
97717Y857,USMF,WISDOMTREE TR,8686,0,471.15K,0,NO CHANGE,<.01%
867224107,SU,SUNCOR ENERGY INC NEW,8513,0,456.98K,0,NO CHANGE,<.01%
65535H208,NMR,NOMURA HLDGS INC,51959,0,456.2K,0,NO CHANGE,<.01%
56501R106,MFC,MANULIFE FINL CORP,11218,0,454.44K,0,NO CHANGE,<.01%
46435G219,IGEB,ISHARES TR,9994,0,450.83K,0,NO CHANGE,<.01%
453038408,IMO,IMPERIAL OIL LTD,4017,0,449.98K,0,NO CHANGE,<.01%
464287572,IOO,ISHARES TR,3228,0,440.94K,0,NO CHANGE,<.01%
464287176,TIP,ISHARES TR,3865,0,422.95K,0,NO CHANGE,<.01%
309627107,FMNB,FARMERS NATIONAL BANC CORP,28738,0,419.57K,0,NO CHANGE,<.01%
87807B107,TRP,TC ENERGY CORP,6301,0,417.69K,0,NO CHANGE,<.01%
92206C649,VTWV,VANGUARD SCOTTSDALE FDS,2094,0,409.25K,0,NO CHANGE,<.01%
464289875,AOM,ISHARES TR,8080,0,403.11K,0,NO CHANGE,<.01%
H50430232,LOGI,LOGITECH INTL S A,4231,0,397.88K,0,NO CHANGE,<.01%
824596100,SHG,SHINHAN FINANCIAL GROUP CO L,6263,0,396.13K,0,NO CHANGE,<.01%
04272N102,AVBP,ARRIVENT BIOPHARMA INC,11357,0,394.54K,0,NO CHANGE,<.01%
25434V401,DFUS,DIMENSIONAL ETF TRUST,4662,0,382K,0,NO CHANGE,<.01%
09251A104,BDJ,BLACKROCK ENHANCED EQUITY DI,39893,0,381.78K,0,NO CHANGE,<.01%
22658D100,CRCT,CRICUT INC,86628,0,380.3K,0,NO CHANGE,<.01%
520776105,DSGR,DISTRIBUTION SOLUTIONS GRP I,13714,0,375.08K,0,NO CHANGE,<.01%
949746804,WFCPRL,WELLS FARGO & CO,300,0,347.1K,0,NO CHANGE,<.01%
464288828,IHF,ISHARES TR,6186,0,342.27K,0,NO CHANGE,<.01%
375916103,GIL,GILDAN ACTIVEWEAR INC,6555,0,338.24K,0,NO CHANGE,<.01%
40609P105,HNRG,HALLADOR ENERGY COMPANY,19444,0,338.13K,0,NO CHANGE,<.01%
464287689,IWV,ISHARES TR,777,0,331.31K,0,NO CHANGE,<.01%
464287846,IYY,ISHARES TR,1787,0,325.73K,0,NO CHANGE,<.01%
136069101,CM,CANADIAN IMPERIAL BANK OF CO,2832,0,325.68K,0,NO CHANGE,<.01%
65487X102,NOAH,NOAH HLDGS LTD,32570,0,325.37K,0,NO CHANGE,<.01%
063671101,BMO,BANK MONTREAL MEDIUM,1828,0,323.01K,0,NO CHANGE,<.01%
962879102,WPM,WHEATON PRECIOUS METALS CORP,2841,0,319.1K,0,NO CHANGE,<.01%
760125104,RTO,RENTOKIL INITIAL PLC,11088,0,317.23K,0,NO CHANGE,<.01%
74168J101,PRME,PRIME MEDICINE INC,85300,0,314.76K,0,NO CHANGE,<.01%
78349D107,RXST,RXSIGHT INC,64510,0,310.94K,0,NO CHANGE,<.01%
981064108,WF,WOORI FINL GROUP INC,5323,0,305.54K,0,NO CHANGE,<.01%
464288703,ISCV,ISHARES TR,3896,0,305.13K,0,NO CHANGE,<.01%
67077M108,NTR,NUTRIEN LTD,4820,0,303.42K,0,NO CHANGE,<.01%
46435G524,IGRO,ISHARES TR,3436,0,302.13K,0,NO CHANGE,<.01%
97717Y725,MTGP,WISDOMTREE TR,6771,0,299.03K,0,NO CHANGE,<.01%
33737A108,GRID,FIRST TR EXCHANGE-TRADED FD,1554,0,297.98K,0,NO CHANGE,<.01%
23703Q203,DQ,DAQO NEW ENERGY CORP,21847,0,292.53K,0,NO CHANGE,<.01%
07317Q105,BTE,BAYTEX ENERGY CORP,72765,0,291.06K,0,NO CHANGE,<.01%
808524789,FNDB,SCHWAB STRATEGIC TR,9555,0,291.05K,0,NO CHANGE,<.01%
358029106,FMS,FRESENIUS MEDICAL CARE AG,12784,0,289.05K,0,NO CHANGE,<.01%
G8267P108,SW,SMURFIT WESTROCK PLC,6198,0,286.72K,0,NO CHANGE,<.01%
457152106,INGM,INGRAM MICRO HLDG CORP,10328,0,283.3K,0,NO CHANGE,<.01%
83175M205,SNN,SMITH & NEPHEW PLC,9508,0,273.93K,0,NO CHANGE,<.01%
316092709,FIDU,FIDELITY COVINGTON TRUST,2727,0,271.64K,0,NO CHANGE,<.01%
37954Y632,AIQ,GLOBAL X FDS,4083,0,267.89K,0,NO CHANGE,<.01%
46121Y201,IPI,INTREPID POTASH INC,8027,0,263.12K,0,NO CHANGE,<.01%
17133Q502,CHT,CHUNGHWA TELECOM CO LTD,5867,0,259.67K,0,NO CHANGE,<.01%
320557101,INBK,FIRST INTERNET BANCORP,9210,0,256.04K,0,NO CHANGE,<.01%
500631106,KEP,KOREA ELEC PWR CORP,21029,0,254.45K,0,NO CHANGE,<.01%
705015105,PSO,PEARSON PLC,16001,0,254.26K,0,NO CHANGE,<.01%
46138E263,CGW,INVESCO EXCH TRADED FD TR II,3865,0,254.05K,0,NO CHANGE,<.01%
N72482156,QGEN,QIAGEN NV,6343,0,248.01K,0,NO CHANGE,<.01%
464287788,IYF,ISHARES TR,1908,0,243.29K,0,NO CHANGE,<.01%
387432107,GRNT,GRANITE RIDGE RESOURCES INC,53681,0,236.73K,0,NO CHANGE,<.01%
0076CA104,AEG,AEGON LTD,27905,0,235.52K,0,NO CHANGE,<.01%
136375102,CNI,CANADIAN NATL RY CO,1975,0,235.5K,0,NO CHANGE,<.01%
25243Q205,DEO,DIAGEO PLC,2903,0,233.34K,0,NO CHANGE,<.01%
54975P201,LU,LUFAX HOLDING LTD,174705,0,230.61K,0,NO CHANGE,<.01%
92189F684,RTH,VANECK ETF TRUST,897,0,229.4K,0,NO CHANGE,<.01%
67092P300,NULV,NUSHARES ETF TR,4525,0,226.21K,0,NO CHANGE,<.01%
16411Q101,CQP,CHENIERE ENERGY PARTNERS L P,3708,0,226K,0,NO CHANGE,<.01%
33739P202,FEMB,FIRST TR EXCH TRADED FD III,7612,0,222.42K,0,NO CHANGE,<.01%
L0175J112,ASPSW,ALTISOURCE PORTFOLIO SOLUTIO,552154,0,220.86K,0,NO CHANGE,<.01%
90290T882,UMI,USCF ETF TR,3642,0,214.29K,0,NO CHANGE,<.01%
878742204,TECK,TECK RESOURCES LTD,3547,0,210.91K,0,NO CHANGE,<.01%
693483109,PKX,POSCO HOLDINGS INC,4032,0,207.16K,0,NO CHANGE,<.01%
76134H101,RHLD,RESOLUTE HLDGS MGMT INC,1400,0,202.34K,0,NO CHANGE,<.01%
464286681,EUSA,ISHARES INC,1768,0,201.89K,0,NO CHANGE,<.01%
33738R704,AIRR,FIRST TR EXCHANGE TRADED FD,1512,0,201.47K,0,NO CHANGE,<.01%
78464A805,SPTM,SPDR SERIES TRUST,2207,0,200.37K,0,NO CHANGE,<.01%
74347B680,REGL,PROSHARES TR,2186,0,200.17K,0,NO CHANGE,<.01%
M7516K103,NVMI,NOVA LTD,362,0,196.54K,0,NO CHANGE,<.01%
301505707,ROBO,EXCHANGE TRADED CONCEPTS TRU,2288,0,195.99K,0,NO CHANGE,<.01%
G16252101,BIP,BROOKFIELD INFRASTRUCTURE PA,5317,0,194.02K,0,NO CHANGE,<.01%
163092109,CHGG,CHEGG INC,187643,0,189.52K,0,NO CHANGE,<.01%
464287861,IEV,ISHARES TR,2588,0,188.54K,0,NO CHANGE,<.01%
M53213100,ICL,ICL GROUP LTD,36902,0,183.77K,0,NO CHANGE,<.01%
33734K109,FEX,FIRST TR EXCHANGE-TRADED ALP,1313,0,183.65K,0,NO CHANGE,<.01%
464288810,IHI,ISHARES TR,3716,0,183.61K,0,NO CHANGE,<.01%
78463X400,GXC,SPDR INDEX SHS FDS,2079,0,179.88K,0,NO CHANGE,<.01%
559222401,MGA,MAGNA INTL INC,2716,0,178.33K,0,NO CHANGE,<.01%
866796105,SLF,SUN LIFE FINANCIAL INC.,2273,0,178.25K,0,NO CHANGE,<.01%
33939L845,QDEF,FLEXSHARES TR,2044,0,177.87K,0,NO CHANGE,<.01%
47580P103,JELD,JELD-WEN HLDG INC,118480,0,177.72K,0,NO CHANGE,<.01%
25434V856,DFIP,DIMENSIONAL ETF TRUST,4252,0,175.42K,0,NO CHANGE,<.01%
82706C108,SIMO,SILICON MOTION TECHNOLOGY CO,525,0,175K,0,NO CHANGE,<.01%
34984V209,FET,FORUM ENERGY TECHNOLOGIES IN,3477,0,174.65K,0,NO CHANGE,<.01%
064149107,BNS,BANK NOVA SCOTIA B C,1949,0,169.25K,0,NO CHANGE,<.01%
43785V102,MCHB,MECHANICS BANCORP,10574,0,168.13K,0,NO CHANGE,<.01%
344419106,FMX,FOMENTO ECONOMICO MEXICANO S,1313,0,167.93K,0,NO CHANGE,<.01%
87357P100,TCMD,TACTILE SYS TECHNOLOGY INC,5533,0,164.77K,0,NO CHANGE,<.01%
46137V167,RZV,INVESCO EXCHANGE TRADED FD T,1094,0,163.07K,0,NO CHANGE,<.01%
11276H106,BIPC,BROOKFIELD INFRASTRUCTURE CO,4176,0,160.78K,0,NO CHANGE,<.01%
L0175J120,ASPSZ,ALTISOURCE PORTFOLIO SOLUTIO,552154,0,154.6K,0,NO CHANGE,<.01%
30041T104,MRAM,EVERSPIN TECHNOLOGIES INC,6239,0,150.86K,0,NO CHANGE,<.01%
33738R118,TDIV,FIRST TR EXCHANGE TRADED FD,1310,0,150.49K,0,NO CHANGE,<.01%
97717W844,DNL,WISDOMTREE TR,3153,0,145.61K,0,NO CHANGE,<.01%
92262D101,VEL,VELOCITY FINL INC,7862,0,145.13K,0,NO CHANGE,<.01%
33734Y109,FYX,FIRST TR EXCHANGE-TRADED ALP,975,0,140.69K,0,NO CHANGE,<.01%
04010L103,ARCC,ARES CAPITAL CORP,7547,0,139.85K,0,NO CHANGE,<.01%
46138G649,QQQM,INVESCO EXCH TRADED FD TR II,458,0,138.76K,0,NO CHANGE,<.01%
351858105,FNV,FRANCO NEV CORP,647,0,134.86K,0,NO CHANGE,<.01%
33735B108,FNX,FIRST TR EXCHANGE-TRADED ALP,912,0,133.47K,0,NO CHANGE,<.01%
464288497,IEUS,ISHARES TR,1924,0,133.16K,0,NO CHANGE,<.01%
71654V101,PBRA,PETROLEO BRASILEIRO S A,8498,0,124.41K,0,NO CHANGE,<.01%
15135U109,CVE,CENOVUS ENERGY INC,5005,0,124.17K,0,NO CHANGE,<.01%
46137V225,GRPM,INVESCO EXCHANGE TRADED FD T,902,0,117.41K,0,NO CHANGE,<.01%
57637H103,MCFT,MASTERCRAFT BOAT HLDGS INC,4546,0,117.38K,0,NO CHANGE,<.01%
349553107,FTS,FORTIS INC,2032,0,116.29K,0,NO CHANGE,<.01%
077347201,BELFA,BEL FUSE INC,394,0,114.75K,0,NO CHANGE,<.01%
02390A101,AMX,AMERICA MOVIL SAB DE CV,4398,0,114.3K,0,NO CHANGE,<.01%
87241L109,TFII,TFI INTERNATIONAL INC,767,0,110.12K,0,NO CHANGE,<.01%
254423106,DIN,DINE BRANDS GLOBAL INC,3046,0,109.35K,0,NO CHANGE,<.01%
91359E105,UHT,UNIVERSAL HEALTH RLTY INCOME,2485,0,108.99K,0,NO CHANGE,<.01%
301505889,EMQQ,EXCHANGE TRADED CONCEPTS TRU,3359,0,104.81K,0,NO CHANGE,<.01%
74316P579,AKRE,PROFESIONALLY MANAGED PORTFO,1957,0,104.09K,0,NO CHANGE,<.01%
37954Y293,MLPX,GLOBAL X FDS,1380,0,101.65K,0,NO CHANGE,<.01%
025072802,AVDV,AMERICAN CENTY ETF TR,981,0,101.09K,0,NO CHANGE,<.01%
37946R109,GLP,GLOBAL PARTNERS LP,2167,0,100.96K,0,NO CHANGE,<.01%
19761L706,RECS,COLUMBIA ETF TR I,2280,0,98.68K,0,NO CHANGE,<.01%
70014A104,PKE,PARK AEROSPACE CORP,2580,0,98.45K,0,NO CHANGE,<.01%
464287739,IYR,ISHARES TR,946,0,96.73K,0,NO CHANGE,<.01%
25434V609,DFAT,DIMENSIONAL ETF TRUST,1383,0,96.67K,0,NO CHANGE,<.01%
67092P508,NUMV,NUSHARES ETF TR,2220,0,96.55K,0,NO CHANGE,<.01%
35473P744,FLJP,FRANKLIN TEMPLETON ETF TR,2427,0,96.47K,0,NO CHANGE,<.01%
37954Y350,EMBD,GLOBAL X FDS,3990,0,95.56K,0,NO CHANGE,<.01%
667746101,NWPX,NWPX INFRASTRUCTURE INC,612,0,91.76K,0,NO CHANGE,<.01%
683416101,OOMA,OOMA INC,4765,0,91.58K,0,NO CHANGE,<.01%
001228501,MITT,TPG MTG INVTS TR INC,11374,0,90.08K,0,NO CHANGE,<.01%
97717X263,DDWM,WISDOMTREE TR,1924,0,88.85K,0,NO CHANGE,<.01%
46138E586,KBWP,INVESCO EXCH TRADED FD TR II,700,0,88.74K,0,NO CHANGE,<.01%
566330106,MCS,MARCUS CORP DEL,3707,0,86.97K,0,NO CHANGE,<.01%
316092402,FENY,FIDELITY COVINGTON TRUST,2936,0,86.79K,0,NO CHANGE,<.01%
Y7542C130,STNG,SCORPIO TANKERS INC,1229,0,85.12K,0,NO CHANGE,<.01%
25434V880,DFAX,DIMENSIONAL ETF TRUST,2281,0,84.03K,0,NO CHANGE,<.01%
464288109,ILCV,ISHARES TR,829,0,83.93K,0,NO CHANGE,<.01%
67092P409,NUMG,NUSHARES ETF TR,1722,0,80.86K,0,NO CHANGE,<.01%
66611T108,NFBK,NORTHFIELD BANCORP INC DEL,5415,0,79.76K,0,NO CHANGE,<.01%
35473P827,FLCA,FRANKLIN TEMPLETON ETF TR,1547,0,79.62K,0,NO CHANGE,<.01%
290876101,EMA,EMERA INC,1479,0,78.42K,0,NO CHANGE,<.01%
92189H730,SMOT,VANECK ETF TRUST,2003,0,77.84K,0,NO CHANGE,<.01%
090040106,BILI,BILIBILI INC,4520,0,76.98K,0,NO CHANGE,<.01%
706327103,PBA,PEMBINA PIPELINE CORP,1642,0,75.94K,0,NO CHANGE,<.01%
25434V724,DFUV,DIMENSIONAL ETF TRUST,1376,0,75.69K,0,NO CHANGE,<.01%
900111204,TKC,TURKCELL ILETISIM,12701,0,74.68K,0,NO CHANGE,<.01%
678026105,OIS,OIL STS INTL INC,9189,0,73.6K,0,NO CHANGE,<.01%
464288729,EXI,ISHARES TR,367,0,73.58K,0,NO CHANGE,<.01%
97717W281,DGS,WISDOMTREE TR,1135,0,73.45K,0,NO CHANGE,<.01%
336920103,FPX,FIRST TR EXCHANGE-TRADED FD,350,0,72.16K,0,NO CHANGE,<.01%
46435G268,SMMD,ISHARES TR,775,0,71.01K,0,NO CHANGE,<.01%
46436E767,USXF,ISHARES TR,998,0,69.31K,0,NO CHANGE,<.01%
68287N100,OSPN,ONESPAN INC,4820,0,69.17K,0,NO CHANGE,<.01%
124765108,CAE,CAE INC,2722,0,68.21K,0,NO CHANGE,<.01%
33734X150,FXR,FIRST TR EXCHANGE-TRADED FD,747,0,68.07K,0,NO CHANGE,<.01%
50186V102,LPL,LG DISPLAY CO LTD,17203,0,66.92K,0,NO CHANGE,<.01%
47103U886,VNLA,JANUS DETROIT STR TR,1356,0,66.26K,0,NO CHANGE,<.01%
204409601,CIG,CIA ENERGETICA DE MINAS GERA,31336,0,65.81K,0,NO CHANGE,<.01%
97717X867,ELD,WISDOMTREE TR,2285,0,65.58K,0,NO CHANGE,<.01%
18507C103,CLPT,CLEARPOINT NEURO INC,3665,0,65.38K,0,NO CHANGE,<.01%
315912808,ONEQ,FIDELITY COMWLTH TR,632,0,65.23K,0,NO CHANGE,<.01%
20848V105,CCSI,CONSENSUS CLOUD SOLUTIONS IN,1701,0,64.89K,0,NO CHANGE,<.01%
46641Q837,JPST,J P MORGAN EXCHANGE TRADED F,1263,0,63.87K,0,NO CHANGE,<.01%
624580106,MOV,MOVADO GROUP INC,1603,0,63.01K,0,NO CHANGE,<.01%
025072349,AVLV,AMERICAN CENTY ETF TR,679,0,61.93K,0,NO CHANGE,<.01%
02319V103,ABEV,AMBEV SA,19503,0,61.24K,0,NO CHANGE,<.01%
101044105,BOC,BOSTON OMAHA CORP,4469,0,60.96K,0,NO CHANGE,<.01%
46641Q308,JPEM,J P MORGAN EXCHANGE TRADED F,968,0,60.77K,0,NO CHANGE,<.01%
05988J103,BAND,BANDWIDTH INC,946,0,59.88K,0,NO CHANGE,<.01%
69344D408,PHI,PLDT INC,3312,0,58.03K,0,NO CHANGE,<.01%
780910105,RVT,ROYCE SMALL CAP TRUST INC,3071,0,56.72K,0,NO CHANGE,<.01%
46436E759,DMXF,ISHARES TR,664,0,56.17K,0,NO CHANGE,<.01%
747301109,QUAD,QUAD / GRAPHICS INC,6639,0,55.97K,0,NO CHANGE,<.01%
715684106,TLK,TELEKOMUNIKASI IND,4140,0,55.6K,0,NO CHANGE,<.01%
45782B302,INSG,INSEEGO CORP,5335,0,55.11K,0,NO CHANGE,<.01%
46434G863,ESGE,ISHARES INC,1007,0,55.07K,0,NO CHANGE,<.01%
40051E202,ASR,GRUPO AEROPORTUARIO DEL SURE,178,0,54.59K,0,NO CHANGE,<.01%
G0772R208,NTB,BANK OF N T BUTTERFIELD & SO,900,0,53.55K,0,NO CHANGE,<.01%
01881G106,AB,ALLIANCEBERNSTEIN HLDG L P,1500,0,52.83K,0,NO CHANGE,<.01%
Y1968P121,DAC,DANAOS CORPORATION,426,0,52.13K,0,NO CHANGE,<.01%
M87915274,TSEM,TOWER SEMICONDUCTOR LTD,200,0,52.13K,0,NO CHANGE,<.01%
75025X100,RLGT,RADIANT LOGISTICS INC,5354,0,50.65K,0,NO CHANGE,<.01%
464288208,IMCB,ISHARES TR,520,0,50.21K,0,NO CHANGE,<.01%
852066208,SII,SPROTT INC,444,0,49.88K,0,NO CHANGE,<.01%
063425102,BMRC,BANK OF MARIN BANCORP,1800,0,49.86K,0,NO CHANGE,<.01%
33737M201,FNK,FIRST TR EXCHANGE-TRADED ALP,807,0,49.48K,0,NO CHANGE,<.01%
92663R105,VMD,VIEMED HEALTHCARE INC,4305,0,49.08K,0,NO CHANGE,<.01%
46137V100,PPA,INVESCO EXCHANGE TRADED FD T,276,0,48.76K,0,NO CHANGE,<.01%
31866P102,FNLC,FIRST BANCORP INC ME,1399,0,48.71K,0,NO CHANGE,<.01%
816212302,RNAC,CARTESIAN THERAPEUTICS INC,4533,0,47.23K,0,NO CHANGE,<.01%
050734201,AEYE,AUDIOEYE INC,8129,0,47.23K,0,NO CHANGE,<.01%
23325P104,DNP,DNP SELECT INCOME FD INC,4358,0,47.02K,0,NO CHANGE,<.01%
46138J619,OMFL,INVESCO EXCH TRD SLF IDX FD,686,0,47.02K,0,NO CHANGE,<.01%
46138E842,DWAS,INVESCO EXCH TRADED FD TR II,366,0,46.6K,0,NO CHANGE,<.01%
63886Q109,NGS,NATURAL GAS SVCS GROUP INC,1076,0,46.42K,0,NO CHANGE,<.01%
47804J834,JHEM,JOHN HANCOCK EXCHANGE TRADED,1150,0,46.28K,0,NO CHANGE,<.01%
G4660A103,HSHP,HIMALAYA SHIPPING LTD,3456,0,46.17K,0,NO CHANGE,<.01%
25400W102,APPS,DIGITAL TURBINE INC,3573,0,46.09K,0,NO CHANGE,<.01%
97717Y527,USFR,WISDOMTREE TR,914,0,46.02K,0,NO CHANGE,<.01%
78464A631,XAR,SPDR SERIES TRUST,162,0,45.97K,0,NO CHANGE,<.01%
46131B704,IVR,INVESCO MORTGAGE CAPITAL INC,5770,0,45.58K,0,NO CHANGE,<.01%
56035L104,MAIN,MAIN STR CAP CORP,871,0,45.19K,0,NO CHANGE,<.01%
09250U101,BGR,BLACKROCK ENERGY & RES TR,3026,0,44.84K,0,NO CHANGE,<.01%
26922A842,JETS,ETF SER SOLUTIONS,1348,0,44.78K,0,NO CHANGE,<.01%
33767E202,FSV,FIRSTSERVICE CORP NEW,315,0,44.77K,0,NO CHANGE,<.01%
126128107,CCNE,CNB FINL CORP PA,1324,0,44.63K,0,NO CHANGE,<.01%
87936R205,VIV,TELEFONICA BRASIL SA,3383,0,44.52K,0,NO CHANGE,<.01%
B38564108,CMBT,CMB.TECH NV,3164,0,44.26K,0,NO CHANGE,<.01%
74930B105,RBB,RBB BANCORP,1613,0,44.22K,0,NO CHANGE,<.01%
15234Q207,AXIA,AXIA ENERGIA SA,4179,0,44.13K,0,NO CHANGE,<.01%
N82405106,STLA,STELLANTIS N.V,7548,0,43.33K,0,NO CHANGE,<.01%
G8726T105,TK,TEEKAY CORPORATION LTD,4330,0,43.3K,0,NO CHANGE,<.01%
032108664,HACK,AMPLIFY ETF TR,412,0,43.23K,0,NO CHANGE,<.01%
92835K103,VPG,VISHAY PRECISION GROUP INC,284,0,42.57K,0,NO CHANGE,<.01%
316092790,FQAL,FIDELITY COVINGTON TRUST,516,0,41.98K,0,NO CHANGE,<.01%
26942G100,EBMT,EAGLE BANCORP MONT INC,1752,0,41.92K,0,NO CHANGE,<.01%
292671708,UUUU,ENERGY FUELS INC,2878,0,41.73K,0,NO CHANGE,<.01%
46434V282,LRGF,ISHARES TR,550,0,41.6K,0,NO CHANGE,<.01%
070203104,BSET,BASSETT FURNITURE INDS INC,2334,0,41.36K,0,NO CHANGE,<.01%
464288851,IEO,ISHARES TR,368,0,40.42K,0,NO CHANGE,<.01%
317585404,FISI,FINANCIAL INSTITUTIONS INC,1030,0,40.14K,0,NO CHANGE,<.01%
46137V233,XLG,INVESCO EXCHANGE TRADED FD T,654,0,40.04K,0,NO CHANGE,<.01%
066849100,BHB,BAR HBR BANKSHARES,1059,0,39.99K,0,NO CHANGE,<.01%
68628V308,ORN,ORION GROUP HLDGS INC,2365,0,39.78K,0,NO CHANGE,<.01%
464287382,JPXN,ISHARES TR,400,0,39.66K,0,NO CHANGE,<.01%
775109200,RCI,ROGERS COMMUNICATIONS INC,1219,0,39.62K,0,NO CHANGE,<.01%
78468R648,KOMP,SPDR SERIES TRUST,550,0,39.33K,0,NO CHANGE,<.01%
G7997W102,SDRL,SEADRILL LTD,1039,0,39.3K,0,NO CHANGE,<.01%
M8T80P204,NEXN,NEXXEN INTL LTD,4258,0,38.45K,0,NO CHANGE,<.01%
78464A656,SPIP,SPDR SERIES TRUST,1468,0,37.7K,0,NO CHANGE,<.01%
05684B107,BCSF,BAIN CAP SPECIALTY FIN INC,3000,0,37.56K,0,NO CHANGE,<.01%
29977X105,EVCM,EVERCOMMERCE INC,3722,0,37.44K,0,NO CHANGE,<.01%
879080109,TRC,TEJON RANCH CO,1958,0,36.62K,0,NO CHANGE,<.01%
G8588X103,SGHC,SUPER GROUP SGHC LIMITED,2687,0,36.41K,0,NO CHANGE,<.01%
00164V103,AMCX,AMC GLOBAL MEDIA INC,3645,0,36.38K,0,NO CHANGE,<.01%
G35947202,FLNG,FLEX LNG LTD,1288,0,36.14K,0,NO CHANGE,<.01%
296056104,ESCA,ESCALADE INC,1906,0,35.8K,0,NO CHANGE,<.01%
249906108,DSGX,DESCARTES SYS GROUP INC,513,0,35.52K,0,NO CHANGE,<.01%
763165107,RELL,RICHARDSON ELECTRS LTD,1857,0,35.3K,0,NO CHANGE,<.01%
464287457,SHY,ISHARES TR,422,0,34.65K,0,NO CHANGE,<.01%
03212B103,AMPY,AMPLIFY ENERGY CORP NEW,8646,0,34.41K,0,NO CHANGE,<.01%
143905107,CSV,CARRIAGE SVCS INC,897,0,34.39K,0,NO CHANGE,<.01%
35473P678,FLGB,FRANKLIN TEMPLETON ETF TR,974,0,34.37K,0,NO CHANGE,<.01%
46137V472,XMHQ,INVESCO EXCHANGE TRADED FD T,304,0,34.32K,0,NO CHANGE,<.01%
576853105,MTRX,MATRIX SVC CO,2484,0,34.03K,0,NO CHANGE,<.01%
025072604,AVEM,AMERICAN CENTY ETF TR,350,0,33.77K,0,NO CHANGE,<.01%
350060109,FSTR,FOSTER L B CO,746,0,33.7K,0,NO CHANGE,<.01%
73757R102,PSTL,POSTAL REALTY TRUST INC,1350,0,33.26K,0,NO CHANGE,<.01%
37954Y715,BOTZ,GLOBAL X FDS,869,0,32.97K,0,NO CHANGE,<.01%
43689E107,HBCP,HOMEBANCORP INC,478,0,32.75K,0,NO CHANGE,<.01%
G1757E113,CMCL,CALEDONIA MNG CORP,1702,0,32.51K,0,NO CHANGE,<.01%
G4863A108,BRSL,BRIGHTSTAR LOTTERY PLC,3029,0,32.47K,0,NO CHANGE,<.01%
025072877,AVUV,AMERICAN CENTY ETF TR,258,0,32.19K,0,NO CHANGE,<.01%
05153U107,AURA,AURA BIOSCIENCES INC,4517,0,32.07K,0,NO CHANGE,<.01%
37954Y442,CLOU,GLOBAL X FDS,1400,0,31.84K,0,NO CHANGE,<.01%
20441B704,ELPC,COMPANHIA PARANAENSE DE ENER,2712,0,31.59K,0,NO CHANGE,<.01%
194693107,CIGI,COLLIERS INTL GROUP INC,336,0,31.51K,0,NO CHANGE,<.01%
191241108,KOF,COCA-COLA FEMSA SAB DE CV,296,0,31.45K,0,NO CHANGE,<.01%
G4095J109,GLRE,GREENLIGHT CAP RE LTD,1938,0,31.36K,0,NO CHANGE,<.01%
17306X102,CTRN,CITI TRENDS INC,541,0,31.29K,0,NO CHANGE,<.01%
86959K105,SUZ,SUZANO S A,3993,0,30.99K,0,NO CHANGE,<.01%
488445206,ZVRA,ZEVRA THERAPEUTICS INC,2118,0,30.37K,0,NO CHANGE,<.01%
46434V381,XT,ISHARES TR,364,0,30.08K,0,NO CHANGE,<.01%
146103106,CARE,CARTER BANKSHARES INC,883,0,30.03K,0,NO CHANGE,<.01%
78468R556,XOP,SPDR SERIES TRUST,194,0,29.93K,0,NO CHANGE,<.01%
825107105,SHBI,SHORE BANCSHARES INC,1295,0,29.72K,0,NO CHANGE,<.01%
65342V101,NREF,NEXPOINT REAL ESTATE FIN INC,1885,0,29.22K,0,NO CHANGE,<.01%
83607A100,SFBC,SOUND FINL BANCORP INC,676,0,29.14K,0,NO CHANGE,<.01%
842873101,SFST,SOUTHERN FIRST BANCSHARES,472,0,28.84K,0,NO CHANGE,<.01%
19623P101,CBAN,COLONY BANKCORP INC,1429,0,28.71K,0,NO CHANGE,<.01%
80007P869,SD,SANDRIDGE ENERGY INC,2049,0,28.07K,0,NO CHANGE,<.01%
26922A321,DSTL,ETF SER SOLUTIONS,460,0,27.55K,0,NO CHANGE,<.01%
27829C105,ETW,EATON VANCE TAX-MANAGED GLOB,2848,0,27.45K,0,NO CHANGE,<.01%
92647X830,VFLO,VICTORY PORTFOLIOS II,593,0,27.13K,0,NO CHANGE,<.01%
90400P101,UGP,ULTRAPAR PARTICIPACOES SA,5404,0,27.13K,0,NO CHANGE,<.01%
913290102,UNTY,UNITY BANCORP INC,462,0,27.11K,0,NO CHANGE,<.01%
02083X103,PINE,ALPINE INCOME PPTY TR INC,1306,0,27.11K,0,NO CHANGE,<.01%
917488108,UTMD,UTAH MED PRODS INC,393,0,27.11K,0,NO CHANGE,<.01%
92557A101,DSP,VIANT TECHNOLOGY INC,2126,0,26.91K,0,NO CHANGE,<.01%
54738L109,LOVE,LOVESAC CO,1608,0,26.84K,0,NO CHANGE,<.01%
98423J101,XPER,XPERI INC,3250,0,26.75K,0,NO CHANGE,<.01%
12532H104,GIB,CGI INC,404,0,26.09K,0,NO CHANGE,<.01%
000868109,ACNB,ACNB CORP,438,0,26.01K,0,NO CHANGE,<.01%
75704L104,RDVT,RED VIOLET INC,407,0,25.93K,0,NO CHANGE,<.01%
G8726X106,TNK,TEEKAY TANKERS LTD,391,0,25.36K,0,NO CHANGE,<.01%
427096508,HTGC,HERCULES CAPITAL INC,1605,0,25.31K,0,NO CHANGE,<.01%
464288687,PFF,ISHARES TR,830,0,25.31K,0,NO CHANGE,<.01%
987184108,YORW,YORK WTR CO,825,0,25.29K,0,NO CHANGE,<.01%
563571405,MTW,MANITOWOC CO INC,1793,0,24.91K,0,NO CHANGE,<.01%
682406103,OLP,ONE LIBERTY PPTYS INC,1017,0,24.84K,0,NO CHANGE,<.01%
90291C201,USAU,U S GOLD CORP,1607,0,24.64K,0,NO CHANGE,<.01%
628464109,MYE,MYERS INDS INC,694,0,24.5K,0,NO CHANGE,<.01%
629445206,NVEC,NVE CORP,233,0,24.36K,0,NO CHANGE,<.01%
218683100,CMT,CORE MOLDING TECHNOLOGIES IN,1030,0,24.31K,0,NO CHANGE,<.01%
042744102,AROW,ARROW FINL CORP,585,0,23.98K,0,NO CHANGE,<.01%
05534B760,BCE,BCE INC,1113,0,23.94K,0,NO CHANGE,<.01%
46432F388,VLUE,ISHARES TR,119,0,23.78K,0,NO CHANGE,<.01%
669549107,NWFL,NORWOOD FINANCIAL CORP,737,0,23.7K,0,NO CHANGE,<.01%
092528108,SHYM,BLACKROCK ETF TRUST II,1050,0,23.57K,0,NO CHANGE,<.01%
20369C106,CHCT,COMMUNITY HEALTHCARE TR INC,1287,0,23.53K,0,NO CHANGE,<.01%
46641Q209,JPIN,J P MORGAN EXCHANGE TRADED F,323,0,23.36K,0,NO CHANGE,<.01%
92838Y100,AIO,VIRTUS ARTIFICIAL INTELLIGEN,828,0,23.24K,0,NO CHANGE,<.01%
59151K108,MEOH,METHANEX CORP,497,0,22.94K,0,NO CHANGE,<.01%
00162Q593,SBIO,ALPS ETF TR,350,0,22.63K,0,NO CHANGE,<.01%
18482P103,CLFD,CLEARFIELD INC,556,0,22.12K,0,NO CHANGE,<.01%
68752L100,KIDS,ORTHOPEDIATRICS CORP,1156,0,22.11K,0,NO CHANGE,<.01%
69320M109,PCB,PCB BANCORP,778,0,22.07K,0,NO CHANGE,<.01%
927107409,VLGEA,VILLAGE SUPER MKT INC,519,0,21.89K,0,NO CHANGE,<.01%
33733E807,FCG,FIRST TR EXCHANGE-TRADED FD,820,0,21.82K,0,NO CHANGE,<.01%
51509F105,LE,LANDS END INC NEW,2066,0,21.65K,0,NO CHANGE,<.01%
45409F827,MMIT,NEW YORK LIFE INVTS ACTIVE E,889,0,21.65K,0,NO CHANGE,<.01%
833635105,SQM,SOCIEDAD QUIMICA Y MINERA DE,291,0,21.55K,0,NO CHANGE,<.01%
723561106,PBFS,PIONEER BANCORP INC MD,1258,0,21.47K,0,NO CHANGE,<.01%
83422E204,SLDB,SOLID BIOSCIENCES INC,2133,0,21.31K,0,NO CHANGE,<.01%
74967R106,RMR,RMR GROUP INC,1030,0,21.15K,0,NO CHANGE,<.01%
00289Y206,ABEO,ABEONA THERAPEUTICS INC,3412,0,21.09K,0,NO CHANGE,<.01%
766559702,RIGL,RIGEL PHARMACEUTICALS INC,536,0,20.97K,0,NO CHANGE,<.01%
G3398L118,FIHL,PELAGOS INS CAP LTD,857,0,20.87K,0,NO CHANGE,<.01%
G16258108,BEP,BROOKFIELD RENEWABLE ENERGY,600,0,20.84K,0,NO CHANGE,<.01%
444144109,HDSN,HUDSON TECHNOLOGIES INC,3630,0,20.84K,0,NO CHANGE,<.01%
81784E101,SEVN,SEVEN HILLS REALTY TRUST,2463,0,20.76K,0,NO CHANGE,<.01%
G5S37H101,MRX,MAREX GROUP PLC,336,0,20.48K,0,NO CHANGE,<.01%
75901B107,RGNX,REGENXBIO INC,1700,0,20.37K,0,NO CHANGE,<.01%
278277108,EOS,EATON VANCE ENHANCED EQUITY,917,0,20.21K,0,NO CHANGE,<.01%
023193105,AMBQ,AMBIQ MICRO INC,227,0,20.04K,0,NO CHANGE,<.01%
G59665102,MGTX,MEIRAGTX HLDGS PLC,1464,0,19.78K,0,NO CHANGE,<.01%
597742105,MSBI,MIDLAND STATES BANCORP INC,632,0,19.68K,0,NO CHANGE,<.01%
75902K106,RM,REGIONAL MGMT CORP,475,0,19.57K,0,NO CHANGE,<.01%
132061300,FYLD,CAMBRIA ETF TR,531,0,19.38K,0,NO CHANGE,<.01%
319390100,FBIZ,FIRST BUSINESS FINL SVCS INC,306,0,19.33K,0,NO CHANGE,<.01%
20451Q104,CODI,COMPASS DIVERSIFIED,1791,0,19.09K,0,NO CHANGE,<.01%
83671M105,SOBO,SOUTH BOW CORP,532,0,18.75K,0,NO CHANGE,<.01%
316188309,FBND,FIDELITY MERRIMACK STR TR,412,0,18.74K,0,NO CHANGE,<.01%
729273102,PLBC,PLUMAS BANCORP,318,0,18.58K,0,NO CHANGE,<.01%
710577107,PEBK,PEOPLES BANCORP N C INC,422,0,18.18K,0,NO CHANGE,<.01%
15236F100,AXIA,AXIA ENERGIA SA,1715,0,18.09K,0,NO CHANGE,<.01%
031001100,ATLO,AMES NATL CORP,609,0,18.03K,0,NO CHANGE,<.01%
803866300,SSL,SASOL LTD,1835,0,18.02K,0,NO CHANGE,<.01%
464288679,SHV,ISHARES TR,161,0,17.77K,0,NO CHANGE,<.01%
00489Q102,ACR,ACRES COMMERCIAL REALTY CORP,994,0,17.68K,0,NO CHANGE,<.01%
37954A303,XRN,CHIRON REAL ESTATE INC,469,0,17.6K,0,NO CHANGE,<.01%
887098101,TSBK,TIMBERLAND BANCORP INC,392,0,17.57K,0,NO CHANGE,<.01%
666762109,NRIM,NORTHRIM BANCORP INC,633,0,17.56K,0,NO CHANGE,<.01%
29402E102,ELA,ENVELA CORP,606,0,17.5K,0,NO CHANGE,<.01%
G4690M101,IBEX,IBEX LTD,574,0,17.43K,0,NO CHANGE,<.01%
83012A109,TSLX,SIXTH STREET SPECIALTY LENDI,1000,0,17.17K,0,NO CHANGE,<.01%
21676P103,CPS,COOPER-STANDARD HOLDINGS INC,633,0,17.12K,0,NO CHANGE,<.01%
G27907107,DOLE,DOLE PLC,1247,0,17.11K,0,NO CHANGE,<.01%
606710200,MITK,MITEK SYS INC,849,0,17.09K,0,NO CHANGE,<.01%
49428J109,KE,KIMBALL ELECTRONICS INC,666,0,17.05K,0,NO CHANGE,<.01%
97717W422,EPI,WISDOMTREE TR,392,0,16.77K,0,NO CHANGE,<.01%
22948Q101,CTO,CTO RLTY GROWTH INC NEW,779,0,16.76K,0,NO CHANGE,<.01%
890930308,TPYP,TORTOISE CAPITAL SERIES TRUS,398,0,16.69K,0,NO CHANGE,<.01%
G6375R107,NESR,NATIONAL ENERGY SERVICES REU,557,0,16.67K,0,NO CHANGE,<.01%
900450206,TBCH,TURTLE BEACH CORP,1338,0,16.66K,0,NO CHANGE,<.01%
92922P106,WTI,W & T OFFSHORE INC,5285,0,16.65K,0,NO CHANGE,<.01%
00326L100,AOD,ABRDN TOTAL DYNAMIC DIVIDEND,1611,0,16.61K,0,NO CHANGE,<.01%
46137V563,PEY,INVESCO EXCHANGE TRADED FD T,716,0,16.6K,0,NO CHANGE,<.01%
83085C107,SKYH,SKY HARBOUR GROUP CORPORATIO,1686,0,16.59K,0,NO CHANGE,<.01%
452521107,IMMR,IMMERSION CORP,2450,0,16.59K,0,NO CHANGE,<.01%
464287580,IYC,ISHARES TR,164,0,16.58K,0,NO CHANGE,<.01%
25056L103,DSGN,DESIGN THERAPEUTICS INC,1143,0,16.54K,0,NO CHANGE,<.01%
400501102,OMAB,GRUPO AEROPORTUARIO DEL CENT,146,0,16.51K,0,NO CHANGE,<.01%
59540G107,MPB,MID PENN BANCORP INC,468,0,16.3K,0,NO CHANGE,<.01%
94188P101,WSBF,WATERSTONE FINL INC MD,777,0,16.11K,0,NO CHANGE,<.01%
46137V324,RSPN,INVESCO EXCHANGE TRADED FD T,250,0,16K,0,NO CHANGE,<.01%
464287341,IXC,ISHARES TR,325,0,15.97K,0,NO CHANGE,<.01%
958669103,WES,WESTERN MIDSTREAM PARTNERS L,358,0,15.67K,0,NO CHANGE,<.01%
43289P106,HIMX,HIMAX TECHNOLOGIES INC,1009,0,15.48K,0,NO CHANGE,<.01%
74837P405,QUIK,QUICKLOGIC CORP,775,0,15.48K,0,NO CHANGE,<.01%
85472N109,STN,STANTEC INC,224,0,15.44K,0,NO CHANGE,<.01%
316092204,FDIS,FIDELITY COVINGTON TRUST,150,0,15.43K,0,NO CHANGE,<.01%
808524862,SCHO,SCHWAB STRATEGIC TR,639,0,15.43K,0,NO CHANGE,<.01%
P31076105,CPA,COPA HOLDINGS SA,98,0,15.25K,0,NO CHANGE,<.01%
46435G102,ICVT,ISHARES TR,125,0,15.22K,0,NO CHANGE,<.01%
433539202,HIPO,HIPPO HLDGS INC,538,0,15.2K,0,NO CHANGE,<.01%
18538R103,CLW,CLEARWATER PAPER CORP,969,0,15.19K,0,NO CHANGE,<.01%
921932828,VIOO,VANGUARD ADMIRAL FDS INC,110,0,15.13K,0,NO CHANGE,<.01%
74934Q108,RICK,RCI HOSPITALITY HLDGS INC,551,0,15.05K,0,NO CHANGE,<.01%
129500104,CAL,CALERES INC,1215,0,15.03K,0,NO CHANGE,<.01%
46138E362,SPHD,INVESCO EXCH TRADED FD TR II,291,0,14.79K,0,NO CHANGE,<.01%
492327101,KROS,KEROS THERAPEUTICS INC,1366,0,14.62K,0,NO CHANGE,<.01%
172922106,CZNC,CITIZENS & NORTHN CORP,625,0,14.57K,0,NO CHANGE,<.01%
868358102,SGC,SUPERIOR GROUP OF CO INC,1106,0,14.51K,0,NO CHANGE,<.01%
76119X105,RSVR,RESERVOIR MEDIA INC,1466,0,14.5K,0,NO CHANGE,<.01%
68376D104,OPRT,OPORTUN FINL CORP,2532,0,14.46K,0,NO CHANGE,<.01%
03475V101,ANGO,ANGIODYNAMICS INC,1102,0,14.34K,0,NO CHANGE,<.01%
G87264100,TGLS,TECNOGLASS INC,306,0,14.32K,0,NO CHANGE,<.01%
45783Y442,ZALT,INNOVATOR ETFS TRUST,422,0,14.29K,0,NO CHANGE,<.01%
229050307,CYRX,CRYOPORT INC,908,0,14.26K,0,NO CHANGE,<.01%
344174107,FHTX,FOGHORN THERAPEUTICS INC,2876,0,14.04K,0,NO CHANGE,<.01%
006212104,ADX,ADAMS DIVERSIFIED EQUITY FD,544,0,13.9K,0,NO CHANGE,<.01%
74587V107,PBYI,PUMA BIOTECHNOLOGY INC,1710,0,13.87K,0,NO CHANGE,<.01%
178867107,CIVB,CIVISTA BANCSHARES INC,483,0,13.63K,0,NO CHANGE,<.01%
126327105,LAW,CS DISCO INC,3593,0,13.58K,0,NO CHANGE,<.01%
12479G101,CBFV,CB FINL SVCS INC,354,0,13.42K,0,NO CHANGE,<.01%
65443P102,MASS,908 DEVICES INC,1536,0,13.36K,0,NO CHANGE,<.01%
29772L108,ETON,ETON PHARMACEUTICALS INC,368,0,13.32K,0,NO CHANGE,<.01%
78464A300,SLYV,SPDR SERIES TRUST,122,0,13.31K,0,NO CHANGE,<.01%
683715106,OTEX,OPEN TEXT CORP,599,0,13.27K,0,NO CHANGE,<.01%
36120Q101,FVCB,FVCBANKCORP INC,752,0,13.16K,0,NO CHANGE,<.01%
878972108,TECX,TECTONIC THERAPEUTIC INC,382,0,13.13K,0,NO CHANGE,<.01%
634865109,NKSH,NATIONAL BANKSHARES INC VA,350,0,12.72K,0,NO CHANGE,<.01%
88706T108,TIMB,TIM S A,593,0,12.7K,0,NO CHANGE,<.01%
68390D106,OR,OR ROYALTIES INC.,400,0,12.65K,0,NO CHANGE,<.01%
893617209,TCI,TRANSCONTINENTAL RLTY INVS,275,0,12.65K,0,NO CHANGE,<.01%
02155H200,ALT,ALTIMMUNE INC,4154,0,12.63K,0,NO CHANGE,<.01%
46138E339,SPMO,INVESCO EXCH TRADED FD TR II,78,0,12.6K,0,NO CHANGE,<.01%
33739E108,FPE,FIRST TR EXCH TRADED FD III,700,0,12.52K,0,NO CHANGE,<.01%
396879108,GLSI,GREENWICH LIFESCIENCES INC,521,0,12.22K,0,NO CHANGE,<.01%
98419J206,XOMA,XOMA ROYALTY CORPORATION,283,0,12.03K,0,NO CHANGE,<.01%
03969T109,ARCT,ARCTURUS THERAPEUTICS HLDGS,1787,0,12.01K,0,NO CHANGE,<.01%
46138E651,PIO,INVESCO EXCH TRADED FD TR II,267,0,12.01K,0,NO CHANGE,<.01%
120076104,BBW,BUILD-A-BEAR WORKSHOP INC,391,0,11.97K,0,NO CHANGE,<.01%
98887Q104,ZLAB,ZAI LAB LTD,628,0,11.93K,0,NO CHANGE,<.01%
47012E403,JAKK,JAKKS PAC INC,510,0,11.87K,0,NO CHANGE,<.01%
33733E500,QCLN,FIRST TR EXCHANGE-TRADED FD,191,0,11.71K,0,NO CHANGE,<.01%
433323102,HIFS,HINGHAM INSTN SVGS MASS,38,0,11.67K,0,NO CHANGE,<.01%
226552107,CXDO,CREXENDO INC,1560,0,11.65K,0,NO CHANGE,<.01%
639027101,NATR,NATURES SUNSHINE PRODS INC,532,0,11.6K,0,NO CHANGE,<.01%
032108656,IPAY,AMPLIFY ETF TR,251,0,11.57K,0,NO CHANGE,<.01%
78464A532,XTN,SPDR SERIES TRUST,100,0,11.56K,0,NO CHANGE,<.01%
128125101,CSQ,CALAMOS STRATEGIC TOTAL RETU,560,0,11.51K,0,NO CHANGE,<.01%
21833P301,CRBP,CORBUS PHARMACEUTICALS HLDGS,1224,0,11.48K,0,NO CHANGE,<.01%
33939L860,QDF,FLEXSHARES TR,126,0,11.33K,0,NO CHANGE,<.01%
31154R109,FPI,FARMLAND PARTNERS INC,1165,0,11.28K,0,NO CHANGE,<.01%
47973J102,JYNT,JOINT CORP,1264,0,11.1K,0,NO CHANGE,<.01%
871565107,ACNT,ASCENT INDUSTRIES CO,738,0,11.09K,0,NO CHANGE,<.01%
419596101,HVT,HAVERTY FURNITURE COS INC,434,0,11.08K,0,NO CHANGE,<.01%
68752M108,OFIX,ORTHOFIX MED INC,1190,0,10.88K,0,NO CHANGE,<.01%
923725105,VET,VERMILION ENERGY INC,1160,0,10.87K,0,NO CHANGE,<.01%
04683R106,AVIR,ATEA PHARMACEUTICALS INC,2319,0,10.78K,0,NO CHANGE,<.01%
293389102,EBF,ENNIS INC,507,0,10.77K,0,NO CHANGE,<.01%
164024101,CHMG,CHEMUNG FINL CORP,144,0,10.74K,0,NO CHANGE,<.01%
33740F276,EIPI,FIRST TR EXCHNG TRADED FD VI,490,0,10.7K,0,NO CHANGE,<.01%
30292L107,FRPH,FRP HLDGS INC,426,0,10.65K,0,NO CHANGE,<.01%
00776X109,ALMU,AELUMA INC,476,0,10.51K,0,NO CHANGE,<.01%
78463X152,NANR,SPDR INDEX SHS FDS,138,0,10.42K,0,NO CHANGE,<.01%
113006100,BBUC.TO,BROOKFIELD BUSINESS CORP,349,0,10.42K,0,NO CHANGE,<.01%
46137V381,RSPD,INVESCO EXCHANGE TRADED FD T,186,0,10.42K,0,NO CHANGE,<.01%
600551204,MLR,MILLER INDS INC TENN,203,0,10.38K,0,NO CHANGE,<.01%
46435G532,SDG,ISHARES TR,116,0,10.37K,0,NO CHANGE,<.01%
055645303,BRT,BRT APARTMENTS CORP,671,0,10.31K,0,NO CHANGE,<.01%
01438T106,ALDX,ALDEYRA THERAPEUTICS INC,4825,0,10.28K,0,NO CHANGE,<.01%
376549101,LAND,GLADSTONE LD CORP,1202,0,10.25K,0,NO CHANGE,<.01%
910710102,ACIC,AMERICAN COASTAL INS CORP,918,0,10.19K,0,NO CHANGE,<.01%
203937107,CWBC,COMMUNITY WEST BANCSHARES NE,379,0,10.18K,0,NO CHANGE,<.01%
464288224,ICLN,ISHARES TR,496,0,10.16K,0,NO CHANGE,<.01%
33733C108,FAB,FIRST TR EXCHANGE-TRADED ALP,100,0,10.15K,0,NO CHANGE,<.01%
316092501,FNCL,FIDELITY COVINGTON TRUST,132,0,10.11K,0,NO CHANGE,<.01%
726503105,PAA,PLAINS ALL AMERN PIPELINE L,451,0,10.04K,0,NO CHANGE,<.01%
48563L101,KRT,KARAT PACKAGING INC,300,0,10.04K,0,NO CHANGE,<.01%
05366Y201,AVNW,AVIAT NETWORKS INC,449,0,9.97K,0,NO CHANGE,<.01%
74467Q103,PUBM,PUBMATIC INC,757,0,9.93K,0,NO CHANGE,<.01%
Y0207T100,ASC,ARDMORE SHIPPING CORP,706,0,9.89K,0,NO CHANGE,<.01%
675746606,ONIT,ONITY GROUP INC,248,0,9.86K,0,NO CHANGE,<.01%
83190L208,SMBK,SMARTFINANCIAL INC,208,0,9.76K,0,NO CHANGE,<.01%
00215F107,ATNI,ATN INTL INC,368,0,9.75K,0,NO CHANGE,<.01%
07272M107,BCML,BAYCOM CORP,296,0,9.74K,0,NO CHANGE,<.01%
25434V625,DCOR,DIMENSIONAL ETF TRUST,118,0,9.67K,0,NO CHANGE,<.01%
257554105,DOMO,DOMO INC,3075,0,9.62K,0,NO CHANGE,<.01%
39304D102,GDOT,GREEN DOT CORP,710,0,9.59K,0,NO CHANGE,<.01%
37960A529,SHLD,GLOBAL X FDS,160,0,9.55K,0,NO CHANGE,<.01%
46138G631,QQQJ,INVESCO EXCH TRADED FD TR II,210,0,9.54K,0,NO CHANGE,<.01%
30263Y104,FSBW,FS BANCORP INC,216,0,9.37K,0,NO CHANGE,<.01%
52468L406,LVHD,LEGG MASON ETF INVT,213,0,9.37K,0,NO CHANGE,<.01%
577345101,MLP,MAUI LD & PINEAPPLE INC,524,0,9.32K,0,NO CHANGE,<.01%
92189F601,NLR,VANECK ETF TRUST,80,0,9.28K,0,NO CHANGE,<.01%
35104E100,FDMT,4D MOLECULAR THERAPEUTICS IN,691,0,9.19K,0,NO CHANGE,<.01%
64135M105,NGNE,NEUROGENE INC,292,0,9.18K,0,NO CHANGE,<.01%
94724R108,WEAV,WEAVE COMMUNICATIONS INC,1516,0,9.08K,0,NO CHANGE,<.01%
36831E108,GCMG,GCM GROSVENOR INC,736,0,9.05K,0,NO CHANGE,<.01%
92937A102,WPP,WPP PLC NEW,583,0,9.03K,0,NO CHANGE,<.01%
75282U104,RNGR,RANGER ENERGY SVCS INC,561,0,8.98K,0,NO CHANGE,<.01%
98980A105,ZTO,ZTO EXPRESS CAYMAN INC,394,0,8.82K,0,NO CHANGE,<.01%
75524W108,RMAX,RE/MAX HLDGS INC,884,0,8.72K,0,NO CHANGE,<.01%
958892101,WNEB,WESTERN NEW ENG BANCORP INC,607,0,8.68K,0,NO CHANGE,<.01%
578605107,MEC,MAYVILLE ENGR CO INC,229,0,8.58K,0,NO CHANGE,<.01%
52634L108,LNSR,LENSAR INC,1502,0,8.58K,0,NO CHANGE,<.01%
31812F109,FNWD,FINWARD BANCORP,227,0,8.35K,0,NO CHANGE,<.01%
G7738W106,SFL,SFL CORPORATION LTD,814,0,8.3K,0,NO CHANGE,<.01%
87876P201,TGEN,TECOGEN INC NEW,1583,0,8.26K,0,NO CHANGE,<.01%
04965N104,RNA,ATRIUM THERAPEUTICS INC,612,0,8.23K,0,NO CHANGE,<.01%
36242H104,GDV,GABELLI DIVID & INCOME TR,276,0,8.11K,0,NO CHANGE,<.01%
029174109,ARL,AMERICAN RLTY INVS INC,364,0,8.11K,0,NO CHANGE,<.01%
677719106,OVBC,OHIO VY BANC CORP,186,0,8.08K,0,NO CHANGE,<.01%
64110Y108,NLOP,NET LEASE OFFICE PROPERTIES,725,0,8.07K,0,NO CHANGE,<.01%
108621103,BWB,BRIDGEWATER BANCSHARES INC,382,0,8.04K,0,NO CHANGE,<.01%
88830R101,TITN,TITAN MACHY INC,378,0,7.98K,0,NO CHANGE,<.01%
641288105,NPCE,NEUROPACE INC,502,0,7.98K,0,NO CHANGE,<.01%
86614G101,SMC,SUMMIT MIDSTREAM CORPORATION,280,0,7.97K,0,NO CHANGE,<.01%
00326W106,ASGI,ABRDN GLOBAL INFRA INCOME FU,340,0,7.91K,0,NO CHANGE,<.01%
46655E100,DC,DAKOTA GOLD CORP,1841,0,7.84K,0,NO CHANGE,<.01%
353525108,FRAF,FRANKLIN FINL SVCS CORP,125,0,7.83K,0,NO CHANGE,<.01%
04965B100,ATOM,ATOMERA INC,897,0,7.81K,0,NO CHANGE,<.01%
319835104,FCCO,FIRST CMNTY CORP S C,239,0,7.81K,0,NO CHANGE,<.01%
591520200,MEI,METHODE ELECTRS INC,394,0,7.47K,0,NO CHANGE,<.01%
78463X749,RWO,SPDR INDEX SHS FDS,150,0,7.46K,0,NO CHANGE,<.01%
00214Q104,ARKK,ARK ETF TR,92,0,7.43K,0,NO CHANGE,<.01%
26828M106,ECBK,ECB BANCORP INC,369,0,7.41K,0,NO CHANGE,<.01%
372284208,GNE,GENIE ENERGY LTD,510,0,7.37K,0,NO CHANGE,<.01%
464288794,IAI,ISHARES TR,42,0,7.36K,0,NO CHANGE,<.01%
G5698W116,LXFR,LUXFER HLDGS PLC,405,0,7.31K,0,NO CHANGE,<.01%
33939L795,NFRA,FLEXSHARES TR,113,0,7.25K,0,NO CHANGE,<.01%
015857105,AQN,ALGONQUIN POWER & UTILITIES,1236,0,7.24K,0,NO CHANGE,<.01%
98422D105,XPEV,XPENG INC,547,0,7.24K,0,NO CHANGE,<.01%
86765K109,SUN,SUNOCO LP/SUNOCO FIN CORP,107,0,7.22K,0,NO CHANGE,<.01%
88830M102,TWI,TITAN INTL INC ILL,928,0,7.16K,0,NO CHANGE,<.01%
26951R104,EFSI,EAGLE FINL SVCS INC,172,0,7.13K,0,NO CHANGE,<.01%
92337C203,VSTM,VERASTEM INC,1852,0,7.08K,0,NO CHANGE,<.01%
78781J109,SAIL,SAILPOINT INC,483,0,7.07K,0,NO CHANGE,<.01%
46138G706,TAN,INVESCO EXCH TRADED FD TR II,119,0,7.04K,0,NO CHANGE,<.01%
92189H805,REMX,VANECK ETF TRUST,79,0,6.99K,0,NO CHANGE,<.01%
09075A108,BVS,BIOVENTUS INC,736,0,6.95K,0,NO CHANGE,<.01%
92189F841,HAP,VANECK ETF TRUST,100,0,6.86K,0,NO CHANGE,<.01%
443628102,HBM,HUDBAY MINERALS INC,290,0,6.85K,0,NO CHANGE,<.01%
371532102,GCO,GENESCO INC,201,0,6.79K,0,NO CHANGE,<.01%
08975P108,CMRC,COMMERCE.COM INC,2289,0,6.78K,0,NO CHANGE,<.01%
398438408,GRFS,GRIFOLS S A,940,0,6.66K,0,NO CHANGE,<.01%
645827205,IDR,IDAHO STRATEGIC RESOURCES,203,0,6.65K,0,NO CHANGE,<.01%
139737100,CBNK,CAPITAL BANCORP INC MD,187,0,6.57K,0,NO CHANGE,<.01%
03464Y108,AOMR,ANGEL OAK MORTGAGE REIT INC,716,0,6.5K,0,NO CHANGE,<.01%
48716P108,KRNY,KEARNY FINL CORP MD,680,0,6.43K,0,NO CHANGE,<.01%
58470H101,MED,MEDIFAST INC,601,0,6.38K,0,NO CHANGE,<.01%
92647N568,USVM,VICTORY PORTFOLIOS II,58,0,6.37K,0,NO CHANGE,<.01%
46620W201,JILL,J JILL INC,397,0,6.3K,0,NO CHANGE,<.01%
78464A797,KBE,SPDR SERIES TRUST,92,0,6.28K,0,NO CHANGE,<.01%
82575P107,SBSW,SIBANYE STILLWATER LTD,729,0,6.19K,0,NO CHANGE,<.01%
06652N107,BSVN,BANK7 CORP,125,0,6.12K,0,NO CHANGE,<.01%
46134L105,ISTR,INVESTAR HOLDING CORP,202,0,6.05K,0,NO CHANGE,<.01%
671807105,OVLY,OAK VY BANCORP OAKDALE CALIF,179,0,6.04K,0,NO CHANGE,<.01%
Y1771G102,CMRE,COSTAMARE INC,427,0,5.99K,0,NO CHANGE,<.01%
379463102,GWRS,GLOBAL WTR RES INC,822,0,5.95K,0,NO CHANGE,<.01%
46137V662,PJP,INVESCO EXCHANGE TRADED FD T,50,0,5.92K,0,NO CHANGE,<.01%
45258D105,IMCR,IMMUNOCORE HLDGS PLC,185,0,5.87K,0,NO CHANGE,<.01%
75686R202,RRBI,RED RIVER BANCSHARES INC,64,0,5.84K,0,NO CHANGE,<.01%
87969B101,TLS,TELOS CORP MD,1253,0,5.76K,0,NO CHANGE,<.01%
00162Q858,SDOG,ALPS ETF TR,84,0,5.73K,0,NO CHANGE,<.01%
27829F108,EXG,EATON VANCE TAX-MANAGED GLOB,578,0,5.67K,0,NO CHANGE,<.01%
G9572D103,BULL,WEBULL CORP,864,0,5.63K,0,NO CHANGE,<.01%
09260K101,BSTZ,BLACKROCK SCIENCE & TECHNOLO,187,0,5.62K,0,NO CHANGE,<.01%
01446U103,ALRS,ALERUS FINL CORP,179,0,5.57K,0,NO CHANGE,<.01%
82620P102,BSRR,SIERRA BANCORP,134,0,5.46K,0,NO CHANGE,<.01%
898697206,TCX,TUCOWS INC,404,0,5.44K,0,NO CHANGE,<.01%
68401U204,OPRX,OPTIMIZERX CORP,940,0,5.38K,0,NO CHANGE,<.01%
G3934V109,GENI,GENIUS SPORTS LIMITED,885,0,5.36K,0,NO CHANGE,<.01%
02913V103,APEI,AMERICAN PUB ED INC,99,0,5.32K,0,NO CHANGE,<.01%
B9151N105,TTAM,TITAN AMER SA,282,0,5.26K,0,NO CHANGE,<.01%
81734D104,SEPN,SEPTERNA INC,155,0,5.19K,0,NO CHANGE,<.01%
55939A107,MAGN,MAGNERA CORP,435,0,5.11K,0,NO CHANGE,<.01%
50181P100,LCNB,LCNB CORP,288,0,5.07K,0,NO CHANGE,<.01%
19247L106,RQI,COHEN & STEERS QUALITY INCOM,410,0,5.05K,0,NO CHANGE,<.01%
06777U200,BNED,BARNES & NOBLE ED INC,400,0,5.02K,0,NO CHANGE,<.01%
31931U102,FRBA,FIRST BK WILLIAMSTOWN NEW JE,283,0,5.02K,0,NO CHANGE,<.01%
66981J102,MNSO,MINISO GROUP HLDG LTD,414,0,4.99K,0,NO CHANGE,<.01%
174903104,CZWI,CITIZENS CMNTY BANCORP INC M,213,0,4.98K,0,NO CHANGE,<.01%
46429B200,ECNS,ISHARES TR,176,0,4.96K,0,NO CHANGE,<.01%
532746104,LMNR,LIMONEIRA CO,376,0,4.94K,0,NO CHANGE,<.01%
78463X855,GII,SPDR INDEX SHS FDS,65,0,4.92K,0,NO CHANGE,<.01%
732344106,PDLB,PONCE FINANCIAL GROUP INC,246,0,4.91K,0,NO CHANGE,<.01%
41151J505,HGER,HARBOR ETF TRUST,165,0,4.84K,0,NO CHANGE,<.01%
989817101,ZUMZ,ZUMIEZ INC,269,0,4.79K,0,NO CHANGE,<.01%
76525P100,RMBI,RICHMOND MUT BANCORPORATION,299,0,4.75K,0,NO CHANGE,<.01%
65340P106,NXE,NEXGEN ENERGY LTD,500,0,4.7K,0,NO CHANGE,<.01%
055298103,BCBP,BCB BANCORP INC,437,0,4.68K,0,NO CHANGE,<.01%
88422P109,TCBX,THIRD COAST BANCSHARES INC,115,0,4.65K,0,NO CHANGE,<.01%
67018T105,NUS,NU SKIN ENTERPRISES INC,879,0,4.64K,0,NO CHANGE,<.01%
918905209,VHI,VALHI INC NEW,315,0,4.62K,0,NO CHANGE,<.01%
56155L108,TUSK,MAMMOTH ENERGY SVCS INC,1416,0,4.6K,0,NO CHANGE,<.01%
927651109,VIRC,VIRCO MFG CO,746,0,4.58K,0,NO CHANGE,<.01%
95123P106,WTBA,WEST BANCORPORATION INC,171,0,4.54K,0,NO CHANGE,<.01%
24661P807,DCTH,DELCATH SYS INC,354,0,4.46K,0,NO CHANGE,<.01%
496904202,KFS,KINGSWAY CORP,426,0,4.44K,0,NO CHANGE,<.01%
14808P109,CASS,CASS INFORMATION SYS INC,85,0,4.36K,0,NO CHANGE,<.01%
74158E104,PNRG,PRIMEENERGY RESOURCES CORP,26,0,4.34K,0,NO CHANGE,<.01%
33737M102,FNY,FIRST TR EXCHANGE-TRADED ALP,39,0,4.32K,0,NO CHANGE,<.01%
746228303,PCYO,PURE CYCLE CORP,403,0,4.32K,0,NO CHANGE,<.01%
76029N106,REPL,REPLIMUNE GROUP INC,388,0,4.29K,0,NO CHANGE,<.01%
464287713,IYZ,ISHARES TR,100,0,4.23K,0,NO CHANGE,<.01%
78463X772,DWX,SPDR INDEX SHS FDS,92,0,4.23K,0,NO CHANGE,<.01%
19248A109,UTF,COHEN & STEERS INFRASTRUCTUR,152,0,4.19K,0,NO CHANGE,<.01%
Y62132108,NVGS,NAVIGATOR HLDGS LTD,225,0,4.19K,0,NO CHANGE,<.01%
91678A107,UPB,UPSTREAM BIO INC,588,0,4.07K,0,NO CHANGE,<.01%
316092840,FDVV,FIDELITY COVINGTON TRUST,67,0,4.04K,0,NO CHANGE,<.01%
610236101,MNRO,MONRO INC,236,0,4.04K,0,NO CHANGE,<.01%
686275207,OESX,ORION ENERGY SYS INC,344,0,4.02K,0,NO CHANGE,<.01%
174615104,CZFS,CITIZENS FINL SVCS INC,55,0,3.98K,0,NO CHANGE,<.01%
65342T106,NODK,NI HLDGS INC,252,0,3.96K,0,NO CHANGE,<.01%
466367109,JACK,JACK IN THE BOX INC,250,0,3.95K,0,NO CHANGE,<.01%
6706EW100,SPXX,NUVEEN S&P 500 DYNAMIC OVERW,212,0,3.95K,0,NO CHANGE,<.01%
920437100,VALU,VALUE LINE INC,97,0,3.93K,0,NO CHANGE,<.01%
G96115103,WYFI,WHITEFIBER INC,101,0,3.92K,0,NO CHANGE,<.01%
343389409,FTK,FLOTEK INDUSTRIES INC,166,0,3.9K,0,NO CHANGE,<.01%
55336V100,MPLX,MPLX LP,69,0,3.89K,0,NO CHANGE,<.01%
531914109,LWAY,LIFEWAY FOODS INC,130,0,3.88K,0,NO CHANGE,<.01%
G52441105,KMTS,KESTRA MED TECHNOLOGIES LTD,151,0,3.84K,0,NO CHANGE,<.01%
808541106,MATV,MATIV HOLDINGS INC,499,0,3.78K,0,NO CHANGE,<.01%
94845U105,WBTN,WEBTOON ENTMT INC,329,0,3.76K,0,NO CHANGE,<.01%
104932116,BNAIW,BRAND ENGAGEMENT NETWORK INC,26666,0,3.73K,0,NO CHANGE,<.01%
939653101,ELME,ELME COMMUNITIES,2511,0,3.72K,0,NO CHANGE,<.01%
282914100,EGHT,8X8 INC NEW,2144,0,3.67K,0,NO CHANGE,<.01%
811054402,SSP,SCRIPPS E W CO OHIO,1317,0,3.65K,0,NO CHANGE,<.01%
762544104,RBBN,RIBBON COMMUNICATIONS INC,1547,0,3.62K,0,NO CHANGE,<.01%
156727109,CRNC,CERENCE INC,313,0,3.54K,0,NO CHANGE,<.01%
74167B109,FRST,PRIMIS FINANCIAL CORP,216,0,3.54K,0,NO CHANGE,<.01%
170386106,COFS,CHOICEONE FINANCIA,103,0,3.5K,0,NO CHANGE,<.01%
28225C806,EGAN,EGAIN CORP,551,0,3.47K,0,NO CHANGE,<.01%
30219Q106,EXFY,EXPENSIFY INC,1921,0,3.44K,0,NO CHANGE,<.01%
464287275,IXP,ISHARES TR,30,0,3.38K,0,NO CHANGE,<.01%
700885106,PKBK,PARKE BANCORP INC,102,0,3.38K,0,NO CHANGE,<.01%
18469P209,EMO,CLEARBRIDGE ENERGY MIDSTREAM,67,0,3.36K,0,NO CHANGE,<.01%
74766Q101,QTRX,QUANTERIX CORP,771,0,3.33K,0,NO CHANGE,<.01%
199333105,CMCO,COLUMBUS MCKINNON CORP N Y,220,0,3.33K,0,NO CHANGE,<.01%
268603107,LOCO,EL POLLO LOCO HLDGS INC,196,0,3.32K,0,NO CHANGE,<.01%
38983D854,RPT,RITHM PPTY TR INC,227,0,3.27K,0,NO CHANGE,<.01%
31447P100,FENC,FENNEC PHARMACEUTICALS INC,303,0,3.26K,0,NO CHANGE,<.01%
91851C201,EGY,VAALCO ENERGY INC,636,0,3.23K,0,NO CHANGE,<.01%
85208P303,URNM,SPROTT FDS TR,61,0,3.21K,0,NO CHANGE,<.01%
29384C108,TRDA,ENTRADA THERAPEUTICS INC,435,0,3.2K,0,NO CHANGE,<.01%
553810102,MVBF,MVB FINL CORP,110,0,3.19K,0,NO CHANGE,<.01%
700215304,TRAK,REPOSITRAK INC,353,0,3.18K,0,NO CHANGE,<.01%
894650100,TG,TREDEGAR CORP,397,0,3.16K,0,NO CHANGE,<.01%
G6964L206,PSFE,PAYSAFE LIMITED,417,0,3.12K,0,NO CHANGE,<.01%
464286764,EWP,ISHARES INC,52,0,3.09K,0,NO CHANGE,<.01%
G0896C103,TBBB,BBB FOODS INC,74,0,3.08K,0,NO CHANGE,<.01%
032108722,IDVO,AMPLIFY ETF TR,73,0,3.07K,0,NO CHANGE,<.01%
929566107,WNC,WABASH NATL CORP,226,0,3.05K,0,NO CHANGE,<.01%
831754106,SWBI,SMITH & WESSON BRANDS INC,202,0,3.04K,0,NO CHANGE,<.01%
75508B104,RYAM,RAYONIER ADVANCED MATLS INC,386,0,3.03K,0,NO CHANGE,<.01%
043113208,ARTNA,ARTESIAN RES CORP,89,0,3.02K,0,NO CHANGE,<.01%
381430602,GSSC,GOLDMAN SACHS ETF TR,33,0,3.01K,0,NO CHANGE,<.01%
203668108,CYH,COMMUNITY HEALTH SYS INC NEW,901,0,3.01K,0,NO CHANGE,<.01%
46137V308,PKW,INVESCO EXCHANGE TRADED FD T,21,0,2.98K,0,NO CHANGE,<.01%
500946108,KRRO,KORRO BIO INC,225,0,2.97K,0,NO CHANGE,<.01%
00214Q203,ARKQ,ARK ETF TR,22,0,2.91K,0,NO CHANGE,<.01%
500600101,KOPN,KOPIN CORP,647,0,2.9K,0,NO CHANGE,<.01%
828359109,SAMG,SILVERCREST ASSET MGMT GROUP,284,0,2.87K,0,NO CHANGE,<.01%
359616109,FULC,FULCRUM THERAPEUTICS INC,773,0,2.83K,0,NO CHANGE,<.01%
652526203,NEWT,NEWTEKONE INC,189,0,2.8K,0,NO CHANGE,<.01%
90328M107,USNA,USANA HEALTH SCIENCES INC,131,0,2.8K,0,NO CHANGE,<.01%
140475203,SNDA,SONIDA SENIOR LIVING INC,67,0,2.73K,0,NO CHANGE,<.01%
10482B101,BHR,BRAEMAR HOTELS & RESORTS INC,1255,0,2.71K,0,NO CHANGE,<.01%
L02235106,AMBP,ARDAGH METAL PACKAGING S A,570,0,2.7K,0,NO CHANGE,<.01%
439038100,HOFT,HOOKER FURNISHINGS CORPORATI,149,0,2.66K,0,NO CHANGE,<.01%
52472M101,LEGH,LEGACY HOUSING CORP,101,0,2.65K,0,NO CHANGE,<.01%
82657M105,SGHT,SIGHT SCIENCES INC,488,0,2.65K,0,NO CHANGE,<.01%
376535878,GLAD,GLADSTONE CAP CORP,136,0,2.64K,0,NO CHANGE,<.01%
09290C806,THRO,BLACKROCK ETF TRUST,61,0,2.63K,0,NO CHANGE,<.01%
711040105,PFIS,PEOPLES FINL SVCS CORP,39,0,2.59K,0,NO CHANGE,<.01%
23285D109,CTKB,CYTEK BIOSCIENCES INC,582,0,2.58K,0,NO CHANGE,<.01%
314911108,FRMI,FERMI INC,281,0,2.57K,0,NO CHANGE,<.01%
31609A404,FENI,FIDELITY COVINGTON TRUST,63,0,2.53K,0,NO CHANGE,<.01%
664121100,NECB,NORTHEAST CMNTY BANCORP INC,90,0,2.5K,0,NO CHANGE,<.01%
N30577105,ZGN,ERMENEGILDO ZEGNA N V,190,0,2.47K,0,NO CHANGE,<.01%
09290C780,BAI,BLACKROCK ETF TRUST,46,0,2.42K,0,NO CHANGE,<.01%
78249U209,RINT,RUSSELL INVTS EXCHANGE TRADE,76,0,2.42K,0,NO CHANGE,<.01%
92921W300,VUZI,VUZIX CORP,832,0,2.41K,0,NO CHANGE,<.01%
H8088L103,SRAD,SPORTRADAR GROUP AG,161,0,2.41K,0,NO CHANGE,<.01%
74179A107,BPRN,PRINCETON BANCORP INC,63,0,2.39K,0,NO CHANGE,<.01%
381098409,MRDN,MERIDIAN HOLDINGS INC,171,0,2.38K,0,NO CHANGE,<.01%
45782N108,INSE,INSPIRED ENTMT INC,283,0,2.33K,0,NO CHANGE,<.01%
41151J778,VLLU,HARBOR ETF TRUST,88,0,2.32K,0,NO CHANGE,<.01%
826917106,SIGA,SIGA TECHNOLOGIES INC,625,0,2.27K,0,NO CHANGE,<.01%
91388P105,ULH,UNIVERSAL LOGISTICS HLDGS IN,153,0,2.26K,0,NO CHANGE,<.01%
03843E104,AQST,AQUESTIVE THERAPEUTICS INC,542,0,2.25K,0,NO CHANGE,<.01%
059460402,BBDO,BANCO BRADESCO S A,750,0,2.25K,0,NO CHANGE,<.01%
026948109,AII,AMERICAN INTEGRITY INS GROUP,119,0,2.24K,0,NO CHANGE,<.01%
632347100,NATH,NATHANS FAMOUS INC,22,0,2.23K,0,NO CHANGE,<.01%
31189P102,FATE,FATE THERAPEUTICS INC,815,0,2.2K,0,NO CHANGE,<.01%
68280L101,ONEW,ONEWATER MARINE INC,194,0,2.19K,0,NO CHANGE,<.01%
56064Y100,MNSB,MAINSTREET BANCSHARES INC,88,0,2.17K,0,NO CHANGE,<.01%
85916J409,STXS,STEREOTAXIS INC,1261,0,2.17K,0,NO CHANGE,<.01%
342909108,FLOC,FLOWCO HLDGS INC,101,0,2.15K,0,NO CHANGE,<.01%
47248R103,JCAP,JEFFERSON CAPITAL INC,110,0,2.14K,0,NO CHANGE,<.01%
06654A103,BWFG,BANKWELL FINL GROUP INC,36,0,2.12K,0,NO CHANGE,<.01%
20112C106,CBK,COMMERCIAL BANCGROUP INC,65,0,2.1K,0,NO CHANGE,<.01%
437872104,HTB,HOMETRUST BANCSHARES INC,42,0,2.1K,0,NO CHANGE,<.01%
92915B106,VYGR,VOYAGER THERAPEUTICS INC,595,0,2.08K,0,NO CHANGE,<.01%
635309206,NCMI,NATIONAL CINEMEDIA INC,546,0,2.08K,0,NO CHANGE,<.01%
33739Q705,KNG,FIRST TR EXCHANGE-TRADED FD,41,0,2.07K,0,NO CHANGE,<.01%
85512G106,STHO,STAR HLDGS,225,0,2.05K,0,NO CHANGE,<.01%
016230104,ALCO,ALICO INC,49,0,2.03K,0,NO CHANGE,<.01%
46641Q746,JPMB,J P MORGAN EXCHANGE TRADED F,50,0,2.02K,0,NO CHANGE,<.01%
135086106,GOOS,CANADA GOOSE HLDGS INC,211,0,2.01K,0,NO CHANGE,<.01%
09290C509,LCTU,BLACKROCK ETF TRUST,25,0,2K,0,NO CHANGE,<.01%
464288778,IAT,ISHARES TR,32,0,1.99K,0,NO CHANGE,<.01%
210502100,CPSS,CONSUMER PORTFOLIO SVCS INC,203,0,1.95K,0,NO CHANGE,<.01%
04013V108,ACRE,ARES COML REAL ESTATE CORP,429,0,1.93K,0,NO CHANGE,<.01%
36166F100,GBFH,GBANK FINL HLDGS INC,63,0,1.91K,0,NO CHANGE,<.01%
855919106,STRZ,STARZ ENTERTAINMENT CORP.,65,0,1.88K,0,NO CHANGE,<.01%
75321W103,PACK,RANPAK HOLDINGS CORP,253,0,1.85K,0,NO CHANGE,<.01%
984245100,YPF,YPF SOCIEDAD ANONIMA,40,0,1.82K,0,NO CHANGE,<.01%
05368J103,AVBH,AVIDBANK HLDGS INC,55,0,1.82K,0,NO CHANGE,<.01%
80359A205,PDYN,PALLADYNE AI CORP,298,0,1.81K,0,NO CHANGE,<.01%
31425A109,FBLA,FB BANCORP INC,120,0,1.81K,0,NO CHANGE,<.01%
860897107,SFIX,STITCH FIX INC,439,0,1.8K,0,NO CHANGE,<.01%
G16910120,BLSH,BULLISH,77,0,1.8K,0,NO CHANGE,<.01%
890260839,TNXP,TONIX PHARMACEUTICALS HLDG C,141,0,1.8K,0,NO CHANGE,<.01%
250565108,DBI,DESIGNER BRANDS INC,306,0,1.78K,0,NO CHANGE,<.01%
374396406,GEVO,GEVO INC,1186,0,1.78K,0,NO CHANGE,<.01%
371927104,GEL,GENESIS ENERGY L P,125,0,1.77K,0,NO CHANGE,<.01%
70451A104,PAYS,PAYSIGN INC,215,0,1.76K,0,NO CHANGE,<.01%
50105F105,KRO,KRONOS WORLDWIDE INC,277,0,1.75K,0,NO CHANGE,<.01%
74365U107,TARA,PROTARA THERAPEUTICS INC,451,0,1.72K,0,NO CHANGE,<.01%
26433C105,DPG,DUFF & PHELPS UTLITY AND INF,114,0,1.69K,0,NO CHANGE,<.01%
45675Y104,III,INFORMATION SVCS GROUP INC,411,0,1.69K,0,NO CHANGE,<.01%
L72967109,OEC,ORION S.A.,254,0,1.68K,0,NO CHANGE,<.01%
78249U407,REMG,RUSSELL INVTS EXCHANGE TRADE,45,0,1.68K,0,NO CHANGE,<.01%
127537207,CDZI,CADIZ INC,398,0,1.66K,0,NO CHANGE,<.01%
04681Y103,ASIC,ATEGRITY SPECIALTY IN CO HO,68,0,1.64K,0,NO CHANGE,<.01%
952845105,WFG,WEST FRASER TIMBER CO LTD,24,0,1.62K,0,NO CHANGE,<.01%
75134P501,METCB,RAMACO RES INC,189,0,1.62K,0,NO CHANGE,<.01%
33833Q106,FPH,FIVE POINT HOLDINGS LLC,306,0,1.61K,0,NO CHANGE,<.01%
700666100,PKOH,PARK-OHIO HLDGS CORP,41,0,1.58K,0,NO CHANGE,<.01%
Y7388L103,SB,SAFE BULKERS INC,248,0,1.56K,0,NO CHANGE,<.01%
87971M103,TU,TELUS CORPORATION,148,0,1.56K,0,NO CHANGE,<.01%
28106W103,EDIT,EDITAS MEDICINE INC,480,0,1.55K,0,NO CHANGE,<.01%
224633206,CRDA,CRAWFORD & CO,136,0,1.53K,0,NO CHANGE,<.01%
928031103,VABK,VIRGINIA NATL BK CHRLOTSVLE,34,0,1.51K,0,NO CHANGE,<.01%
M68830112,MDWD,MEDIWOUND LTD,101,0,1.49K,0,NO CHANGE,<.01%
690370101,BBBY,BED BATH & BEYOND INC,252,0,1.46K,0,NO CHANGE,<.01%
886029206,THRY,THRYV HLDGS INC,366,0,1.44K,0,NO CHANGE,<.01%
25253X207,DMAC,DIAMEDICA THERAPEUTICS INC,203,0,1.43K,0,NO CHANGE,<.01%
137404109,CADL,CANDEL THERAPEUTICS INC,138,0,1.42K,0,NO CHANGE,<.01%
08659B102,BBNX,BETA BIONICS INC,88,0,1.38K,0,NO CHANGE,<.01%
74275G107,PRTH,PRIORITY TECHNOLOGY HLDGS IN,204,0,1.36K,0,NO CHANGE,<.01%
769397100,RVSB,RIVERVIEW BANCORP INC,248,0,1.35K,0,NO CHANGE,<.01%
03676C100,ATEX,ANTERIX INC,13,0,1.34K,0,NO CHANGE,<.01%
204429104,CCU,COMPANIA CERVECERIAS UNIDAS,119,0,1.33K,0,NO CHANGE,<.01%
33741H107,FUNC,FIRST UTD CORP,30,0,1.32K,0,NO CHANGE,<.01%
G72800108,PRTA,PROTHENA CORP PLC,131,0,1.28K,0,NO CHANGE,<.01%
157085101,CERS,CERUS CORP,427,0,1.25K,0,NO CHANGE,<.01%
774515100,RCKY,ROCKY BRANDS INC,30,0,1.24K,0,NO CHANGE,<.01%
46990A102,JRVR,JAMES RIV GROUP HOLDINGS INC,281,0,1.24K,0,NO CHANGE,<.01%
805700101,DML1.MU,ELEVRA LITHIUM LTD,18,0,1.23K,0,NO CHANGE,<.01%
29089Q105,EBS,EMERGENT BIOSOLUTIONS INC,146,0,1.22K,0,NO CHANGE,<.01%
74955L103,RGCO,RGC RES INC,51,0,1.22K,0,NO CHANGE,<.01%
68554V108,OSUR,ORASURE TECHNOLOGIES INC,270,0,1.2K,0,NO CHANGE,<.01%
002120202,ATYR,ATYR PHARMA INC,2011,0,1.2K,0,NO CHANGE,<.01%
46138E644,IPKW,INVESCO EXCH TRADED FD TR II,20,0,1.13K,0,NO CHANGE,<.01%
496719105,KINS,KINGSTONE COS INC,59,0,1.12K,0,NO CHANGE,<.01%
53216B104,LFMD,LIFEMD INC,261,0,1.08K,0,NO CHANGE,<.01%
205306103,TBRG,TRUBRIDGE INC,41,0,1.07K,0,NO CHANGE,<.01%
85210B102,SGDM,SPROTT ETF TRUST,17,0,1.07K,0,NO CHANGE,<.01%
12738K109,CDLR,CADELER A S,48,0,1.05K,0,NO CHANGE,<.01%
02128L106,ALTG,ALTA EQUIPMENT GROUP INC,162,0,1.05K,0,NO CHANGE,<.01%
42225T107,HCAT,HEALTH CATALYST INC,523,0,1.04K,0,NO CHANGE,<.01%
30052F100,EVGO,EVGO INC,524,0,1K,0,NO CHANGE,<.01%
92707Y108,VFF,VILLAGE FARMS INTL INC,500,0,1K,0,NO CHANGE,<.01%
84863T106,SPOK,SPOK HLDGS INC,97,0,993,0,NO CHANGE,<.01%
68386H103,OPFI,OPPFI INC,96,0,953,0,NO CHANGE,<.01%
00810F106,ASLE,AERSALE CORPORATION,150,0,948,0,NO CHANGE,<.01%
78249U100,RUSC,RUSSELL INVTS EXCHANGE TRADE,24,0,937,0,NO CHANGE,<.01%
32106V107,FXNC,FIRST NATL CORP VA,31,0,931,0,NO CHANGE,<.01%
77313F106,RCKT,ROCKET PHARMACEUTICALS INC,261,0,893,0,NO CHANGE,<.01%
580907103,MH,MCGRAW HILL INC,94,0,890,0,NO CHANGE,<.01%
427746102,HRTX,HERON THERAPEUTICS INC,2078,0,887,0,NO CHANGE,<.01%
G65773106,NAT,NORDIC AMERICAN TANKERS LIMI,160,0,886,0,NO CHANGE,<.01%
00847G804,AGEN,AGENUS INC,285,0,872,0,NO CHANGE,<.01%
92214X106,VREX,VAREX IMAGING CORP,81,0,845,0,NO CHANGE,<.01%
171077407,NAGE,NIAGEN BIOSCIENCE INC,264,0,842,0,NO CHANGE,<.01%
G23773107,CWCO,CONSOLIDATED WATER CO INC,28,0,826,0,NO CHANGE,<.01%
G2662B103,CRML,CRITICAL METALS CORP,80,0,820,0,NO CHANGE,<.01%
12520L109,CFBK,CF BANKSHARES INC,25,0,819,0,NO CHANGE,<.01%
20440W105,SID,COMPANHIA SIDERURGICA NACION,874,0,800,0,NO CHANGE,<.01%
92335C106,VRA,VERA BRADLEY INC,205,0,797,0,NO CHANGE,<.01%
G6891L105,PANL,PANGAEA LOGISTICS SOLUTION L,121,0,787,0,NO CHANGE,<.01%
53224K302,LTBR,LIGHTBRIDGE CORP,89,0,782,0,NO CHANGE,<.01%
762093102,RBKB,RHINEBECK BANCORP INC,45,0,779,0,NO CHANGE,<.01%
886364801,SPUS,TIDAL TRUST I,13,0,748,0,NO CHANGE,<.01%
33718M105,FDM,FIRST TR EXCHANGE-TRADED FD,8,0,745,0,NO CHANGE,<.01%
45780L104,INGN,INOGEN INC,111,0,716,0,NO CHANGE,<.01%
353469109,FC,FRANKLIN COVEY CO,28,0,687,0,NO CHANGE,<.01%
89421Q205,TZOO,TRAVELZOO,55,0,642,0,NO CHANGE,<.01%
68373M107,OPRA,OPERA LTD,32,0,635,0,NO CHANGE,<.01%
389375106,GTN,GRAY MEDIA INC,155,0,615,0,NO CHANGE,<.01%
832248207,SFD,SMITHFIELD FOODS INC,25,0,607,0,NO CHANGE,<.01%
594960304,MVIS,MICROVISION INC DEL,1798,0,588,0,NO CHANGE,<.01%
G4388N106,HELE,HELEN OF TROY LTD,20,0,581,0,NO CHANGE,<.01%
032797300,AVXL,ANAVEX LIFE SCIENCES CORP,222,0,575,0,NO CHANGE,<.01%
479167108,JOUT,JOHNSON OUTDOORS INC,12,0,552,0,NO CHANGE,<.01%
358435105,FRD,FRIEDMAN INDS INC,17,0,547,0,NO CHANGE,<.01%
00857U206,AGL,AGILON HEALTH INC,5,0,536,0,NO CHANGE,<.01%
45826T509,ITRG,INTEGRA RES CORP,233,0,529,0,NO CHANGE,<.01%
09203E105,BDTX,BLACK DIAMOND THERAPEUTICS I,275,0,509,0,NO CHANGE,<.01%
629579103,NC,NACCO INDS INC,10,0,501,0,NO CHANGE,<.01%
464286707,EWQ,ISHARES INC,11,0,500,0,NO CHANGE,<.01%
M70700105,NNOX,NANO X IMAGING LTD,421,0,488,0,NO CHANGE,<.01%
85859N300,STEM,STEM INC,62,0,484,0,NO CHANGE,<.01%
004816104,ACU,ACME UTD CORP,10,0,477,0,NO CHANGE,<.01%
60649T107,MG,MISTRAS GROUP INC,27,0,472,0,NO CHANGE,<.01%
90355N101,USCB,USCB FINANCIAL HOLDINGS INC,23,0,471,0,NO CHANGE,<.01%
H82027105,SOPH,SOPHIA GENETICS SA,77,0,444,0,NO CHANGE,<.01%
29259W700,EU,ENCORE ENERGY CORP,335,0,439,0,NO CHANGE,<.01%
829214105,SLP,SIMULATIONS PLUS INC,24,0,439,0,NO CHANGE,<.01%
V5633W109,MMYT,MAKEMYTRIP LIMITED MAURITIUS,8,0,426,0,NO CHANGE,<.01%
46434V647,REET,ISHARES TR,15,0,414,0,NO CHANGE,<.01%
47805L101,JMSB,JOHN MARSHALL BANCORP INC,19,0,414,0,NO CHANGE,<.01%
620071100,MPAA,MOTORCAR PTS AMER INC,27,0,414,0,NO CHANGE,<.01%
46138E198,XMLV,INVESCO EXCH TRADED FD TR II,6,0,398,0,NO CHANGE,<.01%
18270P109,CLAR,CLARUS CORP NEW,125,0,394,0,NO CHANGE,<.01%
637372202,NRC,NRC HEALTH,18,0,388,0,NO CHANGE,<.01%
814785309,SNFCA,SECURITY NATL FINL CORP,40,0,388,0,NO CHANGE,<.01%
92189H607,OIH,VANECK ETF TRUST,1,0,372,0,NO CHANGE,<.01%
78249U506,RIFR,RUSSELL INVTS EXCHANGE TRADE,13,0,370,0,NO CHANGE,<.01%
749360400,RCMT,RCM TECHNOLOGIES INC,13,0,367,0,NO CHANGE,<.01%
09290C608,LCTD,BLACKROCK ETF TRUST,6,0,346,0,NO CHANGE,<.01%
12466Q104,CFFI,C & F FINL CORP,4,0,320,0,NO CHANGE,<.01%
68218J103,OABI,OMNIAB INC,127,0,312,0,NO CHANGE,<.01%
85227J106,SRBK,SR BANCORP INC,15,0,295,0,NO CHANGE,<.01%
206787103,CNDT,CONDUENT INC,195,0,285,0,NO CHANGE,<.01%
92919F103,VOXR,VOX ROYALTY CORP,60,0,284,0,NO CHANGE,<.01%
78413P101,SMHI,SEACOR MARINE HLDGS INC,36,0,275,0,NO CHANGE,<.01%
12685J105,CABO,CABLE ONE INC,5,0,266,0,NO CHANGE,<.01%
36164V602,GLIBA,LIBERTY CAP CORP,12,0,263,0,NO CHANGE,<.01%
629156407,NL,NLI HOLDINGS INC,44,0,262,0,NO CHANGE,<.01%
52886X107,LXEO,LEXEO THERAPEUTICS INC,56,0,261,0,NO CHANGE,<.01%
87911K100,HQL,ABRDN LIFE SCIENCES INVESTOR,13,0,260,0,NO CHANGE,<.01%
556099109,MGNX,MACROGENICS INC,55,0,254,0,NO CHANGE,<.01%
759910102,KRMD,KORU MEDICAL SYSTEMS INC,57,0,239,0,NO CHANGE,<.01%
05603E208,BVFL,BV FINL INC,11,0,233,0,NO CHANGE,<.01%
75585H206,REAX,THE REAL BROKERAGE INC,127,0,231,0,NO CHANGE,<.01%
05508R106,BGS,B & G FOODS INC,55,0,219,0,NO CHANGE,<.01%
368678108,GENC,GENCOR INDS INC,14,0,209,0,NO CHANGE,<.01%
30050B101,EVH,EVOLENT HEALTH INC,36,0,195,0,NO CHANGE,<.01%
G5568L109,LZM,LIFEZONE METALS LIMITED,50,0,194,0,NO CHANGE,<.01%
G1466R173,BORR,BORR DRILLING LTD,45,0,186,0,NO CHANGE,<.01%
488152208,KELYA,KELLY SVCS INC,15,0,184,0,NO CHANGE,<.01%
73642K106,PTLO,PORTILLOS INC,37,0,175,0,NO CHANGE,<.01%
09077V100,BIOA,BIOAGE LABS INC,7,0,172,0,NO CHANGE,<.01%
37364X109,GEOS,GEOSPACE TECHNOLOGIES CORP,25,0,169,0,NO CHANGE,<.01%
G75398100,RZLV,REZOLVE AI PLC,52,0,164,0,NO CHANGE,<.01%
48251K100,KREF,KKR REAL ESTATE FIN TR INC,23,0,157,0,NO CHANGE,<.01%
464287812,IYK,ISHARES TR,2,0,145,0,NO CHANGE,<.01%
447324104,HURC,HURCO CO,6,0,137,0,NO CHANGE,<.01%
812215200,SEG,SEAPORT ENTMT GROUP INC,5,0,133,0,NO CHANGE,<.01%
38268T103,GPRO,GOPRO INC,150,0,117,0,NO CHANGE,<.01%
155123102,CET,CENTRAL SECS CORP,2,0,105,0,NO CHANGE,<.01%
12047B105,BMBL,BUMBLE INC,28,0,90,0,NO CHANGE,<.01%
81761L102,SVC,SERVICE PPTYS TR,53,0,90,0,NO CHANGE,<.01%
75574U101,RC,READY CAPITAL CORP,46,0,81,0,NO CHANGE,<.01%
98400V200,XBP,XBP GLOBAL HOLDINGS INC,32,0,74,0,NO CHANGE,<.01%
55303J106,MGPI,MGP INGREDIENTS INC NEW,4,0,70,0,NO CHANGE,<.01%
92912T100,IGD,VOYA GLBL EQTY DIV & PREM OP,10,0,61,0,NO CHANGE,<.01%
530158104,USA,LIBERTY ALL STAR EQUITY FD,7,0,41,0,NO CHANGE,<.01%
G0457F107,ARCO,ARCOS DORADOS HLDGS INC,4,0,32,0,NO CHANGE,<.01%
00081T108,ACCO,ACCO BRANDS CORP,3,0,12,0,NO CHANGE,<.01%
46133G107,IQI,INVESCO QUALITY MUN INCOME T,1,0,10,0,NO CHANGE,<.01%
35473P785,FLGR,FRANKLIN TEMPLETON ETF TR,0,-1,0,-31,CLOSE,0%
464286640,ECH,ISHARES INC,0,-1,0,-40,CLOSE,0%
N5505D105,MICC,MAGNUM ICE CREAM CO NV,20060,-5,349.25K,-87.05,-0%,<.01%
46429B523,EDEN,ISHARES TR,0,-1,0,-105,CLOSE,0%
78468R796,SPYX,SPDR SERIES TRUST,387,-2,23.65K,-122.2,-0.5%,<.01%
464288570,DSI,ISHARES TR,3694,-1,525.99K,-142.39,-0%,<.01%
233051846,HAUZ,DBX ETF TR,156,-7,3.5K,-156.96,-4.3%,<.01%
82982L103,SITE,SITEONE LANDSCAPE SUPPLY INC,152817,-2,17.48M,-228.82,-0%,<.01%
46641Q886,JPME,J P MORGAN EXCHANGE TRADED F,0,-2,0,-229,CLOSE,0%
33739H101,FTGC,FIRST TR EXCHANGE TRAD FD VI,1,-9,27,-243,-90%,<.01%
35473P686,FLTW,FRANKLIN TEMPLETON ETF TR,0,-4,0,-272,CLOSE,0%
46434G780,EWS,ISHARES INC,0,-10,0,-282,CLOSE,0%
35473P694,FLSW,FRANKLIN TEMPLETON ETF TR,0,-7,0,-284,CLOSE,0%
35473P736,FLMX,FRANKLIN TEMPLETON ETF TR,0,-8,0,-294,CLOSE,0%
60743G100,MOBX,MOBIX LABS INC,0,-899,0,-300,CLOSE,0%
8676EP108,STKL,SUNOPTA INC,0,-48,0,-311,CLOSE,0%
46429B507,EIRL,ISHARES TR,0,-5,0,-344,CLOSE,0%
464286814,EWN,ISHARES INC,0,-6,0,-345,CLOSE,0%
531229771,FWONA,LIBERTY MEDIA CORP DEL,22225,-5,1.95M,-437.7,-0%,<.01%
83125X103,SNBR,SLEEP NUMBER CORP,0,-247,0,-443,CLOSE,0%
464286756,EWD,ISHARES INC,311,-11,15.54K,-549.79,-3.4%,<.01%
74435K204,PUK,PRUDENTIAL PLC,32568,-21,873.15K,-563.01,-0.1%,<.01%
583928106,MFIN,MEDALLION FINANCIAL CORP,6763,-58,69.05K,-592.18,-0.9%,<.01%
31609A107,FELV,FIDELITY COVINGTON TRUST,0,-17,0,-593,CLOSE,0%
808524847,SCHH,SCHWAB STRATEGIC TR,293979,-26,6.96M,-615.68,-0%,<.01%
670100205,NVO,NOVO-NORDISK A S,49624,-13,2.38M,-623.22,-0%,<.01%
405552100,HLN,HALEON PLC,663207,-68,6.19M,-634.44,-0%,<.01%
G2717C106,CWK,CUSHMAN AND WAKEFIELD LTD,10313,-48,138.09K,-642.72,-0.5%,<.01%
05964H105,SAN,BANCO SANTANDER SA,242709,-51,3.35M,-703.8,-0%,<.01%
46429B515,EFNL,ISHARES TR,0,-15,0,-735,CLOSE,0%
464287333,IXG,ISHARES TR,122,-6,15.19K,-747.05,-4.7%,<.01%
316092600,FHLC,FIDELITY COVINGTON TRUST,60,-10,4.63K,-772.5,-14.3%,<.01%
372303206,GMAB,GENMAB A/S,32612,-32,895.85K,-879.04,-0.1%,<.01%
78464A789,KIE,SPDR SERIES TRUST,52,-15,3.17K,-914.71,-22.4%,<.01%
464287242,LQD,ISHARES TR,6016,-9,656.16K,-981.63,-0.1%,<.01%
Y2065G121,DHT,DHT HOLDINGS INC,1711,-60,28.28K,-991.81,-3.4%,<.01%
46435G672,IAGG,ISHARES TR,0,-20,0,-1K,CLOSE,0%
72201R833,MINT,PIMCO ETF TR,523,-10,52.72K,-1.01K,-1.9%,<.01%
759530108,RELX,RELX PLC,26066,-32,825.51K,-1.01K,-0.1%,<.01%
92971A109,MAPS,WM TECHNOLOGY INC,0,-1596,0,-1.05K,CLOSE,0%
00326A104,SGOL,ETFS GOLD TR,0,-25,0,-1.12K,CLOSE,0%
904767803,UL,UNILEVER PLC,341611,-22,20.54M,-1.32K,-0%,<.01%
35473P710,FLKR,FRANKLIN TEMPLETON ETF TR,0,-39,0,-1.55K,CLOSE,0%
92189F205,SLX,VANECK ETF TRUST,0,-17,0,-1.56K,CLOSE,0%
53578P105,LNKB,LINKBANCORP INC,0,-196,0,-1.64K,CLOSE,0%
33718W103,FPF,FIRST TR INTER DURATN PFD &,0,-99,0,-1.75K,CLOSE,0%
316092824,FDLO,FIDELITY COVINGTON TRUST,658,-26,44.96K,-1.78K,-3.8%,<.01%
432748101,HTH,HILLTOP HLDGS INC,79890,-47,3.1M,-1.82K,-0.1%,<.01%
464286202,EWO,ISHARES INC,0,-53,0,-1.88K,CLOSE,0%
911460103,UBFO,UNITED SEC BANCSHARES CALIF,0,-184,0,-1.93K,CLOSE,0%
336917109,FDL,FIRST TR EXCHANGE-TRADED FD,81719,-40,3.98M,-1.95K,-0%,<.01%
33939L407,GUNR,FLEXSHARES TR,1943,-40,95.75K,-1.97K,-2%,<.01%
78464A870,XBI,SPDR SERIES TRUST,2933,-13,464.15K,-2.06K,-0.4%,<.01%
464286350,VEGI,ISHARES INC,0,-46,0,-2.08K,CLOSE,0%
92203J407,BNDX,VANGUARD CHARLOTTE FDS,255624,-43,12.38M,-2.08K,-0%,<.01%
46138E735,PDN,INVESCO EXCH TRADED FD TR II,0,-50,0,-2.17K,CLOSE,0%
14020W106,CGDV,CAPITAL GROUP DIVIDEND VALUE,138270,-54,6.81M,-2.66K,-0%,<.01%
35473P629,FLHY,FRANKLIN TEMPLETON ETF TR,0,-111,0,-2.68K,CLOSE,0%
46138E727,PXH,INVESCO EXCH TRADED FD TR II,1839,-97,51.27K,-2.7K,-5%,<.01%
78468R812,QUS,SPDR SERIES TRUST,0,-16,0,-2.75K,CLOSE,0%
37954Y871,URA,GLOBAL X FDS,423,-66,18.48K,-2.88K,-13.5%,<.01%
66987V109,NVS,NOVARTIS AG,126866,-19,19.88M,-2.98K,-0%,<.01%
316092865,FUTY,FIDELITY COVINGTON TRUST,719,-52,42K,-3.04K,-6.7%,<.01%
808524730,FNDE,SCHWAB STRATEGIC TR,2154,-79,85.47K,-3.13K,-3.5%,<.01%
78464A375,SPIB,SPDR SERIES TRUST,0,-95,0,-3.19K,CLOSE,0%
808524649,SCMB,SCHWAB STRATEGIC TR,0,-134,0,-3.41K,CLOSE,0%
97717W315,DEM,WISDOMTREE TR,24488,-64,1.32M,-3.44K,-0.3%,<.01%
464287192,IYT,ISHARES TR,1078,-40,93.52K,-3.47K,-3.6%,<.01%
808524748,FNDC,SCHWAB STRATEGIC TR,1519,-74,73.76K,-3.59K,-4.6%,<.01%
97717W505,DON,WISDOMTREE TR,14238,-68,804.73K,-3.84K,-0.5%,<.01%
33735J101,FTA,FIRST TR EXCHANGE-TRADED ALP,16645,-41,1.61M,-3.97K,-0.2%,<.01%
002896207,ANF,ABERCROMBIE & FITCH CO,91784,-45,8.26M,-4.05K,-0%,<.01%
19762B202,XCEM,COLUMBIA ETF TR II,146,-79,7.72K,-4.18K,-35.1%,<.01%
46137V142,PHO,INVESCO EXCHANGE TRADED FD T,2663,-61,183.96K,-4.21K,-2.2%,<.01%
58450V104,MAX,MEDIAALPHA INC,180171,-340,2.26M,-4.27K,-0.2%,<.01%
97717W570,EZM,WISDOMTREE TR,19317,-60,1.46M,-4.55K,-0.3%,<.01%
921910733,ESGV,VANGUARD WORLD FD,0,-42,0,-4.71K,CLOSE,0%
15101Q207,CLS,CELESTICA INC,550,-13,200.64K,-4.74K,-2.3%,<.01%
97717W604,DES,WISDOMTREE TR,11732,-120,477.26K,-4.88K,-1%,<.01%
606822104,MUFG,MITSUBISHI UFJ FINANCIAL GRO,1217315,-248,24.21M,-4.93K,-0%,<.01%
78464A201,SLYG,SPDR SERIES TRUST,313,-42,37.29K,-5K,-11.8%,<.01%
46137V787,PBE,INVESCO EXCHANGE TRADED FD T,0,-64,0,-5.07K,CLOSE,0%
52110M109,LAZ,LAZARD INC,267844,-123,11.23M,-5.16K,-0%,<.01%
00650F109,ADPT,ADAPTIVE BIOTECHNOLOGIES COR,222280,-244,4.77M,-5.23K,-0.1%,<.01%
803054204,SAP,SAP SE,97555,-34,15.03M,-5.24K,-0%,<.01%
46435G193,SUSC,ISHARES TR,571391,-227,13.23M,-5.26K,-0%,<.01%
56117J100,MBUU,MALIBU BOATS INC,46348,-197,1.27M,-5.4K,-0.4%,<.01%
78463V107,GLD,SPDR GOLD TR,373,-15,137.41K,-5.53K,-3.9%,<.01%
97717W760,DLS,WISDOMTREE TR,1196,-68,100.21K,-5.7K,-5.4%,<.01%
464286533,EEMV,ISHARES INC,1422,-76,107.05K,-5.72K,-5.1%,<.01%
46131M106,VGM,INVESCO TR INVT GRADE MUNS,0,-585,0,-5.77K,CLOSE,0%
14020X104,CGGO,CAPITAL GROUP GBL GROWTH EQT,67529,-137,2.86M,-5.8K,-0.2%,<.01%
67092P201,NULG,NUSHARES ETF TR,2111,-51,247.11K,-5.97K,-2.4%,<.01%
25381B101,DMRC,DIGIMARC CORP NEW,0,-1222,0,-6K,CLOSE,0%
13321L108,CCJ,CAMECO CORP,6393,-61,651.19K,-6.21K,-0.9%,<.01%
464288836,IHE,ISHARES TR,288,-63,28.52K,-6.24K,-17.9%,<.01%
74347B508,TOLZ,PROSHARES TR,0,-104,0,-6.24K,CLOSE,0%
316188101,FCOR,FIDELITY MERRIMACK STR TR,0,-133,0,-6.27K,CLOSE,0%
45256X103,IBRX,IMMUNITYBIO INC,531957,-718,4.66M,-6.29K,-0.1%,<.01%
922020805,VTIP,VANGUARD MALVERN FDS,0,-127,0,-6.34K,CLOSE,0%
639057207,NWG,NATWEST GROUP PLC,682776,-362,12.04M,-6.38K,-0.1%,<.01%
00162Q452,AMLP,ALPS ETF TR,442,-124,22.92K,-6.43K,-21.9%,<.01%
921946810,VIGI,VANGUARD WHITEHALL FDS,0,-73,0,-6.46K,CLOSE,0%
14057J101,CFFN,CAPITOL FED FINL INC,206634,-761,1.76M,-6.48K,-0.4%,<.01%
825690100,SSTK,SHUTTERSTOCK INC,29487,-470,411.34K,-6.56K,-1.6%,<.01%
46137V530,PNQI,INVESCO EXCHANGE TRADED FD T,0,-147,0,-6.58K,CLOSE,0%
39818P799,PKST,PEAKSTONE REALTY TRUST,0,-316,0,-6.6K,CLOSE,0%
14575E105,CARS,CARS COM INC,167658,-619,1.83M,-6.77K,-0.4%,<.01%
00214Q708,ARKF,ARK ETF TR,0,-183,0,-6.96K,CLOSE,0%
464289842,EPU,ISHARES TR,0,-87,0,-7.02K,CLOSE,0%
780259305,SHEL,SHELL PLC,160073,-93,12.41M,-7.21K,-0.1%,<.01%
74316P645,CSMD,PROFESIONALLY MANAGED PORTFO,0,-237,0,-7.28K,CLOSE,0%
92189F437,ANGL,VANECK ETF TRUST,297,-249,8.68K,-7.28K,-45.6%,<.01%
679369108,OLPX,OLAPLEX HLDGS INC,68377,-3584,140.17K,-7.35K,-5%,<.01%
78464A755,XME,SPDR SERIES TRUST,3542,-69,378.75K,-7.38K,-1.9%,<.01%
37950E333,SPFF,GLOBAL X FDS,1000,-789,9.38K,-7.4K,-44.1%,<.01%
381430396,JUST,GOLDMAN SACHS ETF TR,0,-80,0,-7.4K,CLOSE,0%
922042676,VNQI,VANGUARD INTL EQUITY INDEX F,11,-170,493,-7.62K,-93.9%,<.01%
78463X475,SPGM,SPDR INDEX SHS FDS,1190,-89,101.95K,-7.62K,-7%,<.01%
37954Y467,EBIZ,GLOBAL X FDS,0,-286,0,-7.66K,CLOSE,0%
33733E302,FDN,FIRST TR EXCHANGE-TRADED FD,3155,-29,835.19K,-7.68K,-0.9%,<.01%
464287838,IYM,ISHARES TR,32,-43,5.75K,-7.72K,-57.3%,<.01%
464287556,IBB,ISHARES TR,6448,-41,1.23M,-7.8K,-0.6%,<.01%
69376K106,RPC,RIDGEPOST CAP INC,74998,-1015,590.24K,-7.99K,-1.3%,<.01%
38748G101,BAR,GRANITESHARES GOLD TR,278,-203,10.99K,-8.02K,-42.2%,<.01%
25264R207,DHIL,DIAMOND HILL INVT GROUP INC,0,-47,0,-8.09K,CLOSE,0%
14020Y102,CGCP,CAPITAL GRP FIXED INCM ETF T,0,-366,0,-8.18K,CLOSE,0%
37892E102,GIC,GLOBAL INDUSTRIAL COMPANY,38109,-246,1.28M,-8.23K,-0.6%,<.01%
014752109,ALX,ALEXANDERS INC,3196,-30,880.69K,-8.27K,-0.9%,<.01%
72201R585,PYLD,PIMCO ETF TR,0,-319,0,-8.36K,CLOSE,0%
46137V597,PRFZ,INVESCO EXCHANGE TRADED FD T,13761,-150,767.45K,-8.37K,-1.1%,<.01%
464288521,USRT,ISHARES TR,484,-126,32.16K,-8.37K,-20.7%,<.01%
04335A105,ARVN,ARVINAS INC,109966,-1008,913.82K,-8.38K,-0.9%,<.01%
78468R523,BILS,SPDR SERIES TRUST,0,-85,0,-8.45K,CLOSE,0%
33737J174,FDT,FIRST TR EXCH TRD ALPHDX FD,3264,-92,309.03K,-8.71K,-2.7%,<.01%
808524763,FNDA,SCHWAB STRATEGIC TR,3950,-229,150.34K,-8.72K,-5.5%,<.01%
746729300,PVAL,PUTNAM ETF TRUST,1119,-176,57.01K,-8.97K,-13.6%,<.01%
449172105,HY,HYSTER-YALE INC,11497,-258,403.08K,-9.05K,-2.2%,<.01%
603170101,MLYS,MINERALYS THERAPEUTICS INC,79199,-338,2.14M,-9.12K,-0.4%,<.01%
13765N107,CNNE,CANNAE HLDGS INC,102160,-637,1.47M,-9.17K,-0.6%,<.01%
57638P104,MBC,MASTERBRAND INC,3133352,-893,32.24M,-9.19K,-0%,<.01%
207410101,CNMD,CONMED CORP,72034,-283,2.36M,-9.26K,-0.4%,<.01%
65249B208,NWS,NEWS CORP NEW,236021,-331,6.62M,-9.29K,-0.1%,<.01%
40416E103,HCI,HCI GROUP INC,18585,-53,3.26M,-9.29K,-0.3%,<.01%
74255Y888,PREF,PRINCIPAL EXCHANGE TRADED FD,0,-500,0,-9.41K,CLOSE,0%
587376104,MBWM,MERCANTILE BK CORP,24134,-168,1.39M,-9.65K,-0.7%,<.01%
05965X109,BSAC,BANCO SANTANDER CHILE NEW,350464,-300,11.54M,-9.88K,-0.1%,<.01%
33734X192,SKYY,FIRST TR EXCHANGE-TRADED FD,1640,-74,220.68K,-9.96K,-4.3%,<.01%
46431W705,LQDH,ISHARES U S ETF TR,0,-111,0,-10.25K,CLOSE,0%
04351P101,ASND,ASCENDIS PHARMA A/S,0,-45,0,-10.29K,CLOSE,0%
126501105,CTS,CTS CORP,55896,-159,3.64M,-10.37K,-0.3%,<.01%
464288653,TLH,ISHARES TR,2372,-104,238.03K,-10.44K,-4.2%,<.01%
194014502,ENOV,ENOVIS CORPORATION,163112,-508,3.38M,-10.52K,-0.3%,<.01%
691497309,OXM,OXFORD INDS INC,21081,-304,735.09K,-10.6K,-1.4%,<.01%
38246G108,GDRX,GOODRX HLDGS INC,161348,-3689,464.68K,-10.62K,-2.2%,<.01%
92852X103,VTS,VITESSE ENERGY INC,30270,-679,477.36K,-10.71K,-2.2%,<.01%
704699107,PGC,PEAPACK-GLADSTONE FINL CORP,24847,-228,1.18M,-10.79K,-0.9%,<.01%
068463108,BBSI,BARRETT BUSINESS SVCS INC,46056,-312,1.64M,-11.08K,-0.7%,<.01%
46435U135,IHAK,ISHARES TR,3425,-183,207.93K,-11.11K,-5.1%,<.01%
52468L505,LVHI,LEGG MASON ETF INVT,0,-276,0,-11.19K,CLOSE,0%
46654Q203,JEPQ,J P MORGAN EXCHANGE TRADED F,4787,-185,294.21K,-11.37K,-3.7%,<.01%
35473P603,FLCO,FRANKLIN TEMPLETON ETF TR,0,-533,0,-11.42K,CLOSE,0%
69354N106,PRAA,PRA GROUP INC,90140,-606,1.71M,-11.51K,-0.7%,<.01%
97717X701,HEDJ,WISDOMTREE TR,26264,-208,1.5M,-11.86K,-0.8%,<.01%
33768G107,FCFS,FIRSTCASH HOLDINGS INC,65878,-55,14.25M,-11.9K,-0.1%,<.01%
78468R408,SJNK,SPDR SERIES TRUST,0,-477,0,-11.91K,CLOSE,0%
316092808,FTEC,FIDELITY COVINGTON TRUST,224,-42,63.97K,-11.99K,-15.8%,<.01%
373865104,GABC,GERMAN AMERN BANCORP INC,65764,-254,3.12M,-12.05K,-0.4%,<.01%
72201R817,CORP,PIMCO ETF TR,259,-125,25.1K,-12.11K,-32.6%,<.01%
78468R788,SPYD,SPDR SERIES TRUST,52103,-256,2.49M,-12.21K,-0.5%,<.01%
501270102,KRUS,KURA SUSHI USA INC,7398,-213,425.83K,-12.26K,-2.8%,<.01%
33733E203,FBT,FIRST TR EXCHANGE-TRADED FD,89,-50,22.06K,-12.39K,-36%,<.01%
46435G409,IVLU,ISHARES TR,0,-314,0,-12.46K,CLOSE,0%
829242106,SBGI,SINCLAIR INC,65875,-875,938.72K,-12.47K,-1.3%,<.01%
464289446,IWL,ISHARES TR,0,-78,0,-12.52K,CLOSE,0%
464288745,RXI,ISHARES TR,0,-68,0,-12.68K,CLOSE,0%
866683105,SNCY,SUN CTRY AIRLS HLDGS INC,0,-768,0,-12.69K,CLOSE,0%
47103U852,JMBS,JANUS DETROIT STR TR,0,-282,0,-12.74K,CLOSE,0%
74316P637,CAML,PROFESIONALLY MANAGED PORTFO,0,-364,0,-12.81K,CLOSE,0%
948849104,WMK,WEIS MKTS INC,20359,-164,1.59M,-12.84K,-0.8%,<.01%
67080N101,NUVB,NUVATION BIO INC,509871,-2290,2.9M,-13.01K,-0.4%,<.01%
39813G109,GDYN,GRID DYNAMICS HLDGS INC,131599,-2292,747.48K,-13.02K,-1.7%,<.01%
800422107,JBSS,SANFILIPPO JOHN B & SON INC,15464,-152,1.33M,-13.07K,-1%,<.01%
81580H449,USSE,SEGALL BRYANT & HAMILL TR,0,-395,0,-13.11K,CLOSE,0%
02072L680,STRV,EA SERIES TRUST,0,-318,0,-13.35K,CLOSE,0%
92189F726,BBH,VANECK ETF TRUST,1650,-66,335.34K,-13.41K,-3.8%,<.01%
78501P203,SWKH,SWK HLDGS CORP,0,-806,0,-13.71K,CLOSE,0%
33939L803,TLTD,FLEXSHARES TR,0,-146,0,-13.72K,CLOSE,0%
46434V274,INTF,ISHARES TR,0,-354,0,-13.79K,CLOSE,0%
46137V365,RSPG,INVESCO EXCHANGE TRADED FD T,5443,-142,533.2K,-13.91K,-2.5%,<.01%
78464A888,XHB,SPDR SERIES TRUST,873,-122,100.88K,-14.1K,-12.3%,<.01%
318910106,FBNC,FIRST BANCORP N C,62717,-225,4.01M,-14.38K,-0.4%,<.01%
42806J700,HTZ,HERTZ GLOBAL HLDGS INC,256078,-6440,580.02K,-14.59K,-2.5%,<.01%
76156B107,RVLV,REVOLVE GROUP INC,63690,-641,1.46M,-14.67K,-1%,<.01%
14843C105,CSTL,CASTLE BIOSCIENCES INC,64346,-618,1.53M,-14.74K,-1%,<.01%
46429B663,HDV,ISHARES TR,15067,-542,412.99K,-14.86K,-3.5%,<.01%
872657101,TPG,TPG INC,305465,-368,12.39M,-14.92K,-0.1%,<.01%
33741X102,SDVY,FIRST TR EXCHANGE TRADED FD,775,-350,33.43K,-15.1K,-31.1%,<.01%
00162Q726,BFOR,ALPS ETF TR,52,-158,4.97K,-15.11K,-75.2%,<.01%
46435U713,IFRA,ISHARES TR,415,-240,26.16K,-15.13K,-36.6%,<.01%
921910725,VSGX,VANGUARD WORLD FD,0,-212,0,-15.21K,CLOSE,0%
01748X102,ALGT,ALLEGIANT TRAVEL CO,11603,-131,1.36M,-15.41K,-1.1%,<.01%
900934100,BSMC,2023 ETF SERIES TRUST,0,-427,0,-15.45K,CLOSE,0%
74727A104,QCRH,QCR HLDGS INC,31284,-159,3.05M,-15.48K,-0.5%,<.01%
33735K108,FTC,FIRST TR EXCHANGE-TRADED ALP,3698,-80,716.56K,-15.5K,-2.1%,<.01%
97717W323,DGRE,WISDOMTREE TR,0,-476,0,-15.77K,CLOSE,0%
808524854,SCHR,SCHWAB STRATEGIC TR,84968,-644,2.1M,-15.88K,-0.8%,<.01%
405166109,HGTY,HAGERTY INC,43868,-1348,522.91K,-16.07K,-3%,<.01%
464287440,IEF,ISHARES TR,34691,-170,3.28M,-16.08K,-0.5%,<.01%
568427108,MPX,MARINE PRODS CORP,0,-2229,0,-16.2K,CLOSE,0%
00847J105,AGYS,AGILYSYS INC,54288,-158,5.67M,-16.51K,-0.3%,<.01%
233051630,HDEF,DBX ETF TR,0,-510,0,-16.53K,CLOSE,0%
50127T109,KURA,KURA ONCOLOGY INC,122645,-1508,1.35M,-16.54K,-1.2%,<.01%
591774104,MCB,METROPOLITAN BK HLDG CORP,18408,-168,1.82M,-16.59K,-0.9%,<.01%
34986A104,FWRD,FORWARD AIR CORP,38427,-1247,519.15K,-16.85K,-3.1%,<.01%
46571Y107,IIIV,I3 VERTICALS INC,31046,-789,663.14K,-16.85K,-2.5%,<.01%
33739P855,FPEI,FIRST TR EXCH TRADED FD III,14011,-880,270.27K,-16.98K,-5.9%,<.01%
448947507,IDT,IDT CORP,28806,-298,1.68M,-17.33K,-1%,<.01%
970646105,WLFC,WILLIS LEASE FIN CORP,3311,-77,757.56K,-17.62K,-2.3%,<.01%
464286426,EEMA,ISHARES INC,9,-152,1.05K,-17.78K,-94.4%,<.01%
86722A103,SXC,SUNCOKE ENERGY INC,194569,-2226,1.57M,-17.92K,-1.1%,<.01%
74319R101,PRG,PROG HOLDINGS INC,93734,-387,4.37M,-18.04K,-0.4%,<.01%
58039P305,MUX,MCEWEN INC.,44568,-1000,808.02K,-18.13K,-2.2%,<.01%
921932703,VOOV,VANGUARD ADMIRAL FDS INC,5145,-83,1.13M,-18.19K,-1.6%,<.01%
71742Q106,PAHC,PHIBRO ANIMAL HEALTH CORP,49595,-581,1.56M,-18.24K,-1.2%,<.01%
10240L102,BOW,BOWHEAD SPECIALTY HLDGS INC,21552,-617,645.05K,-18.47K,-2.8%,<.01%
465741106,ITRI,ITRON INC,289766,-217,25.07M,-18.78K,-0.1%,<.01%
921932778,VIOV,VANGUARD ADMIRAL FDS INC,0,-186,0,-18.92K,CLOSE,0%
33739Q408,FTSM,FIRST TR EXCHANGE-TRADED FD,21160,-320,1.26M,-19.11K,-1.5%,<.01%
224441105,CXT,CRANE NXT CO,104186,-374,5.33M,-19.13K,-0.4%,<.01%
440407104,HBNC,HORIZON BANCORP IND,84081,-973,1.68M,-19.44K,-1.1%,<.01%
464286285,EMHY,ISHARES INC,0,-500,0,-19.69K,CLOSE,0%
353514102,FELE,FRANKLIN ELEC INC,101556,-184,10.89M,-19.72K,-0.2%,<.01%
464287796,IYE,ISHARES TR,831,-351,47.03K,-19.86K,-29.7%,<.01%
33738D101,EMLP,FIRST TR EXCHANGE-TRADED FD,8865,-457,385.63K,-19.88K,-4.9%,<.01%
921937835,BND,VANGUARD BD INDEX FDS,402374,-271,29.54M,-19.89K,-0.1%,<.01%
233051853,DBEU,DBX ETF TR,6229,-379,336.1K,-20.45K,-5.7%,<.01%
78464A573,XHS,SPDR SERIES TRUST,52,-156,6.87K,-20.61K,-75%,<.01%
46138G698,RWL,INVESCO EXCH TRADED FD TR II,364,-164,46.51K,-20.95K,-31.1%,<.01%
760281204,RBCAA,REPUBLIC BANCORP INC KY,14577,-233,1.32M,-21.07K,-1.6%,<.01%
316092782,FVAL,FIDELITY COVINGTON TRUST,50,-271,3.9K,-21.12K,-84.4%,<.01%
89679E300,TFIN,TRIUMPH FINANCIAL INC,39310,-277,3M,-21.14K,-0.7%,<.01%
46125A100,LUNR,INTUITIVE MACHINES INC,203818,-989,4.36M,-21.15K,-0.5%,<.01%
63945M107,NBBK,NB BANCORP INC,38359,-1003,810.53K,-21.19K,-2.5%,<.01%
09227Q100,BLKB,BLACKBAUD INC,90359,-730,2.68M,-21.62K,-0.8%,<.01%
464288182,AAXJ,ISHARES TR,201,-184,23.98K,-21.96K,-47.8%,<.01%
853666105,SMP,STANDARD MTR PRODS INC,39375,-567,1.53M,-22.1K,-1.4%,<.01%
12135Y108,BHRB,BURKE HERBERT FINL SVCS CORP,18017,-308,1.29M,-22.13K,-1.7%,<.01%
09549B104,BLFY,BLUE FOUNDRY BANCORP,0,-1694,0,-22.43K,CLOSE,0%
46090A887,GSY,INVESCO ACTIVELY MANAGED EXC,0,-454,0,-22.75K,CLOSE,0%
74969N103,RLX,RLX TECHNOLOGY INC,214739,-12100,408K,-22.99K,-5.3%,<.01%
97717X594,IHDG,WISDOMTREE TR,2540,-439,133.04K,-22.99K,-14.7%,<.01%
900934308,BUSA,2023 ETF SERIES TRUST,0,-625,0,-23.14K,CLOSE,0%
02072L714,BBLU,EA SERIES TRUST,0,-1582,0,-23.35K,CLOSE,0%
83946P107,SPFI,SOUTH PLAINS FINANCIAL INC,17257,-543,743.52K,-23.4K,-3.1%,<.01%
343873105,FFIC,FLUSHING FINL CORP,0,-1526,0,-23.44K,CLOSE,0%
42727J102,HRTG,HERITAGE INSURANCE HLDGS INC,19007,-900,495.7K,-23.47K,-4.5%,<.01%
109194100,BFAM,BRIGHT HORIZONS FAM SOL IN D,177589,-332,12.59M,-23.53K,-0.2%,<.01%
46138G664,RWJ,INVESCO EXCH TRADED FD TR II,552,-396,32.84K,-23.56K,-41.8%,<.01%
33734X176,FXL,FIRST TR EXCHANGE-TRADED FD,18518,-109,4.02M,-23.68K,-0.6%,<.01%
153527106,CENT,CENTRAL GARDEN & PET CO,25749,-534,1.14M,-23.68K,-2%,<.01%
31983A103,FCBC,FIRST CMNTY BANKSHARES INC V,18949,-534,841.72K,-23.72K,-2.7%,<.01%
92189F791,GDXJ,VANECK ETF TRUST,0,-201,0,-24.13K,CLOSE,0%
549498202,LCID,LUCID GROUP INC,343423,-3634,2.3M,-24.31K,-1%,<.01%
25434V104,DFAU,DIMENSIONAL ETF TRUST,4624,-473,239.01K,-24.45K,-9.3%,<.01%
46429B689,EFAV,ISHARES TR,3158,-279,276.99K,-24.47K,-8.1%,<.01%
404111106,HBT,HBT FINL INC.,8735,-773,279.43K,-24.73K,-8.1%,<.01%
85914M107,STEP,STEPSTONE GROUP INC,111890,-600,4.63M,-24.82K,-0.5%,<.01%
808524755,FNDF,SCHWAB STRATEGIC TR,70924,-475,3.74M,-25.06K,-0.7%,<.01%
900934209,BINV,2023 ETF SERIES TRUST,0,-609,0,-25.1K,CLOSE,0%
893529107,TRNS,TRANSCAT INC,11772,-271,1.09M,-25.14K,-2.3%,<.01%
97717W430,HYZD,WISDOMTREE TR,0,-1146,0,-25.22K,CLOSE,0%
98420N105,XENE,XENON PHARMACEUTICALS INC,374748,-418,22.62M,-25.23K,-0.1%,<.01%
74736L109,QTWO,Q2 HLDGS INC,141136,-534,6.79M,-25.69K,-0.4%,<.01%
25525P107,DHC,DIVERSIFIED HEALTHCARE TR,1078410,-2774,10.03M,-25.8K,-0.3%,<.01%
59165J105,MCBS,METROCITY BANKSHARES INC,25046,-724,898.9K,-25.98K,-2.8%,<.01%
25434V781,DISV,DIMENSIONAL ETF TRUST,86934,-648,3.49M,-26K,-0.7%,<.01%
03071H100,AMSF,AMERISAFE INC,21002,-771,710.5K,-26.08K,-3.5%,<.01%
843380106,SMBC,SOUTHERN MO BANCORP INC,7789,-345,593.6K,-26.29K,-4.2%,<.01%
53803X105,LOB,LIVE OAK BANCSHARES INC,50531,-644,2.06M,-26.3K,-1.3%,<.01%
896288107,TNET,TRINET GROUP INC,72930,-532,3.61M,-26.33K,-0.7%,<.01%
82835W108,SPRY,ARS PHARMACEUTICALS INC,461384,-3297,3.7M,-26.41K,-0.7%,<.01%
466032109,JJSF,J & J SNACK FOODS CORP,26035,-361,1.91M,-26.52K,-1.4%,<.01%
929328102,WSFS,WSFS FINL CORP,118291,-346,9.08M,-26.55K,-0.3%,<.01%
890516107,TR,TOOTSIE ROLL INDS INC,42523,-681,1.68M,-26.93K,-1.6%,<.01%
29332G102,EHAB,ENHABIT INC,0,-1919,0,-27.04K,CLOSE,0%
864159108,RGR,STURM RUGER & CO INC,27782,-718,1.05M,-27.18K,-2.5%,<.01%
025072703,AVDE,AMERICAN CENTY ETF TR,913,-308,81.44K,-27.47K,-25.2%,<.01%
71367G102,PWP,PERELLA WEINBERG PARTNERS,65291,-1730,1.04M,-27.61K,-2.6%,<.01%
511656100,LKFN,LAKELAND FINL CORP,47503,-448,2.93M,-27.65K,-0.9%,<.01%
74587B101,PLSE,PULSE BIOSCIENCES INC,30817,-1003,854.55K,-27.81K,-3.2%,<.01%
577128101,MATW,MATTHEWS INTL CORP,56147,-1058,1.51M,-28.48K,-1.8%,<.01%
453838609,IBCP,INDEPENDENT BK CORP MICH,47865,-790,1.73M,-28.5K,-1.6%,<.01%
25434V203,DFAI,DIMENSIONAL ETF TRUST,16483,-702,679.92K,-28.96K,-4.1%,<.01%
78648T100,SAFT,SAFETY INS GROUP INC,25002,-392,1.87M,-29.35K,-1.5%,<.01%
649604840,ADAM,ADAMAS TRUST INC.,164521,-3156,1.54M,-29.6K,-1.9%,<.01%
69344A107,PULS,PGIM ETF TR,0,-600,0,-29.7K,CLOSE,0%
383082104,GRC,GORMAN RUPP CO,50332,-326,4.62M,-29.91K,-0.6%,<.01%
46138E743,PXF,INVESCO EXCH TRADED FD TR II,124982,-397,9.45M,-30.03K,-0.3%,<.01%
33939L100,TILT,FLEXSHARES TR,0,-125,0,-30.17K,CLOSE,0%
440327104,HMN,HORACE MANN EDUCATORS CORP N,94231,-588,4.87M,-30.37K,-0.6%,<.01%
124830878,CBL,CBL & ASSOC PPTYS INC,48510,-576,2.58M,-30.58K,-1.2%,<.01%
677864100,ODC,OIL DRI CORP AMER,8629,-300,881.97K,-30.66K,-3.4%,<.01%
28035Q102,EPC,EDGEWELL PERSONAL CARE CO,93517,-1144,2.51M,-30.73K,-1.2%,<.01%
46434V696,IPAC,ISHARES TR,34,-377,2.79K,-30.89K,-91.7%,<.01%
88822Q103,TIPT,TIPTREE INC,26044,-1734,466.71K,-31.07K,-6.2%,<.01%
53263P105,LMB,LIMBACH HLDGS INC,21769,-414,1.68M,-31.88K,-1.9%,<.01%
64049M209,NEO,NEOGENOMICS INC,357728,-2185,5.22M,-31.88K,-0.6%,<.01%
384637104,GHC,GRAHAM HLDGS CO,5723,-28,6.53M,-31.96K,-0.5%,<.01%
921932794,VIOG,VANGUARD ADMIRAL FDS INC,94,-210,14.42K,-32.22K,-69.1%,<.01%
46137V266,RPG,INVESCO EXCHANGE TRADED FD T,1730,-506,110.46K,-32.31K,-22.6%,<.01%
46138E719,IFLN,INVESCO EXCH TRADED FD TR II,1946,-1768,35.59K,-32.34K,-47.6%,<.01%
33830T103,FSBC,FIVE STAR BANCORP,20218,-669,984.41K,-32.57K,-3.2%,<.01%
84470P109,SBSI,SOUTHSIDE BANCSHARES INC,63442,-947,2.23M,-33.32K,-1.5%,<.01%
67011P100,DNOW,DNOW INC,366962,-2572,4.76M,-33.36K,-0.7%,<.01%
69318J100,CNXN,PC CONNECTION INC,21358,-460,1.56M,-33.58K,-2.1%,<.01%
36165L108,GDS,GDS HLDGS LTD,470982,-1120,14.14M,-33.63K,-0.2%,<.01%
633707104,NBHC,NATIONAL BK HLDGS CORP,57057,-765,2.54M,-33.99K,-1.3%,<.01%
397624206,GEFB,GREIF INC,17897,-365,1.67M,-34.14K,-2%,<.01%
33734H106,FVD,FIRST TR EXCHANGE-TRADED FD,11252,-713,542.12K,-34.35K,-6%,<.01%
37954Y343,MLPA,GLOBAL X FDS,546034,-655,28.98M,-34.77K,-0.1%,<.01%
25432X102,DCOM,DIME COML BANCSHARES INC,87507,-858,3.56M,-34.88K,-1%,<.01%
457030104,IMKTA,INGLES MKTS INC,23284,-400,2.06M,-35.43K,-1.7%,<.01%
808524888,SCHC,SCHWAB STRATEGIC TR,983,-741,47.3K,-35.66K,-43%,<.01%
749607107,RLI,RLI CORP,267773,-611,15.82M,-36.09K,-0.2%,<.01%
74348A467,NOBL,PROSHARES TR,3030,-650,170.16K,-36.5K,-17.7%,<.01%
50189K103,LCII,LCI INDS,64213,-346,6.8M,-36.63K,-0.5%,<.01%
257701201,DGICA,DONEGAL GROUP INC,40168,-1966,757.57K,-37.08K,-4.7%,<.01%
46266A109,IRMD,IRADIMED CORP,14736,-389,1.41M,-37.17K,-2.6%,<.01%
40171V100,GWRE,GUIDEWIRE SOFTWARE INC,255963,-303,31.5M,-37.28K,-0.1%,<.01%
940610108,WASH,WASHINGTON TR BANCORP INC,52760,-1028,1.92M,-37.5K,-1.9%,<.01%
464288307,IMCG,ISHARES TR,790,-390,77.66K,-38.34K,-33.1%,<.01%
25434V500,DFAS,DIMENSIONAL ETF TRUST,2300,-467,189.38K,-38.45K,-16.9%,<.01%
50101L106,DNUT,KRISPY KREME INC,176196,-10913,621.97K,-38.52K,-5.8%,<.01%
390905107,GSBC,GREAT SOUTHN BANCORP INC,17960,-492,1.41M,-38.58K,-2.7%,<.01%
81617J301,WTTR,SELECT WATER SOLUTIONS INC,171210,-1937,3.42M,-38.7K,-1.1%,<.01%
33737K205,NXTG,FIRST TR EXCHANGE-TRADED FD,0,-346,0,-38.73K,CLOSE,0%
464289511,IGLB,ISHARES TR,0,-781,0,-38.76K,CLOSE,0%
92189F106,GDX,VANECK ETF TRUST,3584,-514,270.41K,-38.78K,-12.5%,<.01%
915271100,UVSP,UNIVEST FINANCIAL CORPORATIO,67622,-889,2.96M,-38.89K,-1.3%,<.01%
100557107,SAM,BOSTON BEER INC,15684,-220,2.78M,-38.95K,-1.4%,<.01%
808524839,SCHZ,SCHWAB STRATEGIC TR,43585,-1694,1.01M,-39.18K,-3.7%,<.01%
92189F676,SMH,VANECK ETF TRUST,5256,-60,3.45M,-39.35K,-1.1%,<.01%
46429B747,STIP,ISHARES TR,0,-387,0,-40.03K,CLOSE,0%
880345103,TNC,TENNANT CO,48299,-458,4.23M,-40.09K,-0.9%,<.01%
917047102,URBN,URBAN OUTFITTERS INC,115936,-566,8.22M,-40.11K,-0.5%,<.01%
33734X127,FXN,FIRST TR EXCHANGE-TRADED FD,1195,-2011,24.18K,-40.68K,-62.7%,<.01%
44925C103,ICFI,ICF INTL INC,46086,-561,3.36M,-40.87K,-1.2%,<.01%
92189F528,SMB,VANECK ETF TRUST,5000,-2405,86.75K,-41.73K,-32.5%,<.01%
33734X135,FXO,FIRST TR EXCHANGE-TRADED FD,0,-746,0,-41.92K,CLOSE,0%
74366E102,PTGX,PROTAGONIST THERAPEUTICS INC,107094,-343,13.13M,-42.04K,-0.3%,<.01%
464287523,SOXX,ISHARES TR,7572,-66,4.85M,-42.29K,-0.9%,<.01%
022671101,AMAL,AMALGAMATED FINANCIAL CORP,55206,-922,2.53M,-42.32K,-1.6%,<.01%
33734X846,CIBR,FIRST TR EXCHANGE-TRADED FD,4356,-475,391.39K,-42.68K,-9.8%,<.01%
464288448,IDV,ISHARES TR,213805,-1033,8.86M,-42.8K,-0.5%,<.01%
68571X301,ORC,ORCHID IS CAP INC,149800,-6154,1.04M,-42.89K,-3.9%,<.01%
890110109,TMP,TOMPKINS FINL CORP,24865,-457,2.35M,-43.2K,-1.8%,<.01%
46432F396,MTUM,ISHARES TR,5563,-127,1.91M,-43.54K,-2.2%,<.01%
921932885,IVOO,VANGUARD ADMIRAL FDS INC,4870,-335,635.05K,-43.68K,-6.4%,<.01%
25434V302,DFAE,DIMENSIONAL ETF TRUST,51428,-1093,2.07M,-43.95K,-2.1%,<.01%
128246105,CVGW,CALAVO GROWERS INC,0,-1714,0,-44.2K,CLOSE,0%
464288273,SCZ,ISHARES TR,11566,-542,951.53K,-44.59K,-4.5%,<.01%
33733B100,FIW,FIRST TR EXCHANGE-TRADED FD,0,-440,0,-45.38K,CLOSE,0%
98379L100,XPEL,XPEL INC,35267,-926,1.75M,-45.93K,-2.6%,<.01%
046224101,ASTE,ASTEC INDS INC,52937,-756,3.24M,-46.26K,-1.4%,<.01%
513847103,MZTI,MARZETTI COMPANY,29002,-406,3.31M,-46.35K,-1.4%,<.01%
21867A105,CLB,CORE LABORATORIES INC,92916,-3986,1.08M,-46.44K,-4.1%,<.01%
46434G764,EMXC,ISHARES INC,1078,-454,110.28K,-46.44K,-29.6%,<.01%
747619104,NX,QUANEX BLDG PRODS CORP,65253,-2501,1.22M,-46.57K,-3.7%,<.01%
381430206,GEM,GOLDMAN SACHS ETF TR,2095,-897,108.94K,-46.64K,-30%,<.01%
46434V886,HEWJ,ISHARES TR,11338,-726,731.53K,-46.84K,-6%,<.01%
14070B309,CAPR,CAPRICOR THERAPEUTICS INC,74430,-1947,1.79M,-46.88K,-2.5%,<.01%
554489104,VRE,VERIS RESIDENTIAL INC,0,-2489,0,-46.97K,CLOSE,0%
09290C103,DYNF,BLACKROCK ETF TRUST,170,-691,11.56K,-47K,-80.3%,<.01%
868459108,SUPN,SUPERNUS PHARMACEUTICALS,106840,-1016,4.97M,-47.25K,-0.9%,<.01%
981475106,WKC,WORLD KINECT CORPORATION,200411,-1473,6.6M,-48.52K,-0.7%,<.01%
808524771,FNDX,SCHWAB STRATEGIC TR,18476,-1563,574.6K,-48.61K,-7.8%,<.01%
46137V258,RPV,INVESCO EXCHANGE TRADED FD T,6636,-428,755.31K,-48.71K,-6.1%,<.01%
46138G672,RWK,INVESCO EXCH TRADED FD TR II,4407,-337,644.56K,-49.29K,-7.1%,<.01%
464288869,IWC,ISHARES TR,57,-247,11.4K,-49.41K,-81.2%,<.01%
609027107,MCRI,MONARCH CASINO & RESORT INC,17761,-388,2.34M,-51.06K,-2.1%,<.01%
65345M108,NXDR,NEXTDOOR HOLDINGS INC,257494,-23253,584.51K,-52.78K,-8.3%,<.01%
464289180,EUFN,ISHARES TR,3076,-1360,119.93K,-53.03K,-30.7%,<.01%
464287762,IYH,ISHARES TR,4610,-795,308.92K,-53.27K,-14.7%,<.01%
320218100,THFF,FIRST FINANCIAL CORPORATION,20812,-689,1.61M,-53.36K,-3.2%,<.01%
229663109,CUBE,CUBESMART,1534579,-1342,61.03M,-53.37K,-0.1%,0.01%
114340102,AZTA,AZENTA INC,135375,-2097,3.45M,-53.52K,-1.5%,<.01%
567908108,HZO,MARINEMAX INC,49016,-1512,1.79M,-55.37K,-3%,<.01%
336901103,SRCE,1ST SOURCE CORP,32264,-679,2.63M,-55.39K,-2.1%,<.01%
649445400,FLG,FLAGSTAR BANK NATIONAL ASSOC,500326,-3716,7.47M,-55.52K,-0.7%,<.01%
743713109,PRLB,PROTO LABS INC,65044,-697,5.3M,-56.81K,-1.1%,<.01%
48282T104,KAI,KADANT INC,22669,-181,7.12M,-56.88K,-0.8%,<.01%
78646V107,SAFE,SAFEHOLD INC,415613,-3707,6.53M,-58.2K,-0.9%,<.01%
204149108,CTBI,COMMUNITY TR BANCORP INC,24124,-807,1.75M,-58.39K,-3.2%,<.01%
759351604,RGA,REINSURANCE GROUP AMER INC,253530,-275,53.91M,-58.48K,-0.1%,<.01%
464287564,ICF,ISHARES TR,4834,-885,326.92K,-59.85K,-15.5%,<.01%
91823B109,UWMC,UWM HOLDINGS CORPORATION,224550,-26285,514.22K,-60.19K,-10.5%,<.01%
00130H105,AES,AES CORP,1423275,-4130,20.87M,-60.55K,-0.3%,<.01%
68268W103,OMF,ONEMAIN HLDGS INC,363239,-997,22.15M,-60.79K,-0.3%,<.01%
20451N101,CMP,COMPASS MINERALS INTL INC,84574,-1954,2.63M,-60.83K,-2.3%,<.01%
65406E102,NIC,NICOLET BANKSHARES INC,30162,-368,4.99M,-60.86K,-1.2%,<.01%
05156V102,AUPH,AURINIA PHARMACEUTICALS INC,229662,-3594,3.9M,-60.99K,-1.5%,<.01%
15235A102,AXIA,CENTRAIS ELET BRAS SA,0,-4910,0,-61.52K,CLOSE,0%
74623V103,PCT,PURECYCLE TECHNOLOGIES INC,289973,-7648,2.35M,-62.03K,-2.6%,<.01%
49803T300,KRG,KITE REALTY GROUP TRUST,1316438,-2196,37.36M,-62.32K,-0.2%,<.01%
896095106,TCBK,TRICO BANCSHARES,56638,-1162,3.05M,-62.57K,-2%,<.01%
21044C107,ROAD,CONSTRUCTION PARTNERS INC,75557,-528,8.97M,-62.71K,-0.7%,<.01%
68339B104,ONTF,ON24 INC,0,-7743,0,-62.72K,CLOSE,0%
72201R304,LTPZ,PIMCO ETF TR,15,-1244,760,-63.03K,-98.8%,<.01%
10949T109,BRSP,BRIGHTSPIRE CAPITAL INC,199207,-11569,1.09M,-63.05K,-5.5%,<.01%
00258Y104,ABX,ABACUS GLOBAL MGMT INC,19642,-5930,210.37K,-63.51K,-23.2%,<.01%
97717W307,DLN,WISDOMTREE TR,7670,-662,738.77K,-63.76K,-7.9%,<.01%
402635502,GPOR,GULFPORT ENERGY CORP,20226,-378,3.43M,-64.15K,-1.8%,<.01%
84790A105,SPB,SPECTRUM BRANDS HOLDINGS INC,73870,-753,6.33M,-64.57K,-1%,<.01%
67103X102,OFG,OFG BANCORP,103050,-1322,5.06M,-64.87K,-1.3%,<.01%
68213N109,OMCL,OMNICELL COM,129344,-1564,5.37M,-64.94K,-1.2%,<.01%
23908L306,DWLD,DAVIS FUNDAMENTAL ETF TR,0,-1496,0,-65.54K,CLOSE,0%
92839U206,VC,VISTEON CORP,69726,-661,6.92M,-65.58K,-0.9%,<.01%
911684108,AD,ARRAY DIGITAL INFRASTRUCTURE,41980,-1809,1.52M,-65.59K,-4.1%,<.01%
020764106,AMR,ALPHA METALLURGICAL RESOUR I,14559,-399,2.4M,-65.81K,-2.7%,<.01%
30212W100,AGNT,AGNT INC,187921,-12265,1.02M,-66.35K,-6.1%,<.01%
00653Q102,AHCO,ADAPTHEALTH CORP,211807,-6427,2.21M,-66.97K,-2.9%,<.01%
29970N104,EVEX,EVE HLDG INC,118606,-26838,297.7K,-67.36K,-18.5%,<.01%
78574H104,SOC,SABLE OFFSHORE CORP,103440,-21922,318.6K,-67.52K,-17.5%,<.01%
741511109,PSMT,PRICESMART INC,63326,-348,12.37M,-67.98K,-0.5%,<.01%
884903808,TRI,THOMSON REUTERS CORP,0,-757,0,-68.11K,CLOSE,0%
887399103,MTUS,METALLUS INC,67947,-3674,1.27M,-68.67K,-5.1%,<.01%
02376R102,AAL,AMERICAN AIRLINES GROUP INC,586696,-3809,10.6M,-68.83K,-0.6%,<.01%
709789101,PEBO,PEOPLES BANCORP INC,65209,-1793,2.5M,-68.87K,-2.7%,<.01%
42222N103,HSTM,HEALTHSTREAM INC,25602,-2583,697.65K,-70.39K,-9.2%,<.01%
03214Q108,AMPX,AMPRIUS TECHNOLOGIES INC,220103,-5121,3.05M,-70.98K,-2.3%,<.01%
934550203,WMG,WARNER MUSIC GROUP CORP,10459,-2627,283.12K,-71.11K,-20.1%,<.01%
25434V807,DFIV,DIMENSIONAL ETF TRUST,3965,-1321,214.19K,-71.36K,-25%,<.01%
57164Y107,VAC,MARRIOTT VACATIONS WORLDWIDE,74528,-702,7.59M,-71.52K,-0.9%,<.01%
393657101,GBX,GREENBRIER COS INC,74696,-1479,3.66M,-72.49K,-1.9%,<.01%
094235108,BLMN,BLOOMIN BRANDS INC,138157,-7932,1.26M,-72.5K,-5.4%,<.01%
001744101,AMN,AMN HEALTHCARE SVCS INC,111096,-2244,3.6M,-72.64K,-2%,<.01%
585464100,MLCO,MELCO RESORTS AND ENTMNT LTD,295399,-13942,1.56M,-73.47K,-4.5%,<.01%
464287515,IGV,ISHARES TR,10205,-814,924.57K,-73.75K,-7.4%,<.01%
464289438,IWY,ISHARES TR,3566,-254,1.04M,-73.82K,-6.6%,<.01%
830879102,SKYW,SKYWEST INC,13743,-746,1.37M,-74.1K,-5.1%,<.01%
14019W109,CGXU,CAPITAL GROUP INTL FOCUS EQT,0,-2514,0,-74.14K,CLOSE,0%
26154D100,DFH,DREAM FINDERS HOMES INC,33108,-4313,571.44K,-74.44K,-11.5%,<.01%
87650L103,TARS,TARSUS PHARMACEUTICALS INC,61514,-1192,3.87M,-75.02K,-1.9%,<.01%
811543107,SEB,SEABOARD CORP DEL,596,-17,2.66M,-75.89K,-2.8%,<.01%
69374H709,GCOW,PACER FDS TR,249,-1761,10.78K,-76.25K,-87.6%,<.01%
000957100,ABM,ABM INDS INC,134362,-1725,5.94M,-76.31K,-1.3%,<.01%
69366J200,PTCT,PTC THERAPEUTICS INC,126011,-952,10.28M,-77.65K,-0.7%,<.01%
83545G102,SAH,SONIC AUTOMOTIVE INC,36040,-918,3.06M,-77.84K,-2.5%,<.01%
23908L108,DFNL,DAVIS FUNDAMENTAL ETF TR,969,-1579,47.84K,-77.95K,-62%,<.01%
700658107,PRK,PARK NATL CORP,27637,-426,5.06M,-77.95K,-1.5%,<.01%
62955J103,NOV,NOV INC,798775,-4204,14.82M,-77.98K,-0.5%,<.01%
126402106,CSW,CSW INDUSTRIALS INC,26842,-281,7.47M,-78.2K,-1%,<.01%
15643U104,LEU,CENTRUS ENERGY CORP,38336,-466,6.44M,-78.23K,-1.2%,<.01%
46434V449,IMTM,ISHARES TR,558,-1482,29.76K,-79.03K,-72.6%,<.01%
043436104,ABG,ASBURY AUTOMOTIVE GROUP INC,44005,-398,8.85M,-80.03K,-0.9%,<.01%
45768S105,IOSP,INNOSPEC INC,73457,-986,5.98M,-80.25K,-1.3%,<.01%
78463X202,FEZ,SPDR INDEX SHS FDS,146,-1184,10.03K,-81.31K,-89%,<.01%
566324109,MMI,MARCUS & MILLICHAP INC,65084,-2617,2.03M,-81.57K,-3.9%,<.01%
252784301,DRH,DIAMONDROCK HOSPITALITY CO,1344350,-6715,16.37M,-81.79K,-0.5%,<.01%
747316107,KWR,QUAKER HOUGHTON,24893,-522,3.95M,-82.93K,-2.1%,<.01%
703343103,PATK,PATRICK INDS INC,54991,-925,4.94M,-83.05K,-1.7%,<.01%
52466B103,LZ,LEGALZOOM COM INC,209217,-13646,1.28M,-83.65K,-6.1%,<.01%
535555106,LNN,LINDSAY CORP,30309,-683,3.75M,-84.56K,-2.2%,<.01%
04342Y104,ASAN,ASANA INC,240290,-12083,1.68M,-84.58K,-4.8%,<.01%
464287630,IWN,ISHARES TR,592,-384,130.95K,-84.94K,-39.3%,<.01%
258278100,DORM,DORMAN PRODS INC,53443,-625,7.29M,-85.28K,-1.2%,<.01%
808625107,SAIC,SCIENCE APPLICATIONS INTL CO,107639,-775,11.88M,-85.57K,-0.7%,<.01%
313148306,AGM,FEDERAL AGRIC MTG CORP,16428,-430,3.27M,-85.69K,-2.6%,<.01%
50015M109,KOD,KODIAK SCIENCES INC,41551,-2200,1.62M,-85.71K,-5%,<.01%
46434V621,DGRO,ISHARES TR,139331,-1131,10.56M,-85.72K,-0.8%,<.01%
53635B107,LQDT,LIQUIDITY SVCS INC,58135,-2201,2.27M,-86.1K,-3.6%,<.01%
297602104,ETD,ETHAN ALLEN INTERIORS INC,28198,-3883,629.94K,-86.75K,-12.1%,<.01%
85208T107,CXM,SPRINKLR INC,231719,-16890,1.2M,-87.15K,-6.8%,<.01%
38526M106,LOPE,GRAND CANYON ED INC,73143,-609,10.47M,-87.15K,-0.8%,<.01%
002121101,ATEN,A10 NETWORKS INC,159216,-2338,5.95M,-87.35K,-1.4%,<.01%
02156K103,OPTU,OPTIMUM COMMUNICATIONS INC,486363,-60332,705.23K,-87.48K,-11%,<.01%
37954Y673,PAVE,GLOBAL X FDS,10982,-1485,647.06K,-87.5K,-11.9%,<.01%
42722X106,HFWA,HERITAGE FINL CORP WASH,47172,-2957,1.4M,-87.59K,-5.9%,<.01%
92206C813,VCLT,VANGUARD SCOTTSDALE FDS,267014,-1166,20.09M,-87.74K,-0.4%,<.01%
205768302,CRK,COMSTOCK RES INC,102153,-5918,1.52M,-88.3K,-5.5%,<.01%
92337R101,VERA,VERA THERAPEUTICS INC,195706,-2063,8.4M,-88.52K,-1%,<.01%
118440106,BKE,BUCKLE INC,55433,-2103,2.34M,-88.75K,-3.7%,<.01%
46641Q407,JPUS,J P MORGAN EXCHANGE TRADED F,565,-643,79.23K,-90.17K,-53.2%,<.01%
45409B560,HFXI,NEW YORK LIFE INVESTMENTS ET,1118,-2372,42.59K,-90.35K,-68%,<.01%
922908652,VXF,VANGUARD INDEX FDS,30605,-368,7.54M,-90.61K,-1.2%,<.01%
518416102,RODM,LATTICE STRATEGIES TR,11458,-2249,463.02K,-90.88K,-16.4%,<.01%
46137V241,SPHQ,INVESCO EXCHANGE TRADED FD T,4921,-1010,443.38K,-91K,-17%,<.01%
32026V104,FFWM,FIRST FNDTN INC,0,-15545,0,-91.72K,CLOSE,0%
464287325,IXJ,ISHARES TR,350,-934,34.43K,-91.89K,-72.7%,<.01%
78464A474,SPSB,SPDR SERIES TRUST,112,-3072,3.36K,-92.19K,-96.5%,<.01%
87240R107,TFSL,TFS FINL CORP,158929,-5256,2.82M,-93.14K,-3.2%,<.01%
62878D100,NABL,N-ABLE INC,147958,-25547,543.01K,-93.76K,-14.7%,<.01%
46434V613,IUSB,ISHARES TR,1959,-2033,90.41K,-93.82K,-50.9%,<.01%
92337F107,VCYT,VERACYTE INC,203857,-1605,11.97M,-94.26K,-0.8%,<.01%
464288661,IEI,ISHARES TR,226,-808,26.54K,-94.9K,-78.1%,<.01%
004239109,AKR,ACADIA RLTY TR,817702,-4555,17.1M,-95.25K,-0.6%,<.01%
918090101,UTZ,UTZ BRANDS INC,96954,-12471,746.55K,-96.03K,-11.4%,<.01%
885160101,THO,THOR INDS INC,149905,-1280,11.27M,-96.2K,-0.8%,<.01%
78464A144,SPBO,SPDR SERIES TRUST,0,-3332,0,-96.73K,CLOSE,0%
64082B102,NRDS,NERDWALLET INC,51388,-10563,475.34K,-97.71K,-17.1%,<.01%
71880K101,PHIN,PHINIA INC,73490,-1196,6.05M,-98.51K,-1.6%,<.01%
298736109,EEFT,EURONET WORLDWIDE INC,90098,-1379,6.59M,-100.93K,-1.5%,<.01%
05605H100,BWXT,BWX TECHNOLOGIES INC,165670,-521,32.25M,-101.41K,-0.3%,<.01%
47804J206,JHMM,JOHN HANCOCK EXCHANGE TRADED,1418,-1355,106.29K,-101.57K,-48.9%,<.01%
46435G516,ESGD,ISHARES TR,74537,-999,7.66M,-102.71K,-1.3%,<.01%
573075108,MRTN,MARTEN TRANS LTD,76867,-5977,1.33M,-103.7K,-7.2%,<.01%
46434V456,IQLT,ISHARES TR,7146,-2105,354.08K,-104.3K,-22.8%,<.01%
254067101,DDS,DILLARDS INC,7089,-201,3.75M,-106.21K,-2.8%,<.01%
09263B207,BKSY,BLACKSKY TECHNOLOGY INC,35589,-3805,993.64K,-106.24K,-9.7%,<.01%
78464A698,KRE,SPDR SERIES TRUST,1935,-1430,144.84K,-107.04K,-42.5%,<.01%
78467X109,DIA,STATE STR SPDR DOW JONES IND,1319,-205,689.03K,-107.09K,-13.5%,<.01%
204166102,CVLT,COMMVAULT SYS INC,113061,-756,16.02M,-107.15K,-0.7%,<.01%
153527205,CENTA,CENTRAL GARDEN & PET CO,112005,-2777,4.34M,-107.66K,-2.4%,<.01%
33738R506,RDVY,FIRST TR EXCHANGE TRADED FD,1767,-1331,143.23K,-107.89K,-43%,<.01%
46137V837,PDP,INVESCO EXCHANGE TRADED FD T,298,-712,45.22K,-108.03K,-70.5%,<.01%
98983L108,ZWS,ZURN ELKAY WATER SOLNS CORP,470501,-2138,23.77M,-108.03K,-0.5%,<.01%
464289420,IWX,ISHARES TR,5182,-1031,544.94K,-108.42K,-16.6%,<.01%
89400J107,TRU,TRANSUNION,1135871,-1524,81.94M,-109.94K,-0.1%,0.01%
921910816,MGK,VANGUARD WORLD FD,9063,-1257,796.73K,-110.5K,-12.2%,<.01%
464287622,IWB,ISHARES TR,1065,-272,436.12K,-111.38K,-20.3%,<.01%
235825205,DAN,DANA INC,266392,-4116,7.25M,-112K,-1.5%,<.01%
149568107,CVCO,CAVCO INDS INC DEL,13805,-184,8.48M,-113.05K,-1.3%,<.01%
33738R605,FV,FIRST TR EXCHANGE TRADED FD,2788,-1500,211.55K,-113.82K,-35%,<.01%
117043109,BC,BRUNSWICK CORP,183167,-1369,15.43M,-115.32K,-0.7%,<.01%
921932844,IVOV,VANGUARD ADMIRAL FDS INC,0,-1136,0,-115.81K,CLOSE,0%
104674106,BRC,BRADY CORP,101386,-1271,9.28M,-116.39K,-1.2%,<.01%
824889109,SCVL,SHOE STA GROUP INC,34116,-7863,505.94K,-116.61K,-18.7%,<.01%
72147K108,PPC,PILGRIMS PRIDE CORP,68747,-4164,1.93M,-117.05K,-5.7%,<.01%
254543101,DIOD,DIODES INC,84693,-1071,9.27M,-117.21K,-1.2%,<.01%
63938C108,NAVI,NAVIENT CORPORATION,123906,-13798,1.05M,-117.42K,-10%,<.01%
921932869,IVOG,VANGUARD ADMIRAL FDS INC,0,-956,0,-119.53K,CLOSE,0%
69374H881,COWZ,PACER FDS TR,7663,-1925,476.64K,-119.74K,-20.1%,<.01%
03969F109,RCUS,ARCUS BIOSCIENCES INC,154398,-3894,4.76M,-120.05K,-2.5%,<.01%
74017N105,PGEN,PRECIGEN INC,333346,-21213,1.9M,-120.91K,-6%,<.01%
65158N102,NMRK,NEWMARK GROUP INC,234552,-8019,3.54M,-121.17K,-3.3%,<.01%
06652V208,BANR,BANNER CORP,94520,-1825,6.28M,-121.25K,-1.9%,<.01%
42226A107,HQY,HEALTHEQUITY INC,193492,-1369,17.48M,-123.65K,-0.7%,<.01%
978097103,WWW,WOLVERINE WORLD WIDE INC,167574,-7481,2.77M,-123.66K,-4.3%,<.01%
974155103,WING,WINGSTOP INC,68663,-715,11.91M,-123.99K,-1%,<.01%
46137V464,XMMO,INVESCO EXCHANGE TRADED FD T,5715,-736,972.35K,-125.22K,-11.4%,<.01%
M7518J104,ODD,ODDITY TECH LTD,54226,-8310,820.44K,-125.73K,-13.3%,<.01%
422347104,HTLD,HEARTLAND EXPRESS INC,95031,-8288,1.45M,-126.14K,-8%,<.01%
80517M109,SVV,SAVERS VALUE VLG INC,49518,-12532,499.64K,-126.45K,-20.2%,<.01%
46137V746,PWB,INVESCO EXCHANGE TRADED FD T,1349,-755,227.25K,-127.19K,-35.9%,<.01%
950915108,WRD,WERIDE INC,122735,-21900,714.32K,-127.46K,-15.1%,<.01%
27616P301,DEA,EASTERLY GOVT PPTYS INC,289715,-5126,7.22M,-127.79K,-1.7%,<.01%
005098108,GOLF,ACUSHNET HLDGS CORP,58568,-1079,6.94M,-127.89K,-1.8%,<.01%
056525108,BMI,BADGER METER INC,85820,-869,12.73M,-128.94K,-1%,<.01%
911163103,UNFI,UNITED NAT FOODS INC,158945,-2837,7.26M,-129.57K,-1.8%,<.01%
71601V105,WOOF,PETCO HEALTH & WELLNESS CO I,254558,-47754,692.4K,-129.89K,-15.8%,<.01%
92206C870,VCIT,VANGUARD SCOTTSDALE FDS,158428,-1581,13.09M,-130.67K,-1%,<.01%
203607106,CBU,COMMUNITY FINANCIAL SYSTEM I,118329,-1961,7.94M,-131.62K,-1.6%,<.01%
45778Q107,NSP,INSPERITY INC,62847,-3208,2.6M,-132.52K,-4.9%,<.01%
81768T108,SFBS,SERVISFIRST BANCSHARES INC,90632,-1531,7.86M,-132.81K,-1.7%,<.01%
46137V738,PWV,INVESCO EXCHANGE TRADED FD T,2269,-1755,171.92K,-132.98K,-43.6%,<.01%
828730200,SFNC,SIMMONS FIRST NATL CORP,238760,-5876,5.41M,-133.09K,-2.4%,<.01%
45765U103,NSIT,INSIGHT ENTERPRISES INC,66062,-1093,8.05M,-133.13K,-1.6%,<.01%
361448103,GATX,GATX CORP,88755,-755,15.73M,-133.78K,-0.8%,<.01%
783859101,STBA,S & T BANCORP INC,82139,-2761,4.03M,-135.51K,-3.3%,<.01%
92242T101,VVX,V2X INC,48560,-1819,3.62M,-135.62K,-3.6%,<.01%
057665200,BCPC,BALCHEM CORP,79066,-803,13.36M,-135.67K,-1%,<.01%
320209109,FFBC,1ST FINL BANCORP,222412,-4035,7.52M,-136.5K,-1.8%,<.01%
65336K103,NXST,NEXSTAR MEDIA GROUP INC,91845,-766,16.4M,-136.8K,-0.8%,<.01%
55305B101,MHO,M/I HOMES INC,56249,-853,9.04M,-137.15K,-1.5%,<.01%
78464A854,SPYM,SPDR SERIES TRUST,47105,-1562,4.14M,-137.27K,-3.2%,<.01%
921910873,MGC,VANGUARD WORLD FD,14,-503,3.83K,-137.64K,-97.3%,<.01%
302941109,FCN,FTI CONSULTING INC,102695,-933,15.3M,-139.03K,-0.9%,<.01%
642045108,AESI,ATLAS ENERGY SOLUTIONS INC,127599,-8381,2.12M,-139.21K,-6.2%,<.01%
46434V100,SLQD,ISHARES TR,0,-2801,0,-141.42K,CLOSE,0%
78464A599,XSW,SPDR SERIES TRUST,208,-826,35.74K,-141.91K,-79.9%,<.01%
552690109,MDU,MDU RES GROUP INC,467864,-6837,9.92M,-145.01K,-1.4%,<.01%
52635N103,LENZ,LENZ THERAPEUTICS INC,143,-25645,812,-145.62K,-99.4%,<.01%
464287754,IYJ,ISHARES TR,1002,-877,166.98K,-146.15K,-46.7%,<.01%
109696104,BCO,BRINKS CO,75603,-1563,7.14M,-147.69K,-2%,<.01%
233051200,DBEF,DBX ETF TR,0,-3046,0,-150.47K,CLOSE,0%
68621T102,OBK,ORIGIN BANCORP INC,67107,-2947,3.43M,-150.74K,-4.2%,<.01%
24665A103,DK,DELEK US HLDGS INC NEW,116248,-2974,5.91M,-151.11K,-2.5%,<.01%
68375N103,OPK,OPKO HEALTH INC,574107,-100741,861.16K,-151.11K,-14.9%,<.01%
464287770,IYG,ISHARES TR,340,-1674,30.76K,-151.45K,-83.1%,<.01%
464287432,TLT,ISHARES TR,85961,-1760,7.43M,-152.1K,-2%,<.01%
76680R206,RNG,RINGCENTRAL INC,209433,-3927,8.16M,-153.07K,-1.8%,<.01%
78464A763,SDY,SPDR SERIES TRUST,6382,-1010,971.21K,-153.7K,-13.7%,<.01%
47103N106,JBI,JANUS INTERNATIONAL GROUP IN,224446,-27765,1.25M,-154.1K,-11%,<.01%
921932505,VOOG,VANGUARD ADMIRAL FDS INC,1637,-1868,135.25K,-154.33K,-53.3%,<.01%
690742101,OC,OWENS CORNING NEW,2218358,-977,352.63M,-155.3K,-0%,0.06%
78467Y107,MDY,STATE STR SPDR S&P MIDCAP 40,761,-222,535.24K,-156.14K,-22.6%,<.01%
03969K108,ARQT,ARCUTIS BIOTHERAPEUTICS INC,231186,-5985,6.06M,-156.93K,-2.5%,<.01%
42328H109,HLIO,HELIOS TECHNOLOGIES INC,52643,-1766,4.7M,-157.62K,-3.2%,<.01%
29605J106,ESAB,ESAB CORPORATION,124793,-1613,12.31M,-159.09K,-1.3%,<.01%
150870103,CE,CELANESE CORP DEL,258934,-3463,11.91M,-159.3K,-1.3%,<.01%
30190A104,FG,F&G ANNUITIES & LIFE INC,59860,-6001,1.59M,-159.57K,-9.1%,<.01%
78464A672,SPTI,SPDR SERIES TRUST,0,-5569,0,-159.61K,CLOSE,0%
63947X101,NCNO,NCINO INC,197530,-9847,3.23M,-161K,-4.7%,<.01%
33734X143,FXH,FIRST TR EXCHANGE-TRADED FD,1574,-1326,192.66K,-162.3K,-45.7%,<.01%
635906100,NHC,NATIONAL HEALTHCARE CORP,25548,-770,5.4M,-162.75K,-2.9%,<.01%
512816109,LAMR,LAMAR ADVERTISING CO,186108,-1047,29.03M,-163.31K,-0.6%,<.01%
05465C100,AX,AXOS FINANCIAL INC,92990,-1681,9.06M,-163.71K,-1.8%,<.01%
14167L103,CDNA,CAREDX INC,110031,-5754,3.14M,-163.99K,-5%,<.01%
46641Q233,BBAX,J P MORGAN EXCHANGE TRADED F,1004,-2785,60.11K,-166.74K,-73.5%,<.01%
898202106,TRUP,TRUPANION INC,52657,-6742,1.3M,-167K,-11.4%,<.01%
524660107,LEG,LEGGETT & PLATT INC,303149,-14312,3.55M,-167.59K,-4.5%,<.01%
902673102,UFPT,UFP TECHNOLOGIES INC,13357,-637,3.54M,-168.89K,-4.6%,<.01%
921937819,BIV,VANGUARD BD INDEX FDS,32,-2273,2.45K,-174.31K,-98.6%,<.01%
72651A207,PAGP,PLAINS GP HLDGS L P,418496,-7185,10.16M,-174.38K,-1.7%,<.01%
92828Q109,VRTS,VIRTUS INVT PARTNERS INC,8706,-1220,1.25M,-175.07K,-12.3%,<.01%
464288760,ITA,ISHARES TR,2424,-730,587.63K,-176.97K,-23.1%,<.01%
464288240,ACWX,ISHARES TR,18037,-2337,1.37M,-177.87K,-11.5%,<.01%
553530106,MSM,MSC INDL DIRECT INC,118538,-1505,14.1M,-179.02K,-1.3%,<.01%
732908108,PONY,PONY AI INC,136756,-25800,950.45K,-179.31K,-15.9%,<.01%
670002401,NVAX,NOVAVAX INC,242229,-19037,2.28M,-179.33K,-7.3%,<.01%
68404L201,OPCH,OPTION CARE HEALTH INC,396868,-8611,8.32M,-180.57K,-2.1%,<.01%
76171L106,REYN,REYNOLDS CONSUMER PRODS INC,122629,-6743,3.29M,-181.05K,-5.2%,<.01%
002474104,AZZ,AZZ INC,64953,-1168,10.07M,-181.1K,-1.8%,<.01%
78463X889,SPDW,SPDR INDEX SHS FDS,955,-3661,48.12K,-184.48K,-79.3%,<.01%
062540109,BOH,BANK HAWAII CORP,90911,-2299,7.41M,-187.35K,-2.5%,<.01%
55277P104,MGEE,MGE ENERGY INC,65895,-2312,5.37M,-188.52K,-3.4%,<.01%
04247X102,AWI,ARMSTRONG WORLD INDS INC NEW,322458,-1185,51.73M,-190.1K,-0.4%,<.01%
698813102,PZZA,PAPA JOHNS INTL INC,36385,-5232,1.34M,-192.38K,-12.6%,<.01%
29415F104,NVST,ENVISTA HOLDINGS CORPORATION,435315,-7310,11.47M,-192.62K,-1.7%,<.01%
530909100,LLYVA,LIBERTY LIVE HOLDINGS INC,39587,-1903,4.01M,-192.7K,-4.6%,<.01%
39874R101,GO,GROCERY OUTLET HLDG CORP,219642,-19358,2.19M,-193.19K,-8.1%,<.01%
97717X552,OPPE,WISDOMTREE TR,0,-3607,0,-193.73K,CLOSE,0%
00191U102,EFOR,EVERFORTH INC,100542,-10874,1.8M,-194.32K,-9.8%,<.01%
765504105,RR,RICHTECH ROBOTICS INC,263317,-92583,555.6K,-195.35K,-26%,<.01%
69349H107,TXNM,TXNM ENERGY INC,214209,-3461,12.16M,-196.52K,-1.6%,<.01%
464286665,EPP,ISHARES INC,1197,-3718,63.75K,-198.02K,-75.6%,<.01%
83001C108,FUN,SIX FLAGS ENTERTAINMENT CORP,196976,-9362,4.2M,-199.41K,-4.5%,<.01%
42704L104,HRI,HERC HLDGS INC,81083,-1407,11.62M,-201.68K,-1.7%,<.01%
464288257,ACWI,ISHARES TR,463,-1296,72.68K,-203.43K,-73.7%,<.01%
808524797,SCHD,SCHWAB STRATEGIC TR,244080,-6535,7.74M,-207.22K,-2.6%,<.01%
626717102,MUR,MURPHY OIL CORP,191111,-6377,6.22M,-207.64K,-3.2%,<.01%
30233G209,EYPT,EYEPOINT INC,135340,-14521,1.94M,-207.65K,-9.7%,<.01%
388689101,GPK,GRAPHIC PACKAGING HLDG CO,1273696,-19802,13.46M,-209.31K,-1.5%,<.01%
90337L108,USPH,U S PHYSICAL THERAPY,22283,-3049,1.53M,-209.41K,-12%,<.01%
651587107,NEU,NEWMARKET CORP,17194,-267,13.6M,-211.26K,-1.5%,<.01%
97717X669,DGRW,WISDOMTREE TR,40576,-2232,3.88M,-213.42K,-5.2%,<.01%
67576A100,OCUL,OCULAR THERAPEUTIX INC,287158,-21748,2.82M,-213.57K,-7%,<.01%
404251100,HNI,HNI CORP,168844,-5327,6.82M,-215.26K,-3.1%,<.01%
695127100,PCRX,PACIRA BIOSCIENCES INC,65520,-8550,1.66M,-216.91K,-11.5%,<.01%
30226D106,EXTR,EXTREME NETWORKS INC,344535,-6716,11.15M,-217.4K,-1.9%,<.01%
45826H109,ITGR,INTEGER HLDGS CORP,82552,-2335,7.71M,-218.21K,-2.8%,<.01%
92189F643,MOAT,VANECK ETF TRUST,1581,-2114,164.36K,-219.77K,-57.2%,<.01%
358039105,FRPT,FRESHPET INC,125901,-3720,7.44M,-219.93K,-2.9%,<.01%
92206C409,VCSH,VANGUARD SCOTTSDALE FDS,141907,-2785,11.21M,-220.1K,-1.9%,<.01%
17253J106,CIFR,CIPHER DIGITAL INC,1210891,-9017,29.67M,-220.92K,-0.7%,<.01%
03980N107,ARDT,ARDENT HEALTH INC,0,-25822,0,-221.04K,CLOSE,0%
78464A359,CWB,SPDR SERIES TRUST,416,-2051,44.85K,-221.14K,-83.1%,<.01%
949746101,WFC,WELLS FARGO & CO,21516479,-2679,1.78B,-221.39K,-0%,0.32%
957090103,WABC,WESTAMERICA BANCORPORATION,39726,-3774,2.33M,-221.42K,-8.7%,<.01%
47233W109,JEF,JEFFERIES FINANCIAL GROUP IN,399309,-4432,19.96M,-221.51K,-1.1%,<.01%
74340E103,PGNY,PROGYNY INC,203371,-7716,5.86M,-222.45K,-3.7%,<.01%
88642R109,TDW,TIDEWATER INC NEW,26197,-3381,1.75M,-225.28K,-11.4%,<.01%
464288638,IGIB,ISHARES TR,0,-4239,0,-225.6K,CLOSE,0%
12662P108,CVI,CVR ENERGY INC,42201,-8241,1.16M,-226.96K,-16.3%,<.01%
339750101,FND,FLOOR & DECOR HLDGS INC,275096,-3833,16.33M,-227.53K,-1.4%,<.01%
03209R103,AMPH,AMPHASTAR PHARMACEUTICALS IN,44062,-11313,889.17K,-228.3K,-20.4%,<.01%
93403J106,WRBY,WARBY PARKER INC,179947,-7532,5.46M,-228.52K,-4%,<.01%
749660106,RES,RPC INC,95556,-39212,557.09K,-228.61K,-29.1%,<.01%
038923108,ABR,ARBOR REALTY TRUST INC,358536,-42271,1.94M,-229.11K,-10.5%,<.01%
451107106,IDA,IDACORP INC,114626,-1522,17.34M,-230.28K,-1.3%,<.01%
85256A109,STGW,STAGWELL INC,182326,-31125,1.35M,-231.26K,-14.6%,<.01%
48242W106,KBR,KBR INC,347630,-6792,12M,-234.53K,-1.9%,<.01%
03852U106,ARMK,ARAMARK,870271,-4153,49.52M,-236.31K,-0.5%,<.01%
464287648,IWO,ISHARES TR,1260,-600,496.39K,-236.38K,-32.3%,<.01%
10922N103,BHF,BRIGHTHOUSE FINL INC,142717,-3752,9.03M,-237.5K,-2.6%,<.01%
83422N105,SLDP,SOLID POWER INC,272635,-91930,706.12K,-238.1K,-25.2%,<.01%
04035M102,ARHS,ARHAUS INC,75810,-28286,638.32K,-238.17K,-27.2%,<.01%
11135E203,BNL,BROADSTONE NET LEASE INC,1134273,-11597,23.45M,-239.71K,-1%,<.01%
675234108,OCFC,OCEANFIRST FINL CORP,91077,-12327,1.78M,-240.75K,-11.9%,<.01%
74112D101,PBH,PRESTIGE CONSMR HEALTHCARE I,94148,-5103,4.45M,-241.22K,-5.1%,<.01%
989701107,ZION,ZIONS BANCORPORATION NATL AS,417138,-3492,28.86M,-241.61K,-0.8%,<.01%
665531307,NOG,NORTHERN OIL & GAS INC,107111,-13339,1.94M,-242.1K,-11.1%,<.01%
60786M105,MC,MOELIS & CO,150866,-3706,9.87M,-242.45K,-2.4%,<.01%
456788108,INFY,INFOSYS LTD,344010,-23147,3.61M,-242.81K,-6.3%,<.01%
25400Q105,DJT,TRUMP MEDIA & TECHNOLOGY GRO,264961,-31422,2.05M,-243.21K,-10.6%,<.01%
464287168,DVY,ISHARES TR,13129,-1561,2.05M,-243.98K,-10.6%,<.01%
464287879,IJS,ISHARES TR,5253,-1793,717.98K,-245.07K,-25.4%,<.01%
91531W106,TIGR,UP FINTECH HLDG LTD,0,-38900,0,-245.07K,CLOSE,0%
67059N108,NTNX,NUTANIX INC,741360,-4859,37.78M,-247.61K,-0.7%,<.01%
78442P106,SLM,SLM CORP,794152,-9552,20.6M,-247.78K,-1.2%,<.01%
921937827,BSV,VANGUARD BD INDEX FDS,25,-3190,1.95K,-248.56K,-99.2%,<.01%
78454L100,SM,SM ENERGY COMPANY,303983,-9544,7.93M,-249.1K,-3%,<.01%
M46528101,FRO,FRONTLINE PLC,240,-7200,8.35K,-250.5K,-96.8%,<.01%
875372203,TNDM,TANDEM DIABETES CARE INC,151847,-16646,2.29M,-251.19K,-9.9%,<.01%
902681105,UGI,UGI CORP NEW,617962,-7283,21.34M,-251.55K,-1.2%,<.01%
229899109,CFR,CULLEN FROST BANKERS INC,140812,-1631,21.76M,-252.02K,-1.1%,<.01%
15687V109,CERT,CERTARA INC,296079,-38522,1.94M,-252.32K,-11.5%,<.01%
03168L105,AMRX,AMNEAL PHARMACEUTICALS INC,234773,-14589,4.06M,-252.54K,-5.9%,<.01%
880779103,TEX,TEREX CORP NEW,278952,-3494,20.19M,-252.93K,-1.2%,<.01%
07831C103,BRBR,BELLRING BRANDS INC,251974,-19700,3.26M,-254.92K,-7.3%,<.01%
163851108,CC,CHEMOURS CO,66749,-12446,1.37M,-255.39K,-15.7%,<.01%
57060D108,MKTX,MARKETAXESS HLDGS INC,104853,-2257,11.9M,-256.15K,-2.1%,<.01%
921946794,VYMI,VANGUARD WHITEHALL FDS,145328,-2611,14.27M,-256.4K,-1.8%,<.01%
314211103,FHI,FEDERATED HERMES INC,148924,-4645,8.22M,-256.5K,-3%,<.01%
88224Q107,TCBI,TEXAS CAP BANCSHARES INC,84272,-2493,8.7M,-257.43K,-2.9%,<.01%
05969A105,TBBK,BANCORP INC DEL,107146,-4130,6.71M,-258.7K,-3.7%,<.01%
683712103,OPEN,OPENDOOR TECHNOLOGIES INC,1461333,-56165,6.75M,-259.48K,-3.7%,<.01%
10948C107,BV,BRIGHTVIEW HLDGS INC,134370,-18447,1.9M,-261.39K,-12.1%,<.01%
76118Y104,REZI,RESIDEO TECHNOLOGIES INC,350162,-8421,10.89M,-261.89K,-2.3%,<.01%
881454102,IMSR,TERRESTRIAL ENERGY INC,26399,-37101,186.91K,-262.68K,-58.4%,<.01%
381430503,GSLC,GOLDMAN SACHS ETF TR,3815,-1854,541.31K,-263.06K,-32.7%,<.01%
781846209,RUSHA,RUSH ENTERPRISES INC,157713,-3615,11.51M,-263.84K,-2.2%,<.01%
000361105,AIR,AAR CORP,79688,-1857,11.39M,-265.42K,-2.3%,<.01%
90041L105,TPB,TURNING PT BRANDS INC,20560,-3139,1.74M,-266.22K,-13.2%,<.01%
65345N106,NN,NEXTNAV INC,187814,-14943,3.35M,-266.43K,-7.4%,<.01%
233051507,DBJP,DBX ETF TR,9,-2323,1.03K,-266.63K,-99.6%,<.01%
302491303,FMC,FMC CORP,464182,-23201,5.34M,-266.81K,-4.8%,<.01%
428103105,HESM,HESS MIDSTREAM LP,220875,-7152,8.3M,-268.92K,-3.1%,<.01%
02553E106,AEO,AMERICAN EAGLE OUTFITTERS IN,349169,-15698,6.01M,-270.01K,-4.3%,<.01%
464287663,IUSV,ISHARES TR,17969,-2472,1.98M,-272.29K,-12.1%,<.01%
46434V803,HEFA,ISHARES TR,3122,-5880,146.5K,-275.92K,-65.3%,<.01%
891092108,TTC,TORO CO,223160,-2841,21.74M,-276.77K,-1.3%,<.01%
759916109,RGEN,REPLIGEN CORP,161713,-2035,22.06M,-277.66K,-1.2%,<.01%
12763L105,CDRE,CADRE HLDGS INC,45277,-9744,1.29M,-277.8K,-17.7%,<.01%
45827U109,INTA,INTAPP INC,143399,-11041,3.62M,-278.34K,-7.1%,<.01%
42330P107,HLX,HELIX ENERGY SOLUTIONS GRP I,355880,-32149,3.11M,-280.98K,-8.3%,<.01%
45867G101,IDCC,INTERDIGITAL INC,72086,-995,20.41M,-281.71K,-1.4%,<.01%
65341B106,XIFR,XPLR INFRASTRUCTURE LP,230914,-23866,2.73M,-281.86K,-9.4%,<.01%
76009N100,UPBD,UPBOUND GROUP INC,114141,-13385,2.42M,-284.03K,-10.5%,<.01%
940923105,WBI,WATERBRIDGE INFRASTRUCTURE L,80900,-8400,2.77M,-287.87K,-9.4%,<.01%
G0R78B106,BCSS,BAIN CAP GSS INVT CORP,518210,-28041,5.32M,-287.98K,-5.1%,<.01%
910340108,UFCS,UNITED FIRE GROUP INC,21118,-5498,1.11M,-288.32K,-20.7%,<.01%
02081G201,ATEC,ALPHATEC HLDGS INC,239064,-33333,2.07M,-288.33K,-12.2%,<.01%
974637100,WGO,WINNEBAGO INDS INC,61724,-9273,1.93M,-289.69K,-13.1%,<.01%
464287101,OEF,ISHARES TR,1194,-792,436.85K,-289.77K,-39.9%,<.01%
98585X104,YETI,YETI HLDGS INC,223756,-5900,11.09M,-292.4K,-2.6%,<.01%
398433102,GFF,GRIFFON CORP,69940,-3001,6.82M,-292.69K,-4.1%,<.01%
89214P109,TOWN,TOWNEBANK PORTSMOUTH VA,129453,-8108,4.69M,-293.83K,-5.9%,<.01%
464287721,IYW,ISHARES TR,12624,-1170,3.18M,-295.11K,-8.5%,<.01%
19459J104,COLL,COLLEGIUM PHARMACEUTICAL INC,44011,-8181,1.59M,-296.15K,-15.7%,<.01%
46429B697,USMV,ISHARES TR,23160,-3100,2.23M,-299.03K,-11.8%,<.01%
G8807B106,TBPH,THERAVANCE BIOPHARMA INC,1842,-17599,31.31K,-299.18K,-90.5%,<.01%
116794108,BRKR,BRUKER CORP,267092,-4987,16.07M,-300.12K,-1.8%,<.01%
45780R101,IBP,INSTALLED BLDG PRODS INC,202615,-1319,46.57M,-303.16K,-0.6%,<.01%
761624105,REX,REX AMERICAN RES CORP,78333,-6716,3.54M,-303.23K,-7.9%,<.01%
163086101,CHEF,CHEFS WHSE INC,76846,-3162,7.38M,-303.87K,-4%,<.01%
53947R105,LOAR,LOAR HOLDINGS INC,55297,-3799,4.46M,-306.24K,-6.4%,<.01%
78397Q109,SES,SES AI CORPORATION,0,-319480,0,-307.34K,CLOSE,0%
97717P104,WT,WISDOMTREE INC,407769,-18215,6.91M,-308.56K,-4.3%,<.01%
293594107,ENVX,ENOVIX CORPORATION,285186,-51194,1.73M,-310.75K,-15.2%,<.01%
85571B105,STWD,STARWOOD PPTY TR INC,897465,-19031,14.7M,-311.73K,-2.1%,<.01%
37959E102,GL,GLOBE LIFE INC,275000,-1770,49.14M,-316.26K,-0.6%,<.01%
02451V309,ABAT,AMERICAN BATTERY TECHNOLOGY,699,-112200,1.98K,-317.5K,-99.4%,<.01%
74935Q107,RBA,RB GLOBAL INC,243470,-2739,28.35M,-318.96K,-1.1%,<.01%
46137V613,PRF,INVESCO EXCHANGE TRADED FD T,22383,-5930,1.21M,-320.4K,-20.9%,<.01%
338307101,FIVN,FIVE9 INC,190612,-15032,4.06M,-320.48K,-7.3%,<.01%
29275Y102,ENS,ENERSYS,75331,-1377,17.61M,-321.97K,-1.8%,<.01%
82489W107,SHLS,SHOALS TECHNOLOGIES GROUP IN,312016,-32703,3.09M,-323.76K,-9.5%,<.01%
92892B103,VOYG,VOYAGER TECHNOLOGIES INC,24196,-10117,780.32K,-326.27K,-29.5%,<.01%
05589G102,BWIN,THE BALDWIN INSURANCE GRP IN,183854,-12317,4.89M,-327.39K,-6.3%,<.01%
871332102,SLVM,SYLVAMO CORP,51268,-8684,1.94M,-328.26K,-14.5%,<.01%
G4R20B107,INTR,INTER & CO INC,316,-60500,1.72K,-328.54K,-99.5%,<.01%
879369106,TFX,TELEFLEX INCORPORATED,131722,-2616,16.7M,-331.6K,-1.9%,<.01%
00183L201,ANGI,ANGI INC,33376,-55918,198.59K,-332.71K,-62.6%,<.01%
09239B109,BL,BLACKLINE INC,102015,-11870,2.86M,-333.19K,-10.4%,<.01%
920253101,VMI,VALMONT INDS INC,53748,-578,31.04M,-333.85K,-1.1%,<.01%
69047Q102,OVV,OVINTIV INC,609635,-6348,32.1M,-334.22K,-1%,<.01%
04911A107,AUB,ATLANTIC UN BANKSHARES CORP,299803,-8027,12.68M,-339.62K,-2.6%,<.01%
23204X103,CTOS,CUSTOM TRUCK ONE SOURCE INC,104449,-28771,1.23M,-339.79K,-21.6%,<.01%
81725T100,SXT,SENSIENT TECHNOLOGIES CORP,94418,-2776,11.64M,-342.25K,-2.9%,<.01%
75700L108,RRR,RED ROCK RESORTS INC,81387,-5286,5.3M,-343.91K,-6.1%,<.01%
58502B106,MD,PEDIATRIX MEDICAL GROUP INC,227836,-13592,5.77M,-344.29K,-5.6%,<.01%
981811102,WOR,WORTHINGTON ENTERPRISES INC,47861,-6444,2.57M,-346.43K,-11.9%,<.01%
320817109,FRME,FIRST MERCHANTS CORP,96682,-7955,4.22M,-347.55K,-7.6%,<.01%
464287671,IUSG,ISHARES TR,16405,-1849,3.09M,-347.78K,-10.1%,<.01%
374689107,ROCK,GIBRALTAR INDS INC,56083,-7734,2.53M,-348.8K,-12.1%,<.01%
896215209,TRS,TRIMAS CORP,93576,-7786,4.21M,-350.6K,-7.7%,<.01%
521865204,LEA,LEAR CORP,153122,-2638,20.53M,-353.65K,-1.7%,<.01%
05329W102,AN,AUTONATION INC,88542,-1908,16.45M,-354.49K,-2.1%,<.01%
464287291,IXN,ISHARES TR,3942,-2483,569.54K,-358.74K,-38.6%,<.01%
G9451V109,VINP,VINCI COMPASS INVESTMENTS LT,0,-34100,0,-359.75K,CLOSE,0%
464288646,IGSB,ISHARES TR,0,-6911,0,-363.24K,CLOSE,0%
63942X106,NVTS,NAVITAS SEMICONDUCTOR CORP,328522,-20273,5.89M,-363.29K,-5.8%,<.01%
22041X102,CRSR,CORSAIR GAMING INC,33647,-37637,325.37K,-363.95K,-52.8%,<.01%
51817R205,LTM,LATAM AIRLINES GROUP SA,269,-6269,15.68K,-365.3K,-95.9%,<.01%
518613203,LAUR,LAUREATE ED INC,259026,-10077,9.41M,-366K,-3.7%,<.01%
913259107,UTL,UNITIL CORP,58424,-6974,3.08M,-367.46K,-10.7%,<.01%
374163103,GERN,GERON CORP,983698,-287316,1.26M,-367.76K,-22.6%,<.01%
50060P106,KOP,KOPPERS HOLDINGS INC,50668,-8234,2.27M,-369.71K,-14%,<.01%
577081102,MAT,MATTEL INC,686202,-26712,9.52M,-370.76K,-3.7%,<.01%
697947109,PVLA,PALVELLA THERAPEUTICS INC NE,67469,-2432,10.31M,-371.66K,-3.5%,<.01%
525558201,LMAT,LEMAITRE VASCULAR INC,30989,-3906,2.97M,-374.82K,-11.2%,<.01%
18452B209,CLSK,CLEANSPARK INC,471507,-25788,6.86M,-375.22K,-5.2%,<.01%
90187B804,TWO,TWO HARBORS INVENTMENT CORPO,265229,-30274,3.29M,-375.7K,-10.2%,<.01%
69553P100,PD,PAGERDUTY INC,207384,-39024,2M,-376.58K,-15.8%,<.01%
006739106,ADUS,ADDUS HOMECARE CORP,38808,-3770,3.9M,-378.77K,-8.9%,<.01%
319829107,FCF,FIRST COMWLTH FINL CORP PA,172803,-18710,3.51M,-380.37K,-9.8%,<.01%
603158106,MTX,MINERALS TECHNOLOGIES INC,79069,-5173,5.85M,-382.65K,-6.1%,<.01%
93148P102,WD,WALKER & DUNLOP INC,66046,-7009,3.61M,-383.39K,-9.6%,<.01%
88025U109,TXG,10X GENOMICS INC,195465,-10072,7.49M,-386.16K,-4.9%,<.01%
831865209,AOS,SMITH A O CORP,551846,-6246,34.61M,-391.75K,-1.1%,<.01%
720190206,PDM,PIEDMONT REALTY TRUST INC,935518,-42952,8.56M,-393.01K,-4.4%,<.01%
650111107,NYT,NEW YORK TIMES CO MTN BE,505059,-5677,35.34M,-397.28K,-1.1%,<.01%
23345M107,DTM,DT MIDSTREAM INC,229815,-2731,33.72M,-400.75K,-1.2%,<.01%
257651109,DCI,DONALDSON INC,356112,-4482,31.97M,-402.35K,-1.2%,<.01%
404609109,HCKT,HACKETT GROUP INC,890,-37793,9.59K,-407.02K,-97.7%,<.01%
464287705,IJJ,ISHARES TR,10178,-2757,1.5M,-407.29K,-21.3%,<.01%
356390104,FRHC,FREEDOM HOLDING CORP,32362,-3126,4.22M,-407.85K,-8.8%,<.01%
28414H103,ELAN,ELANCO ANIMAL HEALTH INC,1510327,-16595,37.17M,-408.4K,-1.1%,<.01%
464287473,IWS,ISHARES TR,37644,-2490,6.2M,-409.85K,-6.2%,<.01%
70451X104,PAYO,PAYONEER GLOBAL INC,545069,-57741,3.88M,-411.12K,-9.6%,<.01%
410867105,THG,HANOVER INS GROUP INC,107049,-1922,22.92M,-411.54K,-1.8%,<.01%
84857L101,SR,SPIRE INC,166172,-5282,12.98M,-412.47K,-3.1%,<.01%
03763A207,ASTH,ASTRANA HEALTH INC,85804,-8923,3.98M,-414.12K,-9.4%,<.01%
516544103,LNTH,LANTHEUS HLDGS INC,482743,-3755,53.56M,-416.58K,-0.8%,<.01%
25787G100,DFIN,DONNELLEY FINL SOLUTIONS INC,67451,-9970,2.83M,-418.24K,-12.9%,<.01%
134429109,CPB,THE CAMPBELLS COMPANY,755169,-18812,16.82M,-418.94K,-2.4%,<.01%
74965L101,RLJ,RLJ LODGING TR,784829,-35375,9.3M,-419.19K,-4.3%,<.01%
55825T103,MSGS,MADISON SQUARE GRDN SPRT COR,35220,-1045,14.15M,-419.92K,-2.9%,<.01%
011311107,ALG,ALAMO GROUP INC,21624,-2563,3.56M,-421.59K,-10.6%,<.01%
92538J106,VERX,VERTEX INC,115082,-36813,1.32M,-422.61K,-24.2%,<.01%
98980F104,GTM,ZOOMINFO TECHNOLOGIES INC,665442,-144427,1.95M,-423.17K,-17.8%,<.01%
556269108,SHOO,MADDEN STEVEN LTD,170744,-10084,7.19M,-424.54K,-5.6%,<.01%
447011107,HUN,HUNTSMAN CORP,439420,-40199,4.67M,-426.91K,-8.4%,<.01%
G0593M107,AZN,ASTRAZENECA PLC,450644,-2261,85.45M,-428.73K,-0.5%,0.02%
67000B104,NOVT,NOVANTA INC,92426,-2655,15M,-430.75K,-2.8%,<.01%
06849F108,B,BARRICK MNG CORP,248256,-11746,9.12M,-431.43K,-4.5%,<.01%
95058W100,WEN,WENDYS CO,481357,-52059,3.99M,-431.57K,-9.8%,<.01%
16359R103,CHE,CHEMED CORP NEW,39638,-931,18.46M,-433.6K,-2.3%,<.01%
46432F339,QUAL,ISHARES TR,8721,-1992,1.91M,-437.1K,-18.6%,<.01%
47103J105,JANX,JANUX THERAPEUTICS INC,59019,-28738,906.53K,-441.42K,-32.7%,<.01%
464287549,IGM,ISHARES TR,16111,-2707,2.64M,-442.81K,-14.4%,<.01%
971378104,WSC,WILLSCOT HLDGS CORP,543100,-15386,15.67M,-444.04K,-2.8%,<.01%
03782L101,APPN,APPIAN CORP,66579,-19421,1.52M,-444.74K,-22.6%,<.01%
674215207,CHRD,CHORD ENERGY CORPORATION,108728,-3906,12.43M,-446.46K,-3.5%,<.01%
825704109,SIBN,SI BONE INC,59736,-27538,974.89K,-449.42K,-31.6%,<.01%
780287108,RGLD,ROYAL GOLD INC,248893,-2259,49.68M,-450.92K,-0.9%,<.01%
457651107,INVX,INNOVEX INTERNATIONAL INC,78982,-18203,1.96M,-451.43K,-18.7%,<.01%
198516106,COLM,COLUMBIA SPORTSWEAR CO,67055,-7353,4.15M,-454.56K,-9.9%,<.01%
029899101,AWR,AMER STATES WTR CO,107311,-5513,8.87M,-455.54K,-4.9%,<.01%
047649108,ATKR,ATKORE INC,100279,-5991,7.63M,-455.56K,-5.6%,<.01%
21900C308,CRMD,CORMEDIX INC,113740,-58142,892.86K,-456.42K,-33.8%,<.01%
397624107,GEF,GREIF INC,53744,-6142,4M,-457.52K,-10.3%,<.01%
87918A105,TDOC,TELADOC HEALTH INC,427286,-54044,3.62M,-458.29K,-11.2%,<.01%
98139A105,WK,WORKIVA INC,117899,-9540,5.72M,-462.79K,-7.5%,<.01%
49427F108,KRC,KILROY REALTY CORP,885480,-12355,33.18M,-462.94K,-1.4%,<.01%
636180101,NFG,NATIONAL FUEL GAS CO,168217,-6011,12.99M,-464.11K,-3.5%,<.01%
30049H102,EVLV,EVOLV TECHNOLOGIES HLDNGS IN,211344,-80258,1.23M,-465.5K,-27.5%,<.01%
G69451105,PAX,PATRIA INVESTMENTS LIMITED,3450,-42400,37.88K,-465.55K,-92.5%,<.01%
879360105,TDY,TELEDYNE TECHNOLOGIES INC,594607,-703,396.54M,-468.83K,-0.1%,0.07%
05945F103,BANF,BANCFIRST CORP,36646,-4266,4.07M,-474.08K,-10.4%,<.01%
546347105,LPX,LOUISIANA PAC CORP,170784,-6030,13.43M,-474.32K,-3.4%,<.01%
34385P108,LAB,STANDARD BIOTOOLS INC,0,-519783,0,-477.68K,CLOSE,0%
012348108,AIN,ALBANY INTL CORP,48047,-6415,3.58M,-477.92K,-11.8%,<.01%
34354P105,FLS,FLOWSERVE CORP,365739,-6447,27.12M,-478.11K,-1.7%,<.01%
Y8162K204,SBLK,STAR BULK CARRIERS CORP.,1079,-19151,26.94K,-478.21K,-94.7%,<.01%
35953D401,FUBO,FUBOTV INC,17,-52136,156,-478.42K,-100%,<.01%
60471A101,MIR,MIRION TECHNOLOGIES INC,480488,-26698,8.62M,-478.7K,-5.3%,<.01%
464287481,IWP,ISHARES TR,50156,-3275,7.34M,-479.49K,-6.1%,<.01%
44862P208,HYMC,HYCROFT MINING HOLDING CORP,51859,-20543,1.21M,-480.71K,-28.4%,<.01%
458334109,IPAR,INTERPARFUMS INC,30691,-4310,3.43M,-482.12K,-12.3%,<.01%
09058V103,BCRX,BIOCRYST PHARMACEUTICALS INC,320566,-48412,3.21M,-484.12K,-13.1%,<.01%
36262G101,GXO,GXO LOGISTICS INCORPORATED,292633,-9655,14.84M,-489.51K,-3.2%,<.01%
00827BAB2,AFRM,AFFIRM HLDGS INC,2940000,-500000,2.89M,-491.25K,-14.5%,<.01%
92189F536,MLN,VANECK ETF TRUST,4298,-27932,76.42K,-496.63K,-86.7%,<.01%
68622V106,OGN,ORGANON & CO,742009,-36896,10.05M,-499.57K,-4.7%,<.01%
032724106,ANAB,ANAPTYSBIO INC,23310,-7417,1.57M,-500.65K,-24.1%,<.01%
70805E109,PNTG,PENNANT GROUP INC,58773,-13627,2.17M,-503.52K,-18.8%,<.01%
05278C107,ATHM,AUTOHOME INC,112304,-26500,2.14M,-504.29K,-19.1%,<.01%
277432100,EMN,EASTMAN CHEM CO,233945,-7534,15.67M,-504.63K,-3.1%,<.01%
807066105,SCHL,SCHOLASTIC CORP,35839,-11039,1.65M,-507.79K,-23.5%,<.01%
28852N109,EFC,ELLINGTON FINANCIAL INC,146276,-37417,1.99M,-509.25K,-20.4%,<.01%
681936100,OHI,OMEGA HEALTHCARE INVS INC,2114655,-10743,100.83M,-512.23K,-0.5%,0.02%
124805102,CBZ,CBIZ INC,94392,-15975,3.03M,-512.48K,-14.5%,<.01%
806407102,HSIC,SCHEIN HENRY INC,364824,-6171,30.47M,-515.4K,-1.7%,<.01%
703481101,PTEN,PATTERSON-UTI ENERGY INC,736884,-56183,6.76M,-515.76K,-7.1%,<.01%
13100M509,CALX,CALIX INC,143750,-13830,5.36M,-516.14K,-8.8%,<.01%
446413106,HII,HUNTINGTON INGALLS INDS INC,83280,-1848,23.31M,-517.24K,-2.2%,<.01%
392709101,GRBK,GREEN BRICK PARTNERS INC,58162,-6499,4.66M,-520.18K,-10.1%,<.01%
18453H106,CCO,CLEAR CHANNEL OUTDOOR HLDGS,789198,-215021,1.91M,-520.35K,-21.4%,<.01%
57686G105,MATX,MATSON INC,14067,-2734,2.7M,-525.56K,-16.3%,<.01%
302081104,EXLS,EXLSERVICE HLDGS INC,456253,-20325,11.8M,-525.6K,-4.3%,<.01%
637215104,NPK,NATIONAL PRESTO INDS INC,5648,-4215,705.94K,-526.83K,-42.7%,<.01%
74386T105,PFS,PROVIDENT FINL SVCS INC,213608,-22332,5.05M,-527.93K,-9.5%,<.01%
379577208,GMED,GLOBUS MED INC,250823,-6715,19.82M,-530.55K,-2.6%,<.01%
358054104,FRSH,FRESHWORKS INC,298498,-52709,3.02M,-533.42K,-15%,<.01%
946784105,WAY,WAYSTAR HLDG CORP,169608,-26126,3.48M,-536.37K,-13.3%,<.01%
05561Q201,BOKF,BOK FINL CORP,75501,-3877,10.49M,-538.44K,-4.9%,<.01%
03945R102,ACHR,ARCHER AVIATION INC,1007491,-113857,4.77M,-538.54K,-10.2%,<.01%
233051432,HYLB,DBX ETF TR,182352,-14761,6.66M,-539.07K,-7.5%,<.01%
293712105,EFSC,ENTERPRISE FINL SVCS CORP,81285,-8189,5.36M,-539.49K,-9.2%,<.01%
67080M103,NRIX,NURIX THERAPEUTICS INC,135104,-22246,3.28M,-539.69K,-14.1%,<.01%
22002T108,CDP,COPT DEFENSE PROPERTIES,670645,-14965,24.4M,-544.58K,-2.2%,<.01%
077454106,BDC,BELDEN INC,109207,-4561,13.1M,-546.91K,-4%,<.01%
112463104,BKD,BROOKDALE SR LIVING INC,580311,-34128,9.34M,-549.12K,-5.6%,<.01%
829073105,SSD,SIMPSON MFG INC,88032,-2625,18.43M,-549.54K,-2.9%,<.01%
464287226,AGG,ISHARES TR,92901,-5553,9.2M,-549.64K,-5.6%,<.01%
92189H201,ITM,VANECK ETF TRUST,489,-11703,22.98K,-549.92K,-96%,<.01%
53815P108,RAMP,LIVERAMP HLDGS INC,113520,-14617,4.27M,-550.18K,-11.4%,<.01%
46435G425,ESGU,ISHARES TR,2884,-3384,472.02K,-553.86K,-54%,<.01%
381430107,GSIE,GOLDMAN SACHS ETF TR,10518,-12150,480.67K,-555.26K,-53.6%,<.01%
30257X104,FBK,FB FINL CORP,54924,-10085,3.04M,-558.2K,-15.5%,<.01%
693656100,PVH,PVH CORPORATION,181747,-7553,13.5M,-560.89K,-4%,<.01%
M4R82T106,FVRR,FIVERR INTL LTD,0,-56082,0,-561.94K,CLOSE,0%
04316A108,APAM,ARTISAN PARTNERS ASSET MGMT,162644,-16408,5.62M,-566.57K,-9.2%,<.01%
83570H108,SONO,SONOS INC,224479,-41921,3.04M,-567.19K,-15.7%,<.01%
10576N102,BRZE,BRAZE INC,146034,-26157,3.17M,-567.35K,-15.2%,<.01%
811707801,SBCF,SEACOAST BKG CORP FLA,149539,-17115,4.97M,-569.07K,-10.3%,<.01%
63001N106,NATL,NCR ATLEOS CORPORATION,148542,-13191,6.45M,-572.62K,-8.2%,<.01%
790148100,JOE,ST JOE CO,71361,-9192,4.47M,-575.7K,-11.4%,<.01%
36164V800,GLIBK,LIBERTY CAP CORP,45252,-26736,975.63K,-576.43K,-37.1%,<.01%
922042718,VSS,VANGUARD INTL EQUITY INDEX F,1154,-3770,178.05K,-581.67K,-76.6%,<.01%
09352U108,BLND,BLEND LABS INC,5761,-341887,9.85K,-584.61K,-98.3%,<.01%
20602D101,CNXC,CONCENTRIX CORP,100381,-26155,2.25M,-586K,-20.7%,<.01%
88339P101,REAL,THE REALREAL INC,298986,-49736,3.53M,-586.39K,-14.3%,<.01%
141788109,CARG,CARGURUS INC,159192,-17493,5.43M,-596.34K,-9.9%,<.01%
91347P105,OLED,UNIVERSAL DISPLAY CORP,94707,-6913,8.2M,-598.6K,-6.8%,<.01%
238337109,PLAY,DAVE & BUSTERS ENTMT INC,1407,-52629,16.04K,-599.98K,-97.4%,<.01%
835495102,SON,SONOCO PRODS CO,311387,-10791,17.55M,-608.07K,-3.3%,<.01%
433000106,HIMS,HIMS & HERS HEALTH INC,425977,-17550,14.77M,-608.46K,-4%,<.01%
32051X108,FHB,FIRST HAWAIIAN INC,320125,-20803,9.38M,-609.53K,-6.1%,<.01%
76655K103,RGTI,RIGETTI COMPUTING INC,524476,-31618,10.13M,-610.86K,-5.7%,<.01%
457985208,IART,INTEGRA LIFESCIENCES HLDGS C,154186,-34116,2.77M,-612.72K,-18.1%,<.01%
608190104,MHK,MOHAWK INDS INC,113411,-5063,13.76M,-614.29K,-4.3%,<.01%
228903100,AORT,ARTIVION INC,63405,-27372,1.42M,-615.05K,-30.2%,<.01%
913915104,UTI,UNIVERSAL TECHNICAL INST INC,85421,-14555,3.65M,-622.52K,-14.6%,<.01%
105368203,BDN,BRANDYWINE RLTY TR,312025,-197347,989.12K,-625.59K,-38.7%,<.01%
L44385109,GLOB,GLOBANT S A,393,-21675,11.37K,-627.25K,-98.2%,<.01%
500767306,KWEB,KRANESHARES TRUST,11795,-25735,288.62K,-629.74K,-68.6%,<.01%
64115T104,NTCT,NETSCOUT SYS INC,147875,-14512,6.44M,-632K,-8.9%,<.01%
35905A109,FTDR,FRONTDOOR INC,190313,-8150,14.77M,-632.36K,-4.1%,<.01%
G32089107,ETOR,ETORO GROUP LTD,0,-21119,0,-634.2K,CLOSE,0%
73931J109,AIOT,POWERFLEET INC,230,-166477,881,-637.68K,-99.9%,<.01%
06417N103,OZK,BANK OZK LITTLE ROCK ARK,297669,-12260,15.51M,-638.62K,-4%,<.01%
398905109,GPI,GROUP 1 AUTOMOTIVE INC,36948,-2197,10.76M,-639.7K,-5.6%,<.01%
G63755105,NIQ,NIQ GLOBAL INTELLIGENCE PLC,168,-68500,1.57K,-640.56K,-99.8%,<.01%
46138E529,PZT,INVESCO EXCH TRADED FD TR II,0,-29075,0,-641.68K,CLOSE,0%
92204A801,VAW,VANGUARD WORLD FD,444,-2807,101.58K,-642.22K,-86.3%,<.01%
32055Y201,FIBK,FIRST INTST BANCSYSTEM INC,163237,-16720,6.29M,-644.72K,-9.3%,<.01%
85209W109,SPT,SPROUT SOCIAL INC,4151,-85452,31.34K,-645.16K,-95.4%,<.01%
70932M107,PFSI,PENNYMAC FINL SVCS INC NEW,68681,-7409,5.98M,-645.32K,-9.7%,<.01%
13462K109,CWH,CAMPING WORLD HLDGS INC,795,-84701,6.07K,-646.28K,-99.1%,<.01%
431636109,HLMN,HILLMAN SOLUTIONS CORP,281501,-76617,2.38M,-646.65K,-21.4%,<.01%
19247A100,CNS,COHEN & STEERS INC,45227,-8548,3.44M,-650.84K,-15.9%,<.01%
928881101,VNT,VONTIER CORPORATION,383633,-22462,11.13M,-651.4K,-5.5%,<.01%
86333M108,LRN,STRIDE INC,99919,-7575,8.62M,-653.27K,-7%,<.01%
74347M108,PUMP,PROPETRO HLDG CORP,130194,-45588,1.87M,-653.73K,-25.9%,<.01%
74006W207,PRAX,PRAXIS PRECISION MEDICINES I,36187,-1958,12.12M,-655.52K,-5.1%,<.01%
05946K101,BBVA,BANCO BILBAO VIZCAYA ARGENTA,1513544,-26228,37.93M,-657.27K,-1.7%,<.01%
459044103,IBOC,INTERNATIONAL BANCSHARES COR,98945,-8734,7.51M,-663.35K,-8.1%,<.01%
377322102,GKOS,GLAUKOS CORP,138990,-4784,19.43M,-668.61K,-3.3%,<.01%
624758108,MWA,MUELLER WTR PRODS INC,378787,-26168,9.78M,-675.92K,-6.5%,<.01%
78464A821,MDYG,SPDR SERIES TRUST,189,-6042,21.18K,-677.25K,-97%,<.01%
464287606,IJK,ISHARES TR,9013,-5775,1.06M,-678.56K,-39.1%,<.01%
904311107,UAA,UNDER ARMOUR INC,271288,-106394,1.73M,-679.86K,-28.2%,<.01%
536797103,LAD,LITHIA MTRS INC,78309,-2346,22.75M,-681.49K,-2.9%,<.01%
55405Y100,MTSI,MACOM TECH SOLUTIONS HLDGS I,188986,-1803,71.88M,-685.81K,-0.9%,0.01%
498894104,KNF,KNIFE RIVER CORP,128528,-8223,10.75M,-687.85K,-6%,<.01%
110448107,BTI,BRITISH AMERN TOB PLC,195916,-11153,12.1M,-688.81K,-5.4%,<.01%
488401100,KMPR,KEMPER CORP,112792,-25618,3.04M,-690.66K,-18.5%,<.01%
08160H101,BHE,BENCHMARK ELECTRS INC,93698,-7073,9.25M,-697.89K,-7%,<.01%
922417100,VECO,VEECO INSTRS INC DEL,158027,-9211,11.98M,-698.19K,-5.5%,<.01%
483497103,KALV,KALVISTA PHARMACEUTICALS INC,0,-34743,0,-699.38K,CLOSE,0%
904311206,UA,UNDER ARMOUR INC,266291,-113771,1.66M,-707.66K,-29.9%,<.01%
835699307,SONY,SONY GROUP CORP,1358175,-35350,27.24M,-709.12K,-2.5%,<.01%
37637Q105,GBCI,GLACIER BANCORP INC NEW,303521,-13876,15.66M,-715.72K,-4.4%,<.01%
29355X107,NPO,ENPRO INC,58901,-1910,22.2M,-719.94K,-3.1%,<.01%
92206C599,VTHR,VANGUARD SCOTTSDALE FDS,109,-2180,36.12K,-722.5K,-95.2%,<.01%
518415104,LSCC,LATTICE SEMICONDUCTOR CORP,389939,-4746,59.65M,-725.95K,-1.2%,0.01%
92346J108,VCEL,VERICEL CORP,83743,-16328,3.73M,-726.43K,-16.3%,<.01%
565394103,CART,MAPLEBEAR INC,347020,-15531,16.43M,-735.39K,-4.3%,<.01%
921910840,MGV,VANGUARD WORLD FD,3850,-4500,629.28K,-735.53K,-53.9%,<.01%
97717W851,DXJ,WISDOMTREE TR,15226,-4257,2.64M,-738.67K,-21.8%,<.01%
78435P105,SEZL,SEZZLE INC,28138,-4308,4.83M,-739.38K,-13.3%,<.01%
45774W108,IIIN,INSTEEL INDS INC,1125,-24560,33.98K,-741.71K,-95.6%,<.01%
46090E103,QQQ,INVESCO QQQ TR,15430,-1015,11.36M,-747.45K,-6.2%,<.01%
918204108,VFC,V F CORP,1166296,-44980,19.45M,-750.27K,-3.7%,<.01%
M8216R109,RSKD,RISKIFIED LTD,482,-148892,2.43K,-750.33K,-99.7%,<.01%
29261A100,EHC,ENCOMPASS HEALTH CORP,289353,-7451,29.25M,-753.15K,-2.5%,<.01%
343498101,FLO,FLOWERS FOODS INC,489914,-96189,3.87M,-759.89K,-16.4%,<.01%
81619Q105,SEM,SELECT MED HLDGS CORP,225710,-46044,3.73M,-760.19K,-16.9%,<.01%
292765104,EPAC,ENERPAC TOOL GROUP CORP,132867,-21221,4.76M,-760.98K,-13.8%,<.01%
422806208,HEIA,HEICO CORP NEW,383056,-2957,98.79M,-762.64K,-0.8%,0.02%
233051143,SNPE,DBX ETF TR,17193,-11091,1.18M,-763.73K,-39.2%,<.01%
922908363,VOO,VANGUARD INDEX FDS,29157,-1115,20.03M,-765.79K,-3.7%,<.01%
407497106,HLNE,HAMILTON LANE INC,69962,-9736,5.52M,-767.49K,-12.2%,<.01%
626755102,MUSA,MURPHY USA INC,37235,-1425,20.06M,-767.89K,-3.7%,<.01%
27579R104,EWBC,EAST WEST BANCORP INC,502415,-6006,64.86M,-775.31K,-1.2%,0.01%
596680108,MSEX,MIDDLESEX WTR CO,41679,-13810,2.34M,-775.57K,-24.9%,<.01%
925283103,VSNT,VERSANT MEDIA GROUP INC,335749,-21544,12.09M,-775.8K,-6%,<.01%
02665T306,AMH,AMERICAN HOMES 4 RENT,2129337,-23196,71.38M,-777.53K,-1.1%,0.01%
53220K504,LGND,LIGAND PHARMACEUTICALS INC,210427,-2461,66.51M,-777.9K,-1.2%,0.01%
G1144A105,BTBT,BIT DIGITAL INC,610,-432638,1.1K,-778.75K,-99.9%,<.01%
532206109,LIF,LIFE360 INC,125845,-14079,6.97M,-779.41K,-10.1%,<.01%
21874C102,CNM,CORE & MAIN INC,552050,-16256,26.64M,-784.35K,-2.9%,<.01%
302301106,EZPW,EZCORP INC,75474,-22691,2.61M,-784.43K,-23.1%,<.01%
50050N103,KTB,KONTOOR BRANDS INC,126955,-9414,10.58M,-784.56K,-6.9%,<.01%
922908512,VOE,VANGUARD INDEX FDS,8285,-3972,1.64M,-784.87K,-32.4%,<.01%
04271T100,ARRY,ARRAY TECHNOLOGIES INC,253353,-106301,1.88M,-787.69K,-29.6%,<.01%
909907107,UBSI,UNITED BANKSHARES INC WEST V,280295,-17295,12.85M,-792.63K,-5.8%,<.01%
80689H102,SNDR,SCHNEIDER NATIONAL INC,107469,-21834,3.93M,-797.6K,-16.9%,<.01%
191098102,COKE,COCA COLA CONS INC,124262,-4196,23.72M,-801.1K,-3.3%,<.01%
615394202,MOGA,MOOG INC,53229,-1892,22.56M,-801.91K,-3.4%,<.01%
602496101,MDXG,MIMEDX GROUP INC,741,-209592,2.85K,-806.97K,-99.6%,<.01%
109641100,EAT,BRINKER INTL INC,97413,-4806,16.37M,-807.41K,-4.7%,<.01%
410495204,HAFC,HANMI FINL CORP,60065,-25018,1.95M,-810.58K,-29.4%,<.01%
902685106,UDMY,UDEMY INC,0,-175454,0,-810.6K,CLOSE,0%
96208T104,WEX,WEX INC,119877,-5754,16.91M,-811.83K,-4.6%,<.01%
421298100,HAYW,HAYWARD HLDGS INC,533865,-46943,9.24M,-812.58K,-8.1%,<.01%
48123V102,ZD,ZIFF DAVIS INC,102723,-15557,5.38M,-814.72K,-13.2%,<.01%
412822108,HOG,HARLEY DAVIDSON INC,373395,-33467,9.13M,-818.6K,-8.2%,<.01%
26856L103,ELF,E L F BEAUTY INC,129438,-11227,9.58M,-830.8K,-8%,<.01%
81282V100,PRKS,UNITED PARKS & RESORTS INC,62061,-17410,2.96M,-831.15K,-21.9%,<.01%
637417106,NNN,NNN REIT INC,1180472,-17935,54.93M,-834.52K,-1.5%,<.01%
G9001E102,LILA,LIBERTY LATIN AMERICA LTD,300,-106644,2.35K,-836.09K,-99.7%,<.01%
12769G100,CZR,CAESARS ENTERTAINMENT INC NE,377406,-27918,11.39M,-842.57K,-6.9%,<.01%
92204A702,VGT,VANGUARD WORLD FD,12894,-7058,1.54M,-843.57K,-35.4%,<.01%
09624H208,BXC,BLUELINX HLDGS INC,519,-13634,32.12K,-843.68K,-96.3%,<.01%
693506107,PPG,PPG INDS INC,2049929,-6956,248.64M,-843.69K,-0.3%,0.05%
858927106,STEL,STELLAR BANCORP INC,98749,-21492,3.88M,-845.07K,-17.9%,<.01%
88033G407,THC,TENET HEALTHCARE CORP,217135,-4532,40.62M,-847.85K,-2%,<.01%
921946885,VWOB,VANGUARD WHITEHALL FDS,17745,-12690,1.19M,-853.28K,-41.7%,<.01%
464286392,URTH,ISHARES INC,8386,-4216,1.7M,-854.33K,-33.5%,<.01%
69343T107,PJT,PJT PARTNERS INC,53252,-5753,8.04M,-868.36K,-9.8%,<.01%
70959W103,PAG,PENSKE AUTOMOTIVE GRP INC,51935,-4902,9.29M,-877.21K,-8.6%,<.01%
947890109,WBS,WEBSTER FINL CORP,385315,-11552,29.45M,-882.8K,-2.9%,<.01%
294268107,PLUS,EPLUS INC,49727,-10711,4.14M,-891.48K,-17.7%,<.01%
500472303,PHG,KONINKLIJKE PHILIPS N V,944311,-32930,25.68M,-895.37K,-3.4%,<.01%
00091G104,ACVA,ACV AUCTIONS INC,327197,-124958,2.35M,-898.45K,-27.6%,<.01%
420261109,HWKN,HAWKINS INC,39730,-6327,5.65M,-899.07K,-13.7%,<.01%
515098101,LSTR,LANDSTAR SYS INC,105186,-4369,21.75M,-903.55K,-4%,<.01%
705573103,PEGA,PEGASYSTEMS INC,244905,-30274,7.34M,-907.31K,-11%,<.01%
565788106,MARA,MARA HOLDINGS INC,619821,-65923,8.61M,-915.67K,-9.6%,<.01%
443320106,HUBG,HUB GROUP INC,85896,-20915,3.76M,-915.87K,-19.6%,<.01%
018581108,BFH,BREAD FINANCIAL HOLDINGS INC,122558,-8457,13.28M,-916.32K,-6.5%,<.01%
464287887,IJT,ISHARES TR,3559,-5132,635.64K,-916.57K,-59%,<.01%
904708104,UNF,UNIFIRST CORP MASS,21845,-3475,5.78M,-919K,-13.7%,<.01%
90984P303,UCB,UNITED CMNTY BKS BLAIRSVLE G,214390,-26195,7.52M,-919.18K,-10.9%,<.01%
30161N101,EXC,EXELON CORP,13394412,-19816,624.45M,-923.82K,-0.1%,0.11%
832696405,SJM,SMUCKER J M CO,316859,-8246,35.65M,-927.68K,-2.5%,<.01%
92686J106,VKTX,VIKING THERAPEUTICS INC,229973,-23921,8.97M,-933.16K,-9.4%,<.01%
222070203,COTY,COTY INC,1395582,-434994,3.01M,-939.59K,-23.8%,<.01%
37247D106,GNW,GENWORTH FINL INC,735496,-99224,6.97M,-939.65K,-11.9%,<.01%
922908538,VOT,VANGUARD INDEX FDS,5989,-3073,1.83M,-941.26K,-33.9%,<.01%
78709Y105,SAIA,SAIA INC,76761,-2235,32.33M,-941.29K,-2.8%,<.01%
98585N106,YEXT,YEXT INC,9264,-202427,43.26K,-945.34K,-95.6%,<.01%
680033107,ONB,OLD NATL BANCORP IND,728298,-36673,18.86M,-949.83K,-4.8%,<.01%
G68707101,PAGS,PAGSEGURO DIGITAL LTD,9473,-105600,85.73K,-955.68K,-91.8%,<.01%
531229755,FWONK,LIBERTY MEDIA CORP DEL,1859365,-10101,176.9M,-961.01K,-0.5%,0.03%
46641Q647,JMUB,J P MORGAN EXCHANGE TRADED F,5552,-19089,281.24K,-966.95K,-77.5%,<.01%
95082P105,WCC,WESCO INTL INC,153650,-2800,53.08M,-967.2K,-1.8%,<.01%
77543R102,ROKU,ROKU INC,291652,-7027,40.29M,-970.71K,-2.4%,<.01%
90278Q108,UFPI,UFP INDUSTRIES INC,95451,-10728,8.66M,-973.46K,-10.1%,<.01%
M8744T106,TBLA,TABOOLA.COM LTD,0,-314553,0,-975.12K,CLOSE,0%
803607100,SRPT,SAREPTA THERAPEUTICS INC,222496,-54459,4M,-978.63K,-19.7%,<.01%
78351F107,RYAN,RYAN SPECIALTY HOLDINGS INC,261952,-26387,9.89M,-996.37K,-9.2%,<.01%
929236107,WDFC,WD 40 CO,33377,-4098,8.13M,-998.44K,-10.9%,<.01%
403949100,DINO,HF SINCLAIR CORP,373312,-14405,26M,-1M,-3.7%,<.01%
26701L100,BROS,DUTCH BROS INC,246559,-14060,17.71M,-1.01M,-5.4%,<.01%
92204A306,VDE,VANGUARD WORLD FD,3929,-6767,589.86K,-1.02M,-63.3%,<.01%
46269C102,IRDM,IRIDIUM COMMUNICATIONS INC,340871,-18659,18.7M,-1.02M,-5.2%,<.01%
45258J102,IMVT,IMMUNOVANT INC,115102,-26626,4.43M,-1.03M,-18.8%,<.01%
46641Q191,BBEU,J P MORGAN EXCHANGE TRADED F,20586,-13223,1.6M,-1.03M,-39.1%,<.01%
22663K107,CRNX,CRINETICS PHARMACEUTICALS IN,202395,-27733,7.57M,-1.04M,-12.1%,<.01%
042735100,ARW,ARROW ELECTRS INC,171556,-4874,36.61M,-1.04M,-2.8%,<.01%
26210C104,DBX,DROPBOX INC,555396,-38282,15.26M,-1.05M,-6.4%,<.01%
902788108,UMBF,UMB FINL CORP,179559,-7373,25.63M,-1.05M,-3.9%,<.01%
78468R853,SPSM,SPDR SERIES TRUST,522,-18280,30.1K,-1.05M,-97.2%,<.01%
681116109,OLLI,OLLIES BARGAIN OUTLET HLDGS,133619,-13733,10.27M,-1.06M,-9.3%,<.01%
811916105,SA,SEABRIDGE GOLD INC,0,-37313,0,-1.06M,CLOSE,0%
426927109,HTBK,HERITAGE COMM CORP,0,-85228,0,-1.06M,CLOSE,0%
574599106,MAS,MASCO CORP,1398962,-13091,113.83M,-1.07M,-0.9%,0.02%
000360206,AAON,AAON INC,203503,-8410,25.82M,-1.07M,-4%,<.01%
197236102,COLB,COLUMBIA BKG SYS INC,842527,-33500,27M,-1.07M,-3.8%,<.01%
929160109,VMC,VULCAN MATLS CO,951656,-3645,280.75M,-1.08M,-0.4%,0.05%
013091103,ACI,ALBERTSONS COMPANIES INC,825288,-80362,11.17M,-1.09M,-8.9%,<.01%
922280102,VRNS,VARONIS SYS INC,166079,-25923,6.97M,-1.09M,-13.5%,<.01%
98956P102,ZBH,ZIMMER BIOMET HOLDINGS INC,1457553,-12667,125.48M,-1.09M,-0.9%,0.02%
89531P105,TREX,TREX INC,563931,-21960,28.22M,-1.1M,-3.7%,<.01%
G00894108,ARX,ACCELERANT HOLDINGS,0,-82680,0,-1.1M,CLOSE,0%
668771108,GEN,GEN DIGITAL INC,8155355,-44597,202.99M,-1.11M,-0.5%,0.04%
651229106,NWL,NEWELL BRANDS INC,1223869,-181947,7.51M,-1.12M,-12.9%,<.01%
11120U105,BRX,BRIXMOR PPTY GROUP INC,2103546,-35536,66.32M,-1.12M,-1.7%,0.01%
01626W101,ALIT,ALIGHT INC,178,-1994491,100,-1.12M,-100%,<.01%
381013101,GDEN,GOLDEN ENTMT INC,0,-42265,0,-1.13M,CLOSE,0%
617700109,MORN,MORNINGSTAR INC,61984,-7242,9.67M,-1.13M,-10.5%,<.01%
743606105,PB,PROSPERITY BANCSHARES INC,196848,-15475,14.38M,-1.13M,-7.3%,<.01%
25459Y207,QQQE,DIREXION SHARES ETF TRUST,46,-9316,5.61K,-1.14M,-99.5%,<.01%
M5425M103,INMD,INMODE LTD,37,-78127,541,-1.14M,-100%,<.01%
359664109,FLGT,FULGENT GENETICS INC,45020,-56283,923.81K,-1.15M,-55.6%,<.01%
039653100,ACA,ARCOSA INC,101997,-7991,14.82M,-1.16M,-7.3%,<.01%
550241103,LUMN,LUMEN TECHNOLOGIES INC,3163211,-152588,24.29M,-1.17M,-4.6%,<.01%
670837103,OGE,OGE ENERGY CORP,426753,-24093,20.77M,-1.17M,-5.3%,<.01%
05352A100,AVTR,AVANTOR INC,2027738,-118991,20.07M,-1.18M,-5.5%,<.01%
44891N208,IAC,PEOPLE INC,184471,-25528,8.52M,-1.18M,-12.2%,<.01%
938824109,WAFD,WAFD INC,141040,-30725,5.41M,-1.18M,-17.9%,<.01%
45166A102,IDYA,IDEAYA BIOSCIENCES INC,143285,-31866,5.34M,-1.19M,-18.2%,<.01%
163072101,CAKE,CHEESECAKE FACTORY INC,73949,-15128,5.88M,-1.2M,-17%,<.01%
7591EP100,RF,REGIONS FINANCIAL CORP NEW,8079871,-39851,244.01M,-1.2M,-0.5%,0.04%
88162G103,TTEK,TETRA TECH INC NEW,1106392,-41877,31.96M,-1.21M,-3.6%,<.01%
12653C108,CNX,CNX RES CORP,180489,-35858,6.12M,-1.22M,-16.6%,<.01%
431284108,HIW,HIGHWOODS PPTYS INC,663408,-40360,20.01M,-1.22M,-5.7%,<.01%
97717W703,DWM,WISDOMTREE TR,0,-17438,0,-1.22M,CLOSE,0%
50012A108,KGS,KODIAK GAS SVCS INC,163851,-16278,12.31M,-1.22M,-9%,<.01%
91332U101,U,UNITY SOFTWARE INC,814076,-43141,23.27M,-1.23M,-5%,<.01%
827048109,SLGN,SILGAN HLDGS INC,163212,-26960,7.57M,-1.25M,-14.2%,<.01%
H00501108,AEBI,AEBI SCHMIDT HLDG AG,519,-99823,6.51K,-1.25M,-99.5%,<.01%
20459V105,GPGI,GPGI INC,347487,-79068,5.51M,-1.25M,-18.5%,<.01%
127203107,WHD,CACTUS INC,161335,-24477,8.27M,-1.25M,-13.2%,<.01%
08986R309,BH,BIGLARI HLDGS INC,13,-2960,5.54K,-1.26M,-99.6%,<.01%
13057Q305,CRC,CALIFORNIA RES CORP,207023,-23884,10.95M,-1.26M,-10.3%,<.01%
131193104,CALY,CALLAWAY GOLF CO,332017,-67328,6.24M,-1.27M,-16.9%,<.01%
218352102,CORT,CORCEPT THERAPEUTICS INC,202743,-14725,17.63M,-1.28M,-6.8%,<.01%
808524706,SCHE,SCHWAB STRATEGIC TR,4347,-35427,157.62K,-1.28M,-89.1%,<.01%
138103106,CTLP,CANTALOUPE INC,0,-119301,0,-1.29M,CLOSE,0%
55405W104,MYRG,MYR GROUP INC,179485,-2580,89.81M,-1.29M,-1.4%,0.02%
Y95308105,WVE,WAVE LIFE SCIENCES LTD,2900,-222214,16.85K,-1.29M,-98.7%,<.01%
228368106,CCK,CROWN HLDGS INC,423416,-11613,47.35M,-1.3M,-2.7%,<.01%
25862V105,DV,DOUBLEVERIFY HLDGS INC,320555,-121680,3.47M,-1.32M,-27.5%,<.01%
464287150,ITOT,ISHARES TR,8502,-8051,1.4M,-1.32M,-48.6%,<.01%
596278101,MIDD,MIDDLEBY CORP,115789,-7713,19.92M,-1.33M,-6.2%,<.01%
56418H100,MAN,MANPOWERGROUP INC WIS,111900,-39325,3.78M,-1.33M,-26%,<.01%
05464C101,AXON,AXON ENTERPRISE INC,631247,-2370,353.88M,-1.33M,-0.4%,0.06%
436893200,HOMB,HOME BANCSHARES INC,281239,-46559,8.03M,-1.33M,-14.2%,<.01%
62855J104,MYGN,MYRIAD GENETICS INC,38,-233710,217,-1.33M,-100%,<.01%
770700102,HOOD,ROBINHOOD MKTS INC,3938383,-13344,394.94M,-1.34M,-0.3%,0.07%
500255104,KSS,KOHLS CORP,339403,-75556,6.01M,-1.34M,-18.2%,<.01%
099724106,BWA,BORGWARNER INC,596334,-20228,39.6M,-1.34M,-3.3%,<.01%
38046C109,GOGO,GOGO INC,390771,-435072,1.21M,-1.35M,-52.7%,<.01%
227046109,CROX,CROCS INC,165407,-11184,19.95M,-1.35M,-6.3%,<.01%
808524870,SCHP,SCHWAB STRATEGIC TR,117238,-50978,3.11M,-1.35M,-30.3%,<.01%
N90064101,QURE,UNIQURE NV,0,-82633,0,-1.35M,CLOSE,0%
00508Y102,AYI,ACUITY INC,207903,-3598,78.31M,-1.36M,-1.7%,0.01%
36467W109,GME,GAMESTOP CORP,885874,-61473,19.56M,-1.36M,-6.5%,<.01%
013872106,AA,ALCOA CORP,584502,-26052,30.48M,-1.36M,-4.3%,<.01%
00751Y106,AAP,ADVANCE AUTO PARTS INC,138474,-21940,8.62M,-1.37M,-13.7%,<.01%
26969P108,EXP,EAGLE MATLS INC,63755,-6081,14.34M,-1.37M,-8.7%,<.01%
G38644103,GCT,GIGACLOUD TECHNOLOGY INC,318,-43376,10.05K,-1.37M,-99.3%,<.01%
60646V105,MCW,MISTER CAR WASH INC,0,-199312,0,-1.39M,CLOSE,0%
20603L102,CON,CONCENTRA GROUP HOLDINGS PAR,230880,-46821,6.87M,-1.39M,-16.9%,<.01%
46641Q225,BBCA,J P MORGAN EXCHANGE TRADED F,4848,-14014,481.89K,-1.39M,-74.3%,<.01%
922042866,VPL,VANGUARD INTL EQUITY INDEX F,7906,-12054,914.64K,-1.39M,-60.4%,<.01%
04208T108,AHRT,AH RLTY TR INC,21071,-197933,149.18K,-1.4M,-90.4%,<.01%
453836108,INDB,INDEPENDENT BK CORP MASS,86411,-16809,7.23M,-1.41M,-16.3%,<.01%
552848103,MTG,MGIC INVT CORP WIS,661445,-50136,18.65M,-1.41M,-7%,<.01%
926400102,VSCO,VICTORIAS SECRET AND CO,157123,-17034,13.12M,-1.42M,-9.8%,<.01%
91680M107,UPST,UPSTART HLDGS INC,138692,-40292,4.91M,-1.43M,-22.5%,<.01%
666807102,NOC,NORTHROP GRUMMAN CORP,665263,-2803,338.83M,-1.43M,-0.4%,0.06%
92204A884,VOX,VANGUARD WORLD FD,4055,-7803,745.92K,-1.44M,-65.8%,<.01%
92204A108,VCR,VANGUARD WORLD FD,4030,-3631,1.6M,-1.44M,-47.4%,<.01%
030506109,AMWD,AMERICAN WOODMARK CORP,0,-36303,0,-1.45M,CLOSE,0%
36472T109,TDAY,USA TODAY CO INC,268362,-170157,2.29M,-1.45M,-38.8%,<.01%
680223104,ORI,OLD REP INTL CORP,659013,-35612,26.97M,-1.46M,-5.1%,<.01%
12621E103,CNO,CNO FINL GROUP INC,213842,-28694,10.9M,-1.46M,-11.8%,<.01%
03676B102,AM,ANTERO MIDSTREAM CORP,798718,-64808,18.17M,-1.47M,-7.5%,<.01%
23355L106,DXC,DXC TECHNOLOGY CO,435205,-168048,3.85M,-1.49M,-27.9%,<.01%
59100U108,CASH,PATHWARD FINANCIAL INC,138067,-17220,12.02M,-1.5M,-11.1%,<.01%
477143101,JBLU,JETBLUE AIRWAYS CORP,204192,-262504,1.17M,-1.5M,-56.2%,<.01%
639193101,NAVN,NAVAN INC,54,-66000,1.24K,-1.51M,-99.9%,<.01%
01749D105,ALGM,ALLEGRO MICROSYSTEMS INC,323297,-21760,22.51M,-1.51M,-6.3%,<.01%
038336103,ATR,APTARGROUP INC,178428,-12101,22.34M,-1.52M,-6.4%,<.01%
78464A409,SPYG,SPDR SERIES TRUST,19386,-12770,2.31M,-1.52M,-39.7%,<.01%
922908611,VBR,VANGUARD INDEX FDS,5551,-6265,1.35M,-1.52M,-53%,<.01%
707569109,PENN,PENN ENTERTAINMENT INC,233881,-71337,5M,-1.52M,-23.4%,<.01%
46138E628,KBWB,INVESCO EXCH TRADED FD TR II,1200,-16390,111.58K,-1.52M,-93.2%,<.01%
48666K109,KBH,KB HOME,152595,-24381,9.55M,-1.53M,-13.8%,<.01%
M6372Q113,KRNT,KORNIT DIGITAL LTD,0,-104802,0,-1.54M,CLOSE,0%
03076K108,ABCB,AMERIS BANCORP,130798,-17048,11.81M,-1.54M,-11.5%,<.01%
M81873107,RDWR,RADWARE LTD,0,-58472,0,-1.54M,CLOSE,0%
84472E102,SSB,SOUTHSTATE BK CORP,242418,-15425,24.22M,-1.54M,-6%,<.01%
53228F101,LFST,LIFESTANCE HEALTH GROUP INC,5947600,-144623,63.7M,-1.55M,-2.4%,0.01%
919794107,VLY,VALLEY NATL BANCORP,1179081,-106201,17.27M,-1.56M,-8.3%,<.01%
00404A109,ACHC,ACADIA HEALTHCARE COMPANY IN,222444,-52869,6.57M,-1.56M,-19.2%,<.01%
05350V106,AVNS,AVANOS MED INC,147266,-62894,3.66M,-1.56M,-29.9%,<.01%
52736R102,LEVI,LEVI STRAUSS & CO NEW,1776289,-63683,44.11M,-1.58M,-3.5%,<.01%
35137L204,FOX,FOX CORP,1380457,-33922,64.66M,-1.59M,-2.4%,0.01%
74982T103,RXO,RXO INC,187901,-57702,5.18M,-1.59M,-23.5%,<.01%
879433829,TDS,TELEPHONE & DATA SYS INC,224652,-43195,8.31M,-1.6M,-16.1%,<.01%
099406100,BOOT,BOOT BARN HLDGS INC,53879,-9732,8.85M,-1.6M,-15.3%,<.01%
15117K103,CLLS,CELLECTIS S A,2644881,-533739,7.93M,-1.6M,-16.8%,<.01%
76954A103,RIVN,RIVIAN AUTOMOTIVE INC,13014970,-92859,225.81M,-1.61M,-0.7%,0.04%
115236101,BRO,BROWN & BROWN INC,1487718,-25404,95.44M,-1.63M,-1.7%,0.02%
92204A504,VHT,VANGUARD WORLD FD,6181,-5486,1.85M,-1.64M,-47%,<.01%
Y2685T131,GNK,GENCO SHIPPING & TRADING LTD,2906,-66517,72.01K,-1.65M,-95.8%,<.01%
751212101,RL,RALPH LAUREN CORP,300354,-4116,120.57M,-1.65M,-1.4%,0.02%
387328107,GVA,GRANITE CONSTR INC,118598,-10469,18.75M,-1.65M,-8.1%,<.01%
462222100,IONS,IONIS PHARMACEUTICALS INC,1454672,-20960,115.34M,-1.66M,-1.4%,0.02%
053774105,CAR,AVIS BUDGET GROUP INC,48811,-11287,7.22M,-1.67M,-18.8%,<.01%
464286517,LEMB,ISHARES INC,46,-39615,1.95K,-1.68M,-99.9%,<.01%
92204A876,VPU,VANGUARD WORLD FD,1563,-8653,305.93K,-1.69M,-84.7%,<.01%
875465106,SKT,TANGER INC,742185,-43009,29.29M,-1.7M,-5.5%,<.01%
095306106,BLBD,BLUE BIRD CORP,54420,-21649,4.3M,-1.71M,-28.5%,<.01%
M96088105,URGN,UROGEN PHARMA LTD,874,-46545,32.16K,-1.71M,-98.2%,<.01%
499049104,KNX,KNIGHT-SWIFT TRANSN HLDGS IN,392793,-22015,30.59M,-1.71M,-5.3%,<.01%
M6158M104,ITRN,ITURAN LOCATION AND CONTROL,0,-35070,0,-1.72M,CLOSE,0%
422806109,HEI,HEICO CORP NEW,550942,-4836,196.24M,-1.72M,-0.9%,0.04%
M7S64L123,PGY,PAGAYA TECHNOLOGIES LTD,461,-95070,8.41K,-1.73M,-99.5%,<.01%
464288885,EFG,ISHARES TR,1883,-14076,234.28K,-1.75M,-88.2%,<.01%
69318G106,PBF,PBF ENERGY INC,216305,-38729,9.85M,-1.76M,-15.2%,<.01%
G11448100,BTDR,BITDEER TECHNOLOGIES GROUP,722,-111537,11.46K,-1.77M,-99.4%,<.01%
48020Q107,JLL,JONES LANG LASALLE INC,178611,-5782,55.36M,-1.79M,-3.1%,0.01%
124155102,BFLY,BUTTERFLY NETWORK INC,115220,-212880,970.15K,-1.79M,-64.9%,<.01%
G6331P104,AOSL,ALPHA & OMEGA SEMICONDUCTOR,1905,-38128,90.16K,-1.8M,-95.2%,<.01%
46137V357,RSP,INVESCO EXCHANGE TRADED FD T,39053,-8506,8.31M,-1.81M,-17.9%,<.01%
92204A207,VDC,VANGUARD WORLD FD,1984,-8060,447.37K,-1.82M,-80.2%,<.01%
922908595,VBK,VANGUARD INDEX FDS,1927,-5022,704.7K,-1.84M,-72.3%,<.01%
74967X103,RH,RH,24345,-11159,4.01M,-1.84M,-31.4%,<.01%
90400D108,RARE,ULTRAGENYX PHARMACEUTICAL IN,167226,-55822,5.58M,-1.86M,-25%,<.01%
052800109,ALV,AUTOLIV INC,266882,-16072,31M,-1.87M,-5.7%,<.01%
988498101,YUM,YUM BRANDS INC,2146294,-11726,343.11M,-1.87M,-0.5%,0.06%
922907746,VTEB,VANGUARD MUN BD FDS,564416,-37116,28.55M,-1.88M,-6.2%,<.01%
172062101,CINF,CINCINNATI FINL CORP,1013600,-10174,187.66M,-1.88M,-1%,0.03%
390607109,GLDD,GREAT LAKES DREDGE & DOCK CO,0,-112529,0,-1.91M,CLOSE,0%
464288588,MBB,ISHARES TR,4278858,-20469,404.44M,-1.93M,-0.5%,0.07%
90384S303,ULTA,ULTA BEAUTY INC,388586,-4295,175.24M,-1.94M,-1.1%,0.03%
24906P109,XRAY,DENTSPLY SIRONA INC,452599,-182661,4.8M,-1.94M,-28.8%,<.01%
552953101,MGM,MGM RESORTS INTERNATIONAL,385477,-40569,18.43M,-1.94M,-9.5%,<.01%
534187109,LNC,LINCOLN NATL CORP IND,451306,-54912,15.95M,-1.94M,-10.8%,<.01%
46138E511,PGX,INVESCO EXCH TRADED FD TR II,1048095,-181887,11.36M,-1.97M,-14.8%,<.01%
03957W106,AROC,ARCHROCK INC,350834,-48615,14.28M,-1.98M,-12.2%,<.01%
86881A100,SGRY,SURGERY PARTNERS INC,1471492,-117876,24.72M,-1.98M,-7.4%,<.01%
464286400,EWZ,ISHARES INC,2979,-57547,102.78K,-1.99M,-95.1%,<.01%
090168105,BLLN,BILLIONTOONE INC,223933,-16654,26.87M,-2M,-6.9%,<.01%
G9087Q102,TROX,TRONOX HOLDINGS PLC,974,-321067,6.14K,-2.02M,-99.7%,<.01%
46138G508,BKLN,INVESCO EXCH TRADED FD TR II,452885,-99958,9.23M,-2.04M,-18.1%,<.01%
31847R102,FAF,FIRST AMERN FINL CORP,298644,-29713,20.48M,-2.04M,-9%,<.01%
92206C102,VGSH,VANGUARD SCOTTSDALE FDS,993531,-35041,57.82M,-2.04M,-3.4%,0.01%
749685103,RPM,RPM INTL INC,688749,-18405,76.55M,-2.05M,-2.6%,0.01%
921946406,VYM,VANGUARD WHITEHALL FDS,210285,-12988,33.23M,-2.05M,-5.8%,<.01%
G17977110,BUR,BURFORD CAPITAL LIMITED,1674,-501994,6.86K,-2.06M,-99.7%,<.01%
59001A102,MTH,MERITAGE HOMES CORP,155724,-24756,13.06M,-2.08M,-13.7%,<.01%
729132100,PLXS,PLEXUS CORP,103820,-6939,31.22M,-2.09M,-6.3%,<.01%
447462102,HURN,HURON CONSULTING GROUP INC,729057,-23159,65.73M,-2.09M,-3.1%,0.01%
G38327105,GPRK,GEOPARK LTD,0,-219815,0,-2.09M,CLOSE,0%
413197104,HRMY,HARMONY BIOSCIENCES HLDGS IN,84130,-57410,3.06M,-2.09M,-40.6%,<.01%
090572207,BIO,BIO RAD LABS INC,418884,-7154,122.99M,-2.1M,-1.7%,0.02%
72919P202,PLUG,PLUG PWR INC,2808090,-783976,7.61M,-2.12M,-21.8%,<.01%
921908844,VIG,VANGUARD SPECIALIZED FUNDS,218582,-8985,51.72M,-2.13M,-3.9%,<.01%
922908553,VNQ,VANGUARD INDEX FDS,58661,-22068,5.66M,-2.13M,-27.3%,<.01%
G6359F137,NBR,NABORS INDUSTRIES LTD,838,-25454,70.4K,-2.14M,-96.8%,<.01%
46432F834,IXUS,ISHARES TR,5530,-22490,527.78K,-2.15M,-80.3%,<.01%
88023U101,SGI,SOMNIGROUP INTERNATIONAL INC,431046,-27659,33.79M,-2.17M,-6%,<.01%
73278L105,POOL,POOL CORP,102046,-10153,21.93M,-2.18M,-9%,<.01%
78468R739,SHM,SPDR SERIES TRUST,796,-45708,38.18K,-2.19M,-98.3%,<.01%
N69605108,PHVS,PHARVARIS N V,0,-77646,0,-2.19M,CLOSE,0%
044186104,ASH,ASHLAND INC,92784,-33492,6.11M,-2.21M,-26.5%,<.01%
00971T101,AKAM,AKAMAI TECHNOLOGIES INC,673851,-19041,79.66M,-2.25M,-2.7%,0.01%
G0260P102,AS,AMER SPORTS INC,1320,-66635,44.67K,-2.25M,-98.1%,<.01%
143658300,CCL,CARNIVAL CORP,0,-87245,0,-2.26M,CLOSE,0%
92243G108,PCVX,VAXCYTE INC,371550,-39055,21.6M,-2.27M,-9.5%,<.01%
52603A208,LC,HAPPEN INC,225020,-109620,4.67M,-2.27M,-32.8%,<.01%
922908736,VUG,VANGUARD INDEX FDS,30557,-26562,2.63M,-2.29M,-46.5%,<.01%
09739D100,BCC,BOISE CASCADE CO DEL,77195,-29652,5.99M,-2.3M,-27.8%,<.01%
750491102,RDNT,RADNET INC,635813,-37436,39.21M,-2.31M,-5.6%,<.01%
88076W103,TDC,TERADATA CORP DEL,663517,-66958,22.99M,-2.32M,-9.2%,<.01%
G4412G101,HLF,HERBALIFE LTD,3488,-179067,45.87K,-2.35M,-98.1%,<.01%
26884U109,EPR,EPR PPTYS,467653,-40803,27.13M,-2.37M,-8%,<.01%
87484T108,TALO,TALOS ENERGY INC,2246238,-184178,29M,-2.38M,-7.6%,<.01%
770323103,RHI,ROBERT HALF INC.,384686,-78181,11.81M,-2.4M,-16.9%,<.01%
65341D102,NXRT,NEXPOINT RESIDENTIAL TR INC,41520,-86054,1.16M,-2.4M,-67.5%,<.01%
834203309,SLNO,SOLENO THERAPEUTICS INC,0,-71986,0,-2.41M,CLOSE,0%
302520101,FNB,F N B CORP,782117,-126350,14.92M,-2.41M,-13.9%,<.01%
82452J109,FOUR,SHIFT4 PMTS INC,1082866,-50447,52.67M,-2.45M,-4.5%,<.01%
G36738105,FDP,DEL MONTE CORP,11597,-88111,323.67K,-2.46M,-88.4%,<.01%
G42706104,HG,HAMILTON INSURANCE GROUP LTD,703,-72827,23.86K,-2.47M,-99%,<.01%
91879Q109,MTN,VAIL RESORTS INC,94738,-18276,12.9M,-2.49M,-16.2%,<.01%
74267C106,PRA,PROASSURANCE CORP,0,-101341,0,-2.51M,CLOSE,0%
46434V738,IEUR,ISHARES TR,785,-33514,59.01K,-2.52M,-97.7%,<.01%
71377A103,PFGC,PERFORMANCE FOOD GROUP CO,365696,-22602,40.88M,-2.53M,-5.8%,<.01%
G2143T103,CMPR,CIMPRESS PLC,248,-25074,25.22K,-2.55M,-99%,<.01%
313855108,FSS,FEDERAL SIGNAL CORP,122905,-19977,15.79M,-2.57M,-14%,<.01%
189054109,CLX,CLOROX CO DEL,1210527,-26929,115.53M,-2.57M,-2.2%,0.02%
86771W105,RUN,SUNRUN INC,570066,-194331,7.63M,-2.6M,-25.4%,<.01%
G0084W101,ADNT,ADIENT PLC,3808,-142742,69.99K,-2.62M,-97.4%,<.01%
75970E107,RNST,RENASANT CORP,165537,-61821,7.04M,-2.63M,-27.2%,<.01%
464287465,EFA,ISHARES TR,86458,-25514,8.98M,-2.65M,-22.8%,<.01%
808524300,SCHG,SCHWAB STRATEGIC TR,29198,-78549,988.06K,-2.66M,-72.9%,<.01%
871829107,SYY,SYSCO CORP,4711060,-31832,393.75M,-2.66M,-0.7%,0.07%
78467J100,SSNC,SS&C TECH HLDGS,1135179,-42908,70.44M,-2.66M,-3.6%,0.01%
74276R102,PRVA,PRIVIA HEALTH GROUP INC,1948021,-103638,50.12M,-2.67M,-5.1%,<.01%
G52694109,KNSA,KINIKSA PHARMACEUTICALS INTL,2790,-41735,178.42K,-2.67M,-93.7%,<.01%
29472R108,ELS,EQUITY LIFESTYLE PROPERTIES,1320458,-41758,85.1M,-2.69M,-3.1%,0.02%
423452101,HP,HELMERICH & PAYNE INC,158621,-82303,5.19M,-2.69M,-34.2%,<.01%
78464A508,SPYV,SPDR SERIES TRUST,28484,-44425,1.73M,-2.7M,-60.9%,<.01%
343412102,FLR,FLUOR CORP,216057,-51611,11.32M,-2.7M,-19.3%,<.01%
G9001E128,LILAK,LIBERTY LATIN AMERICA LTD,1260,-352239,9.81K,-2.74M,-99.6%,<.01%
03879J100,ABUS,ARBUTUS BIOPHARMA CORP,261052,-577158,1.25M,-2.77M,-68.9%,<.01%
68278B107,OS,ONESTREAM INC,0,-116158,0,-2.79M,CLOSE,0%
830940102,SKWD,SKYWARD SPECIALTY INS GROUP,55129,-48271,3.22M,-2.82M,-46.7%,<.01%
302492103,FLYW,FLYWIRE CORPORATION,231114,-160711,4.06M,-2.82M,-41%,<.01%
G21810109,CLVT,CLARIVATE PLC,0,-1123654,0,-2.84M,CLOSE,0%
57142B104,MQ,MARQETA INC,3339,-700592,13.56K,-2.84M,-99.5%,<.01%
G4705A100,ICLR,ICON PUB LTD CO,132,-16432,22.93K,-2.85M,-99.2%,<.01%
M2197Q107,CLBT,CELLEBRITE DI LTD,0,-207826,0,-2.86M,CLOSE,0%
65249B109,NWSA,NEWS CORP NEW,1774210,-115576,44.05M,-2.87M,-6.1%,<.01%
630402105,NSSC,NAPCO SEC TECHNOLOGIES INC,196242,-75785,7.45M,-2.88M,-27.9%,<.01%
20464U100,COMP,COMPASS INC,1082448,-238173,13.35M,-2.94M,-18%,<.01%
23954D109,DAWN,DAY ONE BIOPHARMACEUTICALS I,0,-136991,0,-2.94M,CLOSE,0%
808513105,SCHW,SCHWAB CHARLES CORP,11843766,-31907,1.09B,-2.94M,-0.3%,0.2%
704326107,PAYX,PAYCHEX INC,2669450,-29943,262.49M,-2.94M,-1.1%,0.05%
76243J105,RYTM,RHYTHM PHARMACEUTICALS INC,514850,-26600,57.16M,-2.95M,-4.9%,0.01%
56400P706,MNKD,MANNKIND CORP,537134,-695508,2.29M,-2.96M,-56.4%,<.01%
88362T103,THR,THERMON GROUP HLDGS INC,0,-58894,0,-2.97M,CLOSE,0%
01973R101,ALSN,ALLISON TRANSMISSION HLDGS I,234886,-26548,26.48M,-2.99M,-10.2%,<.01%
02156V109,OKLO,OKLO INC,393729,-57551,20.6M,-3.01M,-12.8%,<.01%
46138E784,PCY,INVESCO EXCH TRADED FD TR II,955964,-140244,20.7M,-3.04M,-12.8%,<.01%
89055F103,BLD,TOPBUILD COR,80672,-8598,28.6M,-3.05M,-9.6%,<.01%
418056107,HAS,HASBRO INC,435406,-37045,35.96M,-3.06M,-7.8%,<.01%
464286525,ACWV,ISHARES INC,5672,-25478,681.95K,-3.06M,-81.8%,<.01%
44930G107,ICUI,ICU MED INC,58442,-20979,8.57M,-3.08M,-26.4%,<.01%
533900106,LECO,LINCOLN ELEC HLDGS INC,124744,-11739,33.12M,-3.12M,-8.6%,<.01%
415864107,NVRI,ENVIRI CORP,0,-161229,0,-3.16M,CLOSE,0%
91529Y106,UNM,UNUM GROUP,508944,-35553,45.5M,-3.18M,-6.5%,<.01%
688239201,OSK,OSHKOSH CORP,146232,-20734,22.44M,-3.18M,-12.4%,<.01%
517834107,LVS,LAS VEGAS SANDS CORP,1862644,-69010,86.04M,-3.19M,-3.6%,0.02%
Y2106R110,LPG,DORIAN LPG LTD,1621,-93946,56.38K,-3.27M,-98.3%,<.01%
81686C104,SEMR,SEMRUSH HLDGS INC,0,-277185,0,-3.31M,CLOSE,0%
45784P101,PODD,INSULET CORP,773361,-21986,117.74M,-3.35M,-2.8%,0.02%
28618M106,ESI,ELEMENT SOLUTIONS INC,596417,-70399,28.48M,-3.36M,-10.6%,<.01%
55616P104,M,MACYS INC,802155,-144539,18.89M,-3.4M,-15.3%,<.01%
592688105,MTD,METTLER TOLEDO INTERNATIONAL,238684,-2676,304.92M,-3.42M,-1.1%,0.06%
G6674U108,NVCR,NOVOCURE LTD,2342,-225927,35.48K,-3.42M,-99%,<.01%
854231107,SXI,STANDEX INTL CORP,20328,-9596,7.27M,-3.43M,-32.1%,<.01%
92206C847,VGLT,VANGUARD SCOTTSDALE FDS,0,-62043,0,-3.43M,CLOSE,0%
090043100,BILL,BILL HOLDINGS INC,241431,-95398,8.73M,-3.45M,-28.3%,<.01%
N4732M103,JBS,JBS N.V.,348,-292379,4.12K,-3.46M,-99.9%,<.01%
589400100,MCY,MERCURY GENL CORP NEW,50862,-32624,5.42M,-3.48M,-39.1%,<.01%
07373V105,BEAM,BEAM THERAPEUTICS INC,1551781,-101933,53.26M,-3.5M,-6.2%,<.01%
174610105,CFG,CITIZENS FINL GROUP INC,3293426,-50743,230.77M,-3.56M,-1.5%,0.04%
504922105,LH,LABCORP HOLDINGS INC,887431,-12771,248.48M,-3.58M,-1.4%,0.05%
922042742,VT,VANGUARD INTL EQUITY INDEX F,752555,-22864,118.11M,-3.59M,-2.9%,0.02%
92763W103,VIPS,VIPSHOP HLDGS LTD,2335801,-271927,30.97M,-3.61M,-10.4%,<.01%
45337C102,INCY,INCYTE CORP,1508720,-32193,171.03M,-3.65M,-2.1%,0.03%
371901109,GNTX,GENTEX CORP,1929671,-144752,48.76M,-3.66M,-7%,<.01%
74460D109,PSA,PUBLIC STORAGE,1623950,-11526,516.92M,-3.67M,-0.7%,0.09%
09075V102,BNTX,BIONTECH SE,744200,-39795,69.25M,-3.7M,-5.1%,0.01%
464287598,IWD,ISHARES TR,49697,-15303,12.05M,-3.71M,-23.5%,<.01%
200525103,CBSH,COMMERCE BANCSHARES INC,349795,-64794,20.2M,-3.74M,-15.6%,<.01%
759509102,RS,RELIANCE INC,394427,-10126,147.36M,-3.78M,-2.5%,0.03%
808524409,SCHV,SCHWAB STRATEGIC TR,11064,-108814,385.14K,-3.79M,-90.8%,<.01%
31620R303,FNF,FIDELITY NATL FINL INC,1456273,-80528,68.68M,-3.8M,-5.2%,0.01%
78463X509,SPEM,SPDR INDEX SHS FDS,62013,-73361,3.21M,-3.8M,-54.2%,<.01%
49271V100,KDP,KEURIG DR PEPPER INC,11368013,-116148,372.08M,-3.8M,-1%,0.07%
921937793,BLV,VANGUARD BD INDEX FDS,47447,-55450,3.27M,-3.82M,-53.9%,<.01%
464288281,EMB,ISHARES TR,2149751,-39649,207.32M,-3.82M,-1.8%,0.04%
50212V100,LPLA,LPL FINL HLDGS INC,578032,-13634,162.82M,-3.84M,-2.3%,0.03%
G61188127,LBTYK,LIBERTY GLOBAL LTD,1416,-349955,15.58K,-3.85M,-99.6%,<.01%
N3144W105,XPRO,EXPRO GROUP HOLDINGS NV,1544,-261745,22.8K,-3.87M,-99.4%,<.01%
G65163100,JOBY,JOBY AVIATION INC,5629,-437638,50.21K,-3.9M,-98.7%,<.01%
87256C101,TKO,TKO GROUP HOLDINGS INC,160315,-19420,32.27M,-3.91M,-10.8%,<.01%
500688106,KOS,KOSMOS ENERGY LTD,2281727,-1871951,4.81M,-3.95M,-45.1%,<.01%
46429B366,CMBS,ISHARES TR,226208,-81305,11.01M,-3.96M,-26.4%,<.01%
78468R861,TIPX,SPDR SERIES TRUST,3201578,-209199,60.61M,-3.96M,-6.1%,0.01%
G39387108,GFS,GLOBALFOUNDRIES INC,2600,-48358,214.27K,-3.99M,-94.9%,<.01%
M98068105,WIX,WIX COM LTD,1732,-87944,78.58K,-3.99M,-98.1%,<.01%
31946M103,FCNCA,FIRST CTZNS BANCSHARES INC D,120114,-1918,249.93M,-3.99M,-1.6%,0.05%
464287408,IVE,ISHARES TR,16259,-17899,3.69M,-4.06M,-52.4%,<.01%
260557103,DOW,DOW HLDGS INC,4071484,-148645,111.4M,-4.07M,-3.5%,0.02%
922042858,VWO,VANGUARD INTL EQUITY INDEX F,212232,-68726,12.67M,-4.1M,-24.5%,<.01%
577933104,MMS,MAXIMUS INC,110200,-76881,5.92M,-4.13M,-41.1%,<.01%
G31249108,ESTA,ESTABLISHMENT LABS HLDGS INC,139,-48276,11.93K,-4.14M,-99.7%,<.01%
H5919C104,ONON,ON HLDG AG,1814,-120384,64.25K,-4.26M,-98.5%,<.01%
733245104,PRCH,PORCH GROUP INC,89568,-284912,1.35M,-4.29M,-76.1%,<.01%
46429B671,MCHI,ISHARES TR,5603,-84105,285.89K,-4.29M,-93.8%,<.01%
81369Y860,XLRE,SELECT SECTOR SPDR TR,7240,-97526,318.78K,-4.29M,-93.1%,<.01%
09581B103,OWL,BLUE OWL CAPITAL INC,1192935,-491074,10.44M,-4.3M,-29.2%,<.01%
G61188101,LBTYA,LIBERTY GLOBAL LTD,972,-382469,11.05K,-4.35M,-99.7%,<.01%
689648103,OTTR,OTTER TAIL CORP,46061,-48510,4.14M,-4.36M,-51.3%,<.01%
75886F107,REGN,REGENERON PHARMACEUTICALS,716560,-7061,446.8M,-4.4M,-1%,0.08%
464286772,EWY,ISHARES INC,9678,-22068,1.95M,-4.46M,-69.5%,<.01%
55087P104,LYFT,LYFT INC,3871587,-305380,56.56M,-4.46M,-7.3%,0.01%
92206C771,VMBS,VANGUARD SCOTTSDALE FDS,760848,-96290,35.62M,-4.51M,-11.2%,<.01%
78410G104,SBAC,SBA COMMUNICATIONS CORP,900762,-25587,158.95M,-4.52M,-2.8%,0.03%
46641Q217,BBJP,J P MORGAN EXCHANGE TRADED F,78126,-60305,5.88M,-4.54M,-43.6%,<.01%
767292105,RIOT,RIOT PLATFORMS INC,517297,-166606,14.16M,-4.56M,-24.4%,<.01%
303075105,FDS,FACTSET RESH SYS INC,117804,-19884,27.1M,-4.57M,-14.4%,<.01%
64110W102,NTES,NETEASE COM INC,8040080,-35876,1.03B,-4.6M,-0.4%,0.19%
G97822103,PRGO,PERRIGO CO PLC,0,-428278,0,-4.6M,CLOSE,0%
70432V102,PAYC,PAYCOM SOFTWARE INC,117977,-36604,14.83M,-4.6M,-23.7%,<.01%
35137L105,FOXA,FOX CORP,2399041,-88327,125.13M,-4.61M,-3.6%,0.02%
18539C105,CWENA,CLEARWAY ENERGY INC,0,-120023,0,-4.7M,CLOSE,0%
34959J108,FTV,FORTIVE CORP,4129457,-78324,252.27M,-4.78M,-1.9%,0.05%
06652K103,BKU,BANKUNITED INC,158649,-99808,7.69M,-4.84M,-38.6%,<.01%
115637209,BF.B,BROWN FORMAN CORP,510006,-181653,13.59M,-4.84M,-26.3%,<.01%
922042775,VEU,VANGUARD INTL EQUITY INDEX F,16782,-58092,1.41M,-4.87M,-77.6%,<.01%
464287309,IVW,ISHARES TR,100895,-35407,13.88M,-4.87M,-26%,<.01%
G8192H106,SPNT,SIRIUSPOINT LTD,1941,-205100,46.58K,-4.92M,-99.1%,<.01%
29414B104,EPAM,EPAM SYS INC,160822,-62147,12.76M,-4.93M,-27.9%,<.01%
101121101,BXP,BXP INC,1232500,-74403,81.73M,-4.93M,-5.7%,0.01%
46435G326,IDEV,ISHARES TR,80503,-55439,7.17M,-4.93M,-40.8%,<.01%
30161Q104,EXEL,EXELIXIS INC,1201307,-90710,65.36M,-4.94M,-7%,0.01%
00187Y100,APG,API GROUP CORP,2823518,-117178,119.58M,-4.96M,-4%,0.02%
92189H300,EMLC,VANECK ETF TRUST,3210810,-194789,82.07M,-4.98M,-5.7%,0.01%
880881107,TERN,TERNS PHARMACEUTICALS INC,0,-94646,0,-4.99M,CLOSE,0%
464286103,EWA,ISHARES INC,10486,-177273,295.29K,-4.99M,-94.4%,<.01%
816300107,SIGI,SELECTIVE INS GROUP INC,155845,-51567,15.12M,-5M,-24.9%,<.01%
92204A603,VIS,VANGUARD WORLD FD,8225,-14062,2.96M,-5.07M,-63.1%,<.01%
P73684113,OSW,ONESPAWORLD HOLDINGS LIMITED,9513,-179995,268.65K,-5.08M,-95%,<.01%
540424108,L,LOEWS CORP,1204563,-45128,136.37M,-5.11M,-3.6%,0.02%
753422104,RPD,RAPID7 INC,6901,-634566,55.9K,-5.14M,-98.9%,<.01%
647581206,EDU,NEW ORIENTAL ED & TECHNOLOGY,1477776,-114387,67.84M,-5.25M,-7.2%,0.01%
615111101,ONT,ONTERRIS INC,1252138,-263533,25.31M,-5.33M,-17.4%,<.01%
46429B267,GOVT,ISHARES TR,2887624,-236470,65.78M,-5.39M,-7.6%,0.01%
464288877,EFV,ISHARES TR,7584,-70865,580.55K,-5.42M,-90.3%,<.01%
071813109,BAX,BAXTER INTL INC,1513888,-255607,32.28M,-5.45M,-14.4%,<.01%
23918K108,DVA,DAVITA INC,126765,-24548,28.2M,-5.46M,-16.2%,<.01%
921909768,VXUS,VANGUARD STAR FDS,418019,-64571,35.74M,-5.52M,-13.4%,<.01%
122017106,BURL,BURLINGTON STORES INC,597886,-17491,189.41M,-5.54M,-2.8%,0.03%
675232102,OII,OCEANEERING INTL INC,162283,-137290,6.58M,-5.56M,-45.8%,<.01%
922908769,VTI,VANGUARD INDEX FDS,324521,-15079,120.09M,-5.58M,-4.4%,0.02%
81369Y100,XLB,SELECT SECTOR SPDR TR,9857,-109861,501.03K,-5.58M,-91.8%,<.01%
G1890L107,CPRI,CAPRI HOLDINGS LIMITED,2245,-311754,41.69K,-5.79M,-99.3%,<.01%
11133T103,BR,BROADRIDGE FINL SOLUTIONS IN,990972,-42424,135.71M,-5.81M,-4.1%,0.02%
87724P106,TMHC,TAYLOR MORRISON HOME CORP,221586,-81959,15.9M,-5.88M,-27%,<.01%
Y41053102,INSW,INTERNATIONAL SEAWAYS INC,933,-77226,71.46K,-5.91M,-98.8%,<.01%
05550J101,BJ,BJS WHSL CLUB HLDGS INC,465315,-68353,40.58M,-5.96M,-12.8%,<.01%
43300A203,HLT,HILTON WORLDWIDE HLDGS INC,1201074,-18044,396.91M,-5.96M,-1.5%,0.07%
N07059210,ASML,ASML HLDG NV,28322,-3035,56.34M,-6.04M,-9.7%,0.01%
92204A405,VFH,VANGUARD WORLD FD,17706,-46340,2.33M,-6.1M,-72.4%,<.01%
942622200,WSO,WATSCO INC,135045,-14647,56.28M,-6.1M,-9.8%,0.01%
L00849106,AGRO,ADECOAGRO S A,0,-410947,0,-6.17M,CLOSE,0%
015271109,ARE,ALEXANDRIA REAL ESTATE EQ IN,1219759,-117111,64.46M,-6.19M,-8.8%,0.01%
98985Y108,ZYME,ZYMEWORKS INC,81359,-238026,2.13M,-6.22M,-74.5%,<.01%
21871X109,CRBG,COREBRIDGE FINL INC,1263484,-217822,36.17M,-6.24M,-14.7%,<.01%
70614W100,PTON,PELOTON INTERACTIVE INC,754158,-1068976,4.46M,-6.32M,-58.6%,<.01%
256163106,DOCU,DOCUSIGN INC,1808071,-142575,80.31M,-6.33M,-7.3%,0.01%
042068205,ARM,ARM HOLDINGS PLC,153355,-18108,54.38M,-6.42M,-10.6%,<.01%
955306105,WST,WEST PHARMACEUTICAL SVSC INC,884865,-17899,317.67M,-6.43M,-2%,0.06%
03940C100,ACLX,ARCELLX INC,0,-57289,0,-6.58M,CLOSE,0%
87165B103,SYF,SYNCHRONY FINANCIAL,4174429,-86574,317.47M,-6.58M,-2%,0.06%
09061G101,BMRN,BIOMARIN PHARMACEUTICAL INC,735724,-115095,42.1M,-6.59M,-13.5%,<.01%
133131102,CPT,CAMDEN PPTY TR,696951,-58988,79.79M,-6.75M,-7.8%,0.01%
030420103,AWK,AMERICAN WTR WKS CO INC NEW,2590025,-51346,340.8M,-6.76M,-1.9%,0.06%
92206C706,VGIT,VANGUARD SCOTTSDALE FDS,1374152,-114957,81.05M,-6.78M,-7.7%,0.01%
M9T951109,ZIM,ZIM INTEGRATED SHIPPING SERV,0,-257915,0,-6.8M,CLOSE,0%
60770K107,MRNA,MODERNA INC,1521849,-98725,106.58M,-6.91M,-6.1%,0.02%
G037AX101,AMBA,AMBARELLA INC,1887,-81217,161.91K,-6.97M,-97.7%,<.01%
92537N108,VRT,VERTIV HOLDINGS CO,2256647,-21111,755.57M,-7.07M,-0.9%,0.14%
80810D103,SDGR,SCHRODINGER INC,2221485,-438798,36.1M,-7.13M,-16.5%,<.01%
931142103,WMT,WALMART INC,27015680,-63025,3.06B,-7.14M,-0.2%,0.56%
852234103,XYZ,BLOCK INC,2786799,-94068,211.8M,-7.15M,-3.3%,0.04%
H8817H100,RIG,TRANSOCEAN LTD,4541,-1468385,22.2K,-7.18M,-99.7%,<.01%
538034109,LYV,LIVE NATION ENTERTAINMENT IN,660271,-39497,120.9M,-7.23M,-5.6%,0.02%
03753U106,APLS,APELLIS PHARMACEUTICALS INC,0,-179953,0,-7.24M,CLOSE,0%
464286749,EWL,ISHARES INC,9579,-115449,602.04K,-7.26M,-92.3%,<.01%
443573100,HUBS,HUBSPOT INC,487542,-40196,88.98M,-7.34M,-7.6%,0.02%
941848103,WAT,WATERS CORP,774955,-19634,290.64M,-7.36M,-2.5%,0.05%
893641100,TDG,TRANSDIGM GROUP INC,354105,-5536,471.68M,-7.37M,-1.5%,0.09%
78464A664,SPTL,SPDR SERIES TRUST,2498496,-283802,65.54M,-7.44M,-10.2%,0.01%
808524805,SCHF,SCHWAB STRATEGIC TR,58678,-269473,1.63M,-7.46M,-82.1%,<.01%
459506101,IFF,INTERNATIONAL FLAVORS&FRAGRA,6112514,-94581,484.23M,-7.49M,-1.5%,0.09%
009066101,ABNB,AIRBNB INC,3242713,-52473,464.03M,-7.51M,-1.6%,0.08%
741623102,PRMB,PRIMO BRANDS CORPORATION,632876,-312348,15.47M,-7.63M,-33%,<.01%
670703107,NUVL,NUVALENT INC,60102,-62085,7.42M,-7.67M,-50.8%,<.01%
679295105,OKTA,OKTA INC,2415891,-57338,329.65M,-7.82M,-2.3%,0.06%
192422103,CGNX,COGNEX CORP,976599,-110365,70.73M,-7.99M,-10.2%,0.01%
83443Q103,SOLS,SOLSTICE ADVANCED MATLS INC,507798,-90357,44.99M,-8.01M,-15.1%,<.01%
03152W109,FOLD,AMICUS THERAPEUTIC,0,-557170,0,-8.06M,CLOSE,0%
G7500M104,RNW,RENEW ENERGY GLOBAL PLC,0,-1813516,0,-8.31M,CLOSE,0%
706915105,PENG,PENGUIN SOLUTIONS INC,139266,-109816,10.59M,-8.35M,-44.1%,<.01%
165167735,EXE,EXPAND ENERGY CORPORATION,2677536,-93118,244.16M,-8.49M,-3.4%,0.04%
81369Y506,XLE,SELECT SECTOR SPDR TR,128821,-160052,6.84M,-8.5M,-55.4%,<.01%
H17182108,CRSP,CRISPR THERAPEUTICS AG,1193,-156203,65.07K,-8.52M,-99.2%,<.01%
444859102,HUM,HUMANA INC,1072296,-21480,425.94M,-8.53M,-2%,0.08%
G81276100,SIG,SIGNET JEWELERS LIMITED,1369,-100365,118.01K,-8.65M,-98.7%,<.01%
G65431127,NE,NOBLE CORP PLC,1840,-232366,68.63K,-8.67M,-99.2%,<.01%
009158106,APD,AIR PRODUCTS AND CHEMICALS I,1040806,-30409,305.14M,-8.92M,-2.8%,0.06%
156504300,CCS,CENTURY COMMUNITIES INC,60404,-125224,4.33M,-8.97M,-67.5%,<.01%
G9460G101,VAL,VALARIS LTD,1100,-125516,79.86K,-9.11M,-99.1%,<.01%
N62509109,NAMS,NEWAMSTERDAM PHARMA COMPANY,0,-285285,0,-9.13M,CLOSE,0%
464286509,EWC,ISHARES INC,17742,-158504,1.02M,-9.14M,-89.9%,<.01%
05722G100,BKR,BAKER HUGHES COMPANY,8629654,-165436,478.95M,-9.18M,-1.9%,0.09%
G1110E107,BHVN,BIOHAVEN LTD,748,-617432,11.13K,-9.19M,-99.9%,<.01%
922908751,VB,VANGUARD INDEX FDS,56075,-30318,17M,-9.19M,-35.1%,<.01%
489398107,KW,KENNEDY-WILSON HOLDINGS INC,0,-851873,0,-9.22M,CLOSE,0%
G4740B105,ICHR,ICHOR HOLDINGS,1546,-82876,173.59K,-9.31M,-98.2%,<.01%
929089100,VOYA,VOYA FINANCIAL INC,1526728,-103130,138.21M,-9.34M,-6.3%,0.03%
921943858,VEA,VANGUARD TAX-MANAGED FDS,533340,-131639,38M,-9.38M,-19.8%,<.01%
172755100,CRUS,CIRRUS LOGIC INC,351409,-63272,52.19M,-9.4M,-15.3%,<.01%
M5216V106,GLBE,GLOBAL E ONLINE LTD,426,-271522,14.79K,-9.43M,-99.8%,<.01%
084423102,WRB,BERKLEY W R CORP,2041622,-133870,144M,-9.44M,-6.2%,0.03%
89677Q107,TCOM,TRIP COM GROUP LTD,1819760,-238425,72.5M,-9.5M,-11.6%,0.01%
78462F103,SPY,STATE STR SPDR S&P 500 ETF T,118970,-12736,88.84M,-9.51M,-9.7%,0.02%
55826T102,SPHR,SPHERE ENTERTAINMENT CO,56503,-55085,9.78M,-9.53M,-49.4%,<.01%
03820C105,AIT,APPLIED INDL TECHNOLOGIES IN,93846,-28217,31.73M,-9.54M,-23.1%,<.01%
969457100,WMB,WILLIAMS COS INC,8792629,-128884,653.64M,-9.58M,-1.4%,0.12%
008252108,AMG,AFFILIATED MANAGERS GROUP,74871,-28602,25.34M,-9.68M,-27.6%,<.01%
60855R100,MOH,MOLINA HEALTHCARE INC,179440,-42608,41.04M,-9.74M,-19.2%,<.01%
16119P108,CHTR,CHARTER COMMUNICATIONS INC,630124,-70159,89.61M,-9.98M,-10%,0.02%
M20791105,CAMT,CAMTEK LTD,0,-65939,0,-10M,CLOSE,0%
088929104,BGC,BGC GROUP INC,576349,-944887,6.16M,-10.1M,-62.1%,<.01%
G8068L108,SN,SHARKNINJA INC,56655,-66459,8.63M,-10.12M,-54%,<.01%
46435G334,EWU,ISHARES TR,27471,-226899,1.27M,-10.47M,-89.2%,<.01%
896239100,TRMB,TRIMBLE INC,3166208,-205164,162.05M,-10.5M,-6.1%,0.03%
452327109,ILMN,ILLUMINA INC,1502137,-61102,264.12M,-10.74M,-3.9%,0.05%
808524508,SCHM,SCHWAB STRATEGIC TR,91305,-292331,3.37M,-10.78M,-76.2%,<.01%
808524607,SCHA,SCHWAB STRATEGIC TR,7081,-299044,255.84K,-10.8M,-97.7%,<.01%
281020107,EIX,EDISON INTL,4162986,-145425,309.93M,-10.83M,-3.4%,0.06%
M7S64H106,MNDY,MONDAY COM LTD,1183,-149679,85.64K,-10.84M,-99.2%,<.01%
78468R721,TFI,SPDR SERIES TRUST,234345,-237922,10.73M,-10.9M,-50.4%,<.01%
674599105,OXY,OCCIDENTAL PETE CORP,4647331,-225108,225.72M,-10.93M,-4.6%,0.04%
035710839,NLY,ANNALY CAPITAL MANAGEMENT IN,4754528,-502886,106.31M,-11.24M,-9.6%,0.02%
G0585R106,AGO,ASSURED GUARANTY LTD,4628,-140891,370.98K,-11.29M,-96.8%,<.01%
64125C109,NBIX,NEUROCRINE BIOSCIENCES INC,504233,-67486,84.98M,-11.37M,-11.8%,0.02%
58506Q109,MEDP,MEDPACE HLDGS INC,119206,-21601,63.13M,-11.44M,-15.3%,0.01%
75383L102,RAPP,RAPPORT THERAPEUTICS INC,644082,-274784,26.84M,-11.45M,-29.9%,<.01%
464287507,IJH,ISHARES TR,125125,-148569,9.65M,-11.46M,-54.3%,<.01%
464285204,IAU,ISHARES GOLD TR,1646017,-154090,124.29M,-11.64M,-8.6%,0.02%
G85158106,STNE,STONECO LTD,7509,-1079749,81.4K,-11.7M,-99.3%,<.01%
04963C209,ATRC,ATRICURE INC,131853,-423261,3.69M,-11.84M,-76.2%,<.01%
808524102,SCHB,SCHWAB STRATEGIC TR,11427853,-409136,330.95M,-11.85M,-3.5%,0.06%
75629V104,RXRX,RECURSION PHARMACEUTICALS IN,760129,-3263269,2.79M,-11.98M,-81.1%,<.01%
960413102,WLK,WESTLAKE CORPORATION,817207,-164198,59.66M,-11.99M,-16.7%,0.01%
09290D101,BLK,BLACKROCK INC,1384840,-12571,1.33B,-12.09M,-0.9%,0.24%
G5509L101,LIVN,LIVANOVA PLC,828,-147434,68.09K,-12.12M,-99.4%,<.01%
450056106,IRTC,IRHYTHM HOLDINGS INC,944517,-102935,112.35M,-12.24M,-9.8%,0.02%
922042874,VGK,VANGUARD INTL EQUITY INDEX F,52415,-138629,4.64M,-12.27M,-72.6%,<.01%
126349109,CSGS,CSG SYS INTL INC,0,-154684,0,-12.37M,CLOSE,0%
464287804,IJR,ISHARES TR,107197,-83971,15.9M,-12.45M,-43.9%,<.01%
81369Y308,XLP,SELECT SECTOR SPDR TR,15656,-150825,1.3M,-12.53M,-90.6%,<.01%
26622P107,DOCS,DOXIMITY INC,1227267,-604620,25.45M,-12.54M,-33%,<.01%
G5279N105,KLAR,KLARNA GROUP PLC,0,-961111,0,-12.58M,CLOSE,0%
928298108,VSH,VISHAY INTERTECHNOLOGY INC,185058,-237605,9.95M,-12.78M,-56.2%,<.01%
H01301128,ALC,ALCON AG,308916,-195320,20.73M,-13.11M,-38.7%,<.01%
G3198U102,ESNT,ESSENT GROUP LTD,1825,-205646,117.31K,-13.22M,-99.1%,<.01%
G48833118,WFRD,WEATHERFORD INTL PLC,1027,-162452,83.7K,-13.24M,-99.4%,<.01%
81663L200,WGS,GENEDX HOLDINGS CORP,54336,-195096,3.73M,-13.39M,-78.2%,<.01%
457187102,INGR,INGREDION INC,171454,-141710,16.24M,-13.42M,-45.3%,<.01%
40637H109,HALO,HALOZYME THERAPEUTICS INC,356472,-171559,27.9M,-13.43M,-32.5%,<.01%
60871R209,TAP,MOLSON COORS BEVERAGE CO,333692,-345379,13M,-13.46M,-50.9%,<.01%
185123106,CWAN,CLEARWATER ANALYTICS HLDGS I,0,-570645,0,-13.5M,CLOSE,0%
00846U101,A,AGILENT TECHNOLOGIES INC,2544780,-101678,338.02M,-13.51M,-3.8%,0.06%
609839105,MPWR,MONOLITHIC PWR SYS INC,292368,-9837,404.16M,-13.6M,-3.3%,0.07%
74164M108,PRI,PRIMERICA INC,93371,-47991,26.54M,-13.64M,-33.9%,<.01%
244199105,DE,DEERE & CO,1801164,-21609,1.14B,-13.71M,-1.2%,0.21%
912008109,USFD,US FOODS HLDG CORP,1099800,-135540,112.45M,-13.86M,-11%,0.02%
750940108,RAL,RALLIANT CORP,299980,-192964,22.09M,-14.21M,-39.1%,<.01%
46436E718,SGOV,ISHARES TR,450319,-141648,45.33M,-14.26M,-23.9%,<.01%
G3922B107,G,GENPACT LIMITED,3295,-522364,90.61K,-14.37M,-99.4%,<.01%
031100100,AME,AMETEK INC,1572586,-59498,380.47M,-14.39M,-3.6%,0.07%
87265H109,TPH,TRI POINTE HOMES INC,0,-309651,0,-14.47M,CLOSE,0%
N14506104,ESTC,ELASTIC N V,1746,-260956,99.56K,-14.88M,-99.3%,<.01%
653656108,NICE,NICE LTD,479989,-164635,43.61M,-14.96M,-25.5%,<.01%
19046P209,CCB,COASTAL FINL CORP WA,75499,-193190,5.85M,-14.97M,-71.9%,<.01%
46982L108,J,JACOBS SOLUTIONS INC,984366,-119663,124.03M,-15.08M,-10.8%,0.02%
184496107,CLH,CLEAN HARBORS INC,466863,-50698,139.48M,-15.15M,-9.8%,0.03%
745867101,PHM,PULTE GROUP INC,1438684,-111046,197.4M,-15.24M,-7.2%,0.04%
833445109,SNOW,SNOWFLAKE INC,2754154,-59881,700.93M,-15.24M,-2.1%,0.13%
88339J105,TTD,THE TRADE DESK INC,1092889,-863602,19.76M,-15.61M,-44.1%,<.01%
372460105,GPC,GENUINE PARTS CO,1452481,-133632,171.36M,-15.77M,-8.4%,0.03%
12504L109,CBRE,CBRE GROUP INC,2566997,-117971,345.75M,-15.89M,-4.4%,0.06%
501575104,KYMR,KYMERA THERAPEUTICS INC,736866,-139006,84.5M,-15.94M,-15.9%,0.02%
81211K100,SEE,SEALED AIR CORP NEW,0,-379732,0,-15.97M,CLOSE,0%
G9618E107,WTM,WHITE MTNS INS GROUP LTD,61,-7765,126.48K,-16.1M,-99.2%,<.01%
00790R104,WMS,ADVANCED DRAIN SYS INC DEL,2346623,-103500,368.33M,-16.25M,-4.2%,0.07%
345370860,F,FORD MTR CO,28138640,-1169569,391.13M,-16.26M,-4%,0.07%
45841N107,IBKR,INTERACTIVE BROKERS GROUP IN,1938409,-187243,168.72M,-16.3M,-8.8%,0.03%
46435U853,USHY,ISHARES TR,5210289,-443464,192.88M,-16.42M,-7.8%,0.04%
075887109,BDX,BECTON DICKINSON & CO,1777558,-110762,269M,-16.76M,-5.9%,0.05%
172908105,CTAS,CINTAS CORP,2056578,-98722,349.78M,-16.79M,-4.6%,0.06%
98954M200,Z,ZILLOW GROUP INC,415977,-534250,13.11M,-16.84M,-56.2%,<.01%
G02602103,DOX,AMDOCS LTD,1335,-336141,67.47K,-16.99M,-99.6%,<.01%
68902V107,OTIS,OTIS WORLDWIDE CORP,3071357,-239012,219.91M,-17.11M,-7.2%,0.04%
446150104,HBAN,HUNTINGTON BANCSHARES INC,15403947,-969204,273.11M,-17.18M,-5.9%,0.05%
464288158,SUB,ISHARES TR,211051,-161757,22.47M,-17.22M,-43.4%,<.01%
35671D857,FCX,FREEPORT MCMORAN INC,6311141,-275222,396.91M,-17.31M,-4.2%,0.07%
00912X302,AL,AIR LEASE CORP,0,-268274,0,-17.42M,CLOSE,0%
122017AD8,BURL,BURLINGTON STORES INC,19900000,-11100000,31.67M,-17.67M,-35.8%,<.01%
099502106,BAH,BOOZ ALLEN HAMILTON HLDG COR,287068,-292036,17.42M,-17.72M,-50.4%,<.01%
46434G822,EWJ,ISHARES INC,19317,-192610,1.8M,-17.96M,-90.9%,<.01%
101137107,BSX,BOSTON SCIENTIFIC CORP,13091481,-422290,558.74M,-18.02M,-3.1%,0.1%
31620M106,FIS,FIDELITY NATL INFORMATION SV,3326248,-468849,129.32M,-18.23M,-12.4%,0.02%
92206C730,VONE,VANGUARD SCOTTSDALE FDS,496,-54175,168K,-18.35M,-99.1%,<.01%
020002101,ALL,ALLSTATE CORP,2167998,-78458,515.85M,-18.67M,-3.5%,0.09%
G0750C108,AXTA,AXALTA COATING SYS LTD,2425,-545949,82.98K,-18.68M,-99.6%,<.01%
922475108,VEEV,VEEVA SYS INC,1446761,-106562,256.76M,-18.91M,-6.9%,0.05%
12008R107,BLDR,BUILDERS FIRSTSOURCE INC,303482,-211734,27.16M,-18.95M,-41.1%,<.01%
526057104,LEN,LENNAR CORP,1113026,-210096,100.72M,-19.01M,-15.9%,0.02%
G4474Y214,JHG,JANUS HENDERSON GROUP PLC,4996,-366488,259.54K,-19.04M,-98.7%,<.01%
808524201,SCHX,SCHWAB STRATEGIC TR,1253083,-647723,36.88M,-19.06M,-34.1%,<.01%
922908744,VTV,VANGUARD INDEX FDS,102593,-87785,22.36M,-19.13M,-46.1%,<.01%
46120E602,ISRG,INTUITIVE SURGICAL INC,3268066,-48192,1.3B,-19.16M,-1.5%,0.24%
26142V105,DKNG,DRAFTKINGS INC NEW,841978,-761756,21.27M,-19.24M,-47.5%,<.01%
83088M102,SWKS,SKYWORKS SOLUTIONS INC,548273,-288885,37.17M,-19.59M,-34.5%,<.01%
886364702,SPSK,TIDAL TRUST I,0,-1099763,0,-19.69M,CLOSE,0%
594972408,MSTR,STRATEGY INC,1346925,-226805,117.09M,-19.72M,-14.4%,0.02%
001084102,AGCO,AGCO CORP,1351032,-165457,161.72M,-19.81M,-10.9%,0.03%
024061103,DCH,DAUCH CORP,142526,-3751885,772.49K,-20.34M,-96.3%,<.01%
501044101,KR,KROGER CO,4878071,-366742,270.88M,-20.37M,-7%,0.05%
142152107,CAI,CARIS LIFE SCIENCES INC,770,-1148363,13.72K,-20.46M,-99.9%,<.01%
989207105,ZBRA,ZEBRA TECHNOLOGIES CORPORATI,468497,-78742,123.34M,-20.73M,-14.4%,0.02%
609207105,MDLZ,MONDELEZ INTL INC,6838043,-362672,395.51M,-20.98M,-5%,0.07%
G01767105,ALKS,ALKERMES PLC,2712,-400441,142.09K,-20.98M,-99.3%,<.01%
M2029K104,BIRK,BIRKENSTOCK HOLDING PLC,102,-488552,4.39K,-21.02M,-100%,<.01%
784117103,SEIC,SEI INVTS CO,216054,-239860,18.95M,-21.04M,-52.6%,<.01%
69370C100,PTC,PTC INC,1122548,-186093,127.53M,-21.14M,-14.2%,0.02%
G8060N102,ST,SENSATA TECHNOLOGIES HLDG PL,977,-443555,46.64K,-21.18M,-99.8%,<.01%
026874784,AIG,AMERICAN INTL GROUP INC,3850758,-286211,287M,-21.33M,-6.9%,0.05%
81369Y886,XLU,SELECT SECTOR SPDR TR,1278904,-472233,57.99M,-21.41M,-27%,0.01%
98980L101,ZM,ZOOM COMMUNICATIONS INC,2407891,-248114,207.83M,-21.41M,-9.3%,0.04%
12572Q105,CME,CME GROUP INC,2700938,-97324,596.45M,-21.49M,-3.5%,0.11%
156944100,CGON,CG ONCOLOGY INC,761807,-303159,54.13M,-21.54M,-28.5%,<.01%
913903100,UHS,UNIVERSAL HLTH SVCS INC,90402,-146717,13.44M,-21.82M,-61.9%,<.01%
464286608,EZU,ISHARES INC,62396,-328483,4.34M,-22.83M,-84%,<.01%
29786A106,ETSY,ETSY INC,264199,-303695,19.9M,-22.88M,-53.5%,<.01%
87612G101,TRGP,TARGA RES CORP,1424643,-85689,382M,-22.98M,-5.7%,0.07%
086516101,BBY,BEST BUY INC,2301505,-304370,174.64M,-23.1M,-11.7%,0.03%
969904101,WSM,WILLIAMS SONOMA INC,1636136,-99272,381.38M,-23.14M,-5.7%,0.07%
14149Y108,CAH,CARDINAL HEALTH INC,2224578,-97860,528.47M,-23.25M,-4.2%,0.1%
03743Q108,APA,APA CORPORATION,1661518,-724934,54.12M,-23.61M,-30.4%,<.01%
574795100,MASI,MASIMO CORP,0,-133689,0,-23.78M,CLOSE,0%
654106103,NKE,NIKE INC,6368490,-605299,261.43M,-24.85M,-8.7%,0.05%
G491BT108,IVZ,INVESCO LTD,57770,-947631,1.52M,-25.01M,-94.3%,<.01%
00288U106,ABCL,ABCELLERA BIOLOGICS INC,4317206,-3258270,33.89M,-25.58M,-43%,<.01%
681919106,OMC,OMNICOM GROUP INC,1681326,-356136,122.45M,-25.94M,-17.5%,0.02%
934423104,WBD,WARNER BROS DISCOVERY INC,15044844,-975206,401.1M,-26M,-6.1%,0.07%
78409V104,SPGI,S&P GLOBAL INC,2899509,-64082,1.18B,-26.1M,-2.2%,0.21%
L6388F110,TIGO,MILLICOM INTL CELLULAR S A,839,-288208,76.15K,-26.16M,-99.7%,<.01%
09062X103,BIIB,BIOGEN INC,1255168,-122400,271.19M,-26.45M,-8.9%,0.05%
90184D100,TWST,TWIST BIOSCIENCE CORP,563782,-260194,58M,-26.77M,-31.6%,0.01%
375558103,GILD,GILEAD SCIENCES INC,12986591,-212512,1.64B,-26.85M,-1.6%,0.3%
040413205,ANET,ARISTA NETWORKS INC,10462016,-158726,1.78B,-26.96M,-1.5%,0.32%
F21107101,CSTM,CONSTELLIUM SE,3035,-852629,96.72K,-27.17M,-99.6%,<.01%
750236101,RDN,RADIAN GROUP INC,329362,-729751,12.41M,-27.49M,-68.9%,<.01%
40131M109,GH,GUARDANT HEALTH INC,1439787,-183724,216.01M,-27.56M,-11.3%,0.04%
26875P101,EOG,EOG RES INC,3161266,-213351,410.11M,-27.68M,-6.3%,0.07%
81369Y209,XLV,SELECT SECTOR SPDR TR,28630,-175721,4.54M,-27.88M,-86%,<.01%
45687V106,IR,INGERSOLL RAND INC,5669838,-341829,464.87M,-28.03M,-5.7%,0.08%
256677105,DG,DOLLAR GEN CORP,1840544,-246840,211.87M,-28.41M,-11.8%,0.04%
G93A5A101,VIK,VIKING HOLDINGS LTD,100081,-274691,10.48M,-28.75M,-73.3%,<.01%
G66721104,NCLH,NORWEGIAN CRUISE LINE HLDGS,50510,-1370651,1.07M,-28.93M,-96.4%,<.01%
26884L109,EQT,EQT CORP,2642468,-548973,140.5M,-29.19M,-17.2%,0.03%
81369Y407,XLY,SELECT SECTOR SPDR TR,17187,-251353,2.02M,-29.48M,-93.6%,<.01%
902653104,UDR,UDR INC,2186027,-741739,87.27M,-29.61M,-25.3%,0.02%
04280A100,ARWR,ARROWHEAD PHARMACEUTICALS IN,964479,-366517,78.61M,-29.87M,-27.5%,0.01%
81369Y852,XLC,SELECT SECTOR SPDR TR,32174,-284059,3.45M,-30.43M,-89.8%,<.01%
31428X106,FDX,FEDEX CORP,1324387,-97881,414.71M,-30.65M,-6.9%,0.08%
464288620,USIG,ISHARES TR,11011795,-599153,564.79M,-30.73M,-5.2%,0.1%
18915M107,NET,CLOUDFLARE INC,2418577,-125466,593.23M,-30.77M,-4.9%,0.11%
81369Y704,XLI,SELECT SECTOR SPDR TR,23704,-166371,4.39M,-30.82M,-87.5%,<.01%
874039100,TSM,TAIWAN SEMICONDUCTOR MANUFAC,4032346,-68044,1.93B,-32.5M,-1.7%,0.35%
907818108,UNP,UNION PAC CORP,5064015,-119482,1.38B,-32.5M,-2.3%,0.25%
24823R105,DNLI,DENALI THERAPEUTICS INC,3161972,-1270342,81.33M,-32.67M,-28.7%,0.01%
194162103,CL,COLGATE PALMOLIVE CO,6471404,-357560,593.3M,-32.78M,-5.2%,0.11%
002824100,ABT,ABBOTT LABORATORIES,12835753,-362987,1.16B,-32.94M,-2.8%,0.21%
98980G102,ZS,ZSCALER INC,1731190,-233924,244.36M,-33.02M,-11.9%,0.04%
366651107,IT,GARTNER INC,510785,-261269,66.21M,-33.87M,-33.8%,0.01%
74762E102,PWR,QUANTA SVCS INC,1208405,-47092,870.1M,-33.91M,-3.8%,0.16%
98978V103,ZTS,ZOETIS INC,3924988,-473363,282.05M,-34.02M,-10.8%,0.05%
858119100,STLD,STEEL DYNAMICS INC,1071630,-148357,245.9M,-34.04M,-12.2%,0.04%
922908629,VO,VANGUARD INDEX FDS,1241259,-423101,100.01M,-34.09M,-25.4%,0.02%
83444M101,SOLV,SOLVENTUM CORP,324368,-447506,25.02M,-34.53M,-58%,<.01%
665859104,NTRS,NORTHERN TR CORP,1355184,-200253,235.59M,-34.81M,-12.9%,0.04%
440452100,HRL,HORMEL FOODS CORP,594344,-1408578,14.75M,-34.96M,-70.3%,<.01%
G50871105,JAZZ,JAZZ PHARMACEUTICALS PLC,563,-147201,135.67K,-35.47M,-99.6%,<.01%
291011104,EMR,EMERSON ELEC CO,4177941,-247902,598.07M,-35.49M,-5.6%,0.11%
89377M109,TMDX,TRANSMEDICS GROUP INC,398250,-541273,26.45M,-35.95M,-57.6%,<.01%
562750109,MANH,MANHATTAN ASSOCIATES INC,222127,-260136,30.93M,-36.22M,-53.9%,<.01%
14448C104,CARR,CARRIER GLOBAL CORPORATION,6011257,-495507,440.93M,-36.35M,-7.6%,0.08%
493267108,KEY,KEYCORP,6554367,-1583573,151.08M,-36.5M,-19.5%,0.03%
773903109,ROK,ROCKWELL AUTOMATION INC,1074596,-74067,532.01M,-36.67M,-6.4%,0.1%
81369Y605,XLF,SELECT SECTOR SPDR TR,100870,-696991,5.41M,-37.37M,-87.4%,<.01%
G3323L100,FN,FABRINET,1293,-67102,726.77K,-37.72M,-98.1%,<.01%
380237107,GDDY,GODADDY INC,882718,-450252,74.93M,-38.22M,-33.8%,0.01%
72352L106,PINS,PINTEREST INC,1347929,-1834956,28.35M,-38.59M,-57.7%,<.01%
G9456A100,GLNG,GOLAR LNG LTD,3814,-777477,190.09K,-38.75M,-99.5%,<.01%
36828A101,GEV,GE VERNOVA INC,1810471,-33393,2.13B,-39.23M,-1.8%,0.39%
922908637,VV,VANGUARD INDEX FDS,300897,-114660,103.48M,-39.43M,-27.6%,0.02%
426281101,JKHY,HENRY JACK & ASSOC INC,1171662,-286439,161.38M,-39.45M,-19.6%,0.03%
320517105,FHN,FIRST HORIZON CORPORATION,12731777,-1553047,326.44M,-39.82M,-10.9%,0.06%
620076307,MSI,MOTOROLA SOLUTIONS INC,1411704,-96103,586.27M,-39.91M,-6.4%,0.11%
311900104,FAST,FASTENAL CO,10686470,-841728,513.27M,-40.43M,-7.3%,0.09%
058498106,BALL,BALL CORP,1805211,-650511,112.65M,-40.59M,-26.5%,0.02%
235851102,DHR,DANAHER CORP DEL,5012228,-213633,954.73M,-40.69M,-4.1%,0.17%
464288414,MUB,ISHARES TR,786787,-382424,84.67M,-41.16M,-32.7%,0.02%
303250104,FICO,FAIR ISAAC CORP,260643,-35482,311.41M,-42.39M,-12%,0.06%
579780206,MKC,MCCORMICK & CO INC,2525075,-840914,127.31M,-42.4M,-25%,0.02%
278642103,EBAY,EBAY INC.,5893253,-382982,658.57M,-42.8M,-6.1%,0.12%
29452E101,EQH,EQUITABLE HLDGS INC,1051605,-1010277,46.14M,-44.33M,-49%,<.01%
46138E537,PZA,INVESCO EXCH TRADED FD TR II,2232045,-1892583,52.5M,-44.51M,-45.9%,<.01%
016255101,ALGN,ALIGN TECHNOLOGY INC,360198,-265628,60.75M,-44.8M,-42.4%,0.01%
G0692U109,AXS,AXIS CAP HLDGS LTD,1979,-421463,212.62K,-45.28M,-99.5%,<.01%
49456B101,KMI,KINDER MORGAN INC DEL,9735769,-1435377,311.25M,-45.89M,-12.8%,0.06%
337738108,FISV,FISERV INC,3327302,-948864,163.2M,-46.54M,-22.2%,0.03%
74758T303,QLYS,QUALYS INC,75577,-341010,10.39M,-46.89M,-81.9%,<.01%
G98239109,XP,XP INC,8734,-2933751,142.01K,-47.7M,-99.7%,<.01%
370334104,GIS,GENERAL MILLS INC,5808159,-1371235,202.12M,-47.72M,-19.1%,0.04%
Q4982L109,IREN,IREN LIMITED,29,-1090018,1.33K,-49.84M,-100%,<.01%
G3643J108,FLUT,FLUTTER ENTMT PLC,536,-488806,54.76K,-49.94M,-99.9%,<.01%
46434G103,IEMG,ISHARES INC,4682168,-605122,387.87M,-50.13M,-11.4%,0.07%
95040Q104,WELL,WELLTOWER INC,7948735,-222139,1.8B,-50.42M,-2.7%,0.33%
285512109,EA,ELECTRONIC ARTS INC,2240769,-251414,459.45M,-51.55M,-10.1%,0.08%
874054109,TTWO,TAKE-TWO INTERACTIVE SOFTWAR,1192501,-212247,298.1M,-53.06M,-15.1%,0.05%
416515104,HIG,HARTFORD INSURANCE GROUP INC,3993187,-401144,529.18M,-53.16M,-9.1%,0.1%
219350105,GLW,CORNING INC,5323016,-209078,1.36B,-53.4M,-3.8%,0.25%
H2927K103,AMRZ,AMRIZE LTD,4285,-1005268,228.39K,-53.58M,-99.6%,<.01%
452308109,ITW,ILLINOIS TOOL WKS INC,1531132,-200819,414.13M,-54.32M,-11.6%,0.08%
57636Q104,MA,MASTERCARD INCORPORATED,6987990,-106736,3.59B,-54.82M,-1.5%,0.65%
231021106,CMI,CUMMINS INC,1501336,-79824,1.07B,-56.93M,-5%,0.19%
G7496G103,RNR,RENAISSANCERE HLDGS LTD,2114,-180731,669.93K,-57.27M,-98.8%,<.01%
125523100,CI,THE CIGNA GROUP,2249223,-210223,620.07M,-57.95M,-8.5%,0.11%
89832Q109,TFC,TRUIST FINL CORP,7932304,-1174117,395.19M,-58.49M,-12.9%,0.07%
453204109,PI,IMPINJ INC,104713,-413113,15M,-59.17M,-79.8%,<.01%
758750103,RRX,REGAL REXNORD CORPORATION,483108,-249206,115.07M,-59.36M,-34%,0.02%
G76279101,ROIV,ROIVANT SCIENCES LTD,16627,-1724853,588.43K,-61.04M,-99%,<.01%
052769106,ADSK,AUTODESK INC,2818010,-317518,547.88M,-61.73M,-10.1%,0.1%
126650100,CVS,CVS HEALTH CORP,7684996,-613102,795.01M,-63.43M,-7.4%,0.14%
268150109,DT,DYNATRACE INC,3272431,-1467712,143.69M,-64.45M,-31%,0.03%
254687106,DIS,DISNEY WALT CO,15681976,-671423,1.51B,-64.62M,-4.1%,0.27%
025816109,AXP,AMERICAN EXPRESS CO,5053409,-193996,1.71B,-65.62M,-3.7%,0.31%
571903202,MAR,MARRIOTT INTL INC NEW,1109588,-180033,411.2M,-66.72M,-14%,0.07%
G4124C109,GRAB,GRAB HOLDINGS LIMITED,56107,-17706202,211.52K,-66.75M,-99.7%,<.01%
824348106,SHW,SHERWIN WILLIAMS CO,1803962,-196769,621.14M,-67.75M,-9.8%,0.11%
89417E109,TRV,TRAVELERS COMPANIES INC,2504288,-219905,826.72M,-72.6M,-8.1%,0.15%
92206C664,VTWO,VANGUARD SCOTTSDALE FDS,1803053,-606891,218.93M,-73.69M,-25.2%,0.04%
90353T100,UBER,UBER TECHNOLOGIES INC,12684812,-1033231,915.34M,-74.56M,-7.5%,0.17%
911312106,UPS,UNITED PARCEL SVCS INC,4295530,-740565,461.77M,-79.61M,-14.7%,0.08%
M6191J100,FROG,JFROG LTD,505,-878447,45.89K,-79.83M,-99.9%,<.01%
744573106,PEG,PUBLIC SVC ENTERPRISE GROUP,4600110,-1009566,373.34M,-81.94M,-18%,0.07%
G0176J109,ALLE,ALLEGION PLC,24499,-583508,3.44M,-81.98M,-96%,<.01%
14040H105,COF,CAPITAL ONE FINL CORP,6524225,-411766,1.31B,-82.61M,-5.9%,0.24%
G87110105,FTI,TECHNIPFMC PLC,11711,-1329480,776.44K,-88.14M,-99.1%,<.01%
24703L202,DELL,DELL TECHNOLOGIES INC,2586211,-208191,1.12B,-89.83M,-7.5%,0.2%
88160R101,TSLA,TESLA INC,19532936,-216832,8.22B,-91.2M,-1.1%,1.5%
500754106,KHC,KRAFT HEINZ CO,5825123,-3918574,137.59M,-92.56M,-40.2%,0.03%
92206C714,VONV,VANGUARD SCOTTSDALE FDS,5723225,-872631,608.44M,-92.77M,-13.2%,0.11%
N53745100,LYB,LYONDELLBASELL INDUSTRIES NV,3858,-1774494,203.12K,-93.43M,-99.8%,<.01%
571748102,MRSH,MARSH & MCLENNAN COS INC,4597647,-584870,766.29M,-97.48M,-11.3%,0.14%
G3730V105,FTAI,FTAI AVIATION LTD,1314,-363991,355.48K,-98.47M,-99.6%,<.01%
40412C101,HCA,HCA HEALTHCARE INC,1244576,-255424,485.25M,-99.59M,-17%,0.09%
G0378L100,AU,ANGLOGOLD ASHANTI PLC,3003,-1250815,242.91K,-101.18M,-99.8%,<.01%
025537101,AEP,AMERICAN ELEC PWR CO INC,2310019,-740776,316.03M,-101.35M,-24.3%,0.06%
G0250X149,AMCR,AMCOR PLC,22799,-2526792,988.34K,-109.54M,-99.1%,<.01%
N20944109,CNH,CNH INDL N V,5680,-9789730,63.79K,-109.94M,-99.9%,<.01%
58933Y105,MRK,MERCK & CO INC,19547171,-867648,2.51B,-111.49M,-4.3%,0.46%
G3223R108,EG,EVEREST GROUP LTD,1761,-313891,629.08K,-112.13M,-99.4%,<.01%
384802104,GWW,WW GRAINGER INC,551392,-86955,750.11M,-118.29M,-13.6%,0.14%
H11356104,BG,BUNGE GLOBAL SA,49288,-1109865,5.26M,-118.46M,-95.7%,<.01%
92206C680,VONG,VANGUARD SCOTTSDALE FDS,4253714,-931185,543.67M,-119.01M,-18%,0.1%
G39108108,GTES,GATES INDL CORP PLC,588292,-4304829,16.45M,-120.41M,-88%,<.01%
149123101,CAT,CATERPILLAR INC,3153638,-113895,3.36B,-121.29M,-3.5%,0.61%
81369Y803,XLK,SELECT SECTOR SPDR TR,84308,-648715,16.06M,-123.59M,-88.5%,<.01%
437076102,HD,HOME DEPOT INC,9083559,-385020,3.2B,-135.79M,-4.1%,0.58%
46432F842,IEFA,ISHARES TR,8835463,-1409537,853.33M,-136.13M,-13.8%,0.16%
25809K105,DASH,DOORDASH INC,2304986,-748830,425.34M,-138.18M,-24.5%,0.08%
127097103,CTRA,COTERRA ENERGY INC,0,-3947393,0,-138.71M,CLOSE,0%
882508104,TXN,TEXAS INSTRS INC,8825046,-480378,2.63B,-143.19M,-5.2%,0.48%
79466L302,CRM,SALESFORCE INC,7953999,-917304,1.25B,-143.7M,-10.3%,0.23%
69608A108,PLTR,PALANTIR TECHNOLOGIES INC,13026638,-1283873,1.52B,-149.79M,-9%,0.28%
548661107,LOW,LOWES COS INC,4812200,-725624,1.06B,-159.99M,-13.1%,0.19%
26614N102,DD,DUPONT DE NEMOURS INC,0,-3546195,0,-162.42M,CLOSE,0%
742718109,PG,PROCTER & GAMBLE CO,17219256,-1111337,2.53B,-162.97M,-6.1%,0.46%
G6700G107,NVT,NVENT ELEC PLC,88493,-969721,15.01M,-164.47M,-91.6%,<.01%
M22465104,CHKP,CHECK POINT SOFTWARE TECH LT,3482,-1261314,457.64K,-165.77M,-99.7%,<.01%
060505104,BAC,BANK OF AMER CORP,43727148,-2972076,2.49B,-169.35M,-6.4%,0.45%
G7709Q104,RPRX,ROYALTY PHARMA PLC,3453,-3092313,193.61K,-173.39M,-99.9%,<.01%
436440101,HOLX,HOLOGIC INC,0,-2299022,0,-173.78M,CLOSE,0%
036752103,ELV,ELEVANCE HEALTH INC FORMERLY,2065537,-453078,798.81M,-175.22M,-18%,0.15%
02079K305,GOOGL,ALPHABET INC,44688569,-507721,15.97B,-181.44M,-1.1%,2.9%
G25457105,CRDO,CREDO TECHNOLOGY GROUP HOLDI,4619,-681614,1.26M,-185.36M,-99.3%,<.01%
G25839104,CCEP,COCA-COLA EUROPACIFIC PARTNE,6695,-1895501,669.97K,-189.68M,-99.6%,<.01%
34959E109,FTNT,FORTINET INC,6312496,-1241700,969.73M,-190.75M,-16.4%,0.18%
64110L106,NFLX,NETFLIX INC.,31183400,-2674721,2.23B,-190.98M,-7.9%,0.4%
38141G104,GS,GOLDMAN SACHS GROUP INC,2346727,-192458,2.37B,-194.65M,-7.6%,0.43%
580135101,MCD,MCDONALDS CORP,5839330,-754400,1.58B,-203.92M,-11.4%,0.29%
G7S00T104,PNR,PENTAIR PLC,32747,-2698492,2.51M,-206.87M,-98.8%,<.01%
G96629103,WTW,WILLIS TOWERS WATSON PLC LTD,5154,-865571,1.35M,-226.23M,-99.4%,<.01%
22788C105,CRWD,CROWDSTRIKE HLDGS INC,1646288,-312313,1.26B,-238.34M,-15.9%,0.23%
N00985106,AER,AERCAP HOLDINGS NV,22252,-1651269,3.24M,-240.72M,-98.7%,<.01%
G8473T100,STE,STERIS PLC,5158,-1248344,1.09M,-262.86M,-99.6%,<.01%
G3265R107,APTV,APTIV PLC,273120,-4874936,16.76M,-299.22M,-94.7%,<.01%
G0450A105,ACGL,ARCH CAP GROUP LTD,90225,-3089527,8.76M,-299.87M,-97.2%,<.01%
478160104,JNJ,JOHNSON & JOHNSON,18416123,-1211990,4.68B,-307.81M,-6.2%,0.85%
032654105,ADI,ANALOG DEVICES INC,5840764,-817260,2.32B,-324.59M,-12.3%,0.42%
H2906T109,GRMN,GARMIN LTD,9473,-1386208,2.25M,-329.28M,-99.3%,<.01%
G6683N103,NU,NU HLDGS LTD,108010,-27122707,1.44M,-362.36M,-99.6%,<.01%
747525103,QCOM,QUALCOMM INC,10082880,-2030526,1.86B,-375.22M,-16.8%,0.34%
91324P102,UNH,UNITEDHEALTH GROUP INC,6535066,-907824,2.72B,-377.32M,-12.2%,0.49%
512807306,LRCX,LAM RESEARCH CORP,12514990,-909026,5.42B,-393.91M,-6.8%,0.99%
V7780T103,RCL,ROYAL CARIBBEAN GROUP,22057,-1262300,7M,-400.82M,-98.3%,<.01%
G0403H108,AON,AON PLC,25740,-1236383,8.54M,-410.1M,-98%,<.01%
038222105,AMAT,APPLIED MATLS INC,9412435,-584773,6.81B,-422.79M,-5.8%,1.2%
N97284108,NBIS,NEBIUS GROUP N.V.,136,-1551533,37.56K,-428.49M,-100%,<.01%
G2519Y108,BAP,CREDICORP LTD,760,-1112346,296.08K,-433.35M,-99.9%,<.01%
G25508105,CRH,CRH PLC,17106,-4060343,1.83M,-434.46M,-99.6%,<.01%
037833100,AAPL,APPLE INC,104001309,-1509444,30.09B,-436.77M,-1.4%,5.5%
G87052109,TEL,TE CONNECTIVITY PLC,25188,-2229956,5.08M,-449.58M,-98.9%,<.01%
Y2573F102,FLEX,FLEX LTD,11035,-3139384,1.79M,-508.8M,-99.6%,<.01%
L8681T102,SPOT,SPOTIFY TECHNOLOGY S A,6903,-1142327,3.17M,-524.48M,-99.4%,<.01%
02079K107,GOOG,ALPHABET INC,28819203,-1730068,10.18B,-611.28M,-5.7%,1.9%
30231G102,XOM,EXXON MOBIL CORP,10967082,-4859131,1.5B,-664.34M,-30.7%,0.27%
G5960L103,MDT,MEDTRONIC PLC,627689,-9106059,49.1M,-712.37M,-93.6%,<.01%
G1151C101,ACN,ACCENTURE PLC IRELAND,31877,-5789472,3.97M,-720.44M,-99.5%,<.01%
N6596X109,NXPI,NXP SEMICONDUCTORS N V,17812,-2625581,5.01M,-737.87M,-99.3%,<.01%
595112103,MU,MICRON TECHNOLOGY INC,8898442,-696371,10.27B,-803.81M,-7.3%,1.9%
438516106,HON,HONEYWELL INTL INC,0,-3767345,0,-851.53M,CLOSE,0%
458140100,INTC,INTEL CORP,46239139,-6531913,6.46B,-912.05M,-12.4%,1.2%
67066G104,NVDA,NVIDIA CORPORATION,194380101,-4595138,38.89B,-919.44M,-2.3%,7.1%
H1467J104,CB,CHUBB LIMITED,689209,-2720634,234.84M,-927.03M,-79.8%,0.04%
023135106,AMZN,AMAZON COM INC,69941464,-3928980,16.67B,-936.43M,-5.3%,3%
007903107,AMD,ADVANCED MICRO DEVICES INC,17548481,-1644283,10.19B,-955.18M,-8.6%,1.9%
G51502105,JCI,JOHNSON CONTROLS INTERNATION,917669,-6936254,134.08M,-1.01B,-88.3%,0.02%
G8994E103,TT,TRANE TECHNOLOGIES PLC,648404,-2173770,318.47M,-1.07B,-77%,0.06%
G29183103,ETN,EATON CORP PLC,895954,-3001686,381.78M,-1.28B,-77%,0.07%
G7997R103,STX,SEAGATE TECHNOLOGY HLDNGS PL,91889,-1442323,88.67M,-1.39B,-94%,0.02%
G54950103,LIN,LINDE PLC,1092248,-3406404,566.81M,-1.77B,-75.7%,0.1%
Total,,,,,550.09B,-6.95B,-1.4%,100%
