CUSIP,Ticker,Company,Shares,Delta_Shares,Value,Delta_Value,Delta,Portfolio%
67066G104,NVDA,NVIDIA CORPORATION,19899039,1432370,3.47B,249.81M,+7.8%,9%
038222105,AMAT,APPLIED MATLS INC,1197178,468533,409.18M,160.14M,+64.3%,1.1%
11135F101,AVGO,BROADCOM INC,5768466,347217,1.79B,107.47M,+6.4%,4.6%
02079K305,GOOGL,ALPHABET INC,3288005,368100,945.5M,105.85M,+12.6%,2.4%
64110L106,NFLX,NETFLIX INC.,3026110,873368,290.96M,83.97M,+40.6%,0.75%
880770102,TER,TERADYNE INC,320119,247820,94.9M,73.47M,+342.8%,0.24%
12503M108,CBOE,CBOE GLOBAL MKTS INC,301578,259736,84.76M,73M,+620.8%,0.22%
23804L103,DDOG,DATADOG INC,538693,386019,63.59M,45.57M,+252.8%,0.16%
G0250X149,AMCR,AMCOR PLC,1076411,1076411,42.79M,42.79M,NEW,0.11%
620076307,MSI,MOTOROLA SOLUTIONS INC,154803,98472,67.18M,42.73M,+174.8%,0.17%
03831W108,APP,APPLOVIN CORP,242588,102999,96.55M,40.99M,+73.8%,0.25%
097023105,BA,BOEING CO,500972,202645,99.71M,40.33M,+67.9%,0.26%
872590104,TMUS,T-MOBILE US INC,411799,176814,86.49M,37.14M,+75.2%,0.22%
92206C102,VGSH,VANGUARD SCOTTSDALE FDS,1644677,604400,96.28M,35.38M,+58.1%,0.25%
149123101,CAT,CATERPILLAR INC,362810,49188,257.04M,34.85M,+15.7%,0.66%
025537101,AEP,AMERICAN ELEC PWR CO INC,502564,252023,65.88M,33.04M,+100.6%,0.17%
609839105,MPWR,MONOLITHIC PWR SYS INC,146876,29857,160.59M,32.64M,+25.5%,0.41%
037833100,AAPL,APPLE INC,7079341,127511,1.8B,32.36M,+1.8%,4.6%
22160K105,COST,COSTCO WHOLESALE CORPORATION,247715,30336,246.83M,30.23M,+14%,0.64%
80004C200,SNDK,SANDISK CORP,56678,47376,36.01M,30.1M,+509.3%,0.09%
922908744,VTV,VANGUARD INDEX FDS,206000,133700,40.42M,26.23M,+184.9%,0.1%
49338L103,KEYS,KEYSIGHT TECHNOLOGIES INC,313537,91593,88.53M,25.86M,+41.3%,0.23%
743315103,PGR,PROGRESSIVE CORP,1115765,128728,221.19M,25.52M,+13%,0.57%
931142103,WMT,WALMART INC,2409073,204912,299.4M,25.47M,+9.3%,0.77%
770700102,HOOD,ROBINHOOD MKTS INC,1065604,342747,73.85M,23.75M,+47.4%,0.19%
58933Y105,MRK,MERCK & CO INC,1579855,194263,190.04M,23.37M,+14%,0.49%
346375108,FORM,FORMFACTOR INC,239900,239900,23.27M,23.27M,NEW,0.06%
941848103,WAT,WATERS CORP,98277,75044,29.27M,22.35M,+323%,0.08%
464287655,IWM,ISHARES TR,127360,83180,31.59M,20.63M,+188.3%,0.08%
929160109,VMC,VULCAN MATLS CO,120287,75623,32.75M,20.59M,+169.3%,0.08%
25278X109,FANG,DIAMONDBACK ENERGY INC,175762,99772,34.76M,19.73M,+131.3%,0.09%
46138G649,QQQM,INVESCO EXCH TRADED FD TR II,152725,81300,36.29M,19.32M,+113.8%,0.09%
438516106,HON,HONEYWELL INTL INC,600057,82695,135.63M,18.69M,+16%,0.35%
12541W209,CHRW,C H ROBINSON WORLDWIDE IN,468227,107870,77.76M,17.91M,+29.9%,0.2%
406216101,HAL,HALLIBURTON CO,727487,433373,28.36M,16.9M,+147.3%,0.07%
05722G100,BKR,BAKER HUGHES COMPANY,628414,254171,38.36M,15.52M,+67.9%,0.1%
892356106,TSCO,TRACTOR SUPPLY CO,1065761,338636,48.28M,15.34M,+46.6%,0.12%
464288257,ACWI,ISHARES TR,193609,109878,26.79M,15.2M,+131.2%,0.07%
482480100,KLAC,KLA CORP,203799,10305,300.08M,15.17M,+5.3%,0.77%
G7S00T104,PNR,PENTAIR PLC,1083947,165757,94.42M,14.44M,+18.1%,0.24%
46434G103,IEMG,ISHARES INC,202100,202100,14.1M,14.1M,NEW,0.04%
22788C105,CRWD,CROWDSTRIKE HLDGS INC,175897,34649,68.67M,13.53M,+24.5%,0.18%
55405Y100,MTSI,MACOM TECH SOLUTIONS HLDGS I,57900,57900,12.86M,12.86M,NEW,0.03%
697435105,PANW,PALO ALTO NETWORKS INC,499031,78759,80M,12.63M,+18.7%,0.21%
95040Q104,WELL,WELLTOWER INC,1366105,62949,270.09M,12.45M,+4.8%,0.7%
92189H300,EMLC,VANECK ETF TRUST,968550,489973,24.32M,12.3M,+102.4%,0.06%
808513105,SCHW,SCHWAB CHARLES CORP,731379,124062,68.73M,11.66M,+20.4%,0.18%
46435U853,USHY,ISHARES TR,466268,304319,17.18M,11.21M,+187.9%,0.04%
053015103,ADP,AUTOMATIC DATA PROCESSING IN,336494,54384,68.37M,11.05M,+19.3%,0.18%
88160R101,TSLA,TESLA INC,1226248,29350,455.86M,10.91M,+2.5%,1.2%
002824100,ABT,ABBOTT LABORATORIES,1214185,105385,124.66M,10.82M,+9.5%,0.32%
126408103,CSX,CSX CORP,961338,260454,39.46M,10.69M,+37.2%,0.1%
883556102,TMO,THERMO FISHER SCIENTIFIC INC,319972,21719,157.28M,10.68M,+7.3%,0.41%
532457108,LLY,ELI LILLY & CO,380578,11546,350.04M,10.62M,+3.1%,0.9%
594918104,MSFT,MICROSOFT CORP,3998974,26392,1.48B,9.77M,+0.7%,3.8%
20825C104,COP,CONOCOPHILLIPS,627450,73679,82.82M,9.73M,+13.3%,0.21%
29444U700,EQIX,EQUINIX INC,190765,9881,187M,9.69M,+5.5%,0.48%
464288281,EMB,ISHARES TR,844402,99952,79.31M,9.39M,+13.4%,0.2%
67103H107,ORLY,OREILLY AUTOMOTIVE INC,1527846,99156,141.04M,9.15M,+6.9%,0.36%
512807306,LRCX,LAM RESEARCH CORP,595945,41816,127.33M,8.93M,+7.5%,0.33%
922042874,VGK,VANGUARD INTL EQUITY INDEX F,357500,105700,29.47M,8.71M,+42%,0.08%
147528103,CASY,CASEYS GEN STORES INC,12019,11819,8.75M,8.6M,+5909.5%,0.02%
776696106,ROP,ROPER TECHNOLOGIES INC,135284,23835,47.87M,8.43M,+21.4%,0.12%
G25508105,CRH,CRH PLC,468038,79936,49.2M,8.4M,+20.6%,0.13%
G87052109,TEL,TE CONNECTIVITY PLC,259670,39787,54.28M,8.32M,+18.1%,0.14%
78409V104,SPGI,S&P GLOBAL INC,294518,19287,125.27M,8.2M,+7%,0.32%
00790R104,WMS,ADVANCED DRAIN SYS INC DEL,80614,58623,11.05M,8.04M,+266.6%,0.03%
494368103,KMB,KIMBERLY-CLARK CORP,531437,83205,51.27M,8.03M,+18.6%,0.13%
G3730V105,FTAI,FTAI AVIATION LTD,32631,32451,7.99M,7.95M,+18028.3%,0.02%
231561101,CW,CURTISS WRIGHT CORP,11720,11580,7.98M,7.89M,+8271.4%,0.02%
12572Q105,CME,CME GROUP INC,309393,26119,91.38M,7.71M,+9.2%,0.24%
718172109,PM,PHILIP MORRIS INTL INC,893332,46618,147.7M,7.71M,+5.5%,0.38%
92826C839,V,VISA INC,786610,24911,237.75M,7.53M,+3.3%,0.61%
98419M100,XYL,XYLEM INC,336809,62303,40.25M,7.45M,+22.7%,0.1%
55405YAD2,,MACOM TECH SOLUTIONS HLDGS I,5000000,5000000,7.12M,7.12M,NEW,0.02%
74340W103,PLD,PROLOGIS INC.,1768160,52762,233.72M,6.97M,+3.1%,0.6%
101137107,BSX,BOSTON SCIENTIFIC CORP,1015421,108521,63.72M,6.81M,+12%,0.16%
92206C771,VMBS,VANGUARD SCOTTSDALE FDS,204700,137500,9.61M,6.46M,+204.6%,0.02%
05464C101,AXON,AXON ENTERPRISE INC,102701,15144,43.62M,6.43M,+17.3%,0.11%
29530P102,ERIE,ERIE INDTY CO,145427,25107,36.55M,6.31M,+20.9%,0.09%
032654105,ADI,ANALOG DEVICES INC,365688,19562,116.34M,6.22M,+5.7%,0.3%
192108504,CDE,COEUR MNG INC,327340,327340,6.14M,6.14M,NEW,0.02%
46138K103,FXE,INVESCO CURRENCYSHARES EURO,56800,56800,6.06M,6.06M,NEW,0.02%
45784P101,PODD,INSULET CORP,187917,28368,39.43M,5.95M,+17.8%,0.1%
00217D100,ASTS,AST SPACEMOBILE INC,71460,71460,5.92M,5.92M,NEW,0.02%
084670702,BRK.B,BERKSHIRE HATHAWAY INC DEL,505095,12299,242.04M,5.89M,+2.5%,0.62%
704326107,PAYX,PAYCHEX INC,531468,60596,48.96M,5.58M,+12.9%,0.13%
45841N107,IBKR,INTERACTIVE BROKERS GROUP IN,320652,82260,21.51M,5.52M,+34.5%,0.06%
03769M106,APO,APOLLO GLOBAL MGMT INC,402725,48224,44.87M,5.37M,+13.6%,0.12%
115236101,BRO,BROWN & BROWN INC,583979,80720,38.08M,5.26M,+16%,0.1%
09857L108,BKNG,BOOKING HOLDINGS INC,15251,1237,64.21M,5.21M,+8.8%,0.17%
955306105,WST,WEST PHARMACEUTICAL SVSC INC,174262,19760,43.68M,4.95M,+12.8%,0.11%
632307104,NTRA,NATERA INC,242346,24151,48.47M,4.83M,+11.1%,0.13%
922908736,VUG,VANGUARD INDEX FDS,10500,10500,4.59M,4.59M,NEW,0.01%
76155X100,RVMD,REVOLUTION MEDICINES INC,45920,45920,4.47M,4.47M,NEW,0.01%
756109104,O,REALTY INCOME CORP,2396658,72738,146.63M,4.45M,+3.1%,0.38%
189054109,CLX,CLOROX CO DEL,414944,42587,43M,4.41M,+11.4%,0.11%
049560105,ATO,ATMOS ENERGY CORP,289580,23709,53.49M,4.38M,+8.9%,0.14%
713448108,PEP,PEPSICO INC,1155482,27839,179.43M,4.32M,+2.5%,0.46%
46625H100,JPM,JPMORGAN CHASE & CO,1227887,14678,361.2M,4.32M,+1.2%,0.93%
040413205,ANET,ARISTA NETWORKS INC,743992,34009,91.35M,4.18M,+4.8%,0.24%
92276F100,VTR,VENTAS INC,926162,50786,75.74M,4.15M,+5.8%,0.2%
666807102,NOC,NORTHROP GRUMMAN CORP,55966,6039,38.18M,4.12M,+12.1%,0.1%
72348N109,PNFP,PINNACLE FINL PARTNERS INC,47365,47365,4.08M,4.08M,NEW,0.01%
G5960L103,MDT,MEDTRONIC PLC,1051997,46963,91.16M,4.07M,+4.7%,0.24%
57636Q104,MA,MASTERCARD INCORPORATED,685222,8030,342.38M,4.01M,+1.2%,0.88%
316773100,FITB,FIFTH THIRD BANCORP,311482,84226,14.47M,3.91M,+37.1%,0.04%
91913Y100,VLO,VALERO ENERGY CORP,149110,15715,36.84M,3.88M,+11.8%,0.1%
806857108,SLB,SLB LIMITED,589564,74425,30.3M,3.82M,+14.4%,0.08%
459200101,IBM,INTERNATIONAL BUSINESS MACHS,498065,15575,120.73M,3.78M,+3.2%,0.31%
437076102,HD,HOME DEPOT INC,510442,11308,167.88M,3.72M,+2.3%,0.43%
69608A108,PLTR,PALANTIR TECHNOLOGIES INC,946745,25289,138.49M,3.7M,+2.7%,0.36%
171779309,CIEN,CIENA CORP,54106,9206,21.01M,3.57M,+20.5%,0.05%
Q4982L109,IREN,IREN LIMITED,104070,104070,3.57M,3.57M,NEW,<.01%
253868103,DLR,DIGITAL RLTY TR INC,618038,19779,111.38M,3.56M,+3.3%,0.29%
95082P105,WCC,WESCO INTL INC,12979,12059,3.55M,3.3M,+1310.8%,<.01%
297178105,ESS,ESSEX PPTY TR INC,268985,13452,65.09M,3.26M,+5.3%,0.17%
16411R208,LNG,CHENIERE ENERGY INC,90142,11454,25.58M,3.25M,+14.6%,0.07%
369604301,GE,GE AEROSPACE,380634,11248,108.01M,3.19M,+3%,0.28%
863667101,SYK,STRYKER CORPORATION,196173,9521,64.46M,3.13M,+5.1%,0.17%
46432F388,VLUE,ISHARES TR,46755,21300,6.65M,3.03M,+83.7%,0.02%
828806109,SPG,SIMON PPTY GROUP INC NEW,620632,15859,115.77M,2.96M,+2.6%,0.3%
41151J505,HGER,HARBOR ETF TRUST,107000,94900,3.32M,2.94M,+784.3%,<.01%
72703X106,PL,PLANET LABS PBC,103620,103620,2.9M,2.9M,NEW,<.01%
61174X109,MNST,MONSTER BEVERAGE CORP NEW,322966,39392,23.4M,2.85M,+13.9%,0.06%
871829107,SYY,SYSCO CORP,710753,39800,50.7M,2.84M,+5.9%,0.13%
03073E105,COR,CENCORA INC,85096,8911,26.73M,2.8M,+11.7%,0.07%
580135101,MCD,MCDONALDS CORP,465475,8987,144.66M,2.79M,+2%,0.37%
74460D109,PSA,PUBLIC STORAGE OPER CO,299708,10033,81.18M,2.72M,+3.5%,0.21%
88579Y101,MMM,3M CO,350330,18171,50.88M,2.64M,+5.5%,0.13%
191216100,KO,COCA COLA CO,2236991,34496,170.12M,2.62M,+1.6%,0.44%
38141G104,GS,GOLDMAN SACHS GROUP INC,145076,3086,122.73M,2.61M,+2.2%,0.32%
136385101,CNQ,CANADIAN NAT RES LTD MED TER,53256,53256,2.59M,2.59M,NEW,<.01%
032095101,APH,AMPHENOL CORP,490495,19771,61.97M,2.5M,+4.2%,0.16%
46138E339,SPMO,INVESCO EXCH TRADED FD TR II,21600,21600,2.42M,2.42M,NEW,<.01%
742718109,PG,PROCTER & GAMBLE CO,1271631,16513,183.67M,2.39M,+1.3%,0.47%
446150104,HBAN,HUNTINGTON BANCSHARES INC,704769,150561,11.03M,2.36M,+27.2%,0.03%
872540109,TJX,TJX COS INC NEW,633614,14747,101.19M,2.36M,+2.4%,0.26%
093712107,BE,BLOOM ENERGY CORP,92375,16460,12.52M,2.23M,+21.7%,0.03%
75513E101,RTX,RTX CORPORATION,466360,11533,89.96M,2.22M,+2.5%,0.23%
46436E718,SGOV,ISHARES TR,289300,21900,29.12M,2.2M,+8.2%,0.08%
466313103,JBL,JABIL INC,70539,8292,18.74M,2.2M,+13.3%,0.05%
46429B697,USMV,ISHARES INC,23400,23400,2.17M,2.17M,NEW,<.01%
579780206,MKC,MCCORMICK & CO INC,658335,42264,33.21M,2.13M,+6.9%,0.09%
G0403H108,AON,AON PLC,174425,6579,56.3M,2.12M,+3.9%,0.15%
773903109,ROK,ROCKWELL AUTOMATION INC,43867,5906,15.74M,2.12M,+15.6%,0.04%
81369Y605,XLF,SELECT SECTOR SPDR TR,42500,42500,2.1M,2.1M,NEW,<.01%
001055102,AFL,AFLAC INC,546111,19009,59.91M,2.09M,+3.6%,0.15%
G93A5A101,VIK,VIKING HOLDINGS LTD,28319,28319,2.08M,2.08M,NEW,<.01%
17275R102,CSCO,CISCO SYS INC,3668884,26598,284.67M,2.06M,+0.7%,0.73%
46434V407,SHYG,ISHARES TR,1577340,48490,66.74M,2.05M,+3.2%,0.17%
25179M103,DVN,DEVON ENERGY CORP NEW,273957,40332,13.79M,2.03M,+17.3%,0.04%
025816109,AXP,AMERICAN EXPRESS CO,299343,6530,90.55M,1.98M,+2.2%,0.23%
969457100,WMB,WILLIAMS COS INC,456894,26473,33.25M,1.93M,+6.2%,0.09%
46284V101,IRM,IRON MTN INC DEL,563343,18860,57.54M,1.93M,+3.5%,0.15%
303075105,FDS,FACTSET RESH SYS INC,135083,8672,29.31M,1.88M,+6.9%,0.08%
464287473,IWS,ISHARES TR,12600,12600,1.84M,1.84M,NEW,<.01%
37960A529,SHLD,GLOBAL X FDS,25794,25794,1.83M,1.83M,NEW,<.01%
464287515,IGV,ISHARES TR,22600,22600,1.81M,1.81M,NEW,<.01%
316092873,FCOM,FIDELITY COVINGTON TRUST,26500,26500,1.81M,1.81M,NEW,<.01%
125523100,CI,THE CIGNA GROUP,136016,6673,36.28M,1.78M,+5.2%,0.09%
92189F676,SMH,VANECK ETF TRUST,9566,4630,3.67M,1.78M,+93.8%,<.01%
009158106,APD,AIR PRODUCTS AND CHEMICALS I,270235,5954,78.5M,1.73M,+2.3%,0.2%
464287648,IWO,ISHARES TR,5500,5500,1.73M,1.73M,NEW,<.01%
871607107,SNPS,SYNOPSYS INC,84630,4336,33.55M,1.72M,+5.4%,0.09%
21873S108,CRWV,COREWEAVE INC,77177,22097,5.98M,1.71M,+40.1%,0.02%
46138G631,QQQJ,INVESCO EXCH TRADED FD TR II,46500,46500,1.68M,1.68M,NEW,<.01%
13321L108,CCJ,CAMECO CORP,15471,15471,1.68M,1.68M,NEW,<.01%
30040W108,ES,EVERSOURCE ENERGY,732705,24125,50.76M,1.67M,+3.4%,0.13%
209115104,ED,CONSOLIDATED EDISON INC,512443,14583,58M,1.65M,+2.9%,0.15%
053484101,AVB,AVALONBAY CMNTYS INC,268969,10080,43.94M,1.65M,+3.9%,0.11%
244199105,DE,DEERE & CO,91016,2920,51.27M,1.64M,+3.3%,0.13%
68389X105,ORCL,ORACLE CORP,854861,11158,125.76M,1.64M,+1.3%,0.32%
09290D101,BLK,BLACKROCK INC,78769,1702,75.75M,1.64M,+2.2%,0.2%
254687106,DIS,DISNEY WALT CO,724236,16901,69.8M,1.63M,+2.4%,0.18%
609207105,MDLZ,MONDELEZ INTL INC,874689,28064,50.42M,1.62M,+3.3%,0.13%
030420103,AWK,AMERICAN WTR WKS CO INC NEW,185206,11854,25.2M,1.61M,+6.8%,0.07%
874039100,TSM,TAIWAN SEMICONDUCTOR MANUFAC,284872,4769,96.27M,1.61M,+1.7%,0.25%
313745101,FRT,FEDERAL RLTY INVT TR NEW,495320,15100,52.61M,1.6M,+3.1%,0.14%
842587107,SO,SOUTHERN CO,417828,16057,40.33M,1.55M,+4%,0.1%
88033G407,THC,TENET HEALTHCARE CORP,21376,8177,4.03M,1.54M,+62%,0.01%
925652109,VICI,VICI PPTYS INC,2043178,54587,55.82M,1.49M,+2.7%,0.14%
91307C102,UTHR,UNITED THERAPEUTICS CORP DEL,23892,2500,14.17M,1.48M,+11.7%,0.04%
87612G101,TRGP,TARGA RES CORP,103254,5864,25.89M,1.47M,+6%,0.07%
907818108,UNP,UNION PAC CORP,333330,6053,80.87M,1.47M,+1.8%,0.21%
92189H607,OIH,VANECK ETF TRUST,3570,3570,1.44M,1.44M,NEW,<.01%
30225T102,EXR,EXTRA SPACE STORAGE INC,402023,10979,52.72M,1.44M,+2.8%,0.14%
693718108,PCAR,PACCAR INC,425504,12015,49.15M,1.39M,+2.9%,0.13%
110122108,BMY,BRISTOL-MYERS SQUIBB CO,794909,22681,48.21M,1.38M,+2.9%,0.12%
127097103,CTRA,COTERRA ENERGY INC,1523233,38894,53.53M,1.37M,+2.6%,0.14%
65441V200,NINE,NINE ENERGY SERVICE INC,166237,166237,1.36M,1.36M,NEW,<.01%
G1151C101,ACN,ACCENTURE PLC IRELAND,220011,6800,43.63M,1.35M,+3.2%,0.11%
882508104,TXN,TEXAS INSTRS INC,362369,6907,70.35M,1.34M,+1.9%,0.18%
452308109,ITW,ILLINOIS TOOL WKS INC,250545,5128,65.21M,1.33M,+2.1%,0.17%
45866F104,ICE,INTERCONTINENTAL EXCHANGE IN,200192,8376,31.49M,1.32M,+4.4%,0.08%
25746U109,D,DOMINION ENERGY INC,331228,21281,20.48M,1.32M,+6.9%,0.05%
418056107,HAS,HASBRO INC,47590,13807,4.45M,1.29M,+40.9%,0.01%
36467J108,GLPI,GAMING & LEISURE P,536963,28986,23.83M,1.29M,+5.7%,0.06%
036752103,ELV,ELEVANCE HEALTH INC FORMERLY,89560,4389,26.22M,1.28M,+5.2%,0.07%
26922A842,JETS,ETF SER SOLUTIONS,52100,52100,1.28M,1.28M,NEW,<.01%
G8994E103,TT,TRANE TECHNOLOGIES PLC,76664,2993,31.95M,1.25M,+4.1%,0.08%
858119100,STLD,STEEL DYNAMICS INC,84376,6819,15.19M,1.23M,+8.8%,0.04%
902973304,USB,US BANCORP,1341766,23194,69.79M,1.21M,+1.8%,0.18%
192422103,CGNX,COGNEX CORP,24934,23884,1.22M,1.17M,+2274.7%,<.01%
816851109,SRE,SEMPRA,247794,11869,24.08M,1.15M,+5%,0.06%
25809K105,DASH,DOORDASH INC,164435,7475,24.69M,1.12M,+4.8%,0.06%
V7780T103,RCL,ROYAL CARIBBEAN GROUP,89052,4044,24.51M,1.11M,+4.8%,0.06%
143658300,CCL,CARNIVAL CORP,393224,42221,10.18M,1.09M,+12%,0.03%
92343V104,VZ,VERIZON COMMUNICATIONS INC,1636750,21440,82.16M,1.08M,+1.3%,0.21%
440452100,HRL,HORMEL FOODS CORP,1662822,47208,37.66M,1.07M,+2.9%,0.1%
L8681T102,SPOT,SPOTIFY TECHNOLOGY S A,55867,2199,27.09M,1.07M,+4.1%,0.07%
893641100,TDG,TRANSDIGM GROUP INC,19465,920,22.56M,1.07M,+5%,0.06%
03027X100,AMT,AMERICAN TOWER CORP,166999,6141,28.82M,1.06M,+3.8%,0.07%
49446R109,KIM,KIMCO REALTY CORP,1281493,46670,28.8M,1.05M,+3.8%,0.07%
172908105,CTAS,CINTAS CORP,421446,6131,71.28M,1.04M,+1.5%,0.18%
260557103,DOW,DOW HLDGS INC,275919,24713,11.49M,1.03M,+9.8%,0.03%
79466L302,CRM,SALESFORCE INC,582478,5493,108.73M,1.03M,+1%,0.28%
008492100,ADC,AGREE RLTY CORP,184990,13490,13.94M,1.02M,+7.9%,0.04%
29476L107,EQR,EQUITY RESIDENTIAL,657231,17039,38.88M,1.01M,+2.7%,0.1%
855244109,SBUX,STARBUCKS CORP,439656,11222,39.39M,1.01M,+2.6%,0.1%
457669307,INSM,INSMED INC,89660,6116,14.66M,1M,+7.3%,0.04%
256746108,DLTR,DOLLAR TREE INC,80597,9118,8.83M,998.51K,+12.8%,0.02%
688239201,OSK,OSHKOSH CORP,7536,6766,1.11M,996.02K,+878.7%,<.01%
416515104,HIG,HARTFORD INSURANCE GROUP INC,115239,7295,15.58M,986.5K,+6.8%,0.04%
443201108,HWM,HOWMET AEROSPACE INC,154525,4279,35.61M,986.14K,+2.8%,0.09%
09260D107,BX,BLACKSTONE INC,430536,8338,49.51M,958.79K,+2%,0.13%
26441C204,DUK,DUKE ENERGY CORP NEW,299165,7067,39.17M,925.35K,+2.4%,0.1%
060505104,BAC,BANK AMERICA CORP,2566914,18769,125.14M,914.99K,+0.7%,0.32%
19260Q107,COIN,COINBASE GLOBAL INC,76090,5231,13.29M,913.38K,+7.4%,0.03%
60937P106,MDB,MONGODB INC,171683,3610,42.02M,883.62K,+2.1%,0.11%
674599105,OXY,OCCIDENTAL PETE CORP,271824,13435,17.67M,873.27K,+5.2%,0.05%
42824C109,HPE,HEWLETT PACKARD ENTERPRISE C,502494,35286,11.96M,840.16K,+7.6%,0.03%
866674104,SUI,SUN CMNTYS INC,219309,6662,27.62M,839.15K,+3.1%,0.07%
949746101,WFC,WELLS FARGO & CO,1423037,10481,113.29M,834.39K,+0.7%,0.29%
G6683N103,NU,NU HLDGS LTD,1944787,57181,27.95M,821.69K,+3%,0.07%
146869102,CVNA,CARVANA CO,46647,2589,14.66M,813.93K,+5.9%,0.04%
78464A755,XME,SPDR SERIES TRUST,10215,7515,1.1M,811.7K,+278.3%,<.01%
464287390,ILF,ISHARES TR,24800,21800,880.9K,774.34K,+726.7%,<.01%
29670E107,EPRT,ESSENTIAL PPTYS RLTY TR INC,331956,25150,10.08M,763.55K,+8.2%,0.03%
46591M109,JOYY,JOYY INC,13500,13000,788.26K,759.07K,+2600%,<.01%
500754106,KHC,KRAFT HEINZ CO,393606,33556,8.85M,754.67K,+9.3%,0.02%
464285204,IAU,ISHARES GOLD TR,124405,8490,10.97M,748.48K,+7.3%,0.03%
26875P101,EOG,EOG RES INC,315063,5175,45.55M,748.15K,+1.7%,0.12%
29364G103,ETR,ENTERGY CORP NEW,160295,6522,18.01M,732.81K,+4.2%,0.05%
40434L105,HPQ,HP INC,416586,37586,8M,722.03K,+9.9%,0.02%
24823R105,DNLI,DENALI THERAPEUTICS INC,36732,36732,705.25K,705.25K,NEW,<.01%
852234103,XYZ,BLOCK INC,195748,11490,11.78M,691.47K,+6.2%,0.03%
46187W107,INVH,INVITATION HOMES INC,1066468,27780,26.5M,690.33K,+2.7%,0.07%
46138R108,FXF,INVESCO CURRENCYSHARES SWISS,8900,6200,982.65K,684.54K,+229.6%,<.01%
372460105,GPC,GENUINE PARTS CO,327308,6387,34.61M,675.43K,+2%,0.09%
693475105,PNC,PNC FINL SVCS GROUP INC,138635,3245,28.85M,675.25K,+2.4%,0.07%
92936U109,WPC,WP CAREY INC,409762,9814,27.85M,666.96K,+2.5%,0.07%
744573106,PEG,PUBLIC SVC ENTERPRISE GROUP,178404,8204,14.44M,664.11K,+4.8%,0.04%
59522J103,MAA,MID-AMER APT CMNTYS INC,221995,5430,27.11M,663.11K,+2.5%,0.07%
92532F100,VRTX,VERTEX PHARMACEUTICALS INC,121167,1469,54.11M,655.97K,+1.2%,0.14%
571903202,MAR,MARRIOTT INTL INC NEW,89816,1999,29.38M,653.81K,+2.3%,0.08%
315616102,FFIV,F5 INC,24021,2249,6.95M,650.7K,+10.3%,0.02%
83406F102,SOFI,SOFI TECHNOLOGIES INC,416333,40633,6.61M,645.25K,+10.8%,0.02%
G29183103,ETN,EATON CORP PLC,135685,1799,48.53M,643.45K,+1.3%,0.13%
165167735,EXE,EXPAND ENERGY CORPORATION,88684,5832,9.74M,640.24K,+7%,0.03%
47215P106,JD,JD.COM INC,36500,21650,1.08M,640.19K,+145.8%,<.01%
31620M106,FIS,FIDELITY NATL INFORMATION SV,378389,13458,17.75M,631.31K,+3.7%,0.05%
49456B101,KMI,KINDER MORGAN INC DEL,734126,18767,24.62M,629.26K,+2.6%,0.06%
14448C104,CARR,CARRIER GLOBAL CORPORATION,268047,11160,15.09M,628.42K,+4.3%,0.04%
92204A306,VDE,VANGUARD WORLD FD,3600,3600,622.94K,622.94K,NEW,<.01%
031162100,AMGN,AMGEN INC,300929,1762,105.88M,619.96K,+0.6%,0.27%
70450Y103,PYPL,PAYPAL HLDGS INC,358060,13550,16.2M,612.87K,+3.9%,0.04%
42250P103,DOC,HEALTHPEAK PROPERTIES INC,1309018,36800,21.51M,604.62K,+2.9%,0.06%
98389B100,XEL,XCEL ENERGY INC,235987,7579,18.75M,602.08K,+3.3%,0.05%
89832Q109,TFC,TRUIST FINL CORP,468628,13066,21.54M,600.64K,+2.9%,0.06%
681936100,OHI,OMEGA HEALTHCARE INVS INC,462187,13650,20.25M,598.14K,+3%,0.05%
988498101,YUM,YUM BRANDS INC,108565,3838,16.88M,596.73K,+3.7%,0.04%
92939U106,WEC,WEC ENERGY GROUP INC,143159,5078,16.57M,587.88K,+3.7%,0.04%
26614N102,DD,DUPONT DE NEMOURS INC,461471,12788,21.14M,585.69K,+2.9%,0.05%
233331107,DTE,DTE ENERGY CO,74237,3948,10.85M,577.28K,+5.6%,0.03%
921943858,VEA,VANGUARD TAX-MANAGED FDS,70960,9000,4.55M,576.72K,+14.5%,0.01%
14040H105,COF,CAPITAL ONE FINL CORP,227126,3149,41.43M,574.47K,+1.4%,0.11%
22822V101,CCI,CROWN CASTLE INC,153407,6990,12.47M,568.36K,+4.8%,0.03%
655844108,NSC,NORFOLK SOUTHN CORP,78908,1950,22.65M,559.65K,+2.5%,0.06%
12504L109,CBRE,CBRE GROUP INC,104177,4102,14.11M,555.66K,+4.1%,0.04%
74144T108,TROW,PRICE T ROWE GROUP INC,435190,6130,39.23M,552.56K,+1.4%,0.1%
278865100,ECL,ECOLAB INC,245692,2074,65.36M,551.73K,+0.9%,0.17%
771049103,RBLX,ROBLOX CORP,193077,9647,10.92M,545.63K,+5.3%,0.03%
031100100,AME,AMETEK INC,79191,2537,16.98M,543.83K,+3.3%,0.04%
504922105,LH,LABCORP HOLDINGS INC,29711,2034,7.93M,542.69K,+7.3%,0.02%
92204A108,VCR,VANGUARD WORLD FD,1500,1500,538.54K,538.54K,NEW,<.01%
92840M102,VST,VISTRA CORP,116107,3571,17.45M,536.83K,+3.2%,0.05%
49271V100,KDP,KEURIG DR PEPPER INC,509744,20286,13.42M,534.13K,+4.1%,0.03%
45687V106,IR,INGERSOLL RAND INC,137486,6640,11.02M,532K,+5.1%,0.03%
311900104,FAST,FASTENAL CO,1336842,11431,62.03M,530.4K,+0.9%,0.16%
278642103,EBAY,EBAY INC.,178922,5760,16.29M,524.28K,+3.3%,0.04%
571748102,MRSH,MARSH & MCLENNAN COS INC,308977,3003,53.59M,520.87K,+1%,0.14%
64110D104,NTAP,NETAPP INC,82243,5087,8.42M,520.86K,+6.6%,0.02%
962166104,WY,WEYERHAEUSER CO,262438,21242,6.41M,518.94K,+8.8%,0.02%
573284106,MLM,MARTIN MARIETTA MATLS INC,21169,881,12.46M,518.63K,+4.3%,0.03%
N6596X109,NXPI,NXP SEMICONDUCTORS N V,100804,2629,19.84M,517.54K,+2.7%,0.05%
237194105,DRI,DARDEN RESTAURANTS INC,41068,2624,8.05M,514.41K,+6.8%,0.02%
02209S103,MO,ALTRIA GROUP INC,673091,7794,44.42M,514.33K,+1.2%,0.11%
679580100,ODFL,OLD DOMINION FREIGHT LINE IN,80873,2632,15.8M,514.29K,+3.4%,0.04%
85254J102,STAG,STAG INDUSTRIAL INC,302155,14170,10.9M,510.97K,+4.9%,0.03%
281020107,EIX,EDISON INTL,140944,6973,10.31M,510.28K,+5.2%,0.03%
538034109,LYV,LIVE NATION ENTERTAINMENT IN,426516,3345,65.05M,510.15K,+0.8%,0.17%
31488V107,FERG,FERGUSON ENTERPRISES INC,72190,2170,16.84M,506.17K,+3.1%,0.04%
654106103,NKE,NIKE INC,740707,9548,39.12M,504.33K,+1.3%,0.1%
125896100,CMS,CMS ENERGY CORP,127197,6500,9.87M,504.27K,+5.4%,0.03%
14174T107,CTRE,CARETRUST REIT INC,346910,13750,12.71M,503.94K,+4.1%,0.03%
94106B101,WCN,WASTE CONNECTIONS INC,81460,3100,13.23M,503.56K,+4%,0.03%
595017104,MCHP,MICROCHIP TECHNOLOGY INC.,294304,7722,19.01M,498.92K,+2.7%,0.05%
68902V107,OTIS,OTIS WORLDWIDE CORP,136384,6466,10.51M,498.4K,+5%,0.03%
064058100,BK,BANK NEW YORK MELLON CORP,254885,4164,30.24M,493.98K,+1.7%,0.08%
336433107,FSLR,FIRST SOLAR INC,36698,2482,7.24M,489.6K,+7.3%,0.02%
98956P102,ZBH,ZIMMER BIOMET HOLDINGS INC,70772,5406,6.4M,488.81K,+8.3%,0.02%
075887109,BDX,BECTON DICKINSON & CO,584089,3073,91.84M,483.17K,+0.5%,0.24%
11120U105,BRX,BRIXMOR PPTY GROUP INC,486442,16720,14.01M,481.54K,+3.6%,0.04%
758849103,REG,REGENCY CTRS CORP,317922,6360,24.05M,481.2K,+2%,0.06%
21036P108,STZ,CONSTELLATION BRANDS INC,52929,3190,7.94M,478.5K,+6.4%,0.02%
384109104,GGG,GRACO INC,65158,5629,5.52M,476.49K,+9.5%,0.01%
74251V102,PFG,PRINCIPAL FINANCIAL GROUP IN,92592,5264,8.34M,474.34K,+6%,0.02%
942622200,WSO,WATSCO INC,11852,1297,4.31M,471.84K,+12.3%,0.01%
40412C101,HCA,HCA HEALTHCARE INC,65232,995,30.87M,470.87K,+1.5%,0.08%
051774107,AUR,AURORA INNOVATION INC,319069,114251,1.31M,470.71K,+55.8%,<.01%
58733R102,MELI,MERCADOLIBRE INC,16476,272,28.49M,470.29K,+1.7%,0.07%
229663109,CUBE,CUBESMART,357781,12770,13.11M,468.02K,+3.7%,0.03%
92338C103,VLTO,VERALTO CORP,85665,5274,7.57M,466.33K,+6.6%,0.02%
199908104,FIX,COMFORT SYS USA INC,12132,334,16.73M,460.58K,+2.8%,0.04%
824348106,SHW,SHERWIN WILLIAMS CO,222280,1432,71.25M,459.03K,+0.6%,0.18%
03076C106,AMP,AMERIPRISE FINL INC,36128,1027,16.06M,456.4K,+2.9%,0.04%
337738108,FISV,FISERV INC,196718,8160,10.98M,455.33K,+4.3%,0.03%
445658107,JBHT,HUNT J B TRANS SVCS INC,27715,2148,5.87M,455.16K,+8.4%,0.02%
009066101,ABNB,AIRBNB INC,164713,3595,20.8M,453.98K,+2.2%,0.05%
64119V303,NTST,NETSTREIT CORP,147900,23900,2.78M,450.04K,+19.3%,<.01%
69370C100,PTC,PTC INC,41517,3153,5.92M,449.27K,+8.2%,0.02%
857477103,STT,STATE STR CORP,101192,3533,12.81M,447.14K,+3.6%,0.03%
512816109,LAMR,LAMAR ADVERTISING CO,134885,3530,17.08M,447.11K,+2.7%,0.04%
75734B100,RDDT,REDDIT INC,34849,3316,4.69M,446.5K,+10.5%,0.01%
902653104,UDR,UDR INC,576411,13121,19.47M,443.23K,+2.3%,0.05%
31428X106,FDX,FEDEX CORP,79497,1243,28.32M,442.73K,+1.6%,0.07%
637417106,NNN,NNN REIT INC,295320,10510,12.41M,441.74K,+3.7%,0.03%
294429105,EFX,EQUIFAX INC,43119,2440,7.76M,439.37K,+6%,0.02%
026874784,AIG,AMERICAN INTL GROUP INC,341488,5836,25.7M,439.16K,+1.7%,0.07%
456788108,INFY,INFOSYS LTD,621727,32168,8.4M,434.59K,+5.5%,0.02%
570535104,MKL,MARKEL GROUP INC,4226,225,8.09M,430.67K,+5.6%,0.02%
85208M102,SFM,SPROUTS FMRS MKT INC,183817,5517,14.18M,425.53K,+3.1%,0.04%
876030107,TPR,TAPESTRY INC,82708,3012,11.67M,425.02K,+3.8%,0.03%
192446102,CTSH,COGNIZANT TECHNOLOGY SOLUTIO,209859,6905,12.87M,423.62K,+3.4%,0.03%
04010L103,ARCC,ARES CAPITAL CORP,1783165,23007,32.13M,414.59K,+1.3%,0.08%
88146M101,TRNO,TERRENO RLTY CORP,161280,6700,9.91M,411.51K,+4.3%,0.03%
398182303,AHR,AMERICAN HEALTHCARE REIT INC,276401,8720,13.04M,411.24K,+3.3%,0.03%
615369105,MCO,MOODYS CORP,62252,936,27.16M,408.33K,+1.5%,0.07%
G0176J109,ALLE,ALLEGION PLC,30340,2810,4.41M,408.26K,+10.2%,0.01%
N00985106,AER,AERCAP HOLDINGS NV,59347,2969,8.14M,407.29K,+5.3%,0.02%
02156V109,OKLO,OKLO INC,43842,8162,2.17M,404.75K,+22.9%,<.01%
43300A203,HLT,HILTON WORLDWIDE HLDGS INC,79400,1331,24.14M,404.73K,+1.7%,0.06%
502431109,LHX,L3HARRIS TECHNOLOGIES INC,64516,1172,22.27M,404.52K,+1.9%,0.06%
444859102,HUM,HUMANA INC,46245,2325,8.02M,403.13K,+5.3%,0.02%
83444M101,SOLV,SOLVENTUM CORP,57373,6160,3.75M,402.25K,+12%,<.01%
277276101,EGP,EASTGROUP PPTYS INC,84249,2170,15.59M,401.65K,+2.6%,0.04%
98978V103,ZTS,ZOETIS INC,585516,3388,69.21M,400.5K,+0.6%,0.18%
888787108,TOST,TOAST INC,150900,15100,4M,400.3K,+11.1%,0.01%
75886F107,REGN,REGENERON PHARMACEUTICALS,53934,517,41.67M,399.45K,+1%,0.11%
00766T100,ACM,AECOM,44664,4700,3.79M,398.65K,+11.8%,<.01%
36266G107,GEHC,GE HEALTHCARE TECHNOLOGIES I,176315,5600,12.55M,398.61K,+3.3%,0.03%
257651109,DCI,DONALDSON INC,26578,4677,2.26M,396.94K,+21.4%,<.01%
902252105,TYL,TYLER TECHNOLOGIES INC,14970,1154,5.13M,395.11K,+8.4%,0.01%
G25457105,CRDO,CREDO TECHNOLOGY GROUP HOLDI,53040,4200,4.98M,394.25K,+8.6%,0.01%
370334104,GIS,GENERAL MILLS INC,233757,10543,8.7M,392.41K,+4.7%,0.02%
90384S303,ULTA,ULTA BEAUTY INC,17937,736,9.38M,384.71K,+4.3%,0.02%
252131107,DXCM,DEXCOM INC,150119,6100,9.43M,383.08K,+4.2%,0.02%
44107P104,HST,HOST HOTELS & RESORTS INC,1005590,19982,19.27M,382.86K,+2%,0.05%
594972408,MSTR,STRATEGY INC,95454,2991,11.91M,373.28K,+3.2%,0.03%
32054K103,FR,FIRST INDL RLTY TR INC,211902,6230,12.26M,360.41K,+3%,0.03%
00827B106,AFRM,AFFIRM HLDGS INC,87760,7640,4.02M,350.06K,+9.5%,0.01%
922042742,VT,VANGUARD INTL EQUITY INDEX F,10996,2500,1.52M,345.8K,+29.4%,<.01%
59156R108,MET,METLIFE INC,223615,4865,15.81M,344.05K,+2.2%,0.04%
722304102,PDD,PDD HOLDINGS INC,132147,3261,13.5M,333.21K,+2.5%,0.03%
345370860,F,FORD MTR CO,1553884,28698,17.93M,331.17K,+1.9%,0.05%
22160N109,CSGP,COSTAR GROUP INC,163961,8080,6.61M,325.95K,+5.2%,0.02%
874054109,TTWO,TAKE-TWO INTERACTIVE SOFTWAR,69620,1604,13.75M,316.79K,+2.4%,0.04%
78573L106,SBRA,SABRA HEALTH CARE REIT INC,391200,14600,7.52M,280.76K,+3.9%,0.02%
222795502,CUZ,COUSINS PPTYS INC,265711,11870,6M,267.91K,+4.7%,0.02%
314911108,FRMI,FERMI INC,45100,45100,263.38K,263.38K,NEW,<.01%
601137102,MRP,MILLROSE PPTYS INC,243730,9390,6.82M,262.92K,+4%,0.02%
233051879,ASHR,DBX ETF TR,115690,8010,3.78M,261.45K,+7.4%,<.01%
76169C100,REXR,REXFORD INDL RLTY INC,357740,7860,11.71M,257.26K,+2.2%,0.03%
N4732M103,JBS,JBS N.V.,78250,14100,1.41M,253.24K,+22%,<.01%
46429B598,INDA,ISHARES INC,135427,5370,6.34M,251.53K,+4.1%,0.02%
21871X109,CRBG,COREBRIDGE FINL INC,133008,10539,3.17M,251.46K,+8.6%,<.01%
380237107,GDDY,GODADDY INC,58414,3041,4.83M,251.4K,+5.5%,0.01%
053611109,AVY,AVERY DENNISON CORP,74854,1442,12.93M,249K,+2%,0.03%
501044101,KR,KROGER CO,285952,3422,20.69M,247.62K,+1.2%,0.05%
35086T109,FCPT,FOUR CORNERS PPTY TR INC,166940,10460,3.95M,247.38K,+6.7%,0.01%
05965X109,BSAC,BANCO SANTANDER CHILE NEW,28000,7300,935.2K,243.82K,+35.3%,<.01%
16119P108,CHTR,CHARTER COMMUNICATIONS INC,39454,1117,8.52M,241.14K,+2.9%,0.02%
760759100,RSG,REPUBLIC SVCS INC,83022,1072,18.18M,234.79K,+1.3%,0.05%
33738R506,RDVY,FIRST TR EXCHANGE TRADED FD,23175,3335,1.58M,227.71K,+16.8%,<.01%
874080104,TAL,TAL ED GROUP,71900,20000,817.5K,227.4K,+38.5%,<.01%
92345Y106,VRSK,VERISK ANALYTICS INC,64308,1187,12.2M,225.23K,+1.9%,0.03%
278768106,SATS,ECHOSTAR CORP,50585,1915,5.92M,224.19K,+3.9%,0.02%
45168D104,IDXX,IDEXX LABS INC,43542,398,24.47M,223.63K,+0.9%,0.06%
682680103,OKE,ONEOK INC NEW,224189,2462,20.26M,222.54K,+1.1%,0.05%
020002101,ALL,ALLSTATE CORP,92750,1059,19.23M,219.57K,+1.2%,0.05%
974155103,WING,WINGSTOP INC,12203,1365,1.89M,211.53K,+12.6%,<.01%
78377T107,RHP,RYMAN HOSPITALITY PPTYS INC,97270,2270,8.98M,209.45K,+2.4%,0.02%
374297109,GTY,GETTY RLTY CORP NEW,87496,6460,2.78M,205.43K,+8%,<.01%
69331C108,PCG,PG&E CORP,775476,11583,13.63M,203.51K,+1.5%,0.04%
172062101,CINF,CINCINNATI FINL CORP,288670,1291,45.42M,203.14K,+0.4%,0.12%
42226K105,HR,HEALTHCARE RLTY TR,542500,11900,9.22M,202.18K,+2.2%,0.02%
63633D104,NHI,NATIONAL HEALTH INVS INC,73260,2450,5.92M,198.11K,+3.5%,0.02%
15135B101,CNC,CENTENE CORP DEL,197089,6028,6.45M,197.36K,+3.2%,0.02%
78440X887,SLG,SL GREEN RLTY CORP,111550,5090,4.12M,188.02K,+4.8%,0.01%
929042109,VNO,VORNADO RLTY TR,256626,7120,6.67M,185.05K,+2.9%,0.02%
03064D108,COLD,AMERICOLD REALTY TRUST INC,444200,16100,5.09M,184.51K,+3.8%,0.01%
84265V105,SCCO,SOUTHERN COPPER CORP,12835,1070,2.21M,184.1K,+9.1%,<.01%
49803T300,KRG,KITE REALTY GROUP TRUST,334170,7390,8.2M,181.42K,+2.3%,0.02%
204448104,BVN,COMPANIA DE MINAS BUENAVENTU,26600,5000,958.66K,180.2K,+23.1%,<.01%
86366E106,GPCR,STRUCTURE THERAPEUTICS INC,32790,3638,1.58M,175.35K,+12.5%,<.01%
554382101,MAC,MACERICH CO,394900,9200,7.46M,173.88K,+2.4%,0.02%
929740108,WAB,WABTEC,86175,690,21.54M,172.44K,+0.8%,0.06%
086516101,BBY,BEST BUY INC,89495,2684,5.75M,172.31K,+3.1%,0.01%
115637209,BF.B,BROWN FORMAN CORP,1364427,6506,36.08M,172.02K,+0.5%,0.09%
77311W101,RKT,ROCKET COS INC,289059,11859,4.12M,168.99K,+4.3%,0.01%
922042858,VWO,VANGUARD INTL EQUITY INDEX F,6400,3100,345.92K,167.56K,+93.9%,<.01%
69007J304,OUT,OUTFRONT MEDIA INC,224650,6150,5.95M,162.97K,+2.8%,0.02%
12769G100,CZR,CAESARS ENTERTAINMENT INC NE,9900,6140,261.66K,162.28K,+163.3%,<.01%
875465106,SKT,TANGER INC,177540,4700,6.03M,159.71K,+2.7%,0.02%
922908751,VB,VANGUARD INDEX FDS,1600,600,419.07K,157.15K,+60%,<.01%
91704F104,UE,URBAN EDGE PPTYS,195300,7700,3.9M,153.85K,+4.1%,0.01%
G16910120,BLSH,BULLISH,4300,4300,153.64K,153.64K,NEW,<.01%
G8267P108,SW,SMURFIT WESTROCK PLC,189166,3830,7.54M,152.63K,+2.1%,0.02%
502175102,LTC,LTC PPTYS INC,73680,4000,2.74M,148.64K,+5.7%,<.01%
53566V106,LINE,LINEAGE INC,89510,4480,2.93M,146.76K,+5.3%,<.01%
11135E203,BNL,BROADSTONE NET LEASE INC,293400,7900,5.36M,144.33K,+2.8%,0.01%
761152107,RMD,RESMED INC,55679,626,12.5M,140.52K,+1.1%,0.03%
554489104,VRE,VERIS RESIDENTIAL INC,127900,7400,2.41M,139.64K,+6.1%,<.01%
37940X102,GPN,GLOBAL PMTS INC,85844,2067,5.78M,139.11K,+2.5%,0.01%
26884U109,EPR,EPR PPTYS,118020,2780,5.9M,138.89K,+2.4%,0.02%
03784Y200,APLE,APPLE HOSPITALITY REIT INC,343400,11900,3.95M,136.97K,+3.6%,0.01%
46982L108,J,JACOBS SOLUTIONS INC,42766,1069,5.44M,136.06K,+2.6%,0.01%
45781V101,IIPR,INNOVATIVE INDL PPTYS INC,44960,2640,2.26M,132.42K,+6.2%,<.01%
46266C105,IQV,IQVIA HLDGS INC,58803,759,10.03M,129.44K,+1.3%,0.03%
379378201,GNL,GLOBAL NET LEASE INC,304700,13700,2.85M,128.23K,+4.7%,<.01%
169656105,CMG,CHIPOTLE MEXICAN GRILL INC,540972,3959,17.32M,126.73K,+0.7%,0.04%
004239109,AKR,ACADIA RLTY TR,202100,6600,3.86M,126.19K,+3.4%,<.01%
171340102,CHD,CHURCH & DWIGHT CO INC,518776,1322,48.41M,123.37K,+0.3%,0.12%
49427F108,KRC,KILROY REALTY CORP,169230,4360,4.77M,123K,+2.6%,0.01%
12514G108,CDW,CDW CORP,45870,1010,5.55M,122.23K,+2.3%,0.01%
G0450A105,ACGL,ARCH CAP GROUP LTD,129004,1257,12.38M,120.66K,+1%,0.03%
25525P107,DHC,DIVERSIFIED HEALTHCARE TR,338600,18100,2.25M,120.18K,+5.6%,<.01%
31620R303,FNF,FIDELITY NATL FINL INC,82684,2586,3.83M,119.94K,+3.2%,<.01%
431284108,HIW,HIGHWOODS PPTYS INC,172060,5530,3.68M,118.4K,+3.3%,<.01%
71844V201,PECO,PHILLIPS EDISON & CO INC,193690,3160,7.25M,118.25K,+1.7%,0.02%
G4705A100,ICLR,ICON PLC,1640,1060,181.48K,117.3K,+182.8%,<.01%
G3643J108,FLUT,FLUTTER ENTMT PLC,53033,1146,5.41M,116.83K,+2.2%,0.01%
035710839,NLY,ANNALY CAPITAL MANAGEMENT IN,224492,5400,4.75M,114.21K,+2.5%,0.01%
529043408,LXP,LXP INDUSTRIAL TRUST,91427,2468,4.23M,114.17K,+2.8%,0.01%
526057104,LEN,LENNAR CORP,86150,1311,7.48M,113.85K,+1.5%,0.02%
302491303,FMC,FMC CORP,9000,6540,154.98K,112.62K,+265.9%,<.01%
H2927K103,AMRZ,AMRIZE LTD,157345,1985,8.81M,111.2K,+1.3%,0.02%
910047109,UAL,UNITED AIRLS HLDGS INC,36429,1202,3.35M,110.67K,+3.4%,<.01%
46124J201,IVT,INVENTRUST PPTYS CORP,119580,3630,3.64M,110.57K,+3.1%,<.01%
22002T108,CDP,COPT DEFENSE PROPERTIES,175820,3600,5.38M,110.16K,+2.1%,0.01%
83192D402,SMA,SMARTSTOP SELF STORAGREIT I,86200,3580,2.61M,108.4K,+4.3%,<.01%
674215207,CHRD,CHORD ENERGY CORPORATION,1540,760,218.96K,108.06K,+97.4%,<.01%
637870106,NSA,NATIONAL STORAGE AFFILIATES,108410,2860,4.09M,107.94K,+2.7%,0.01%
87162W100,SNX,TD SYNNEX CORPORATION,1880,630,317.18K,106.29K,+50.4%,<.01%
922020805,VTIP,VANGUARD MALVERN FDS,2100,2100,104.89K,104.89K,NEW,<.01%
872657101,TPG,TPG INC,4349,2486,176.18K,100.71K,+133.4%,<.01%
23128Q101,CURB,CURBLINE PPTYS CORP,149520,3800,3.86M,98K,+2.6%,<.01%
903002103,UMH,UMH PPTYS INC,125400,6700,1.81M,96.68K,+5.6%,<.01%
L6388F110,TIGO,MILLICOM INTL CELLULAR S A,1290,1290,96.67K,96.67K,NEW,<.01%
143130102,KMX,CARMAX INC,5920,2304,246.15K,95.8K,+63.7%,<.01%
133131102,CPT,CAMDEN PPTY TR,163701,962,15.99M,93.95K,+0.6%,0.04%
460146103,IP,INTERNATIONAL PAPER CO,182035,2584,6.5M,92.25K,+1.4%,0.02%
053332102,AZO,AUTOZONE INC,6198,27,20.94M,91.2K,+0.4%,0.05%
N97284108,NBIS,NEBIUS GROUP N.V.,67263,863,6.98M,89.54K,+1.3%,0.02%
984017103,XHR,XENIA HOTELS & RESORTS INC,148200,6000,2.2M,88.98K,+4.2%,<.01%
464287176,TIP,ISHARES TR,6200,800,684.23K,88.29K,+14.8%,<.01%
89400J107,TRU,TRANSUNION,63113,1244,4.37M,86.07K,+2%,0.01%
366651107,IT,GARTNER INC,29432,533,4.66M,84.4K,+1.8%,0.01%
459506101,IFF,INTERNATIONAL FLAVORS&FRAGRA,91754,1160,6.66M,84.16K,+1.3%,0.02%
879360105,TDY,TELEDYNE TECHNOLOGIES INC,16193,138,9.8M,83.49K,+0.9%,0.03%
35671D857,FCX,FREEPORT MCMORAN INC,601041,1397,35.33M,82.12K,+0.2%,0.09%
71377A103,PFGC,PERFORMANCE FOOD GROUP CO,3630,950,310.95K,81.38K,+35.4%,<.01%
74834L100,DGX,QUEST DIAGNOSTICS INC,48847,409,9.57M,80.16K,+0.8%,0.02%
00846U101,A,AGILENT TECHNOLOGIES INC,96838,672,11.04M,76.59K,+0.7%,0.03%
55261F104,MTB,M & T BK CORP,55742,370,11.52M,76.49K,+0.7%,0.03%
536797103,LAD,LITHIA MTRS INC,720,305,179.8K,76.16K,+73.5%,<.01%
22266T109,CPNG,COUPANG INC,8317,4027,157.03K,76.03K,+93.9%,<.01%
252784301,DRH,DIAMONDROCK HOSPITALITY CO,313100,8100,2.93M,75.9K,+2.7%,<.01%
70509V100,PEB,PEBBLEBROOK HOTEL TR,181900,6000,2.3M,75.78K,+3.4%,<.01%
700517105,PK,PARK HOTELS & RESORTS INC,308300,7100,3.25M,74.76K,+2.4%,<.01%
12008R107,BLDR,BUILDERS FIRSTSOURCE INC,48444,907,3.99M,74.67K,+1.9%,0.01%
G87110105,FTI,TECHNIPFMC PLC,18075,1076,1.25M,74.38K,+6.3%,<.01%
867892101,SHO,SUNSTONE HOTEL INVS INC NEW,292800,8200,2.64M,73.88K,+2.9%,<.01%
50155Q100,KD,KYNDRYL HLDGS INC,9400,5610,123.33K,73.6K,+148%,<.01%
216648501,COO,COOPER COS INC,66828,1010,4.78M,72.22K,+1.5%,0.01%
707569109,PENN,PENN ENTERTAINMENT INC,8400,4800,126.25K,72.14K,+133.3%,<.01%
388689101,GPK,GRAPHIC PACKAGING HLDG CO,9800,7100,97.41K,70.57K,+263%,<.01%
78454L100,SM,SM ENERGY COMPANY,3770,2210,117.55K,68.91K,+141.7%,<.01%
91529Y106,UNM,UNUM GROUP,2980,900,217.63K,65.73K,+43.3%,<.01%
00123Q104,AGNC,AGNC INVT CORP,14600,6500,146.44K,65.19K,+80.2%,<.01%
829933100,SIRI,SIRIUSXM HOLDINGS INC,6600,2800,152.33K,64.62K,+73.7%,<.01%
754730109,RJF,RAYMOND JAMES FINL INC,64744,434,9.37M,62.84K,+0.7%,0.02%
00404A109,ACHC,ACADIA HEALTHCARE COMPANY IN,3800,2680,88.88K,62.69K,+239.3%,<.01%
770323103,RHI,ROBERT HALF INC.,3500,2450,88.9K,62.23K,+233.3%,<.01%
29452E101,EQH,EQUITABLE HLDGS INC,120201,1674,4.46M,62.12K,+1.4%,0.01%
902494103,TSN,TYSON FOODS INC,102382,968,6.56M,62.02K,+1%,0.02%
05352A100,AVTR,AVANTOR INC,16200,7888,127.01K,61.84K,+94.9%,<.01%
398905109,GPI,GROUP 1 AUTOMOTIVE INC,373,184,123.33K,60.84K,+97.4%,<.01%
53626N102,LION,LIONSGATE STUDIOS CORP,6200,6200,59.46K,59.46K,NEW,<.01%
62944T105,NVR,NVR INC,1085,9,7.15M,59.31K,+0.8%,0.02%
65473P105,NI,NISOURCE INC,164713,1260,7.69M,58.79K,+0.8%,0.02%
023608102,AEE,AMEREN CORP,95146,524,10.46M,57.6K,+0.6%,0.03%
11133T103,BR,BROADRIDGE FINL SOLUTIONS IN,39354,350,6.39M,56.87K,+0.9%,0.02%
10950A106,BTSG,BRIGHTSPRING HEALTH SVCS INC,1310,1310,55.82K,55.82K,NEW,<.01%
45778Q107,NSP,INSPERITY INC,2300,2060,62.19K,55.7K,+858.3%,<.01%
50212V100,LPLA,LPL FINL HLDGS INC,25761,184,7.75M,55.35K,+0.7%,0.02%
759509102,RS,RELIANCE INC,20580,182,6.25M,55.31K,+0.9%,0.02%
25754A201,DPZ,DOMINOS PIZZA INC,13695,154,4.91M,55.25K,+1.1%,0.01%
78467J100,SSNC,SS&C TECH HLDGS,72125,810,4.87M,54.73K,+1.1%,0.01%
Y2573F102,FLEX,FLEXTRONICS INTL LTD,122955,835,8.05M,54.66K,+0.7%,0.02%
070830104,BBWI,BATH & BODY WORKS INC,4700,2920,87.75K,54.52K,+164%,<.01%
64828T201,RITM,RITHM CAPITAL CORP,16300,5700,154.52K,54.04K,+53.8%,<.01%
N20944109,CNH,CNH INDL N V,280814,4900,3.09M,53.9K,+1.8%,<.01%
989207105,ZBRA,ZEBRA TECHNOLOGIES CORPORATI,17314,253,3.62M,52.9K,+1.5%,<.01%
626755102,MUSA,MURPHY USA INC,277,107,136.83K,52.85K,+62.9%,<.01%
65249B109,NWSA,NEWS CORP NEW,126007,2120,3.14M,52.85K,+1.7%,<.01%
500688106,KOS,KOSMOS ENERGY LTD,19000,19000,52.82K,52.82K,NEW,<.01%
159864107,CRL,CHARLES RIV LABS INTL INC,1721,301,296.87K,51.92K,+21.2%,<.01%
695156109,PKG,PACKAGING CORP AMER,36140,244,7.67M,51.78K,+0.7%,0.02%
G3223R108,EG,EVEREST GROUP LTD,14625,158,4.78M,51.64K,+1.1%,0.01%
861896108,SNEX,STONEX GROUP INC,1230,640,99.2K,51.62K,+108.5%,<.01%
963320106,WHR,WHIRLPOOL CORP,2570,950,138.57K,51.22K,+58.6%,<.01%
72352L106,PINS,PINTEREST INC,189038,2780,3.47M,50.99K,+1.5%,<.01%
750940108,RAL,RALLIANT CORP,1650,1207,68.62K,50.2K,+272.5%,<.01%
741623102,PRMB,PRIMO BRANDS CORPORATION,2600,2600,48.96K,48.96K,NEW,<.01%
150870103,CE,CELANESE CORP DEL,3280,740,215.73K,48.67K,+29.1%,<.01%
85571B105,STWD,STARWOOD PPTY TR INC,8300,2800,142.93K,48.22K,+50.9%,<.01%
46435G474,FALN,ISHARES TR,596100,1800,15.93M,48.1K,+0.3%,0.04%
87165B103,SYF,SYNCHRONY FINANCIAL,152886,701,10.4M,47.68K,+0.5%,0.03%
488401100,KMPR,KEMPER CORP,2200,1530,67.23K,46.76K,+228.4%,<.01%
185899101,CLF,CLEVELAND-CLIFFS INC NEW,18000,5500,152.1K,46.47K,+44%,<.01%
14316J108,CG,CARLYLE GROUP INC,79794,945,3.86M,45.73K,+1.2%,<.01%
58463J304,MPT,MEDICAL PROPERTIES TRUST INC,769700,9800,3.56M,45.37K,+1.3%,<.01%
05550J101,BJ,BJS WHSL CLUB HLDGS INC,1310,460,128.93K,45.27K,+54.1%,<.01%
48123V102,ZD,ZIFF DAVIS INC,1410,1070,59.16K,44.9K,+314.7%,<.01%
29414B104,EPAM,EPAM SYS INC,1968,331,266.47K,44.82K,+20.2%,<.01%
860630102,SF,STIFEL FINL CORP,1892,606,139.86K,44.8K,+47.1%,<.01%
78410G104,SBAC,SBA COMMUNICATIONS CORP,35353,260,6.08M,44.75K,+0.7%,0.02%
680665205,OLN,OLIN CORP,4700,1500,139.73K,44.59K,+46.9%,<.01%
024061103,DCH,DAUCH CORP,10400,7500,61.67K,44.48K,+258.6%,<.01%
G02602103,DOX,AMDOCS LTD,1700,679,110.94K,44.31K,+66.5%,<.01%
25960P109,DEI,DOUGLAS EMMETT INC,257000,4700,2.42M,44.27K,+1.9%,<.01%
30034W106,EVRG,EVERGY INC,78821,540,6.46M,44.24K,+0.7%,0.02%
576485205,MTDR,MATADOR RES CO,1610,700,101.72K,44.23K,+76.9%,<.01%
918204108,VFC,V F CORP,7900,2600,134.22K,44.17K,+49.1%,<.01%
457187102,INGR,INGREDION INC,1010,390,113.79K,43.94K,+62.9%,<.01%
447011107,HUN,HUNTSMAN CORP,7300,3300,97.16K,43.92K,+82.5%,<.01%
093671105,HRB,BLOCK H & R INC,2210,1380,70.14K,43.8K,+166.3%,<.01%
L44385109,GLOB,GLOBANT S A,1030,949,47.49K,43.76K,+1171.6%,<.01%
G66721104,NCLH,NORWEGIAN CRUISE LINE HLDGS,12680,2330,237.12K,43.57K,+22.5%,<.01%
47233W109,JEF,JEFFERIES FINANCIAL GROUP IN,2570,1050,106.06K,43.33K,+69.1%,<.01%
038923108,ABR,ARBOR REALTY TRUST INC,9300,5600,71.7K,43.18K,+151.4%,<.01%
879369106,TFX,TELEFLEX INCORPORATED,670,360,80.14K,43.06K,+116.1%,<.01%
05329W102,AN,AUTONATION INC,920,220,179.64K,42.96K,+31.4%,<.01%
922475108,VEEV,VEEVA SYS INC,48941,244,8.6M,42.86K,+0.5%,0.02%
501889208,LKQ,LKQ CORP,5925,1445,174.02K,42.44K,+32.3%,<.01%
018802108,LNT,ALLIANT ENERGY CORP,90009,582,6.46M,41.76K,+0.7%,0.02%
565788106,MARA,MARA HOLDINGS INC,5100,5100,41.62K,41.62K,NEW,<.01%
534187109,LNC,LINCOLN NATL CORP IND,4430,1150,157.26K,40.83K,+35.1%,<.01%
68268W103,OMF,ONEMAIN HLDGS INC,3320,760,177.59K,40.65K,+29.7%,<.01%
65340G205,NXDT,NEXPOINT DIVERSIFIED REL ET,61946,8682,289.29K,40.54K,+16.3%,<.01%
45765U103,NSIT,INSIGHT ENTERPRISES INC,970,590,65K,39.54K,+155.3%,<.01%
G8473T100,STE,STERIS PLC,33587,178,7.43M,39.36K,+0.5%,0.02%
205887102,CAG,CONAGRA BRANDS INC,24573,2495,386.29K,39.22K,+11.3%,<.01%
35137L204,FOX,FOX CORP,66712,737,3.54M,39.13K,+1.1%,<.01%
83001C108,FUN,SIX FLAGS ENTERTAINMENT CORP,2200,2200,39.05K,39.05K,NEW,<.01%
376549101,LAND,GLADSTONE LD CORP,51800,3800,528.36K,38.76K,+7.9%,<.01%
526107107,LII,LENNOX INTL INC,12411,82,5.76M,38.06K,+0.7%,0.01%
577081102,MAT,MATTEL INC,5100,2600,74.1K,37.78K,+104%,<.01%
19239V302,CCOI,COGENT COMM HOLDINGS INC,2000,2000,37.68K,37.68K,NEW,<.01%
959802109,WU,WESTERN UN CO,12200,4300,106.51K,37.54K,+54.4%,<.01%
G97822103,PRGO,PERRIGO CO PLC,6200,3490,66.59K,37.48K,+128.8%,<.01%
56418H100,MAN,MANPOWERGROUP INC WIS,3300,1270,97.22K,37.41K,+62.6%,<.01%
78442P106,SLM,SLM CORP,3800,1740,81.36K,37.25K,+84.5%,<.01%
23331A109,DHI,D R HORTON INC,141374,270,19.4M,37.05K,+0.2%,0.05%
530307305,LBRDK,LIBERTY BROADBAND CORP,1440,730,72.43K,36.72K,+102.8%,<.01%
68622V106,OGN,ORGANON & CO,12500,6100,74.88K,36.54K,+95.3%,<.01%
277432100,EMN,EASTMAN CHEM CO,2651,478,202.32K,36.48K,+22%,<.01%
16208T102,CLDT,CHATHAM LODGING TR,78200,4600,615.43K,36.2K,+6.2%,<.01%
20602D101,CNXC,CONCENTRIX CORP,2320,1320,63.48K,36.12K,+132%,<.01%
84472E102,SSB,SOUTHSTATE BK CORP,970,390,89.74K,36.08K,+67.2%,<.01%
227046109,CROX,CROCS INC,810,430,67.25K,35.7K,+113.2%,<.01%
929089100,VOYA,VOYA FINANCIAL INC,1590,520,108.63K,35.53K,+48.6%,<.01%
G01767105,ALKS,ALKERMES PLC,1000,1000,35.36K,35.36K,NEW,<.01%
G9460G101,VAL,VALARIS LTD,360,360,35.29K,35.29K,NEW,<.01%
629377508,NRG,NRG ENERGY INC,67015,240,9.79M,35.07K,+0.4%,0.03%
292554102,ECPG,ENCORE CAP GROUP INC,500,500,35.06K,35.06K,NEW,<.01%
87918A105,TDOC,TELADOC HEALTH INC,6400,6400,34.88K,34.88K,NEW,<.01%
128030202,CALM,CAL MAINE FOODS INC,800,440,63.32K,34.83K,+122.2%,<.01%
12510Q100,CCC,CCC INTELLIGENT SOLUTIONS HL,5800,5800,34.8K,34.8K,NEW,<.01%
27923Q109,ECVT,ECOVYST INC,2700,2700,34.72K,34.72K,NEW,<.01%
817565104,SCI,SERVICE CORP INTL,1210,420,99.84K,34.65K,+53.2%,<.01%
737446104,POST,POST HLDGS INC,920,350,90.95K,34.6K,+61.4%,<.01%
194014502,ENOV,ENOVIS CORPORATION,2400,1520,54.6K,34.58K,+172.7%,<.01%
98980L101,ZM,ZOOM COMMUNICATIONS INC,82399,430,6.62M,34.57K,+0.5%,0.02%
50012A108,KGS,KODIAK GAS SVCS INC,590,590,34.41K,34.41K,NEW,<.01%
86333M108,LRN,STRIDE INC,390,390,34.39K,34.39K,NEW,<.01%
75281A109,RRC,RANGE RES CORP,2380,760,107.53K,34.34K,+46.9%,<.01%
693656100,PVH,PVH CORPORATION,1520,490,106.03K,34.18K,+47.6%,<.01%
00090Q103,ADT,ADT INC DEL,11400,5200,74.9K,34.16K,+83.9%,<.01%
827048109,SLGN,SILGAN HLDGS INC,1560,880,60.53K,34.14K,+129.4%,<.01%
59001A102,MTH,MERITAGE HOMES CORP,1350,550,83.48K,34.01K,+68.8%,<.01%
23355L106,DXC,DXC TECHNOLOGY CO,5600,2700,70.39K,33.94K,+93.1%,<.01%
127055101,CBT,CABOT CORP,810,450,61K,33.89K,+125%,<.01%
382550101,GT,GOODYEAR TIRE & RUBR CO,17300,5100,114.7K,33.81K,+41.8%,<.01%
109194100,BFAM,BRIGHT HORIZONS FAM SOL IN D,600,410,49.28K,33.67K,+215.8%,<.01%
91332U101,U,UNITY SOFTWARE INC,2100,1530,46.07K,33.57K,+268.4%,<.01%
G0750C108,AXTA,AXALTA COATING SYS LTD,2700,1210,74.79K,33.52K,+81.2%,<.01%
902681105,UGI,UGI CORP NEW,4330,920,157.7K,33.51K,+27%,<.01%
90278Q108,UFPI,UFP INDUSTRIES INC,920,360,84.75K,33.16K,+64.3%,<.01%
G3922B107,G,GENPACT LIMITED,1960,890,73.01K,33.15K,+83.2%,<.01%
74348T102,PSEC,PROSPECT CAP CORP,12614,12614,32.92K,32.92K,NEW,<.01%
Y2065G121,DHT,DHT HOLDINGS INC,1800,1800,32.89K,32.89K,NEW,<.01%
72147K108,PPC,PILGRIMS PRIDE CORP,870,870,32.85K,32.85K,NEW,<.01%
48242W106,KBR,KBR INC,1980,890,72.98K,32.81K,+81.7%,<.01%
412822108,HOG,HARLEY DAVIDSON INC,3900,1620,78.86K,32.76K,+71.1%,<.01%
023939101,AMTM,AMENTUM HOLDINGS INC,2700,1251,70.42K,32.63K,+86.3%,<.01%
343498101,FLO,FLOWERS FOODS INC,6800,4000,55.42K,32.6K,+142.9%,<.01%
219798105,QDEL,QUIDELORTHO CORP,3500,1980,57.51K,32.53K,+130.3%,<.01%
35922N100,FVR,FRONTVIEW REIT INC,35200,2100,544.54K,32.49K,+6.3%,<.01%
03852U106,ARMK,ARAMARK,2760,800,111.89K,32.43K,+40.8%,<.01%
44891N208,IAC,IAC INC,1930,810,77.26K,32.42K,+72.3%,<.01%
G8192H106,SPNT,SIRIUSPOINT LTD,1500,1500,32.31K,32.31K,NEW,<.01%
531229755,FWONK,LIBERTY MEDIA CORP DEL,67177,380,5.71M,32.31K,+0.6%,0.01%
754907103,RYN,RAYONIER INC,3036,1563,62.6K,32.23K,+106.1%,<.01%
74982T103,RXO,RXO INC,3600,2200,52.63K,32.16K,+157.1%,<.01%
515098101,LSTR,LANDSTAR SYS INC,500,200,80.16K,32.06K,+66.7%,<.01%
87724P106,TMHC,TAYLOR MORRISON HOME CORP,2060,550,119.97K,32.03K,+36.4%,<.01%
749607107,RLI,RLI CORP,1020,560,58.18K,31.94K,+121.7%,<.01%
G21810109,CLVT,CLARIVATE PLC,20000,12600,50.6K,31.88K,+170.3%,<.01%
320517105,FHN,FIRST HORIZON CORPORATION,6700,1400,152.49K,31.86K,+26.4%,<.01%
596278101,MIDD,MIDDLEBY CORP,560,240,74.25K,31.82K,+75%,<.01%
20369C106,CHCT,COMMUNITY HEALTHCARE TR INC,40920,2000,650.22K,31.78K,+5.1%,<.01%
744320102,PRU,PRUDENTIAL FINL INC,125495,325,12.26M,31.75K,+0.3%,0.03%
00191U102,EFOR,ASGN INC,1480,820,57.29K,31.74K,+124.2%,<.01%
73757R102,PSTL,POSTAL REALTY TRUST INC,39300,1700,729.41K,31.55K,+4.5%,<.01%
038336103,ATR,APTARGROUP INC,530,250,66.79K,31.51K,+89.3%,<.01%
83088M102,SWKS,SKYWORKS SOLUTIONS INC,6777,587,362.91K,31.43K,+9.5%,<.01%
64110W102,NTES,NETEASE COM INC,1930,280,216.04K,31.34K,+17%,<.01%
024013104,AAT,AMERICAN ASSETS TR INC,72840,1700,1.34M,31.3K,+2.4%,<.01%
546347105,LPX,LOUISIANA PAC CORP,880,430,64.02K,31.28K,+95.6%,<.01%
665531307,NOG,NORTHERN OIL & GAS INC,2000,1070,58.46K,31.28K,+115.1%,<.01%
298736109,EEFT,EURONET WORLDWIDE INC,820,470,54.42K,31.19K,+134.3%,<.01%
736508847,POR,PORTLAND GEN ELEC CO,1780,590,93.93K,31.13K,+49.6%,<.01%
03743Q108,APA,APA CORPORATION,15050,730,638.72K,30.98K,+5.1%,<.01%
253651202,DBD,DIEBOLD NIXDORF INC,410,410,30.93K,30.93K,NEW,<.01%
743606105,PB,PROSPERITY BANCSHARES INC,1420,460,95.4K,30.9K,+47.9%,<.01%
125269100,CF,CF INDUSTRIES HOLD,68556,238,8.9M,30.9K,+0.3%,0.02%
366505105,GTX,GARRETT MOTION INC,1700,1700,30.89K,30.89K,NEW,<.01%
36467W109,GME,GAMESTOP CORP,2400,1340,55.3K,30.87K,+126.4%,<.01%
41068X100,HASI,HA SUSTAINABLE INFRA CAP INC,840,840,30.87K,30.87K,NEW,<.01%
20464U100,COMP,COMPASS INC,4200,4200,30.7K,30.7K,NEW,<.01%
21874C102,CNM,CORE & MAIN INC,1690,620,83.49K,30.63K,+57.9%,<.01%
724078209,PIPR,PIPER SANDLER COMPANIES,400,400,30.62K,30.62K,NEW,<.01%
36162J106,GEO,GEO GROUP INC,3100,1820,52.11K,30.59K,+142.2%,<.01%
90385V107,UCTT,ULTRA CLEAN HLDGS INC,490,490,30.47K,30.47K,NEW,<.01%
957638109,WAL,WESTERN ALLIANCE BANCORP,1350,430,95.65K,30.47K,+46.7%,<.01%
G3198U102,ESNT,ESSENT GROUP LTD,1310,520,76.56K,30.39K,+65.8%,<.01%
808625107,SAIC,SCIENCE APPLICATIONS INTL CO,920,320,87.33K,30.37K,+53.3%,<.01%
31154R109,FPI,FARMLAND PARTNERS INC,60500,2700,679.41K,30.32K,+4.7%,<.01%
G4388N106,HELE,HELEN OF TROY LTD,2100,2100,30.28K,30.28K,NEW,<.01%
01626W101,ALIT,ALIGHT INC,60000,51900,34.96K,30.24K,+640.7%,<.01%
971378104,WSC,WILLSCOT HLDGS CORP,5943,1740,103.17K,30.21K,+41.4%,<.01%
24906P109,XRAY,DENTSPLY SIRONA INC,5600,2600,64.96K,30.16K,+86.7%,<.01%
938824109,WAFD,WAFD INC,1630,960,51.18K,30.14K,+143.3%,<.01%
483007704,KALU,KAISER ALUMINIUM CORPORATION,250,250,30.13K,30.13K,NEW,<.01%
146229109,CRI,CARTERS INC,1270,840,45.41K,30.04K,+195.3%,<.01%
57164Y107,VAC,MARRIOTT VACATIONS WORLDWIDE,890,460,57.96K,29.96K,+107%,<.01%
95058W100,WEN,WENDYS CO,5300,4300,36.84K,29.89K,+430%,<.01%
37954A303,XRN,CHIRON REAL ESTATE INC,20500,900,678.14K,29.77K,+4.6%,<.01%
882681109,TXRH,TEXAS ROADHOUSE INC,400,180,66.06K,29.73K,+81.8%,<.01%
51817R205,LTM,LATAM AIRLINES GROUP SA,21558,600,1.07M,29.66K,+2.9%,<.01%
00181T107,GOLD,GOLD COM INC,740,740,29.66K,29.66K,NEW,<.01%
53190C102,LTH,LIFE TIME GROUP HOLDINGS INC,1100,1100,29.63K,29.63K,NEW,<.01%
608190104,MHK,MOHAWK INDS INC,1380,300,135.88K,29.54K,+27.8%,<.01%
124805102,CBZ,CBIZ INC,1100,1100,29.54K,29.54K,NEW,<.01%
H2906T109,GRMN,GARMIN LTD,56229,127,13.05M,29.47K,+0.2%,0.03%
339750101,FND,FLOOR & DECOR HLDGS INC,1100,580,55.88K,29.46K,+111.5%,<.01%
G7496G103,RNR,RENAISSANCERE HLDGS LTD,481,99,142.97K,29.43K,+25.9%,<.01%
10922N103,BHF,BRIGHTHOUSE FINL INC,1470,490,88.02K,29.34K,+50%,<.01%
82982L103,SITE,SITEONE LANDSCAPE SUPPLY INC,430,220,57.24K,29.28K,+104.8%,<.01%
37959E102,GL,GLOBE LIFE INC,2480,210,345.14K,29.23K,+9.3%,<.01%
48020Q107,JLL,JONES LANG LASALLE INC,752,95,228.85K,28.91K,+14.5%,<.01%
Y2106R110,LPG,DORIAN LPG LTD,840,840,28.73K,28.73K,NEW,<.01%
52603A208,LC,LENDINGCLUB ISSUANCE TR SER,2000,2000,28.64K,28.64K,NEW,<.01%
30212P303,EXPE,EXPEDIA GROUP INC,40727,124,9.4M,28.63K,+0.3%,0.02%
45167R104,IEX,IDEX CORP,24750,151,4.69M,28.62K,+0.6%,0.01%
G8068L108,SN,SHARKNINJA INC,270,270,28.59K,28.59K,NEW,<.01%
G27907107,DOLE,DOLE PLC,2000,2000,28.58K,28.58K,NEW,<.01%
376536108,GOOD,GLADSTONE COMMERCIAL CORP,77200,2500,882.4K,28.57K,+3.3%,<.01%
G0692U109,AXS,AXIS CAP HLDGS LTD,950,280,96.34K,28.39K,+41.8%,<.01%
74624M102,P,EVERPURE INC,99690,480,5.89M,28.34K,+0.5%,0.02%
670837103,OGE,OGE ENERGY CORP,2560,590,122.78K,28.3K,+29.9%,<.01%
36164V800,GLIBK,GCI LIBERTY INC,760,760,28.28K,28.28K,NEW,<.01%
48662X105,KBDC,KAYNE ANDERSON BDC INC,2058,2058,28.24K,28.24K,NEW,<.01%
78473E103,SPXC,SPX TECHNOLOGIES INC,140,140,27.99K,27.99K,NEW,<.01%
92243G108,PCVX,VAXCYTE INC,480,480,27.89K,27.89K,NEW,<.01%
147448104,CWST,CASELLA WASTE SYS INC,350,350,27.77K,27.77K,NEW,<.01%
687793109,OSCR,OSCAR HEALTH INC,2400,2400,27.53K,27.53K,NEW,<.01%
859241101,STRL,STERLING INFRASTRUCTURE INC,67,67,27.29K,27.29K,NEW,<.01%
73278L105,POOL,POOL CORP,1070,134,216.49K,27.11K,+14.3%,<.01%
45768S105,IOSP,INNOSPEC INC,370,370,27.02K,27.02K,NEW,<.01%
783754104,RYZ,RYERSON HLDG CORP,1200,1200,26.98K,26.98K,NEW,<.01%
89531P105,TREX,TREX INC,740,740,26.95K,26.95K,NEW,<.01%
421298100,HAYW,HAYWARD HLDGS INC,2000,2000,26.76K,26.76K,NEW,<.01%
436440101,HOLX,HOLOGIC INC,92066,354,6.96M,26.76K,+0.4%,0.02%
57060D108,MKTX,MARKETAXESS HLDGS INC,260,162,42.9K,26.73K,+165.3%,<.01%
91347P105,OLED,UNIVERSAL DISPLAY CORP,290,290,26.58K,26.58K,NEW,<.01%
45780R101,IBP,INSTALLED BLDG PRODS INC,100,100,26.52K,26.51K,NEW,<.01%
81768T108,SFBS,SERVISFIRST BANCSHARES INC,360,360,26.22K,26.22K,NEW,<.01%
247361702,DAL,DELTA AIR LINES INC,72779,394,4.84M,26.19K,+0.5%,0.01%
258278100,DORM,DORMAN PRODS INC,250,250,26.09K,26.09K,NEW,<.01%
29355A107,ENPH,ENPHASE ENERGY INC,690,690,26.09K,26.09K,NEW,<.01%
61945C103,MOS,MOSAIC CO,15880,1020,404.94K,26.01K,+6.9%,<.01%
10482B101,BHR,BRAEMAR HOTELS & RESORTS INC,89100,11000,210.28K,25.96K,+14.1%,<.01%
405024100,HAE,HAEMONETICS CORP MASS,460,460,25.93K,25.93K,NEW,<.01%
82900L102,SMPL,SIMPLY GOOD FOODS CO,1800,1800,25.83K,25.83K,NEW,<.01%
85423L103,SARO,STANDARDAERO INC,1000,1000,25.83K,25.83K,NEW,<.01%
665859104,NTRS,NORTHERN TR CORP,67251,184,9.39M,25.68K,+0.3%,0.02%
98954M200,Z,ZILLOW GROUP INC,55804,620,2.31M,25.66K,+1.1%,<.01%
589889104,MMSI,MERIT MED SYS INC,370,370,25.5K,25.5K,NEW,<.01%
398433102,GFF,GRIFFON CORP,350,350,25.44K,25.44K,NEW,<.01%
163072101,CAKE,CHEESECAKE FACTORY INC,460,460,25.18K,25.18K,NEW,<.01%
720190206,PDM,PIEDMONT REALTY TRUST INC,191500,3800,1.26M,24.97K,+2%,<.01%
099406100,BOOT,BOOT BARN HLDGS INC,170,170,24.88K,24.88K,NEW,<.01%
04247X102,AWI,ARMSTRONG WORLD INDS INC NEW,150,150,24.72K,24.72K,NEW,<.01%
134429109,CPB,THE CAMPBELLS COMPANY,8960,1100,199.54K,24.5K,+14%,<.01%
477839104,JBTM,JBT MAREL CORPORATION,190,190,24.3K,24.3K,NEW,<.01%
98585X104,YETI,YETI HLDGS INC,660,660,24.15K,24.15K,NEW,<.01%
392709101,GRBK,GREEN BRICK PARTNERS INC,370,370,23.85K,23.85K,NEW,<.01%
82846H405,QXO,QXO INC,1200,1200,23.3K,23.3K,NEW,<.01%
60741F104,MBLY,MOBILEYE GLOBAL INC,3300,3300,22.67K,22.67K,NEW,<.01%
448579102,H,HYATT HOTELS CORP,13920,157,2M,22.58K,+1.1%,<.01%
723484101,PNW,PINNACLE WEST CAP CORP,4270,220,430.2K,22.17K,+5.4%,<.01%
872280102,CGBD,CARLYLE SECURED LENDING INC,2336,1967,25.56K,21.52K,+533.1%,<.01%
745867101,PHM,PULTE GROUP INC,77914,178,9.16M,20.93K,+0.2%,0.02%
376546107,GAIN,GLADSTONE INVT CORP,1467,1467,20.83K,20.83K,NEW,<.01%
26884L109,EQT,EQT CORP,214712,318,13.66M,20.24K,+0.1%,0.04%
89417E109,TRV,TRAVELERS COMPANIES INC,131087,69,38.24M,20.13K,+0.1%,0.1%
644393100,NFE,NEW FORTRESS ENERGY INC,31000,31000,18.29K,18.29K,NEW,<.01%
969904101,WSM,WILLIAMS SONOMA INC,47685,100,8.69M,18.23K,+0.2%,0.02%
34964C106,FBIN,FORTUNE BRANDS INNOVATIONS I,1740,461,67.81K,17.97K,+36%,<.01%
023586506,UHALB,U HAUL HOLDING COMPANY,1500,385,67K,17.2K,+34.5%,<.01%
74275K108,PCOR,PROCORE TECHNOLOGIES INC,1300,300,74.1K,17.1K,+30%,<.01%
70806A106,PFLT,PENNANTPARK FLOATING RATE CA,2113,2113,16.99K,16.99K,NEW,<.01%
31946M103,FCNCA,FIRST CTZNS BANCSHARES INC D,2915,9,5.49M,16.96K,+0.3%,0.01%
668771108,GEN,GEN DIGITAL INC,180840,880,3.41M,16.57K,+0.5%,<.01%
105368203,BDN,BRANDYWINE RLTY TR,266900,6100,723.3K,16.53K,+2.3%,<.01%
M22465104,CHKP,CHECK POINT SOFTWARE TECH LT,30416,111,4.34M,15.86K,+0.4%,0.01%
09073M104,TECH,BIO-TECHNE CORP,4040,290,211.13K,15.16K,+7.7%,<.01%
368736104,GNRC,GENERAC HLDGS INC,1767,77,345.15K,15.04K,+4.6%,<.01%
22948Q101,CTO,CTO RLTY GROWTH INC NEW,43700,800,808.01K,14.79K,+1.9%,<.01%
39818P799,PKST,PEAKSTONE REALTY TRUST,52000,700,1.09M,14.62K,+1.4%,<.01%
896239100,TRMB,TRIMBLE INC,79203,224,5.17M,14.61K,+0.3%,0.01%
016255101,ALGN,ALIGN TECHNOLOGY INC,2214,85,379.55K,14.57K,+4%,<.01%
G17977110,BUR,BURFORD CAPITAL LIMITED,3200,3200,14.46K,14.46K,NEW,<.01%
34959J108,FTV,FORTIVE CORP,113527,260,6.28M,14.37K,+0.2%,0.02%
925283103,VSNT,VERSANT MEDIA GROUP INC,356,356,13.18K,13.18K,NEW,<.01%
912008109,USFD,US FOODS HLDG CORP,63761,139,5.88M,12.82K,+0.2%,0.02%
17259U204,CION,CION INVT CORP,1708,1708,11.68K,11.68K,NEW,<.01%
86800U302,SMCI,SUPER MICRO COMPUTER INC,183247,450,4.17M,10.25K,+0.2%,0.01%
337932107,FE,FIRSTENERGY CORP,221447,193,11.22M,9.78K,+0.1%,0.03%
79589L106,IOT,SAMSARA INC,113810,300,3.61M,9.51K,+0.3%,<.01%
86887Q109,SSSS,SURO CAPITAL CORP,876,876,9.38K,9.38K,NEW,<.01%
00287Y109,ABBV,ABBVIE INC,1024824,42,222.89M,9.13K,+0%,0.57%
219948106,CPAY,CORPAY INC,23347,30,6.79M,8.73K,+0.1%,0.02%
690742101,OC,OWENS CORNING NEW,1630,73,176.4K,7.9K,+4.7%,<.01%
913903100,UHS,UNIVERSAL HLTH SVCS INC,20635,40,3.69M,7.16K,+0.2%,<.01%
493267108,KEY,KEYCORP,332275,342,6.66M,6.86K,+0.1%,0.02%
89677Y100,TPVG,TRIPLEPOINT VENTURE GROWTH B,1598,1320,7.97K,6.59K,+474.8%,<.01%
78163D100,RWAY,RUNWAY GROWTH FINANCE CORP,878,878,6.03K,6.03K,NEW,<.01%
574599106,MAS,MASCO CORP,85939,96,5.19M,5.8K,+0.1%,0.01%
285512109,EA,ELECTRONIC ARTS INC,99621,25,20.31M,5.1K,+0%,0.05%
148929102,CAVA,CAVA GROUP INC,4133,61,334.36K,4.93K,+1.5%,<.01%
09259E108,TCPC,BLACKROCK TCP CAPITAL CORP,1736,1260,6.27K,4.55K,+264.7%,<.01%
45378A106,IRT,INDEPENDENCE RLTY TR INC,367600,257,5.47M,3.83K,+0.1%,0.01%
88262P102,TPL,TEXAS PACIFIC LAND CORPORATI,22553,8,10.7M,3.8K,+0%,0.03%
058498106,BALL,BALL CORP,88811,50,5.25M,2.96K,+0.1%,0.01%
881624209,TEVA,TEVA PHARMACEUTICAL INDS LTD,364587,0,10.98M,0,NO CHANGE,0.03%
78468R622,JNK,SPDR SERIES TRUST,81433,0,7.79M,0,NO CHANGE,0.02%
78464A359,CWB,SPDR SERIES TRUST,75056,0,6.87M,0,NO CHANGE,0.02%
64125C109,NBIX,NEUROCRINE BIOSCIENCES INC,48723,0,6.42M,0,NO CHANGE,0.02%
09709UV70,BAC,BOFA FIN LLC,5000000,0,5.97M,0,NO CHANGE,0.02%
29362U104,ENTG,ENTEGRIS INC,47590,0,5.58M,0,NO CHANGE,0.01%
422806109,HEI,HEICO CORP NEW,18751,0,5.14M,0,NO CHANGE,0.01%
538034BC2,LIVE,LIVE NATION ENTERTAINMENT IN,4500000,0,4.89M,0,NO CHANGE,0.01%
422806208,HEIA,HEICO CORP NEW,22910,0,4.84M,0,NO CHANGE,0.01%
59001ABF8,MTH,MERITAGE HOMES CORP,5000000,0,4.8M,0,NO CHANGE,0.01%
00508Y102,AYI,ACUITY INC,12136,0,3.4M,0,NO CHANGE,<.01%
G4124C109,GRAB,GRAB HOLDINGS LIMITED,836654,0,3.06M,0,NO CHANGE,<.01%
46436F103,IAUM,ISHARES GOLD TR,62000,0,2.9M,0,NO CHANGE,<.01%
26142V105,DKNG,DRAFTKINGS INC NEW,133856,0,2.89M,0,NO CHANGE,<.01%
46222L108,IONQ,IONQ INC,93870,0,2.71M,0,NO CHANGE,<.01%
146280508,SILA,SILA REALTY TRUST INC,83780,0,1.98M,0,NO CHANGE,<.01%
74965L101,RLJ,RLJ LODGING TR,230000,0,1.71M,0,NO CHANGE,<.01%
922042866,VPL,VANGUARD INTL EQUITY INDEX F,17330,0,1.69M,0,NO CHANGE,<.01%
92204A207,VDC,VANGUARD WORLD FD,7000,0,1.57M,0,NO CHANGE,<.01%
15202L107,CSR,CENTERSPACE,25210,0,1.45M,0,NO CHANGE,<.01%
084670108,BRK.A,BERKSHIRE HATHAWAY INC DEL,2,0,1.44M,0,NO CHANGE,<.01%
27616P301,DEA,EASTERLY GOVT PPTYS INC,66380,0,1.42M,0,NO CHANGE,<.01%
44332N106,HTHT,H WORLD GROUP LTD,27800,0,1.4M,0,NO CHANGE,<.01%
83304A106,SNAP,SNAP INC,303900,0,1.4M,0,NO CHANGE,<.01%
059520106,BCH,BANCO DE CHILE,35330,0,1.31M,0,NO CHANGE,<.01%
91325VAB4,AVB,UNITI GROUP LLC,1025000,0,1.19M,0,NO CHANGE,<.01%
40090E106,CIB,GRUPO CIBEST SA,15630,0,1.14M,0,NO CHANGE,<.01%
966084204,WSR,WHITESTONE REIT,69200,0,1.12M,0,NO CHANGE,<.01%
G98239109,XP,XP INC,56100,0,1.07M,0,NO CHANGE,<.01%
464288679,SHV,ISHARES TR,9235,0,1.02M,0,NO CHANGE,<.01%
M7S64H106,MNDY,MONDAY COM LTD,14620,0,1.01M,0,NO CHANGE,<.01%
46138E636,PICB,INVESCO EXCH TRADED FD TR II,42865,0,990.18K,0,NO CHANGE,<.01%
008073AA6,AVAV,AEROVIRONMENT INC,1000000,0,984.5K,0,NO CHANGE,<.01%
04965M106,ATAT,ATOUR LIFESTYLE HLDGS LTD,25497,0,938.54K,0,NO CHANGE,<.01%
78646V107,SAFE,SAFEHOLD INC,68500,0,926.8K,0,NO CHANGE,<.01%
46434G822,EWJ,ISHARES INC,10700,0,903.51K,0,NO CHANGE,<.01%
46434G848,PICK,ISHARES INC,15523,0,878.45K,0,NO CHANGE,<.01%
464287556,IBB,ISHARES TR,4846,0,818.25K,0,NO CHANGE,<.01%
65341D102,NXRT,NEXPOINT RESIDENTIAL TR INC,32000,0,800K,0,NO CHANGE,<.01%
81369Y886,XLU,SELECT SECTOR SPDR TR,17318,0,794.72K,0,NO CHANGE,<.01%
48553T106,BZ,KANZHUN LIMITED,58752,0,786.69K,0,NO CHANGE,<.01%
91359E105,UHT,UNIVERSAL HEALTH RLTY INCOME,18720,0,757.6K,0,NO CHANGE,<.01%
014752109,ALX,ALEXANDERS INC,3195,0,754.66K,0,NO CHANGE,<.01%
866082100,INN,SUMMIT HOTEL PPTYS,166000,0,733.72K,0,NO CHANGE,<.01%
88034P109,TME,TENCENT MUSIC ENTMT GROUP,78300,0,726.62K,0,NO CHANGE,<.01%
78464A151,IBND,SPDR SERIES TRUST,22351,0,694.67K,0,NO CHANGE,<.01%
33737A108,GRID,FIRST TR EXCHANGE-TRADED FD,4182,0,684.09K,0,NO CHANGE,<.01%
37954Y236,DTCR,GLOBAL X FDS,28546,0,683.96K,0,NO CHANGE,<.01%
46429B663,HDV,ISHARES TR,4990,0,677.24K,0,NO CHANGE,<.01%
03168L105,AMRX,AMNEAL PHARMACEUTICALS INC,53978,0,670.95K,0,NO CHANGE,<.01%
04208T108,AHRT,AH RLTY TR INC,120200,0,661.1K,0,NO CHANGE,<.01%
464288877,EFV,ISHARES TR,8666,0,644.32K,0,NO CHANGE,<.01%
804395101,BFS,SAUL CTRS INC,18830,0,613.48K,0,NO CHANGE,<.01%
464287614,IWF,ISHARES TR,1330,0,567.11K,0,NO CHANGE,<.01%
464287119,ILCG,ISHARES TR,5709,0,545.1K,0,NO CHANGE,<.01%
37954Y632,AIQ,GLOBAL X FDS,11572,0,540.07K,0,NO CHANGE,<.01%
92189F437,ANGL,VANECK ETF TRUST,18318,0,526.09K,0,NO CHANGE,<.01%
456237106,ILPT,INDUSTRIAL LOGISTICS PPTYS T,89900,0,510.63K,0,NO CHANGE,<.01%
444097406,HPP,HUDSON PACIFIC PROPERTIES IN,81970,0,484.44K,0,NO CHANGE,<.01%
78463X533,EDIV,SPDR INDEX SHS FDS,12246,0,483.47K,0,NO CHANGE,<.01%
46435G334,EWU,ISHARES TR,10174,0,463.53K,0,NO CHANGE,<.01%
464289438,IWY,ISHARES TR,1841,0,458.11K,0,NO CHANGE,<.01%
464287671,IUSG,ISHARES TR,2838,0,440.2K,0,NO CHANGE,<.01%
33738R704,AIRR,FIRST TR EXCHANGE TRADED FD,3827,0,423.95K,0,NO CHANGE,<.01%
78462F103,SPY,STATE STR SPDR S&P 500 ETF T,637,0,414.27K,0,NO CHANGE,<.01%
85208P303,URNM,SPROTT FDS TR,5966,0,376.75K,0,NO CHANGE,<.01%
02083X103,PINE,ALPINE INCOME PPTY TR INC,20500,0,369K,0,NO CHANGE,<.01%
81761L102,SVC,SERVICE PPTYS TR,240800,0,326.28K,0,NO CHANGE,<.01%
78463X749,RWO,SPDR INDEX SHS FDS,7000,0,320.39K,0,NO CHANGE,<.01%
403949100,DINO,HF SINCLAIR CORP,4690,0,292.61K,0,NO CHANGE,<.01%
92206C870,VCIT,VANGUARD SCOTTSDALE FDS,3518,0,291.12K,0,NO CHANGE,<.01%
29278D105,ENIC,ENEL CHILE SA,73000,0,287.62K,0,NO CHANGE,<.01%
64110Y108,NLOP,NET LEASE OFFICE PROPERTIES,23140,0,266.57K,0,NO CHANGE,<.01%
464287739,IYR,ISHARES TR,2400,0,226.94K,0,NO CHANGE,<.01%
055645303,BRT,BRT APARTMENTS CORP,15600,0,208.1K,0,NO CHANGE,<.01%
60784B101,MDV,MODIV INDUSTRIAL INC,14100,0,201.91K,0,NO CHANGE,<.01%
52490G102,LEGN,LEGEND BIOTECH CORP,11100,0,200.8K,0,NO CHANGE,<.01%
68629Y103,ONL,ORION PROPERTIES INC,92200,0,198.23K,0,NO CHANGE,<.01%
M9T951109,ZIM,ZIM INTEGRATED SHIPPING SERV,7500,0,197.62K,0,NO CHANGE,<.01%
759351604,RGA,REINSURANCE GROUP AMER INC,750,0,153.12K,0,NO CHANGE,<.01%
783549108,R,RYDER SYS INC,740,0,151.49K,0,NO CHANGE,<.01%
680223104,ORI,OLD REP INTL CORP,3570,0,142.44K,0,NO CHANGE,<.01%
237266101,DAR,DARLING INGREDIENTS INC,1990,0,123.08K,0,NO CHANGE,<.01%
889478103,TOL,TOLL BROTHERS INC,900,0,122.82K,0,NO CHANGE,<.01%
001084102,AGCO,AGCO CORP,1060,0,122.82K,0,NO CHANGE,<.01%
947890109,WBS,WEBSTER FINL CORP,1720,0,119.4K,0,NO CHANGE,<.01%
626717102,MUR,MURPHY OIL CORP,2880,0,118.8K,0,NO CHANGE,<.01%
27579R104,EWBC,EAST WEST BANCORP INC,1050,0,112.1K,0,NO CHANGE,<.01%
00751Y106,AAP,ADVANCE AUTO PARTS INC,2090,0,110.25K,0,NO CHANGE,<.01%
053774105,CAR,AVIS BUDGET GROUP INC,740,0,107.93K,0,NO CHANGE,<.01%
00912X302,AL,AIR LEASE CORP,1650,0,107.15K,0,NO CHANGE,<.01%
989701107,ZION,ZIONS BANCORPORATION NATL AS,1830,0,105.44K,0,NO CHANGE,<.01%
499049104,KNX,KNIGHT-SWIFT TRANSN HLDGS IN,1770,0,101.92K,0,NO CHANGE,<.01%
G50871105,JAZZ,JAZZ PHARMACEUTICALS PLC,520,0,98.31K,0,NO CHANGE,<.01%
36262G101,GXO,GXO LOGISTICS INCORPORATED,1890,0,98K,0,NO CHANGE,<.01%
733174700,BPOP,POPULAR INC,710,0,95.26K,0,NO CHANGE,<.01%
053807103,AVT,AVNET INC,1540,0,94.89K,0,NO CHANGE,<.01%
201723103,CMC,COMMERCIAL METALS CO,1500,0,92.14K,0,NO CHANGE,<.01%
018581108,BFH,BREAD FINANCIAL HOLDINGS INC,1220,0,91.37K,0,NO CHANGE,<.01%
31847R102,FAF,FIRST AMERN FINL CORP,1510,0,91.04K,0,NO CHANGE,<.01%
37247D106,GNW,GENWORTH FINL INC,11200,0,90.94K,0,NO CHANGE,<.01%
65336K103,NXST,NEXSTAR MEDIA GROUP INC,490,0,88.61K,0,NO CHANGE,<.01%
62955J103,NOV,NOV INC,4700,0,88.41K,0,NO CHANGE,<.01%
343412102,FLR,FLUOR CORP,1890,0,88.17K,0,NO CHANGE,<.01%
636180101,NFG,NATIONAL FUEL GAS CO,930,0,87.38K,0,NO CHANGE,<.01%
835495102,SON,SONOCO PRODS CO,1580,0,85.46K,0,NO CHANGE,<.01%
12653C108,CNX,CNX RES CORP,2210,0,85.2K,0,NO CHANGE,<.01%
00737L103,CVSA,COVISTA INC,737,0,84.94K,0,NO CHANGE,<.01%
553498106,MSA,MSA SAFETY INC,516,0,84.6K,0,NO CHANGE,<.01%
052800109,ALV,AUTOLIV INC,800,0,84.13K,0,NO CHANGE,<.01%
163851108,CC,CHEMOURS CO,3700,0,81.51K,0,NO CHANGE,<.01%
731068102,PII,POLARIS INC,1430,0,77.94K,0,NO CHANGE,<.01%
649445400,FLG,FLAGSTAR BANK NATIONAL ASSOC,5900,0,77.7K,0,NO CHANGE,<.01%
76118Y104,REZI,RESIDEO TECHNOLOGIES INC,2300,0,77.53K,0,NO CHANGE,<.01%
879433829,TDS,TELEPHONE & DATA SYS INC,1830,0,77.04K,0,NO CHANGE,<.01%
302520101,FNB,F N B CORP,4600,0,76.91K,0,NO CHANGE,<.01%
23345M107,DTM,DT MIDSTREAM INC,570,0,76.76K,0,NO CHANGE,<.01%
919794107,VLY,VALLEY NATL BANCORP,6200,0,76.14K,0,NO CHANGE,<.01%
74736K101,QRVO,QORVO INC,970,0,75.08K,0,NO CHANGE,<.01%
81211K100,SEE,SEALED AIR CORP NEW,1770,0,74.43K,0,NO CHANGE,<.01%
911163103,UNFI,UNITED NAT FOODS INC,1640,0,73.9K,0,NO CHANGE,<.01%
87265H109,TPH,TRI POINTE HOMES INC,1560,0,72.9K,0,NO CHANGE,<.01%
G4474Y214,JHG,JANUS HENDERSON GROUP PLC,1410,0,72.43K,0,NO CHANGE,<.01%
97650W108,WTFC,WINTRUST FINL CORP,520,0,72.25K,0,NO CHANGE,<.01%
117043109,BC,BRUNSWICK CORP,990,0,72.03K,0,NO CHANGE,<.01%
500767678,KRBN,KRANESHARES TRUST,2408,0,71.49K,0,NO CHANGE,<.01%
G2717C106,CWK,CUSHMAN AND WAKEFIELD LTD,5800,0,71.11K,0,NO CHANGE,<.01%
885160101,THO,THOR INDS INC,880,0,70.3K,0,NO CHANGE,<.01%
423452101,HP,HELMERICH & PAYNE INC,1940,0,69.9K,0,NO CHANGE,<.01%
419870100,HE,HAWAIIAN ELEC INDS INC MTN B,4700,0,69.75K,0,NO CHANGE,<.01%
092113109,BKH,BLACK HILLS CORP,980,0,68.02K,0,NO CHANGE,<.01%
043436104,ABG,ASBURY AUTOMOTIVE GROUP INC,343,0,67.03K,0,NO CHANGE,<.01%
624756102,MLI,MUELLER INDS INC,600,0,66.48K,0,NO CHANGE,<.01%
364760108,GAP,GAP INC,2740,0,66.31K,0,NO CHANGE,<.01%
184496107,CLH,CLEAN HARBORS INC,230,0,65.95K,0,NO CHANGE,<.01%
89055F103,BLD,TOPBUILD COR,184,0,64.64K,0,NO CHANGE,<.01%
13057Q305,CRC,CALIFORNIA RES CORP,930,0,64.38K,0,NO CHANGE,<.01%
887389104,TKR,TIMKEN CO,640,0,64.36K,0,NO CHANGE,<.01%
410120109,HWC,HANCOCK WHITNEY CORPORATION,1010,0,64.23K,0,NO CHANGE,<.01%
703481101,PTEN,PATTERSON-UTI ENERGY INC,5900,0,63.9K,0,NO CHANGE,<.01%
53115L104,LBRT,LIBERTY ENERGY INC,2200,0,63.36K,0,NO CHANGE,<.01%
35471R106,FSP,FRANKLIN STR PPTYS CORP,95200,0,63.26K,0,NO CHANGE,<.01%
01973R101,ALSN,ALLISON TRANSMISSION HLDGS I,540,0,63.21K,0,NO CHANGE,<.01%
229899109,CFR,CULLEN FROST BANKERS INC,460,0,63.06K,0,NO CHANGE,<.01%
06417N103,OZK,BANK OZK LITTLE ROCK ARK,1370,0,62.87K,0,NO CHANGE,<.01%
844895102,SWX,SOUTHWEST GAS HLDGS INC,720,0,62.57K,0,NO CHANGE,<.01%
G8060N102,ST,SENSATA TECHNOLOGIES HLDG PL,1770,0,62.34K,0,NO CHANGE,<.01%
533900106,LECO,LINCOLN ELEC HLDGS INC,250,0,62.27K,0,NO CHANGE,<.01%
668074305,NWE,NORTHWESTERN ENERGY GROUP IN,940,0,61.98K,0,NO CHANGE,<.01%
03676B102,AM,ANTERO MIDSTREAM CORP,2700,0,61.56K,0,NO CHANGE,<.01%
909907107,UBSI,UNITED BANKSHARES INC WEST V,1480,0,61.3K,0,NO CHANGE,<.01%
68235P108,OGS,ONE GAS INC,710,0,61.15K,0,NO CHANGE,<.01%
45073V108,ITT,ITT INC,320,0,60.97K,0,NO CHANGE,<.01%
651229106,NWL,NEWELL BRANDS INC,17700,0,60.71K,0,NO CHANGE,<.01%
552848103,MTG,MGIC INVT CORP WIS,2300,0,60.38K,0,NO CHANGE,<.01%
52110M109,LAZ,LAZARD INC,1420,0,60.32K,0,NO CHANGE,<.01%
G1890L107,CPRI,CAPRI HOLDINGS LIMITED,3400,0,59.91K,0,NO CHANGE,<.01%
045487105,ASB,ASSOCIATED BANC-CORP,2300,0,59.48K,0,NO CHANGE,<.01%
650111107,NYT,NEW YORK TIMES CO MTN BE,710,0,59.45K,0,NO CHANGE,<.01%
09257W100,BXMT,BLACKSTONE MORTGAGE TRUST IN,3100,0,59.37K,0,NO CHANGE,<.01%
00187Y100,APG,API GROUP CORP,1454,0,58.92K,0,NO CHANGE,<.01%
034164103,ANDE,ANDERSONS INC,820,0,58.86K,0,NO CHANGE,<.01%
451107106,IDA,IDACORP INC,410,0,58.62K,0,NO CHANGE,<.01%
42806J700,HTZ,HERTZ GLOBAL HLDGS INC,12600,0,58.09K,0,NO CHANGE,<.01%
680033107,ONB,OLD NATL BANCORP IND,2600,0,57.46K,0,NO CHANGE,<.01%
Y8162K204,SBLK,STAR BULK CARRIERS CORP.,2500,0,57.42K,0,NO CHANGE,<.01%
69349H107,TXNM,TXNM ENERGY INC,980,0,57.29K,0,NO CHANGE,<.01%
891092108,TTC,TORO CO,610,0,57K,0,NO CHANGE,<.01%
55305B101,MHO,M/I HOMES INC,460,0,56.33K,0,NO CHANGE,<.01%
88224Q107,TCBI,TEXAS CAP BANCSHARES INC,590,0,55.98K,0,NO CHANGE,<.01%
G4412G101,HLF,HERBALIFE LTD,3800,0,55.94K,0,NO CHANGE,<.01%
410867105,THG,HANOVER INS GROUP INC,320,0,55.47K,0,NO CHANGE,<.01%
79546E104,SBH,SALLY BEAUTY HLDGS INC,4000,0,55.4K,0,NO CHANGE,<.01%
04911A107,AUB,ATLANTIC UN BANKSHARES CORP,1533,0,54.79K,0,NO CHANGE,<.01%
G39108108,GTES,GATES INDL CORP PLC,2400,0,54.26K,0,NO CHANGE,<.01%
12621E103,CNO,CNO FINL GROUP INC,1320,0,54.2K,0,NO CHANGE,<.01%
00402L107,ASO,ACADEMY SPORTS & OUTDOORS IN,960,0,54.19K,0,NO CHANGE,<.01%
93627C101,HCC,WARRIOR MET COAL INC,580,0,54.03K,0,NO CHANGE,<.01%
03076K108,ABCB,AMERIS BANCORP,690,0,53.81K,0,NO CHANGE,<.01%
44952J104,CRGY,CRESCENT ENERGY COMPANY,3986,0,53.81K,0,NO CHANGE,<.01%
87484T108,TALO,TALOS ENERGY INC,3400,0,53.58K,0,NO CHANGE,<.01%
29261A100,EHC,ENCOMPASS HEALTH CORP,550,0,53.2K,0,NO CHANGE,<.01%
497266106,KEX,KIRBY CORP,400,0,53.15K,0,NO CHANGE,<.01%
G65431127,NE,NOBLE CORP PLC,1080,0,53K,0,NO CHANGE,<.01%
524660107,LEG,LEGGETT & PLATT INC,5300,0,52.36K,0,NO CHANGE,<.01%
518613203,LAUR,LAUREATE ED INC,1500,0,52.26K,0,NO CHANGE,<.01%
894164102,TNL,TRAVEL PLUS LEISURE CO,750,0,51.89K,0,NO CHANGE,<.01%
02553E106,AEO,AMERICAN EAGLE OUTFITTERS IN,3100,0,51.77K,0,NO CHANGE,<.01%
84857L101,SR,SPIRE INC,570,0,51.61K,0,NO CHANGE,<.01%
09739D100,BCC,BOISE CASCADE CO DEL,680,0,51.58K,0,NO CHANGE,<.01%
880779103,TEX,TEREX CORP NEW,870,0,51.42K,0,NO CHANGE,<.01%
48666K109,KBH,KB HOME,990,0,51.23K,0,NO CHANGE,<.01%
361448103,GATX,GATX CORP,300,0,51.22K,0,NO CHANGE,<.01%
920253101,VMI,VALMONT INDS INC,126,0,50.35K,0,NO CHANGE,<.01%
H8088L103,SRAD,SPORTRADAR GROUP AG,3000,0,50.22K,0,NO CHANGE,<.01%
552690109,MDU,MDU RES GROUP INC,2380,0,49.31K,0,NO CHANGE,<.01%
750236101,RDN,RADIAN GROUP INC,1490,0,49.29K,0,NO CHANGE,<.01%
G9618E107,WTM,WHITE MTNS INS GROUP LTD,22,0,48.33K,0,NO CHANGE,<.01%
62914V106,NIO,NIO INC,8000,0,48.24K,0,NO CHANGE,<.01%
254543101,DIOD,DIODES INC,700,0,47.78K,0,NO CHANGE,<.01%
302941109,FCN,FTI CONSULTING INC,270,0,47.73K,0,NO CHANGE,<.01%
74164M108,PRI,PRIMERICA INC,190,0,47.59K,0,NO CHANGE,<.01%
16115Q308,GTLS,CHART INDS INC,230,0,47.55K,0,NO CHANGE,<.01%
63001N106,NATL,NCR ATLEOS CORPORATION,1090,0,47.5K,0,NO CHANGE,<.01%
144285103,CRS,CARPENTER TECHNOLOGY CORP,120,0,47.3K,0,NO CHANGE,<.01%
136635109,CSIQ,CANADIAN SOLAR INC,3400,0,47.09K,0,NO CHANGE,<.01%
553530106,MSM,MSC INDL DIRECT INC,510,0,47.06K,0,NO CHANGE,<.01%
928298108,VSH,VISHAY INTERTECHNOLOGY INC,2600,0,46.8K,0,NO CHANGE,<.01%
84790A105,SPB,SPECTRUM BRANDS HOLDINGS INC,630,0,46.43K,0,NO CHANGE,<.01%
646025106,NJR,NEW JERSEY RES CORP,840,0,46.13K,0,NO CHANGE,<.01%
96208T104,WEX,WEX INC,300,0,45.91K,0,NO CHANGE,<.01%
06652K103,BKU,BANKUNITED INC,1010,0,45.61K,0,NO CHANGE,<.01%
67098H104,OI,O-I GLASS INC,4300,0,45.19K,0,NO CHANGE,<.01%
928254101,VIRT,VIRTU FINL INC,1020,0,44.86K,0,NO CHANGE,<.01%
537008104,LFUS,LITTELFUSE INC,132,0,44.79K,0,NO CHANGE,<.01%
360271100,FULT,FULTON FINL CORP PA,2200,0,44.75K,0,NO CHANGE,<.01%
109696104,BCO,BRINKS CO,430,0,44.56K,0,NO CHANGE,<.01%
781846209,RUSHA,RUSH ENTERPRISES INC,674,0,44.56K,0,NO CHANGE,<.01%
50189K103,LCII,LCI INDS,360,0,44.27K,0,NO CHANGE,<.01%
191098102,COKE,COCA COLA CONS INC,230,0,44.1K,0,NO CHANGE,<.01%
896522109,TRN,TRINITY INDS INC,1370,0,44.09K,0,NO CHANGE,<.01%
436893200,HOMB,HOME BANCSHARES INC,1630,0,43.9K,0,NO CHANGE,<.01%
12662P108,CVI,CVR ENERGY INC,1300,0,43.74K,0,NO CHANGE,<.01%
Y41053102,INSW,INTERNATIONAL SEAWAYS INC,600,0,43.73K,0,NO CHANGE,<.01%
29357K103,ENVA,ENOVA INTL INC,320,0,43.47K,0,NO CHANGE,<.01%
200525103,CBSH,COMMERCE BANCSHARES INC,880,0,43.3K,0,NO CHANGE,<.01%
047649108,ATKR,ATKORE INC,720,0,42.41K,0,NO CHANGE,<.01%
149150104,CATY,CATHAY GEN BANCORP,850,0,42.38K,0,NO CHANGE,<.01%
75524B104,RBC,RBC BEARINGS INC,78,0,42.36K,0,NO CHANGE,<.01%
98423F109,XMTR,XOMETRY INC,1030,0,42.06K,0,NO CHANGE,<.01%
000957100,ABM,ABM INDS INC,1090,0,41.99K,0,NO CHANGE,<.01%
397624107,GEF,GREIF INC,620,0,41.58K,0,NO CHANGE,<.01%
23703Q203,DQ,DAQO NEW ENERGY CORP,1940,0,41.26K,0,NO CHANGE,<.01%
37637Q105,GBCI,GLACIER BANCORP INC NEW,920,0,41.1K,0,NO CHANGE,<.01%
91879Q109,MTN,VAIL RESORTS INC,320,0,41.06K,0,NO CHANGE,<.01%
020764106,AMR,ALPHA METALLURGICAL RESOUR I,200,0,41.05K,0,NO CHANGE,<.01%
218937100,CNR,CORE NATURAL RESOURCES INC,390,0,40.84K,0,NO CHANGE,<.01%
816300107,SIGI,SELECTIVE INS GROUP INC,540,0,40.71K,0,NO CHANGE,<.01%
172755100,CRUS,CIRRUS LOGIC INC,280,0,40.49K,0,NO CHANGE,<.01%
384637104,GHC,GRAHAM HLDGS CO,38,0,40.18K,0,NO CHANGE,<.01%
G68707101,PAGS,PAGSEGURO DIGITAL LTD,4000,0,40.08K,0,NO CHANGE,<.01%
03820C105,AIT,APPLIED INDL TECHNOLOGIES IN,150,0,39.8K,0,NO CHANGE,<.01%
577933104,MMS,MAXIMUS INC,620,0,39.74K,0,NO CHANGE,<.01%
224408104,CR,CRANE COMPANY,230,0,39.33K,0,NO CHANGE,<.01%
917047102,URBN,URBAN OUTFITTERS INC,620,0,39.28K,0,NO CHANGE,<.01%
88023U101,SGI,SOMNIGROUP INTERNATIONAL INC,530,0,39.18K,0,NO CHANGE,<.01%
G9087Q102,TROX,TRONOX HOLDINGS PLC,4000,0,39.08K,0,NO CHANGE,<.01%
71880K101,PHIN,PHINIA INC,570,0,39.01K,0,NO CHANGE,<.01%
70959W103,PAG,PENSKE AUTOMOTIVE GRP INC,260,0,38.88K,0,NO CHANGE,<.01%
G037AX101,AMBA,AMBARELLA INC,750,0,38.61K,0,NO CHANGE,<.01%
371901109,GNTX,GENTEX CORP,1760,0,38.46K,0,NO CHANGE,<.01%
74319R101,PRG,PROG HOLDINGS INC,1340,0,38.45K,0,NO CHANGE,<.01%
G0585R106,AGO,ASSURED GUARANTY LTD,470,0,38.3K,0,NO CHANGE,<.01%
03957W106,AROC,ARCHROCK INC,1100,0,38.28K,0,NO CHANGE,<.01%
703343103,PATK,PATRICK INDS INC,344,0,38.21K,0,NO CHANGE,<.01%
48238T109,OPLN,OPENLANE INC,1300,0,37.9K,0,NO CHANGE,<.01%
21871N101,CXW,CORECIVIC INC,2000,0,37.82K,0,NO CHANGE,<.01%
359694106,FUL,FULLER H B CO,610,0,37.62K,0,NO CHANGE,<.01%
950810101,WSBC,WESBANCO INC,1080,0,37.25K,0,NO CHANGE,<.01%
45688C107,NGVT,INGEVITY CORP,520,0,37.04K,0,NO CHANGE,<.01%
67011P100,DNOW,DNOW INC,3097,0,36.88K,0,NO CHANGE,<.01%
453836108,INDB,INDEPENDENT BK CORP MASS,490,0,36.85K,0,NO CHANGE,<.01%
044186104,ASH,ASHLAND INC,660,0,36.7K,0,NO CHANGE,<.01%
498894104,KNF,KNIFE RIVER CORP,445,0,36.33K,0,NO CHANGE,<.01%
05368V106,AVNT,AVIENT CORPORATION,1000,0,36.3K,0,NO CHANGE,<.01%
05379B107,AVA,AVISTA CORP,900,0,36.13K,0,NO CHANGE,<.01%
60786M105,MC,MOELIS & CO,630,0,35.91K,0,NO CHANGE,<.01%
810186106,SMG,SCOTTS MIRACLE-GRO CO,590,0,35.88K,0,NO CHANGE,<.01%
379577208,GMED,GLOBUS MED INC,410,0,35.33K,0,NO CHANGE,<.01%
981475106,WKC,WORLD KINECT CORPORATION,1530,0,35.3K,0,NO CHANGE,<.01%
500643200,KFY,KORN FERRY,560,0,35.25K,0,NO CHANGE,<.01%
32051X108,FHB,FIRST HAWAIIAN INC,1430,0,35.23K,0,NO CHANGE,<.01%
27627N105,EBC,EASTERN BANKSHARES INC,1800,0,35.21K,0,NO CHANGE,<.01%
43283X105,HGV,HILTON GRAND VACATIONS INC,900,0,35.21K,0,NO CHANGE,<.01%
387328107,GVA,GRANITE CONSTR INC,290,0,34.77K,0,NO CHANGE,<.01%
741511109,PSMT,PRICESMART INC,230,0,34.62K,0,NO CHANGE,<.01%
443320106,HUBG,HUB GROUP INC,950,0,34.24K,0,NO CHANGE,<.01%
950755108,WERN,WERNER ENTERPRISES INC,1160,0,34.12K,0,NO CHANGE,<.01%
153527205,CENTA,CENTRAL GARDEN & PET CO,1050,0,34.04K,0,NO CHANGE,<.01%
30161Q104,EXEL,EXELIXIS INC,790,0,33.88K,0,NO CHANGE,<.01%
402635502,GPOR,GULFPORT ENERGY CORP,160,0,33.85K,0,NO CHANGE,<.01%
33768G107,FCFS,FIRSTCASH HOLDINGS INC,180,0,33.84K,0,NO CHANGE,<.01%
902788108,UMBF,UMB FINL CORP,300,0,33.84K,0,NO CHANGE,<.01%
98311A105,WH,WYNDHAM HOTELS & RESORTS INC,410,0,33.3K,0,NO CHANGE,<.01%
32055Y201,FIBK,FIRST INTST BANCSYSTEM INC,980,0,32.73K,0,NO CHANGE,<.01%
06849F108,B,BARRICK MNG CORP,800,0,32.63K,0,NO CHANGE,<.01%
589400100,MCY,MERCURY GENL CORP NEW,370,0,32.62K,0,NO CHANGE,<.01%
78709Y105,SAIA,SAIA INC,92,0,32.32K,0,NO CHANGE,<.01%
29358P101,ENSG,ENSIGN GROUP INC,160,0,32.24K,0,NO CHANGE,<.01%
912932100,UNIT,UNITI GROUP LLC,3436,0,32.23K,0,NO CHANGE,<.01%
002896207,ANF,ABERCROMBIE & FITCH CO,350,0,31.98K,0,NO CHANGE,<.01%
675232102,OII,OCEANEERING INTL INC,900,0,31.92K,0,NO CHANGE,<.01%
74386T105,PFS,PROVIDENT FINL SVCS INC,1500,0,31.74K,0,NO CHANGE,<.01%
126600105,CVBF,CVB FINL CORP,1620,0,31.41K,0,NO CHANGE,<.01%
103304101,BYD,BOYD GAMING CORP,380,0,31.23K,0,NO CHANGE,<.01%
02376R102,AAL,AMERICAN AIRLINES GROUP INC,2900,0,31.15K,0,NO CHANGE,<.01%
828730200,SFNC,SIMMONS FIRST NATL CORP,1600,0,31.12K,0,NO CHANGE,<.01%
92839U206,VC,VISTEON CORP,340,0,30.98K,0,NO CHANGE,<.01%
87157D109,SYNA,SYNAPTICS INC,440,0,30.82K,0,NO CHANGE,<.01%
039653100,ACA,ARCOSA INC,290,0,30.78K,0,NO CHANGE,<.01%
929328102,WSFS,WSFS FINL CORP,470,0,30.77K,0,NO CHANGE,<.01%
G39387108,GFS,GLOBALFOUNDRIES INC,690,0,30.69K,0,NO CHANGE,<.01%
98422D105,XPEV,XPENG INC,1790,0,30.63K,0,NO CHANGE,<.01%
784117103,SEIC,SEI INVTS CO,390,0,30.6K,0,NO CHANGE,<.01%
90984P303,UCB,UNITED CMNTY BKS BLAIRSVLE G,970,0,30.55K,0,NO CHANGE,<.01%
23204G100,CUBI,CUSTOMERS BANCORP INC,440,0,30.54K,0,NO CHANGE,<.01%
28618M106,ESI,ELEMENT SOLUTIONS INC,890,0,30.39K,0,NO CHANGE,<.01%
686688102,ORA,ORMAT TECHNOLOGIES INC,270,0,30.22K,0,NO CHANGE,<.01%
559663109,MGY,MAGNOLIA OIL & GAS CORP,950,0,29.99K,0,NO CHANGE,<.01%
46267X108,IQ,IQIYI INC,22200,0,29.97K,0,NO CHANGE,<.01%
58502B106,MD,PEDIATRIX MEDICAL GROUP INC,1400,0,29.95K,0,NO CHANGE,<.01%
05561Q201,BOKF,BOK FINL CORP,230,0,29.45K,0,NO CHANGE,<.01%
320817109,FRME,FIRST MERCHANTS CORP,750,0,29.05K,0,NO CHANGE,<.01%
942749102,WTS,WATTS WATER TECHNOLOGIES INC,100,0,29.03K,0,NO CHANGE,<.01%
393657101,GBX,GREENBRIER COS INC,550,0,28.96K,0,NO CHANGE,<.01%
459044103,IBOC,INTERNATIONAL BANCSHARES COR,430,0,28.93K,0,NO CHANGE,<.01%
68404L201,OPCH,OPTION CARE HEALTH INC,1060,0,28.54K,0,NO CHANGE,<.01%
928881101,VNT,VONTIER CORPORATION,800,0,28.38K,0,NO CHANGE,<.01%
29605J106,ESAB,ESAB CORPORATION,290,0,28.03K,0,NO CHANGE,<.01%
08160H101,BHE,BENCHMARK ELECTRS INC,500,0,28.03K,0,NO CHANGE,<.01%
04316A108,APAM,ARTISAN PARTNERS ASSET MGMT,770,0,28.02K,0,NO CHANGE,<.01%
70932M107,PFSI,PENNYMAC FINL SVCS INC NEW,320,0,27.97K,0,NO CHANGE,<.01%
904708104,UNF,UNIFIRST CORP MASS,110,0,27.68K,0,NO CHANGE,<.01%
66765N105,NWN,NORTHWEST NAT HLDG CO,520,0,27.67K,0,NO CHANGE,<.01%
156504300,CCS,CENTURY COMMUNITIES INC,480,0,27.54K,0,NO CHANGE,<.01%
50050N103,KTB,KONTOOR BRANDS INC,390,0,27.41K,0,NO CHANGE,<.01%
76009N100,UPBD,UPBOUND GROUP INC,1500,0,27.07K,0,NO CHANGE,<.01%
683344105,ONTO,ONTO INNOVATION INC,130,0,26.66K,0,NO CHANGE,<.01%
05465C100,AX,AXOS FINANCIAL INC,310,0,26.38K,0,NO CHANGE,<.01%
001744101,AMN,AMN HEALTHCARE SVCS INC,1410,0,25.86K,0,NO CHANGE,<.01%
829073105,SSD,SIMPSON MFG INC,150,0,25.74K,0,NO CHANGE,<.01%
118440106,BKE,BUCKLE INC,510,0,25.68K,0,NO CHANGE,<.01%
318672706,FBP,FIRST BANCORP CORPORATION,1200,0,25.63K,0,NO CHANGE,<.01%
42704L104,HRI,HERC HLDGS INC,257,0,25.58K,0,NO CHANGE,<.01%
G4863A108,BRSL,BRIGHTSTAR LOTTERY PLC,2000,0,25.48K,0,NO CHANGE,<.01%
320209109,FFBC,1ST FINL BANCORP,900,0,25.09K,0,NO CHANGE,<.01%
898402102,TRMK,TRUSTMARK CORP,590,0,24.86K,0,NO CHANGE,<.01%
681116109,OLLI,OLLIES BARGAIN OUTLET HLDGS,270,0,24.85K,0,NO CHANGE,<.01%
81619Q105,SEM,SELECT MED HLDGS CORP,1520,0,24.76K,0,NO CHANGE,<.01%
44930G107,ICUI,ICU MED INC,190,0,24.54K,0,NO CHANGE,<.01%
441593100,HLI,HOULIHAN LOKEY INC,170,0,24.41K,0,NO CHANGE,<.01%
004498101,ACIW,ACI WORLDWIDE INC,590,0,24.2K,0,NO CHANGE,<.01%
77543R102,ROKU,ROKU INC,250,0,23.66K,0,NO CHANGE,<.01%
629209305,NMIH,NMI HLDGS INC,630,0,23.63K,0,NO CHANGE,<.01%
18539C204,CWEN,CLEARWAY ENERGY INC,600,0,23.57K,0,NO CHANGE,<.01%
428291108,HXL,HEXCEL CORP NEW,290,0,23.47K,0,NO CHANGE,<.01%
724479100,PBI,PITNEY BOWES INC,2100,0,23.2K,0,NO CHANGE,<.01%
22410J106,CBRL,CRACKER BARREL OLD CTRY STOR,820,0,23.05K,0,NO CHANGE,<.01%
203607106,CBU,COMMUNITY FINANCIAL SYSTEM I,390,0,22.87K,0,NO CHANGE,<.01%
109641100,EAT,BRINKER INTL INC,160,0,22.84K,0,NO CHANGE,<.01%
294268107,PLUS,EPLUS INC,300,0,22.57K,0,NO CHANGE,<.01%
89214P109,TOWN,TOWNEBANK PORTSMOUTH VA,670,0,22.56K,0,NO CHANGE,<.01%
81725T100,SXT,SENSIENT TECHNOLOGIES CORP,260,0,22.47K,0,NO CHANGE,<.01%
465741106,ITRI,ITRON INC,250,0,22.41K,0,NO CHANGE,<.01%
03762U105,ARI,APOLLO COML REAL ESTATE FIN,2100,0,22.18K,0,NO CHANGE,<.01%
860372101,STC,STEWART INFORMATION SVCS COR,360,0,22.17K,0,NO CHANGE,<.01%
55272X607,MFA,MFA FINL INC,2300,0,22.03K,0,NO CHANGE,<.01%
29786A106,ETSY,ETSY INC,440,0,21.99K,0,NO CHANGE,<.01%
871332102,SLVM,SYLVAMO CORP,520,0,21.96K,0,NO CHANGE,<.01%
077454106,BDC,BELDEN INC,190,0,21.82K,0,NO CHANGE,<.01%
34965K107,FTRE,FORTREA HLDGS INC,2300,0,21.67K,0,NO CHANGE,<.01%
062540109,BOH,BANK HAWAII CORP,290,0,21.53K,0,NO CHANGE,<.01%
62886E108,VYX,NCR VOYIX CORPORATION,3400,0,21.52K,0,NO CHANGE,<.01%
302635206,FSK,FS KKR CAP CORP,2113,0,21.51K,0,NO CHANGE,<.01%
974637100,WGO,WINNEBAGO INDS INC,690,0,21.38K,0,NO CHANGE,<.01%
574795100,MASI,MASIMO CORP,120,0,21.34K,0,NO CHANGE,<.01%
55087P104,LYFT,LYFT INC,1600,0,21.28K,0,NO CHANGE,<.01%
06652V208,BANR,BANNER CORP,350,0,21.24K,0,NO CHANGE,<.01%
442487401,HOV,HOVNANIAN ENTERPRISES INC,190,0,21.07K,0,NO CHANGE,<.01%
968223206,WLY,WILEY JOHN & SONS INC,540,0,20.57K,0,NO CHANGE,<.01%
92047W101,VVV,VALVOLINE INC,610,0,20.55K,0,NO CHANGE,<.01%
36237H101,GIII,G III APPAREL GROUP LTD,740,0,20.5K,0,NO CHANGE,<.01%
432748101,HTH,HILLTOP HLDGS INC,570,0,20.42K,0,NO CHANGE,<.01%
130788102,CWT,CALIFORNIA WTR SVC GROUP,450,0,20.4K,0,NO CHANGE,<.01%
149568107,CVCO,CAVCO INDS INC DEL,40,0,19.37K,0,NO CHANGE,<.01%
45826H109,ITGR,INTEGER HLDGS CORP,220,0,19.36K,0,NO CHANGE,<.01%
353514102,FELE,FRANKLIN ELEC INC,210,0,19.36K,0,NO CHANGE,<.01%
556269108,SHOO,MADDEN STEVEN LTD,570,0,19.33K,0,NO CHANGE,<.01%
689648103,OTTR,OTTER TAIL CORP,220,0,19.31K,0,NO CHANGE,<.01%
651587107,NEU,NEWMARKET CORP,30,0,19.23K,0,NO CHANGE,<.01%
70202L102,PSN,PARSONS CORP DEL,350,0,18.96K,0,NO CHANGE,<.01%
03937C105,ARCB,ARCBEST CORP,190,0,18.69K,0,NO CHANGE,<.01%
830830105,SKY,CHAMPION HOMES INC,250,0,18.59K,0,NO CHANGE,<.01%
70931T103,PMT,PENNYMAC MTG INVT TR,1580,0,18.42K,0,NO CHANGE,<.01%
42226A107,HQY,HEALTHEQUITY INC,220,0,18.39K,0,NO CHANGE,<.01%
G7738W106,SFL,SFL CORPORATION LTD,1700,0,18.34K,0,NO CHANGE,<.01%
86272C103,STRA,STRATEGIC ED INC,220,0,18.25K,0,NO CHANGE,<.01%
171484108,CHDN,CHURCHILL DOWNS INC,200,0,17.97K,0,NO CHANGE,<.01%
32020R109,FFIN,FIRST FINL BANKSHARES INC,610,0,17.96K,0,NO CHANGE,<.01%
74112D101,PBH,PRESTIGE CONSMR HEALTHCARE I,300,0,17.78K,0,NO CHANGE,<.01%
75970E107,RNST,RENASANT CORP,490,0,17.7K,0,NO CHANGE,<.01%
565394103,CART,MAPLEBEAR INC,470,0,17.61K,0,NO CHANGE,<.01%
26969P108,EXP,EAGLE MATLS INC,92,0,17.43K,0,NO CHANGE,<.01%
904311107,UAA,UNDER ARMOUR INC,2900,0,17.14K,0,NO CHANGE,<.01%
600544100,MLKN,MILLERKNOLL INC,1140,0,16.48K,0,NO CHANGE,<.01%
50187T106,LGIH,LGI HOMES INC,410,0,16.21K,0,NO CHANGE,<.01%
43940T109,HOPE,HOPE BANCORP INC,1400,0,15.64K,0,NO CHANGE,<.01%
116794108,BRKR,BRUKER CORP,430,0,15.53K,0,NO CHANGE,<.01%
759916109,RGEN,REPLIGEN CORP,130,0,15.32K,0,NO CHANGE,<.01%
225310101,CACC,CREDIT ACCEP CORP MICH,36,0,15.24K,0,NO CHANGE,<.01%
505336107,LZB,LA Z BOY INC,470,0,15.11K,0,NO CHANGE,<.01%
404251100,HNI,HNI CORP,450,0,15.03K,0,NO CHANGE,<.01%
090043100,BILL,BILL HOLDINGS INC,380,0,14.55K,0,NO CHANGE,<.01%
G6564A105,NOMD,NOMAD FOODS LTD,1500,0,14.41K,0,NO CHANGE,<.01%
06759L103,BBDC,BARINGS BDC INC,1714,0,14.11K,0,NO CHANGE,<.01%
74967X103,RH,RH,99,0,13.84K,0,NO CHANGE,<.01%
094235108,BLMN,BLOOMIN BRANDS INC,2500,0,13.5K,0,NO CHANGE,<.01%
35138V102,FOXF,FOX FACTORY HLDG CORP,810,0,13.33K,0,NO CHANGE,<.01%
57638P104,MBC,MASTERBRAND INC,1600,0,13.3K,0,NO CHANGE,<.01%
29272W109,ENR,ENERGIZER HLDGS INC,800,0,13.14K,0,NO CHANGE,<.01%
03761U502,MFIC,MIDCAP FINANCIAL INVSTMNT CO,1138,0,12.79K,0,NO CHANGE,<.01%
39874R101,GO,GROCERY OUTLET HLDG CORP,1800,0,12.69K,0,NO CHANGE,<.01%
98980F104,GTM,ZOOMINFO TECHNOLOGIES INC,2100,0,12.56K,0,NO CHANGE,<.01%
16359R103,CHE,CHEMED CORP NEW,33,0,12.46K,0,NO CHANGE,<.01%
12685J105,CABO,CABLE ONE INC,136,0,12.4K,0,NO CHANGE,<.01%
904311206,UA,UNDER ARMOUR INC,2100,0,12.16K,0,NO CHANGE,<.01%
640491106,NEOG,NEOGEN CORP,1300,0,12.08K,0,NO CHANGE,<.01%
93148P102,WD,WALKER & DUNLOP INC,260,0,11.54K,0,NO CHANGE,<.01%
25659T107,DLB,DOLBY LABORATORIES INC,190,0,11.41K,0,NO CHANGE,<.01%
86881A100,SGRY,SURGERY PARTNERS INC,900,0,10.73K,0,NO CHANGE,<.01%
464288620,USIG,ISHARES TR,200,0,10.25K,0,NO CHANGE,<.01%
222070203,COTY,COTY INC,5000,0,10.05K,0,NO CHANGE,<.01%
28035Q102,EPC,EDGEWELL PERSONAL CARE CO,450,0,9.6K,0,NO CHANGE,<.01%
464286426,EEMA,ISHARES INC,100,0,9.57K,0,NO CHANGE,<.01%
464288588,MBB,ISHARES TR,100,0,9.49K,0,NO CHANGE,<.01%
92189F700,MOO,VANECK ETF TRUST,100,0,8.45K,0,NO CHANGE,<.01%
13462K109,CWH,CAMPING WORLD HLDGS INC,1200,0,8.2K,0,NO CHANGE,<.01%
G9451V109,VINP,VINCI COMPASS INVESTMENTS LT,388,0,4.09K,0,NO CHANGE,<.01%
376535878,GLAD,GLADSTONE CAP CORP,215,0,3.73K,0,NO CHANGE,<.01%
46429B606,EPOL,ISHARES INC,100,0,3.64K,0,NO CHANGE,<.01%
530715AL5,FWONA,LIBERTY MEDIA CORP DEL,208487,-304,8.47K,-12.35,-0.1%,<.01%
122017106,BURL,BURLINGTON STORES INC,19665,-1,6.4M,-325.38,-0%,0.02%
29084Q100,EME,EMCOR GROUP INC,17327,-1,12.79M,-738.31,-0%,0.03%
682406103,OLP,ONE LIBERTY PPTYS INC,24920,-100,534.78K,-2.15K,-0.4%,<.01%
65249B208,NWS,NEWS CORP NEW,3770,-100,107.48K,-2.85K,-2.6%,<.01%
316841105,FIG,FIGMA INC,0,-81,0,-3.03K,CLOSE,0%
13765N107,CNNE,CANNAE HLDGS INC,0,-210,0,-3.3K,CLOSE,0%
69932A204,PSKY,PARAMOUNT SKYDANCE CORP,6837,-400,61.67K,-3.61K,-5.5%,<.01%
124830878,CBL,CBL & ASSOC PPTYS INC,23900,-100,918.48K,-3.84K,-0.4%,<.01%
896442308,TRIN,TRINITY CAP INC,1450,-268,21.33K,-3.94K,-15.6%,<.01%
90138F102,TWLO,TWILIO INC,49718,-39,6.26M,-4.91K,-0.1%,0.02%
67401P405,OCSL,OAKTREE SPECIALTY LENDING CO,0,-414,0,-5.27K,CLOSE,0%
197236102,COLB,COLUMBIA BKG SYS INC,3100,-203,85.03K,-5.57K,-6.1%,<.01%
758750103,RRX,REGAL REXNORD CORPORATION,550,-30,102.99K,-5.62K,-5.2%,<.01%
38147U107,GSBD,GOLDMAN SACHS BDC INC,640,-641,5.68K,-5.69K,-50%,<.01%
98138H101,WDAY,WORKDAY INC,81311,-45,10.56M,-5.85K,-0.1%,0.03%
60871R209,TAP,MOLSON COORS BEVERAGE CO,8079,-137,347.88K,-5.9K,-1.7%,<.01%
Y7542C130,STNG,SCORPIO TANKERS INC,700,-80,52.26K,-5.97K,-10.3%,<.01%
76954A103,RIVN,RIVIAN AUTOMOTIVE INC,244773,-400,3.68M,-6.02K,-0.2%,<.01%
714046109,RVTY,REVVITY INC,3470,-74,304.01K,-6.48K,-2.1%,<.01%
29275Y102,ENS,ENERSYS,340,-40,59.06K,-6.95K,-10.5%,<.01%
142339100,CSL,CARLISLE COS INC,16839,-21,5.62M,-7.01K,-0.1%,0.01%
82981J851,SITC,SITE CTRS CORP,80500,-1300,434.7K,-7.02K,-1.6%,<.01%
65290E101,NXT,NEXTPOWER INC,420,-60,50.63K,-7.23K,-12.5%,<.01%
243537107,DECK,DECKERS OUTDOOR CORP,58925,-76,5.9M,-7.61K,-0.1%,0.02%
G6359F137,NBR,NABORS INDUSTRIES LTD,530,-90,45.61K,-7.75K,-14.5%,<.01%
983793100,XPO,XPO INC,460,-40,89.49K,-7.78K,-8%,<.01%
729132100,PLXS,PLEXUS CORP,280,-40,56.71K,-8.1K,-12.5%,<.01%
G85158106,STNE,STONECO LTD,41600,-600,587.39K,-8.47K,-1.4%,<.01%
05508R106,BGS,B & G FOODS INC NEW,0,-2000,0,-8.6K,CLOSE,0%
198516106,COLM,COLUMBIA SPORTSWEAR CO,0,-170,0,-9.37K,CLOSE,0%
34354P105,FLS,FLOWSERVE CORP,830,-130,61.01K,-9.56K,-13.5%,<.01%
806407102,HSIC,SCHEIN HENRY INC,3544,-130,261.19K,-9.58K,-3.5%,<.01%
140501107,CSWC,CAPITAL SOUTHWEST CORP,0,-447,0,-9.9K,CLOSE,0%
030506109,AMWD,AMERICAN WOODMARK CORPORATIO,0,-200,0,-10.78K,CLOSE,0%
833034101,SNA,SNAP ON INC,20629,-31,7.49M,-11.26K,-0.2%,0.02%
G48833118,WFRD,WEATHERFORD INTL PLC,650,-120,61.48K,-11.35K,-15.6%,<.01%
87422Q109,TLN,TALEN ENERGY CORP,152,-38,48.52K,-12.13K,-20%,<.01%
780287108,RGLD,ROYAL GOLD INC,160,-50,40.72K,-12.72K,-23.8%,<.01%
18538R103,CLW,CLEARWATER PAPER CORP,0,-740,0,-12.88K,CLOSE,0%
407497106,HLNE,HAMILTON LANE INC,0,-98,0,-13.16K,CLOSE,0%
29430C102,VSTS,VESTIS CORPORATION,0,-2000,0,-13.34K,CLOSE,0%
292104106,ESRT,EMPIRE ST RLTY TR INC,206300,-2600,1.07M,-13.52K,-1.2%,<.01%
55405W104,MYRG,MYR GROUP INC,140,-50,39.52K,-14.12K,-26.3%,<.01%
615394202,MOGA,MOOG INC,131,-49,38.34K,-14.34K,-27.2%,<.01%
667340103,NWBI,NORTHWEST BANCSHARES INC MD,0,-1200,0,-14.4K,CLOSE,0%
69121K104,OBDC,BLUE OWL CAPITAL CORPORATION,6564,-1312,72.6K,-14.51K,-16.7%,<.01%
457985208,IART,INTEGRA LIFESCIENCES HLDGS C,0,-1200,0,-14.9K,CLOSE,0%
550241103,LUMN,LUMEN TECHNOLOGIES INC,36600,-2200,254.37K,-15.29K,-5.7%,<.01%
63845R107,EYE,NATIONAL VISION HLDGS INC,1200,-600,31.08K,-15.54K,-33.3%,<.01%
64115T104,NTCT,NETSCOUT SYS INC,0,-600,0,-16.24K,CLOSE,0%
431636109,HLMN,HILLMAN SOLUTIONS CORP,0,-2100,0,-18.19K,CLOSE,0%
127190304,CACI,CACI INTL INC,173,-35,94.09K,-19.04K,-16.8%,<.01%
204429104,CCU,COMPANIA CERVECERIAS UNIDAS,0,-1500,0,-19.14K,CLOSE,0%
983134107,WYNN,WYNN RESORTS LTD,2270,-190,230.52K,-19.29K,-7.7%,<.01%
567908108,HZO,MARINEMAX INC,0,-800,0,-19.38K,CLOSE,0%
98421M106,XRX,XEROX HOLDINGS CORP,0,-8200,0,-19.43K,CLOSE,0%
20603L102,CON,CONCENTRA GROUP HOLDINGS PAR,0,-1000,0,-19.68K,CLOSE,0%
806037107,SCSC,SCANSOURCE INC,0,-510,0,-19.92K,CLOSE,0%
G0084W101,ADNT,ADIENT PLC,2300,-1000,46.48K,-20.21K,-30.3%,<.01%
29415F104,NVST,ENVISTA HOLDINGS CORPORATION,2100,-800,53.28K,-20.3K,-27.6%,<.01%
858586100,SCL,STEPAN CO,0,-440,0,-20.84K,CLOSE,0%
G7709Q104,RPRX,ROYALTY PHARMA PLC,171980,-438,8.25M,-21.01K,-0.3%,0.02%
00130H105,AES,AES CORP,30240,-1500,426.08K,-21.14K,-4.7%,<.01%
090572207,BIO,BIO RAD LABS INC,184,-76,51.29K,-21.18K,-29.2%,<.01%
896288107,TNET,TRINET GROUP INC,0,-360,0,-21.29K,CLOSE,0%
489170100,KMT,KENNAMETAL INC,1010,-590,36.49K,-21.32K,-36.9%,<.01%
603158106,MTX,MINERALS TECHNOLOGIES INC,0,-350,0,-21.33K,CLOSE,0%
607828100,MOD,MODINE MFG CO,160,-100,34.67K,-21.67K,-38.5%,<.01%
F21107101,CSTM,CONSTELLIUM SE,2700,-900,66.37K,-22.12K,-25%,<.01%
83545G102,SAH,SONIC AUTOMOTIVE INC,0,-360,0,-22.27K,CLOSE,0%
773121108,RKLB,ROCKET LAB CORP,248480,-361,15.96M,-23.18K,-0.1%,0.04%
801056102,SANM,SANMINA CORP,590,-180,76.49K,-23.34K,-23.4%,<.01%
55616P104,M,MACYS INC,10300,-1300,186.33K,-23.52K,-11.2%,<.01%
319383204,BUSE,FIRST BUSEY CORP,0,-1000,0,-23.79K,CLOSE,0%
013872106,AA,ALCOA CORP,2370,-360,157.2K,-23.88K,-13.2%,<.01%
883203101,TXT,TEXTRON INC,61561,-275,5.39M,-24.08K,-0.4%,0.01%
440327104,HMN,HORACE MANN EDUCATORS CORP N,0,-530,0,-24.48K,CLOSE,0%
G81276100,SIG,SIGNET JEWELERS LIMITED,750,-290,63.48K,-24.55K,-27.9%,<.01%
46590V100,JBGS,JBG SMITH PPTYS,90500,-1700,1.32M,-24.84K,-1.8%,<.01%
00653Q102,AHCO,ADAPTHEALTH CORP,0,-2500,0,-24.9K,CLOSE,0%
46817M107,JXN,JACKSON FINANCIAL INC,1210,-240,127.92K,-25.37K,-16.6%,<.01%
47759T100,JKS,JINKOSOLAR HLDG CO LTD,1600,-1000,40.66K,-25.41K,-38.5%,<.01%
267475101,DY,DYCOM INDS INC,125,-75,42.35K,-25.41K,-37.5%,<.01%
131193104,CALY,CALLAWAY GOLF CO,2500,-1900,34.7K,-26.37K,-43.2%,<.01%
960413102,WLK,WESTLAKE CORPORATION,670,-226,78.27K,-26.4K,-25.2%,<.01%
980745103,WWD,WOODWARD INC,126,-74,45.1K,-26.49K,-37%,<.01%
05605H100,BWXT,BWX TECHNOLOGIES INC,420,-130,85.89K,-26.58K,-23.6%,<.01%
03674X106,AR,ANTERO RESOURCES CORP,4690,-628,199.04K,-26.65K,-11.8%,<.01%
911363109,URI,UNITED RENTALS INC,21897,-37,15.95M,-26.96K,-0.2%,0.04%
88688T209,TLRY,TILRAY BRANDS INC,0,-3000,0,-27.09K,CLOSE,0%
042735100,ARW,ARROW ELECTRS INC,980,-190,140.54K,-27.25K,-16.2%,<.01%
89469A104,THS,TREEHOUSE FOODS INC,0,-1160,0,-27.36K,CLOSE,0%
G2519Y108,BAP,CREDICORP LTD,10081,-81,3.42M,-27.47K,-0.8%,<.01%
G36738105,FDP,FRESH DEL MONTE PRODUCE INC,0,-790,0,-28.15K,CLOSE,0%
452327109,ILMN,ILLUMINA INC,48371,-232,5.96M,-28.6K,-0.5%,0.02%
40415F101,HDB,HDFC BANK LTD,384103,-1179,9.56M,-29.33K,-0.3%,0.02%
16934Q802,CIM,CHIMERA INVT CORP,0,-2366,0,-29.41K,CLOSE,0%
427096508,HTGC,HERCULES CAPITAL INC,796,-2010,11.76K,-29.69K,-71.6%,<.01%
63938C108,NAVI,NAVIENT CORPORATION,0,-2300,0,-29.9K,CLOSE,0%
112463104,BKD,BROOKDALE SR LIVING INC,2400,-2200,32.83K,-30.1K,-47.8%,<.01%
44980X109,IPGP,IPG PHOTONICS CORP,0,-430,0,-30.79K,CLOSE,0%
72919P202,PLUG,PLUG POWER INC,0,-16000,0,-31.52K,CLOSE,0%
457030104,IMKTA,INGLES MKTS INC,0,-470,0,-32.22K,CLOSE,0%
7591EP100,RF,REGIONS FINANCIAL CORP NEW,311437,-1251,8.13M,-32.68K,-0.4%,0.02%
031652100,AMKR,AMKOR TECHNOLOGY INC,1070,-730,48.18K,-32.87K,-40.6%,<.01%
008252108,AMG,AFFILIATED MANAGERS GROUP,200,-120,55.34K,-33.2K,-37.5%,<.01%
G61188101,LBTYA,LIBERTY GLOBAL LTD,3200,-2800,38.69K,-33.85K,-46.7%,<.01%
724078100,PIPR,PIPER SANDLER COMPANIES,0,-100,0,-33.97K,CLOSE,0%
737630103,PCH,POTLATCHDELTIC CORPORATION,0,-860,0,-34.21K,CLOSE,0%
G3323L100,FN,FABRINET,76,-66,39.64K,-34.42K,-46.5%,<.01%
55306N104,MKSI,MKS INC.,250,-150,57.45K,-34.47K,-37.5%,<.01%
300426103,ECG,EVERUS CONSTR GROUP,300,-295,35.42K,-34.83K,-49.6%,<.01%
431571108,HI,HILLENBRAND INC,0,-1120,0,-35.53K,CLOSE,0%
92763W103,VIPS,VIPSHOP HLDGS LTD,43500,-2300,683.82K,-36.16K,-5%,<.01%
G61188127,LBTYK,LIBERTY GLOBAL LTD,2800,-3100,32.84K,-36.36K,-52.5%,<.01%
33829M101,FIVE,FIVE BELOW INC,250,-160,57.12K,-36.56K,-39%,<.01%
G6700G107,NVT,NVENT ELEC PLC,590,-310,69.78K,-36.67K,-34.4%,<.01%
235825205,DAN,DANA INC,2410,-1090,81.1K,-36.68K,-31.1%,<.01%
15189T107,CNP,CENTERPOINT ENERGY INC,225065,-859,9.71M,-37.07K,-0.4%,0.03%
00971T101,AKAM,AKAMAI TECHNOLOGIES INC,4612,-323,529.69K,-37.1K,-6.5%,<.01%
500255104,KSS,KOHLS CORP,9000,-2900,116.1K,-37.41K,-24.4%,<.01%
482497104,BEKE,KE HLDGS INC,16890,-2510,252.84K,-37.57K,-12.9%,<.01%
04016X101,ARGX,ARGENX SE,49306,-52,36.01M,-37.97K,-0.1%,0.09%
926400102,VSCO,VICTORIAS SECRET AND CO,1080,-820,50.07K,-38.02K,-43.2%,<.01%
92206C409,VCSH,VANGUARD SCOTTSDALE FDS,13800,-500,1.09M,-39.63K,-3.5%,<.01%
24665A103,DK,DELEK US HLDGS INC NEW,2420,-880,109.07K,-39.66K,-26.7%,<.01%
253393102,DKS,DICKS SPORTING GOODS INC,21790,-202,4.32M,-40.05K,-0.9%,0.01%
228368106,CCK,CROWN HLDGS INC,1200,-417,120.3K,-41.8K,-25.8%,<.01%
518439104,EL,LAUDER ESTEE COS INC,89984,-603,6.46M,-43.28K,-0.7%,0.02%
G491BT108,IVZ,INVESCO LTD,15650,-1800,380.14K,-43.72K,-10.3%,<.01%
60855R100,MOH,MOLINA HEALTHCARE INC,1982,-331,264.2K,-44.12K,-14.3%,<.01%
23918K108,DVA,DAVITA INC,1340,-295,205.94K,-45.34K,-18%,<.01%
17888H103,CIVI,CIVITAS RESOURCES INC,0,-1690,0,-45.78K,CLOSE,0%
71424F105,PR,PERMIAN RESOURCES CORP,0,-3400,0,-47.7K,CLOSE,0%
G76279101,ROIV,ROIVANT SCIENCES LTD,0,-2200,0,-47.74K,CLOSE,0%
833635105,SQM,SOCIEDAD QUIMICA Y MINERA DE,21630,-590,1.75M,-47.75K,-2.7%,<.01%
01741R102,ATI,ATI INC,390,-330,56.73K,-48K,-45.8%,<.01%
02005N100,ALLY,ALLY FINL INC,7070,-1238,277.36K,-48.57K,-14.9%,<.01%
83012A109,TSLX,SIXTH STREET SPECIALTY LENDI,0,-2239,0,-48.63K,CLOSE,0%
04351P101,ASND,ASCENDIS PHARMA A/S,43484,-217,9.95M,-49.63K,-0.5%,0.03%
74164F103,PRIM,PRIMORIS SVCS CORP,280,-350,40.05K,-50.06K,-55.6%,<.01%
517834107,LVS,LAS VEGAS SANDS CORP,103090,-930,5.55M,-50.11K,-0.9%,0.01%
69047Q102,OVV,OVINTIV INC,5290,-856,314.01K,-50.81K,-13.9%,<.01%
86771W105,RUN,SUNRUN INC,2000,-3800,27.12K,-51.53K,-65.5%,<.01%
83417M104,SEDG,SOLAREDGE TECHNOLOGIES INC,0,-1800,0,-51.93K,CLOSE,0%
552953101,MGM,MGM RESORTS INTERNATIONAL,7040,-1408,260.55K,-52.11K,-16.7%,<.01%
72346Q104,PNFP,PINNACLE FINL PARTNERS INC,0,-550,0,-52.48K,CLOSE,0%
38173M102,GBDC,GOLUB CAP BDC INC,1049,-4240,13.28K,-53.68K,-80.2%,<.01%
H8817H100,RIG,TRANSOCEAN LTD,19100,-8100,126.63K,-53.7K,-29.8%,<.01%
415864107,NVRI,ENVIRI CORP,0,-3000,0,-53.76K,CLOSE,0%
36118L106,FUTU,FUTU HLDGS LTD,19480,-397,2.66M,-54.29K,-2%,<.01%
04621X108,AIZ,ASSURANT INC,1579,-251,343.92K,-54.67K,-13.7%,<.01%
682189105,ON,ON SEMICONDUCTOR CORP,153275,-907,9.49M,-56.16K,-0.6%,0.02%
704551100,BTU,PEABODY ENGR CORP,2200,-1800,72.49K,-59.31K,-45%,<.01%
525327102,LDOS,LEIDOS HOLDINGS INC,42454,-387,6.6M,-60.19K,-0.9%,0.02%
87901J105,TGNA,TEGNA INC,0,-3200,0,-62.11K,CLOSE,0%
576323109,MTZ,MASTEC INC,346,-194,111.32K,-62.42K,-35.9%,<.01%
681919106,OMC,OMNICOM GROUP INC,108593,-835,8.18M,-62.88K,-0.8%,0.02%
099724106,BWA,BORGWARNER INC,2790,-1220,151.38K,-66.2K,-30.4%,<.01%
901109108,TPC,TUTOR PERINI CORP,470,-860,36.28K,-66.38K,-64.7%,<.01%
56585A102,MPC,MARATHON PETE CORP,121547,-291,29.68M,-71.06K,-0.2%,0.08%
N14506104,ESTC,ELASTIC N V,0,-950,0,-71.67K,CLOSE,0%
28414H103,ELAN,ELANCO ANIMAL HEALTH INC,4700,-3000,112.47K,-71.79K,-39%,<.01%
69888T207,PARR,PAR PAC HOLDINGS INC,1520,-1180,95.21K,-73.92K,-43.7%,<.01%
28176E108,EW,EDWARDS LIFESCIENCES CORP,431084,-948,34.52M,-75.92K,-0.2%,0.09%
446413106,HII,HUNTINGTON INGALLS INDS INC,1169,-207,444.1K,-78.64K,-15%,<.01%
540424108,L,LOEWS CORP,60630,-743,6.47M,-79.31K,-1.2%,0.02%
12740C103,CADE,CADENCE BANK,0,-1870,0,-80.11K,CLOSE,0%
87161C501,SNV,SYNOVUS FINL CORP,0,-1610,0,-80.58K,CLOSE,0%
78467X109,DIA,STATE STR SPDR DOW JONES IND,1047,-175,484.96K,-81.06K,-14.3%,<.01%
78464A888,XHB,SPDR SERIES TRUST,0,-800,0,-82.37K,CLOSE,0%
69318G106,PBF,PBF ENERGY INC,5050,-1750,240.48K,-83.33K,-25.7%,<.01%
56035L104,MAIN,MAIN STR CAP CORP,0,-1610,0,-97.23K,CLOSE,0%
87305R109,TTMI,TTM TECHNOLOGIES INC,400,-1000,38.97K,-97.42K,-71.4%,<.01%
683712103,OPEN,OPENDOOR TECHNOLOGIES INC,7900,-21100,36.97K,-98.75K,-72.8%,<.01%
426281101,JKHY,HENRY JACK & ASSOC INC,32145,-627,5.08M,-99.09K,-1.9%,0.01%
844741108,LUV,SOUTHWEST AIRLS CO,12530,-2741,470.75K,-102.98K,-17.9%,<.01%
256677105,DG,DOLLAR GEN CORP,92370,-893,10.97M,-106.03K,-1%,0.03%
884903808,TRI,THOMSON REUTERS CORP,16531,-1199,1.49M,-107.89K,-6.8%,<.01%
45337C102,INCY,INCYTE CORP,83320,-1151,7.84M,-108.33K,-1.4%,0.02%
174610105,CFG,CITIZENS FINL GROUP INC,157331,-1823,9.44M,-109.33K,-1.1%,0.02%
30063P105,EXAS,EXACT SCIENCES CORP,0,-1115,0,-113.24K,CLOSE,0%
G25839104,CCEP,COCA-COLA EUROPACIFIC PARTNE,82195,-1258,7.45M,-114.06K,-1.5%,0.02%
513272104,LW,LAMB WESTON HLDGS INC,1880,-2700,79.45K,-114.1K,-59%,<.01%
57667L107,MTCH,MATCH GROUP INC NEW,2130,-3735,65.41K,-114.7K,-63.7%,<.01%
60770K107,MRNA,MODERNA INC,14418,-2471,732.43K,-125.53K,-14.6%,<.01%
013091103,ACI,ALBERTSONS COS INC,16900,-7656,287.98K,-130.46K,-31.2%,<.01%
98149E303,GLDM,WORLD GOLD TR,48500,-1500,4.5M,-139.03K,-3%,0.01%
35909D109,FYBR,FRONTIER COMMUNICATIONS PARE,0,-3840,0,-146.19K,CLOSE,0%
235851102,DHR,DANAHER CORP DEL,308154,-772,58.43M,-146.37K,-0.2%,0.15%
88557W101,QFIN,QFIN HOLDINGS INC,2780,-11500,35.89K,-148.47K,-80.5%,<.01%
30190A104,FG,F&G ANNUITIES & LIFE INC,0,-4824,0,-148.82K,CLOSE,0%
92204A884,VOX,GE HEALTHCARE TECHNOLOGIES I,0,-800,0,-154.9K,CLOSE,0%
49714P108,KNSL,KINSALE CAP GROUP INC,2521,-457,861.33K,-156.14K,-15.3%,<.01%
200340107,CMA,COMERICA INC,0,-1900,0,-165.17K,CLOSE,0%
81141R100,SE,SEA LTD,167667,-1995,13.88M,-165.21K,-1.2%,0.04%
78464A870,XBI,SPDR SERIES TRUST,54394,-1304,6.95M,-166.56K,-2.3%,0.02%
05278C107,ATHM,AUTOHOME INC,0,-7500,0,-166.95K,CLOSE,0%
N3168P101,FER,FERROVIAL SE,26750,-2660,1.74M,-173.03K,-9%,<.01%
G7997R103,STX,SEAGATE TECHNOLOGY HLDNGS PL,87967,-448,34.46M,-175.51K,-0.5%,0.09%
20337X109,VISN,VISTANCE NETWORKS INC,4500,-9700,81.9K,-176.54K,-68.3%,<.01%
521865204,LEA,LEAR CORP,46694,-1670,5.65M,-202.2K,-3.5%,0.01%
457642205,INOD,INNODATA INC,121600,-5300,4.7M,-204.69K,-4.2%,0.01%
651639106,NEM,NEWMONT CORP,377177,-1938,40.83M,-209.79K,-0.5%,0.11%
G96629103,WTW,WILLIS TOWERS WATSON PLC LTD,34526,-726,10.04M,-211.05K,-2.1%,0.03%
592688105,MTD,METTLER TOLEDO INTERNATIONAL,7530,-171,9.5M,-215.67K,-2.2%,0.02%
92552V100,VSAT,VIASAT INC,1860,-4840,85.19K,-221.67K,-72.2%,<.01%
46090E103,QQQ,INVESCO QQQ TR,5815,-400,3.36M,-230.87K,-6.4%,<.01%
550021109,LULU,LULULEMON ATHLETICA INC,40132,-1520,6.14M,-232.71K,-3.6%,0.02%
15677J108,DAY,DAYFORCE INC,0,-3630,0,-251.05K,CLOSE,0%
92556V106,VTRS,VIATRIS INC,42280,-19280,571.2K,-260.47K,-31.3%,<.01%
464289875,AOM,ISHARES TR,0,-5500,0,-262.51K,CLOSE,0%
46435G102,ICVT,ISHARES TR,110269,-2580,11.22M,-262.62K,-2.3%,0.03%
302081104,EXLS,EXLSERVICE HLDGS INC,1000,-9295,30.45K,-283.03K,-90.3%,<.01%
H11356104,BG,BUNGE GLOBAL SA,49850,-2334,6.34M,-296.88K,-4.5%,0.02%
N07059210,ASML,ASML HLDG NV,3264,-225,4.31M,-297.19K,-6.4%,0.01%
92204A702,VGT,VANGUARD WORLD FD,0,-400,0,-301.51K,CLOSE,0%
09061G101,BMRN,BIOMARIN PHARMACEUTICAL INC,61942,-5710,3.5M,-322.56K,-8.4%,<.01%
55955D100,MGNI,MAGNITE INC,593900,-28800,7.06M,-342.14K,-4.6%,0.02%
83443Q103,SOLS,SOLSTICE ADVANCED MATLS INC,42350,-4493,3.23M,-342.19K,-9.6%,<.01%
02043Q107,ALNY,ALNYLAM PHARMACEUTICALS INC,93225,-1053,30.85M,-348.41K,-1.1%,0.08%
718546104,PSX,PHILLIPS 66,145421,-1987,26.49M,-361.99K,-1.3%,0.07%
717081103,PFE,PFIZER INC,2091873,-13230,58.74M,-371.5K,-0.6%,0.15%
78464A508,SPYV,SPDR SERIES TRUST,97775,-6770,5.53M,-383.05K,-6.5%,0.01%
427866108,HSY,HERSHEY CO,57795,-1890,12.02M,-392.91K,-3.2%,0.03%
35969L108,YMM,FULL TRUCK ALLIANCE CO LTD,2300,-50145,19.09K,-416.2K,-95.6%,<.01%
049468101,TEAM,ATLASSIAN CORPORATION,60988,-6136,4.16M,-418.78K,-9.1%,0.01%
69351T106,PPL,PPL CORP,290811,-11860,11.11M,-453.05K,-3.9%,0.03%
178587101,CIO,CITY OFFICE REIT INC,0,-66700,0,-466.23K,CLOSE,0%
81369Y209,XLV,SELECT SECTOR SPDR TR,16595,-3204,2.43M,-469.74K,-16.2%,<.01%
91912E105,VALE,VALE S A,78330,-30029,1.25M,-477.76K,-27.7%,<.01%
26622P107,DOCS,DOXIMITY INC,0,-10916,0,-483.36K,CLOSE,0%
084423102,WRB,BERKLEY W R CORP,94253,-7346,6.25M,-486.89K,-7.2%,0.02%
37045V100,GM,GENERAL MTRS CO,354326,-7060,26.4M,-525.97K,-2%,0.07%
71654V408,PBR,PETROLEO BRASILEIRO S A,4071,-25691,84.47K,-533.09K,-86.3%,<.01%
92343E102,VRSN,VERISIGN INC,30664,-2248,7.62M,-558.31K,-6.8%,0.02%
369550108,GD,GENERAL DYNAMICS CORP,184815,-1650,63.43M,-566.31K,-0.9%,0.16%
443510607,HUBB,HUBBELL INC,59842,-1155,29.37M,-566.8K,-1.9%,0.08%
88023B103,TEM,TEMPUS AI INC,0,-9669,0,-570.95K,CLOSE,0%
20030N101,CMCSA,COMCAST CORP NEW,1749061,-20362,50.22M,-584.59K,-1.2%,0.13%
33734X846,CIBR,FIRST TR EXCHANGE TRADED FD,0,-8700,0,-621.62K,CLOSE,0%
87256C101,TKO,TKO GROUP HOLDINGS INC,64098,-3330,12.93M,-671.49K,-4.9%,0.03%
35137L105,FOXA,FOX CORP,89734,-11542,5.24M,-674.05K,-11.4%,0.01%
464287226,AGG,ISHARES TR,8870,-6900,880.52K,-684.96K,-43.8%,<.01%
16679L109,CHWY,CHEWY INC,1600,-25657,43.2K,-692.74K,-94.1%,<.01%
03990B101,ARES,ARES MANAGEMENT CORPORATION,73002,-6394,7.96M,-697.59K,-8.1%,0.02%
573874104,MRVL,MARVELL TECHNOLOGY INC,508347,-7083,50.35M,-701.57K,-1.4%,0.13%
749685103,RPM,RPM INTL INC,41665,-7062,4.14M,-701.96K,-14.5%,0.01%
443573100,HUBS,HUBSPOT INC,16700,-2878,4.08M,-702.52K,-14.7%,0.01%
832696405,SJM,SMUCKER J M CO,376739,-7883,36.33M,-760.24K,-2%,0.09%
82509L107,SHOP,SHOPIFY INC,84656,-6755,10.04M,-801.28K,-7.4%,0.03%
09062X103,BIIB,BIOGEN INC,62978,-4373,11.55M,-801.7K,-6.5%,0.03%
008073108,AVAV,AEROVIRONMENT INC,6692,-4604,1.22M,-842.76K,-40.8%,<.01%
00206R102,T,AT&T INC,2808937,-30816,81.43M,-893.36K,-1.1%,0.21%
775711104,ROL,ROLLINS INC,99398,-16751,5.31M,-894.67K,-14.4%,0.01%
042068205,ARM,ARM HOLDINGS PLC,18034,-5944,2.73M,-899.21K,-24.8%,<.01%
464287440,IEF,ISHARES TR,0,-9440,0,-907.75K,CLOSE,0%
50077B207,KTOS,KRATOS DEFENSE & SEC SOLUTIO,26749,-13035,1.89M,-919.1K,-32.8%,<.01%
886364702,SPSK,TIDAL TRUST I,0,-52141,0,-951.83K,CLOSE,0%
464288224,ICLN,ISHARES TR,0,-58100,0,-954.58K,CLOSE,0%
166764100,CVX,CHEVRON CORPORATION,1060784,-4650,219.48M,-962.09K,-0.4%,0.57%
70438V106,PCTY,PAYLOCITY HLDG CORP,0,-6343,0,-967.31K,CLOSE,0%
458140100,INTC,INTEL CORP,1937788,-22906,85.51M,-1.01M,-1.2%,0.22%
892672106,TW,TRADEWEB MKTS INC,632545,-8624,74.43M,-1.01M,-1.3%,0.19%
G3265R107,APTV,APTIV PLC,73826,-14695,5.13M,-1.02M,-16.6%,0.01%
34959E109,FTNT,FORTINET INC,256053,-12749,20.92M,-1.04M,-4.7%,0.05%
92189F106,GDX,VANECK ETF TRUST,12700,-12310,1.17M,-1.13M,-49.2%,<.01%
03748R747,AIV,APARTMENT INVT & MGMT CO,0,-193200,0,-1.15M,CLOSE,0%
384802104,GWW,WW GRAINGER INC,53179,-1096,58.01M,-1.2M,-2%,0.15%
934423104,WBD,WARNER BROS DISCOVERY INC,928166,-43607,25.49M,-1.2M,-4.5%,0.07%
H1467J104,CB,CHUBB LTD SWITZ,270951,-3690,88.31M,-1.2M,-1.3%,0.23%
701094104,PH,PARKER-HANNIFIN CORP,47104,-1386,42.17M,-1.24M,-2.9%,0.11%
911312106,UPS,UNITED PARCEL SVCS INC,422324,-12802,41.55M,-1.26M,-2.9%,0.11%
539830109,LMT,LOCKHEED MARTIN CORP,85140,-2114,51.46M,-1.28M,-2.4%,0.13%
693506107,PPG,PPG INDS INC,419156,-12817,44.8M,-1.37M,-3%,0.12%
052769106,ADSK,AUTODESK INC,85223,-5767,20.4M,-1.38M,-6.3%,0.05%
78468R408,SJNK,SPDR SERIES TRUST,396804,-57140,9.91M,-1.43M,-12.6%,0.03%
679295105,OKTA,OKTA INC,229085,-18281,18.03M,-1.44M,-7.4%,0.05%
729640102,PLYM,PLYMOUTH INDL REIT INC,0,-66000,0,-1.44M,CLOSE,0%
94419L101,W,WAYFAIR INC,900,-19312,67.69K,-1.45M,-95.5%,<.01%
194162103,CL,COLGATE PALMOLIVE CO,989271,-17350,84.32M,-1.48M,-1.7%,0.22%
464287754,IYJ,ISHARES TR,0,-10370,0,-1.54M,CLOSE,0%
52635N103,LENZ,LENZ THERAPEUTICS INC,0,-96780,0,-1.55M,CLOSE,0%
92204A504,VHT,VANGUARD WORLD FD,0,-5450,0,-1.57M,CLOSE,0%
464286822,EWW,ISHARES INC,7900,-22000,594.32K,-1.66M,-73.6%,<.01%
803054204,SAP,SAP SE,0,-6915,0,-1.68M,CLOSE,0%
M98068105,WIX,WIX COM LTD,0,-16330,0,-1.7M,CLOSE,0%
015271109,ARE,ALEXANDRIA REAL ESTATE EQ IN,248720,-37219,11.55M,-1.73M,-13%,0.03%
548661107,LOW,LOWES COS INC,386626,-7445,91.35M,-1.76M,-1.9%,0.24%
46434G772,EWT,ISHARES INC,142490,-24992,10.11M,-1.77M,-14.9%,0.03%
46434G764,EMXC,ISHARES INC,365200,-23400,28.73M,-1.84M,-6%,0.07%
78464A698,KRE,SPDR SERIES TRUST,0,-28600,0,-1.85M,CLOSE,0%
84858T772,EUAD,SPINNAKER ETF SERIES,0,-44050,0,-1.86M,CLOSE,0%
631103108,NDAQ,NASDAQ INC,155202,-21906,13.18M,-1.86M,-12.4%,0.03%
08265T208,BSY,BENTLEY SYS INC,0,-49210,0,-1.88M,CLOSE,0%
57686G105,MATX,MATSON INC,12830,-11629,2.1M,-1.91M,-47.5%,<.01%
65339F101,NEE,NEXTERA ENERGY INC,1814182,-20566,168.5M,-1.91M,-1.1%,0.43%
375558103,GILD,GILEAD SCIENCES INC,828173,-14010,115.42M,-1.95M,-1.7%,0.3%
039483102,ADM,ARCHER DANIELS MIDLAND CO,736700,-27164,53.55M,-1.97M,-3.6%,0.14%
101121101,BXP,BXP INC,235059,-38178,12.2M,-1.98M,-14%,0.03%
70432V102,PAYC,PAYCOM SOFTWARE INC,290,-16773,35.25K,-2.04M,-98.3%,<.01%
464288513,HYG,ISHARES TR,4601,-25667,366.06K,-2.04M,-84.8%,<.01%
833445109,SNOW,SNOWFLAKE INC,364463,-13698,54.97M,-2.07M,-3.6%,0.14%
922908363,VOO,VANGUARD INDEX FDS,8147,-3494,4.87M,-2.09M,-30%,0.01%
046353108,AZN,ASTRAZENECA PLC,0,-23290,0,-2.14M,CLOSE,0%
92204A876,VPU,VANGUARD WORLD FD,26000,-10900,5.15M,-2.16M,-29.5%,0.01%
922908553,VNQ,VANGUARD INDEX FDS,0,-24600,0,-2.18M,CLOSE,0%
363576109,AJG,GALLAGHER ARTHUR J & CO,164861,-10155,35.71M,-2.2M,-5.8%,0.09%
939653101,ELME,ELME COMMUNITIES,0,-130300,0,-2.27M,CLOSE,0%
291011104,EMR,EMERSON ELEC CO,453126,-17370,59.37M,-2.28M,-3.7%,0.15%
014491104,ALEX,ALEXANDER & BALDWIN INC NEW,0,-110900,0,-2.29M,CLOSE,0%
071813109,BAX,BAXTER INTL INC,24572,-143818,412.81K,-2.42M,-85.4%,<.01%
04626A103,ALAB,ASTERA LABS INC,450628,-22551,49.39M,-2.47M,-4.8%,0.13%
025932104,AFG,AMERICAN FINANCIAL GROUP INC,7502,-19777,958.08K,-2.53M,-72.5%,<.01%
30161N101,EXC,EXELON CORP,779765,-51742,38.22M,-2.54M,-6.2%,0.1%
29472R108,ELS,EQUITY LIFESTYLE PROPERTIES,306480,-43279,19.13M,-2.7M,-12.4%,0.05%
02665T306,AMH,AMERICAN HOMES 4 RENT,513637,-99863,14.34M,-2.79M,-16.3%,0.04%
354613101,BEN,FRANKLIN RESOURCES INC,1506490,-118047,35.58M,-2.79M,-7.3%,0.09%
89677Q107,TCOM,TRIP COM GROUP LTD,0,-41360,0,-2.97M,CLOSE,0%
099502106,BAH,BOOZ ALLEN HAMILTON HLDG COR,1721,-38596,134.29K,-3.01M,-95.7%,<.01%
91324P102,UNH,UNITEDHEALTH GROUP INC,493005,-11478,133.4M,-3.11M,-2.3%,0.34%
87612E106,TGT,TARGET CORP,541202,-25815,65.59M,-3.13M,-4.6%,0.17%
92537N108,VRT,VERTIV HOLDINGS CO,374564,-12877,93.86M,-3.23M,-3.3%,0.24%
617446448,MS,MORGAN STANLEY,490026,-19876,80.64M,-3.27M,-3.9%,0.21%
751212101,RL,RALPH LAUREN CORP,1028,-9779,353.62K,-3.36M,-90.5%,<.01%
88162G103,TTEK,TETRA TECH INC NEW,880377,-112256,26.52M,-3.38M,-11.3%,0.07%
55354G100,MSCI,MSCI INC,47011,-6472,25.34M,-3.49M,-12.1%,0.07%
N53745100,LYB,LYONDELLBASELL INDUSTRIES NV,146887,-43447,11.83M,-3.5M,-22.8%,0.03%
49177J102,KVUE,KENVUE INC,3287458,-204090,56.68M,-3.52M,-5.8%,0.15%
52736R102,LEVI,LEVI STRAUSS & CO NEW,81684,-193809,1.51M,-3.58M,-70.3%,<.01%
29977A105,EVR,EVERCORE INC,220,-12350,65.67K,-3.69M,-98.2%,<.01%
256163106,DOCU,DOCUSIGN INC,48288,-79069,2.29M,-3.75M,-62.1%,<.01%
78463V107,GLD,SPDR GOLD TR,874,-8993,376.07K,-3.87M,-91.1%,<.01%
465562106,ITUB,ITAU UNIBANCO HLDG S A,269555,-485407,2.26M,-4.07M,-64.3%,<.01%
007903107,AMD,ADVANCED MICRO DEVICES INC,686700,-20346,139.7M,-4.14M,-2.9%,0.36%
655663102,NDSN,NORDSON CORP,163750,-16012,43.57M,-4.26M,-8.9%,0.11%
58155Q103,MCK,MCKESSON CORP,123102,-5102,106.53M,-4.42M,-4%,0.27%
854502101,SWK,STANLEY BLACK & DECKER INC,461958,-70004,32.83M,-4.97M,-13.2%,0.08%
268150109,DT,DYNATRACE INC,41468,-135552,1.53M,-5.01M,-76.6%,<.01%
74743L100,Q,QNITY ELECTRONICS INC,208770,-47061,24.09M,-5.43M,-18.4%,0.06%
303250104,FICO,FAIR ISAAC CORP,11813,-5223,12.61M,-5.58M,-30.7%,0.03%
219350105,GLW,CORNING INC,329480,-41382,44.8M,-5.63M,-11.2%,0.12%
172967424,C,CITIGROUP INC,864329,-50295,98.02M,-5.7M,-5.5%,0.25%
22052L104,CTVA,CORTEVA INC,336910,-68406,28.2M,-5.73M,-16.9%,0.07%
67059N108,NTNX,NUTANIX INC,0,-112306,0,-5.81M,CLOSE,0%
09261X102,BXSL,BLACKSTONE SECD LENDING FD,3561909,-250400,84.38M,-5.93M,-6.6%,0.22%
67077M108,NTR,NUTRIEN LTD,53163,-82397,4.01M,-6.22M,-60.8%,0.01%
260003108,DOV,DOVER CORP,231458,-31945,48.25M,-6.66M,-12.1%,0.12%
M2682V108,CYBR,CYBERARK SOFTWARE LTD,0,-15837,0,-7.06M,CLOSE,0%
29670G102,WTRG,ESSENTIAL UTILS INC,218364,-177606,8.79M,-7.15M,-44.9%,0.02%
94106L109,WM,WASTE MGMT INC DEL,446052,-34840,102.5M,-8.01M,-7.2%,0.26%
46120E602,ISRG,INTUITIVE SURGICAL INC,311689,-17716,143.69M,-8.17M,-5.4%,0.37%
55306NAB0,MKSI,MKS INC.,0,-6750000,0,-8.63M,CLOSE,0%
30231G102,XOM,EXXON MOBIL CORP,2180052,-51297,369.87M,-8.7M,-2.3%,0.95%
670346105,NUE,NUCOR CORP,302328,-52365,51.12M,-8.85M,-14.8%,0.13%
14149Y108,CAH,CARDINAL HEALTH INC,273894,-41979,57.88M,-8.87M,-13.3%,0.15%
98980G102,ZS,ZSCALER INC,157516,-64049,22.1M,-8.99M,-28.9%,0.06%
00724F101,ADBE,ADOBE INC,174155,-38110,42.33M,-9.26M,-18%,0.11%
82452J109,FOUR,SHIFT4 PMTS INC,688550,-213466,30.11M,-9.33M,-23.7%,0.08%
45104G104,IBN,ICICI BANK LIMITED,1097757,-369393,28.43M,-9.57M,-25.2%,0.07%
G51502105,JCI,JOHNSON CONTROLS INTERNATION,479138,-75309,62.74M,-9.86M,-13.6%,0.16%
302130109,EXPD,EXPEDITORS INTL WASH INC,287130,-72230,41.13M,-10.35M,-20.1%,0.11%
126650100,CVS,CVS HEALTH CORP,708081,-153436,50.85M,-11.02M,-17.8%,0.13%
24703L202,DELL,DELL TECHNOLOGIES INC,409805,-67273,67.26M,-11.04M,-14.1%,0.17%
922280102,VRNS,VARONIS SYS INC,0,-347400,0,-11.39M,CLOSE,0%
464287242,LQD,ISHARES TR,3335,-107800,363.48K,-11.75M,-97%,<.01%
461202103,INTU,INTUIT,110053,-28027,47.58M,-12.12M,-20.3%,0.12%
831865209,AOS,SMITH A O CORP,990068,-189641,65.29M,-12.5M,-16.1%,0.17%
G54950103,LIN,LINDE PLC,322689,-26126,159.98M,-12.95M,-7.5%,0.41%
217204106,CPRT,COPART INC,410639,-408137,13.63M,-13.55M,-49.8%,0.04%
747525103,QCOM,QUALCOMM INC,445759,-105929,57.4M,-13.64M,-19.2%,0.15%
464287200,IVV,ISHARES TR,8010,-22260,5.23M,-14.54M,-73.5%,0.01%
231021106,CMI,CUMMINS INC,85848,-27800,46.19M,-14.96M,-24.5%,0.12%
00162Q452,AMLP,ALPS ETF TR,0,-371900,0,-17.49M,CLOSE,0%
48251W104,KKR,KKR & CO INC,231415,-194734,21.41M,-18.01M,-45.7%,0.06%
127387108,CDNS,CADENCE DESIGN SYSTEM INC,169178,-67062,47.01M,-18.63M,-28.4%,0.12%
81762P102,NOW,SERVICENOW INC,627862,-183055,65.64M,-19.14M,-22.6%,0.17%
21037T109,CEG,CONSTELLATION ENERGY CORP,156426,-71692,43.68M,-20.02M,-31.4%,0.11%
74762E102,PWR,QUANTA SVCS INC,94422,-39608,51.84M,-21.75M,-29.6%,0.13%
90353T100,UBER,UBER TECHNOLOGIES INC,1514748,-350262,108.96M,-25.19M,-18.8%,0.28%
18915M107,NET,CLOUDFLARE INC,268901,-129425,55.49M,-26.71M,-32.5%,0.14%
023135106,AMZN,AMAZON COM INC,4710729,-139291,981.1M,-29.01M,-2.9%,2.5%
88339J105,TTD,THE TRADE DESK INC,148180,-1307230,3.36M,-29.66M,-89.8%,<.01%
V5633W109,MMYT,MAKEMYTRIP LIMITED MAURITIUS,0,-381470,0,-31.33M,CLOSE,0%
012653101,ALB,ALBEMARLE CORP,214870,-187724,38.58M,-33.7M,-46.6%,0.1%
36828A101,GEV,GE VERNOVA INC,133419,-38716,116.46M,-33.8M,-22.5%,0.3%
778296103,ROST,ROSS STORES INC,171906,-160159,37.24M,-34.7M,-48.2%,0.1%
478160104,JNJ,JOHNSON & JOHNSON,1269274,-177692,310.26M,-43.44M,-12.3%,0.8%
G0250X107,AMCR,AMCOR PLC,0,-5290532,0,-44.12M,CLOSE,0%
02079K107,GOOG,ALPHABET INC,2537734,-168178,727.97M,-48.24M,-6.2%,1.9%
30303M102,META,META PLATFORMS INC,1044424,-104546,597.55M,-59.81M,-9.1%,1.5%
19247G107,COHR,COHERENT CORP,64349,-356254,15.33M,-84.86M,-84.7%,0.04%
958102105,WDC,WESTERN DIGITAL CORP,509267,-612828,137.75M,-165.76M,-54.6%,0.36%
55024U109,LITE,LUMENTUM HLDGS INC,101736,-268068,71.5M,-188.39M,-72.5%,0.18%
595112103,MU,MICRON TECHNOLOGY INC,1006950,-1227420,340.19M,-414.67M,-54.9%,0.88%
Total,,,,,38.77B,639.64M,+1.6%,100%
